time,const.y,plant_block1.T_out,plant_block1.level_out,pid_controller1.limiter.y,bang_bang_controller1.y
0.0,323.15,290.1722491934573,1.5,500.0,1450.0
60.0,323.15,290.74323354805705,1.5137893390793533,500.0,1450.0
120.0,323.15,291.3015185867851,1.5275818401625902,500.0,1450.0
180.0,323.15,291.8476390682819,1.5413772148161773,500.0,1450.0
240.0,323.15,292.38194348861265,1.5551752389752846,500.0,1450.0
300.0,323.15,292.9047787560589,1.5689756946097633,500.0,1450.0
360.0,323.15,293.41649992695903,1.582778362540314,500.0,1450.0
420.0,323.15,293.9174454428375,1.596583040515837,500.0,1450.0
480.0,323.15,294.40792917392974,1.6103895465531635,500.0,1450.0
540.0,323.15,294.88825026168985,1.6241977093011986,500.0,1450.0
600.0,323.15,295.35870533470796,1.6380073621875249,500.0,1450.0
660.0,323.15,295.81957906079134,1.651818347636687,500.0,1450.0
720.0,323.15,296.27114064745723,1.6656305211147768,500.0,1450.0
780.0,323.15,296.71365545571024,1.679443742246888,500.0,1450.0
840.0,323.15,297.14737877097224,1.693257878038107,500.0,1450.0
900.0,323.15,297.57255572958394,1.7070728037009937,500.0,1450.0
960.0,323.15,297.9894164471994,1.7208884063184129,500.0,1450.0
1020.0,323.15,298.3981807487946,1.7347045811402535,500.0,1450.0
1080.0,323.15,298.79907735389423,1.7485212148910576,500.0,1450.0
1140.0,323.15,299.1923137086274,1.762338211768708,500.0,1450.0
1200.0,323.15,299.5780932660817,1.7761554778617081,500.0,1450.0
1260.0,323.15,299.9566121925922,1.7899729242583127,500.0,1450.0
1320.0,323.15,300.32806097014753,1.803790465941984,500.0,1450.0
1380.0,323.15,300.6926253354755,1.8176080200913047,500.0,1450.0
1440.0,323.15,301.0504819839619,1.8314255109405284,500.0,1450.0
1500.0,323.15,301.40180329515505,1.8452428650280193,500.0,1450.0
1560.0,323.15,301.74675575577504,1.859060012701019,500.0,1450.0
1620.0,323.15,302.08549827233315,1.8728768895226566,500.0,1450.0
1680.0,323.15,302.4181883058057,1.8866934307051186,500.0,1450.0
1740.0,323.15,302.74497706470714,1.9005095755627832,500.0,1450.0
1800.0,323.15,303.0660080686329,1.9143252688574537,500.0,1450.0
1860.0,323.15,303.3814251120826,1.9281404535865838,500.0,1450.0
1920.0,323.15,303.69136495285915,1.94195507749955,500.0,1450.0
1980.0,323.15,303.99595833355403,1.9557690921932391,500.0,1450.0
2040.0,323.15,304.29533642587757,1.9695824477733652,500.0,1450.0
2100.0,323.15,304.5896230232134,1.9833950992028615,500.0,1450.0
2160.0,323.15,304.8789374819823,1.9972070039308287,500.0,1450.0
2220.0,323.15,305.16339959888495,2.0110181182322093,500.0,1450.0
2280.0,323.15,305.44312157376527,2.0248284032165547,500.0,1450.0
2340.0,323.15,305.71821248367047,2.038637821497036,500.0,1450.0
2400.0,323.15,305.9887811907741,2.0524463351031095,500.0,1450.0
2460.0,323.15,306.2549305238445,2.06625390968623,500.0,1450.0
2520.0,323.15,306.51676112796275,2.080060511743339,500.0,1450.0
2580.0,323.15,306.7743709183207,2.093866109078238,500.0,1450.0
2640.0,323.15,307.0278549273091,2.107670670796937,500.0,1450.0
2700.0,323.15,307.27730552590486,2.1214741672390267,500.0,1450.0
2760.0,323.15,307.5228118414714,2.135276570458609,500.0,1450.0
2820.0,323.15,307.76446114251706,2.149077853087077,500.0,1450.0
2880.0,323.15,308.00233808372815,2.162877988980976,500.0,1450.0
2940.0,323.15,308.23652501447776,2.176676952982745,500.0,1450.0
3000.0,323.15,308.4671014788037,2.1904747213960056,500.0,1450.0
3060.0,323.15,308.6941454568267,2.204271270893078,500.0,1450.0
3120.0,323.15,308.91773265744797,2.2180665791769427,500.0,1450.0
3180.0,323.15,309.13793681118835,2.2318606247427986,500.0,1450.0
3240.0,323.15,309.3548288354273,2.2456533875867963,500.0,1450.0
3300.0,323.15,309.56847837825154,2.2594448479473193,500.0,1450.0
3360.0,323.15,309.7789533352821,2.2732349867229322,500.0,1450.0
3420.0,323.15,309.98631971213473,2.287023785604464,500.0,1450.0
3480.0,323.15,310.1906413916674,2.3008112271803256,500.0,1450.0
3540.0,323.15,310.3919798700867,2.3145972950931015,500.0,1450.0
3600.0,323.15,310.5903985439599,2.328382143080635,500.0,1450.0
3660.0,323.15,310.78593860523387,2.342637858729015,500.0,1450.0
3720.0,323.15,310.9786364259092,2.3569296834336035,500.0,1450.0
3780.0,323.15,311.1685544234521,2.3712202936086397,500.0,1450.0
3840.0,323.15,311.3557416576952,2.385509763869391,500.0,1450.0
3900.0,323.15,311.5402520659748,2.3997981153851273,500.0,1450.0
3900.8477945856976,323.15,311.5428401403423,2.4000000004800026,500.0,1450.0
3900.8477945856976,323.15,311.5428401403423,2.4000000004800026,500.0,1450.0
3960.0,323.15,311.7221327682217,2.4140853426251954,500.0,1450.0
4020.0,323.15,311.9014475160572,2.4283714328125603,500.0,1450.0
4080.0,323.15,312.07824578066055,2.4426563742247995,500.0,1450.0
4140.0,323.15,312.252572065539,2.4569401564307323,500.0,1450.0
4200.0,323.15,312.42447402245756,2.4712227683683903,500.0,1450.0
4260.0,323.15,312.5940001141294,2.4855041988613773,500.0,1450.0
4320.0,323.15,312.7611986505254,2.499784436931734,500.0,1450.0
4380.0,323.15,312.9261151105405,2.5140634724000215,500.0,1450.0
4440.0,323.15,313.0887930318119,2.528341295687902,500.0,1450.0
4500.0,323.15,313.2492746144001,2.5426178975388356,500.0,1450.0
4560.0,323.15,313.40760219033046,2.5568932686720753,500.0,1450.0
4620.0,323.15,313.56381565529824,2.5711674006332066,500.0,1450.0
4680.0,323.15,313.71795631096614,2.585440284495547,500.0,1450.0
4740.0,323.15,313.87006080763257,2.599711912731321,500.0,1450.0
4800.0,323.15,314.02016888718555,2.6139822768905017,500.0,1450.0
4860.0,323.15,314.16831582350864,2.628251369910959,500.0,1450.0
4920.0,323.15,314.31453948929294,2.6425191839129885,500.0,1450.0
4980.0,323.15,314.45887442657425,2.656785712022503,500.0,1450.0
5040.0,323.15,314.6013556263294,2.671050947229535,500.0,1450.0
5100.0,323.15,314.7420154933945,2.685314883287636,500.0,1450.0
5160.0,323.15,314.8808867064898,2.699577513868711,500.0,1450.0
5220.0,323.15,315.01800212259053,2.7138388325793015,500.0,1450.0
5280.0,323.15,315.153392492582,2.7280988336472376,500.0,1450.0
5340.0,323.15,315.28708725464554,2.7423575116716847,500.0,1450.0
5400.0,323.15,315.41911656636563,2.756614861031697,500.0,1450.0
5460.0,323.15,315.5495106850337,2.7708708760590937,500.0,1450.0
5520.0,323.15,315.67829733975765,2.7851255518214404,500.0,1450.0
5580.0,323.15,315.80550333753155,2.799378883642309,500.0,1450.0
5640.0,323.15,315.93115705584586,2.8136308663641536,500.0,1450.0
5700.0,323.15,316.0552861543753,2.8278814950256983,500.0,1450.0
5760.0,323.15,316.17791479429906,2.8421307656642965,500.0,1450.0
5793.1377748614705,323.15,316.2450085263253,2.8500000005700077,500.0,1450.0
5793.1377748614705,323.15,316.2450085263253,2.8500000005700077,500.0,0.0
5793.137830765192,323.15,316.24500878267014,2.8499999994299996,500.0,0.0
5793.137830765192,323.15,316.24500878267014,2.8499999994299996,500.0,0.0
5820.0,323.15,316.3694456463657,2.849322440123925,500.0,0.0
5880.0,323.15,316.6472163847762,2.8478099754814634,500.0,0.0
5940.0,323.15,316.9247620445837,2.8462987256440684,500.0,0.0
6000.0,323.15,317.20206393459733,2.844788779881953,500.0,0.0
6060.0,323.15,317.479122613284,2.843280124363697,500.0,0.0
6120.0,323.15,317.7559379805462,2.8417727448762453,500.0,0.0
6180.0,323.15,318.0325099809324,2.840266628224382,500.0,0.0
6240.0,323.15,318.3088385788622,2.8387617535833,500.0,0.0
6300.0,323.15,318.58492367205037,2.8372581299948387,500.0,0.0
6360.0,323.15,318.86076517884106,2.835755757458997,500.0,0.0
6420.0,323.15,319.13636312234615,2.8342545902279292,500.0,0.0
6480.0,323.15,319.4117173950206,2.832754639933564,500.0,0.0
6540.0,323.15,319.68682789637904,2.8312559152614956,500.0,0.0
6600.0,323.15,319.9616945659761,2.8297584076688573,500.0,0.0
6660.0,323.15,320.23631748283793,2.8282620488160926,500.0,0.0
6720.0,323.15,320.5106964689915,2.8267668809533113,500.0,0.0
6780.0,323.15,320.7848314451084,2.825272904080513,500.0,0.0
6840.0,323.15,321.0587223549101,2.82378010834158,500.0,0.0
6900.0,323.15,321.3323691629004,2.822288475085905,500.0,0.0
6960.0,323.15,321.5959078298212,2.8207855470219387,466.0543007724012,0.0
7020.0,323.15,321.7914328113197,2.819197939967773,407.44633656490635,0.0
7080.0,323.15,321.9337992162462,2.817543769189955,364.7683305861728,0.0
7140.0,323.15,322.0409809723772,2.815845449364987,332.6355185022608,0.0
7200.0,323.15,322.1237199932736,2.8141164383250277,307.829227319969,0.0
7260.0,323.15,322.18883121323455,2.8123653041182033,288.3071343570954,0.0
7320.0,323.15,322.2408517790075,2.8105977665867137,272.709349781351,0.0
7380.0,323.15,322.2829174825609,2.808817787483252,260.09572486494716,0.0
7440.0,323.15,322.31726701401516,2.8070282000972497,249.7991804160304,0.0
7500.0,323.15,322.3455336285925,2.8052310743755733,241.32040409965575,0.0
7560.0,323.15,322.3689502748878,2.803427974538754,234.3002468957584,0.0
7620.0,323.15,322.3884526747814,2.801620088816795,228.4517546355184,0.0
7680.0,323.15,322.40476954039747,2.7998083432152643,223.55795589032294,0.0
7740.0,323.15,322.41846563950554,2.7979934556858628,219.45089398410514,0.0
7800.0,323.15,322.43000112648707,2.7961760114315943,215.9917233900952,0.0
7860.0,323.15,322.4397436373982,2.7943564780972676,213.07019727998522,0.0
7920.0,323.15,322.4479887200577,2.7925352316690035,210.59769867343283,0.0
7980.0,323.15,322.4549788855475,2.7907125806586994,208.50151029738186,0.0
8040.0,323.15,322.46091411020217,2.7888887794434574,206.72166792516018,0.0
8100.0,323.15,322.46596022291584,2.7870640389273174,205.20844608178786,0.0
8160.0,323.15,322.4702547480528,2.7852385339750647,203.92060621072014,0.0
8220.0,323.15,322.4739128632804,2.7834124109921676,202.82361025826725,0.0
8280.0,323.15,322.47703179073795,2.781585793516474,201.8883043377121,0.0
8340.0,323.15,322.4796936103149,2.7797587858045776,201.09007528927347,0.0
8400.0,323.15,322.48196551841846,2.777931473169533,200.40877238215356,0.0
8460.0,323.15,322.48390488504316,2.776103928411497,199.82719183582762,0.0
8520.0,323.15,322.48556062725464,2.7742762135703347,199.330664568532,0.0
8580.0,323.15,322.4869754466045,2.7724483827747153,198.9063854373249,0.0
8640.0,323.15,322.48818596721156,2.7706204824271956,198.54337171857748,0.0
8700.0,323.15,322.48922112077634,2.768792549155203,198.23294754800204,0.0
8760.0,323.15,322.490105481493,2.7669646140459827,197.96774326694455,0.0
8820.0,323.15,322.4908597109699,2.765136703213933,197.74156294642205,0.0
8880.0,323.15,322.4915036901569,2.763308841778616,197.54844576644444,0.0
8940.0,323.15,322.4920557183878,2.761481052861468,197.38289864596592,0.0
9000.0,323.15,322.4925291265268,2.7596533532856884,197.24093206862898,0.0
9060.0,323.15,322.492934599576,2.757825756518957,197.11934196674034,0.0
9120.0,323.15,322.4932810722259,2.7559982738044484,197.01543826160946,0.0
9180.0,323.15,322.49357697809586,2.754170915769175,196.92670188604905,0.0
9240.0,323.15,322.493829656165,2.752343691610554,196.85092807801743,0.0
9300.0,323.15,322.4940454671201,2.7505166093204467,196.786210109349,0.0
9360.0,323.15,322.49422990123713,2.748689675796351,196.73090158090184,0.0
9420.0,323.15,322.49438760143636,2.746862896862621,196.68361008343717,0.0
9480.0,323.15,322.4945225063064,2.745036277441375,196.64315446026092,0.0
9540.0,323.15,322.49463799663823,2.743209821754743,196.6085209270695,0.0
9600.0,323.15,322.49473673428366,2.7413835331288574,196.5789112709963,0.0
9660.0,323.15,322.49482110336254,2.739557414536099,196.55361048262228,0.0
9720.0,323.15,322.49489319064486,2.737731468572517,196.53199279140188,0.0
9780.0,323.15,322.4949547159934,2.7359056973721994,196.51354244373883,0.0
9840.0,323.15,322.495007109258,2.7340801027041,196.49783064488383,0.0
9900.0,323.15,322.4950517747919,2.7322546863064914,196.4844362569384,0.0
9960.0,323.15,322.4950898967135,2.7304294496419437,196.47300418531202,0.0
10020.0,323.15,322.49512259985585,2.7286043940969225,196.46319710973248,0.0
10080.0,323.15,322.4951504334286,2.726779520334574,196.45485032714603,0.0
10140.0,323.15,322.49517440776475,2.7249548295985933,196.4476608601465,0.0
10200.0,323.15,322.49519478729184,2.7231303221971763,196.44154941435644,0.0
10260.0,323.15,322.4952123635738,2.721305999099124,196.4362786141042,0.0
10320.0,323.15,322.4952272990476,2.71948186048529,196.43179974344042,0.0
10380.0,323.15,322.4952401866223,2.717657907075585,196.42793499984182,0.0
10440.0,323.15,322.49525121221126,2.715834139080566,196.4246286321872,0.0
10500.0,323.15,322.4952606855596,2.7140105568657296,196.42178775292294,0.0
10560.0,323.15,322.49526882148365,2.71218716067912,196.41934794293076,0.0
10620.0,323.15,322.4952757705426,2.7103639506878716,196.4172640516292,0.0
10680.0,323.15,322.49528170459513,2.7085409270858025,196.41548454274155,0.0
10740.0,323.15,322.4952867574571,2.7067180900181516,196.4139692858299,0.0
10800.0,323.15,322.4952910715654,2.704886396468122,196.41267556971442,0.0
10860.0,323.15,322.4952946321163,2.7017735668285345,196.41160783017438,0.0
10920.0,323.15,322.4952975420122,2.698651816413894,196.41073520729591,0.0
10980.0,323.15,322.49529977434025,2.6955311324338966,196.41006577471904,0.0
11040.0,323.15,322.4953019511253,2.6924105367321505,196.40941299796538,0.0
11100.0,323.15,322.495303657815,2.689290928053844,196.40890119498758,0.0
11160.0,323.15,322.49530530017995,2.686171454433159,196.4084086819732,0.0
11220.0,323.15,322.4953066041349,2.6830529208388683,196.40801765142123,0.0
11280.0,323.15,322.49530784263703,2.6799345690572802,196.40764624948685,0.0
11340.0,323.15,322.4953089591983,2.6768167027669523,196.40731141541045,0.0
11400.0,323.15,322.4953099476202,2.6736993466473513,196.40701500715105,0.0
11460.0,323.15,322.49531082811296,2.6705824202329054,196.40675096544626,0.0
11520.0,323.15,322.49531160067676,2.6674659235236144,196.40651928920516,0.0
11580.0,323.15,322.49531228159884,2.6643499849495154,196.40631509466002,0.0
11640.0,323.15,322.4953128693133,2.6612345921636655,196.40613885184638,0.0
11700.0,323.15,322.495313358627,2.6581197042131284,196.40599211583435,0.0
11760.0,323.15,322.4953137495393,2.6550053210979025,196.4058748898971,0.0
11820.0,323.15,322.4953141223538,2.651891512719482,196.40576309005172,0.0
11880.0,323.15,322.4953144881578,2.6487782887294085,196.4056533932831,0.0
11940.0,323.15,322.49531480970353,2.645665616704522,196.4055569693,0.0
12000.0,323.15,322.4953150869913,2.642553496644822,196.40547381646536,0.0
12060.0,323.15,322.4953153200209,2.6394419285503097,196.40540393587003,0.0
12120.0,323.15,322.4953155087923,2.6363309124209837,196.40534732751408,0.0
12180.0,323.15,322.49531565330534,2.633220448256845,196.40530399248982,0.0
12240.0,323.15,322.49531575356053,2.630110536057894,196.40527392806786,0.0
12300.0,323.15,322.4953158506178,2.6270011623397553,196.40524482312938,0.0
12360.0,323.15,322.49531596615947,2.6238923199819597,196.40521017483798,0.0
12420.0,323.15,322.49531605801434,2.620784022833675,196.4051826291622,0.0
12480.0,323.15,322.4953161261821,2.617676270894901,196.40516218774016,0.0
12540.0,323.15,322.4953161706632,2.6145690641656385,196.40514884838802,0.0
12600.0,323.15,322.49531619145733,2.611462402645887,196.40514261274345,0.0
12660.0,323.15,322.4953161885648,2.6083562863356464,196.40514347916925,0.0
12720.0,323.15,322.49531616198516,2.605250715234917,196.40515144984832,0.0
12780.0,323.15,322.49531613320613,2.602145690794059,196.40516007923642,0.0
12840.0,323.15,322.4953161430189,2.5990412157664435,196.4051571370614,0.0
12900.0,323.15,322.495316146313,2.5959372871071555,196.40515614899593,0.0
12960.0,323.15,322.49531614308813,2.592833904816194,196.40515711613142,0.0
13020.0,323.15,322.4953161333444,2.5897310688935593,196.4051600384674,0.0
13080.0,323.15,322.49531611708204,2.586628779339252,196.40516491436776,0.0
13140.0,323.15,322.49531609430056,2.5835270361532707,196.40517174656046,0.0
13200.0,323.15,322.4953160650004,2.5804258393356165,196.40518053286274,0.0
13260.0,323.15,322.49531603238,2.577325188813119,196.40519031517232,0.0
13320.0,323.15,322.4953160182171,2.574225084087618,196.4051945621195,0.0
13380.0,323.15,322.49531600351423,2.5711255255936774,196.40519897139168,0.0
13440.0,323.15,322.49531598827156,2.5680265133312954,196.40520354189695,0.0
13500.0,323.15,322.49531597248875,2.5649280473004734,196.4052082752724,0.0
13560.0,323.15,322.49531595616605,2.561830127501211,196.40521317042615,0.0
13620.0,323.15,322.49531593930345,2.5587327539335076,196.4052182273597,0.0
13680.0,323.15,322.49531592190107,2.5556359265973647,196.40522344552582,0.0
13740.0,323.15,322.49531590395867,2.552539645492781,196.40522882601695,0.0
13800.0,323.15,322.49531588991607,2.549443909335983,196.40523303788166,0.0
13860.0,323.15,322.4953158765001,2.5463487190734853,196.4052370611088,0.0
13920.0,323.15,322.4953158635553,2.5432540747502355,196.40524094264924,0.0
13980.0,323.15,322.4953158510812,2.540159976366234,196.4052446841396,0.0
14040.0,323.15,322.4953158406657,2.5370664231400184,196.40524780764054,0.0
14100.0,323.15,322.4953158316243,2.5339734154085414,196.40525051820416,0.0
14160.0,323.15,322.49531582369383,2.5308809525711538,196.40525289647317,0.0
14220.0,323.15,322.4953158168783,2.5277890346573693,196.40525494035506,0.0
14280.0,323.15,322.49531581118873,2.524697661754432,196.40525664719104,0.0
14340.0,323.15,322.49531580662546,2.5216068338623416,196.405258015344,0.0
14400.0,323.15,322.4953158024005,2.5184970189602107,196.40525945260288,0.0
14460.0,323.15,322.49531558356176,2.5080235841410903,196.4053250884774,0.0
14520.0,323.15,322.4953154052693,2.497550079539914,196.40537855244577,0.0
14580.0,323.15,322.4953152530175,2.487082757896807,196.40542420847004,0.0
14640.0,323.15,322.49531512021696,2.47662075738404,196.40546403127573,0.0
14700.0,323.15,322.4953150039169,2.4661640120174706,196.40549890665196,0.0
14760.0,323.15,322.4953149031606,2.455712601789739,196.4055291201799,0.0
14820.0,323.15,322.4953148183337,2.4452671952273572,196.40555455738973,0.0
14880.0,323.15,322.49531474715553,2.434827821531806,196.40557590067604,0.0
14940.0,323.15,322.49531468837955,2.424394669523986,196.40559352619178,0.0
15000.0,323.15,322.49531463714874,2.4139677552143635,196.40560888833997,0.0
15060.0,323.15,322.4953145929492,2.403547089930623,196.40562214187847,0.0
15080.431588821126,323.15,322.4953145796948,2.399999999519971,196.4056261164006,0.0
15080.431588821126,323.15,322.4953145796948,2.399999999519971,196.4056261164006,1450.0
15080.43160496622,323.15,322.4953145250807,2.400000000480014,196.4058880865628,1450.0
15080.43160496622,323.15,322.4953145250807,2.400000000480014,196.4058880865628,1450.0
15120.0,323.15,322.35431737497703,2.4035202229478903,238.8540687932229,1450.0
15180.0,323.15,322.1776435283843,2.408894856186607,291.8230033387363,1450.0
15240.0,323.15,322.0430993978778,2.4143109827329665,332.156757964105,1450.0
15300.0,323.15,321.9442755178998,2.4197618164877697,361.77998100042095,1450.0
15360.0,323.15,321.8735663139516,2.4252392919130727,382.9744432870101,1450.0
15420.0,323.15,321.82389551698014,2.430735900248851,397.86225648172496,1450.0
15480.0,323.15,321.7894514370212,2.436245469679592,408.18589970953644,1450.0
15540.0,323.15,321.7657583578237,2.4417632420985096,415.2871100407095,1450.0
15600.0,323.15,321.74955674767256,2.447285747623298,420.142948811911,1450.0
15660.0,323.15,321.7385236800988,2.4528105097184842,423.44968300666466,1450.0
15720.0,323.15,321.7310190968365,2.458335777243463,425.69888220535023,1450.0
15780.0,323.15,321.7259213099307,2.4638603507345884,427.2267377896261,1450.0
15840.0,323.15,321.72246345700154,2.4693834090296605,428.2630877182657,1450.0
15900.0,323.15,321.72011685582487,2.4749043854769806,428.9663858444332,1450.0
15960.0,323.15,321.71852090397937,2.4804228933363794,429.4447081768185,1450.0
16020.0,323.15,321.71743628470307,2.4859386760210698,429.7697793082221,1450.0
16080.0,323.15,321.7166996490932,2.4914515586365096,429.9905567800352,1450.0
16140.0,323.15,321.7161994597938,2.496961422113958,430.1404689268536,1450.0
16200.0,323.15,321.71585934346837,2.5024681853693633,430.2424058079807,1450.0
16260.0,323.15,321.7156284530652,2.5079717949392,430.3116064590146,1450.0
16320.0,323.15,321.715471756364,2.5134722145168036,430.35857026784817,1450.0
16380.0,323.15,321.71536432434874,2.518969418809352,430.3907689827845,1450.0
16440.0,323.15,321.71528907447436,2.5244633910949505,430.4133225402001,1450.0
16500.0,323.15,321.7152366796203,2.529954123062168,430.4290256524183,1450.0
16560.0,323.15,321.7152021898468,2.5354416110895723,430.4393647060597,1450.0
16620.0,323.15,321.71518072370833,2.540925851632039,430.4457933206628,1450.0
16680.0,323.15,321.71516651112955,2.546406840311039,430.45006408046527,1450.0
16740.0,323.15,321.7151548012858,2.551884574005717,430.45356046651995,1450.0
16800.0,323.15,321.71514488990687,2.5573590539676596,430.45650007333506,1450.0
16860.0,323.15,321.71513939532036,2.5628302848433124,430.4581655980474,1450.0
16920.0,323.15,321.71513778947786,2.568298267882978,430.45859407984346,1450.0
16980.0,323.15,321.71513615677026,2.573763000974815,430.45915952468613,1450.0
17040.0,323.15,321.71513468233474,2.5792244864835077,430.4595983685237,1450.0
17100.0,323.15,321.71513352763105,2.5846827262891874,430.4599480939471,1450.0
17160.0,323.15,321.7151326418887,2.590137723669605,430.4602144805175,1450.0
17220.0,323.15,321.71513201454167,2.5955894797153154,430.4603992871229,1450.0
17280.0,323.15,321.7151315554615,2.6010379979093314,430.4605328161567,1450.0
17340.0,323.15,321.7151311369667,2.6064832835034775,430.4606571594822,1450.0
17400.0,323.15,321.71513083301085,2.6119253334558654,430.46074793887936,1450.0
17460.0,323.15,321.71513064359436,2.6173641477664953,430.4608051521665,1450.0
17520.0,323.15,321.71513056871703,2.622799726435368,430.4608288004359,1450.0
17580.0,323.15,321.7151304895079,2.62823208137026,430.46085304771054,1450.0
17640.0,323.15,321.71513042154646,2.633661211010492,430.4608734170278,1450.0
17700.0,323.15,321.7151304060009,2.639087111232076,430.46087807698024,1450.0
17760.0,323.15,321.71513044287184,2.6445097820350103,430.46086702483836,1450.0
17820.0,323.15,321.71513053215864,2.649929223419296,430.4608402633337,1450.0
17880.0,323.15,321.7151306114767,2.655345442323353,430.46081649159987,1450.0
17940.0,323.15,321.71513068688586,2.660758439019838,430.46079389020935,1450.0
18000.0,323.15,321.7151307363661,2.666164460241104,430.4607790699023,1450.0
18060.0,323.15,321.71513070830866,2.6705656203066357,430.4607875269225,1450.0
18120.0,323.15,321.7151306889687,2.6749535239819533,430.4607933239605,1450.0
18180.0,323.15,321.7151306754983,2.6793376118117234,430.4607973607117,1450.0
18240.0,323.15,321.71513066521135,2.6837190760212195,430.46080044489725,1450.0
18300.0,323.15,321.7151306575677,2.6880972023613734,430.46080273604207,1450.0
18360.0,323.15,321.71513065129244,2.6924730967191755,430.4608046175487,1450.0
18420.0,323.15,321.71513064656534,2.6968458559245247,430.460806034814,1450.0
18480.0,323.15,321.7151306429741,2.701215197229344,430.4608071109061,1450.0
18540.0,323.15,321.71513063977426,2.7055831116844917,430.4608080699318,1450.0
18600.0,323.15,321.7151306371222,2.7099482819712066,430.46080886495025,1450.0
18660.0,323.15,321.7151306348996,2.714311300452138,430.46080953135186,1450.0
18720.0,323.15,321.7151306330607,2.7186719061697224,430.46081008299024,1450.0
18780.0,323.15,321.71513063150843,2.7230295455316713,430.4608105487602,1450.0
18840.0,323.15,321.71513063030494,2.7273845715492047,430.4608109089136,1450.0
18900.0,323.15,321.71513062933917,2.731736880067138,430.46081119881734,1450.0
18960.0,323.15,321.7151306284017,2.7360862736612575,430.4608114801128,1450.0
19020.0,323.15,321.71513062762955,2.740432881328936,430.4608117117411,1450.0
19080.0,323.15,321.71513062693504,2.7447766758751184,430.46081192003305,1450.0
19140.0,323.15,321.7151306261696,2.749117611233043,430.4608121501187,1450.0
19200.0,323.15,321.715130625433,2.753455718307472,430.46081237107984,1450.0
19260.0,323.15,321.7151306247253,2.7577909970984056,430.46081258291736,1450.0
19320.0,323.15,321.71513062404625,2.762123447605844,430.46081278672074,1450.0
19380.0,323.15,321.71513062339585,2.766453069829786,430.46081298249294,1450.0
19440.0,323.15,321.7151306227552,2.770779885295677,430.4608131735115,1450.0
19500.0,323.15,321.7151306221064,2.7751039131280155,430.4608133684345,1450.0
19560.0,323.15,321.71513062147204,2.7794251286081537,430.46081355892113,1450.0
19620.0,323.15,321.7151306208522,2.783743531736091,430.46081374442764,1450.0
19680.0,323.15,321.7151306202466,2.788059122511829,430.46081392658823,1450.0
19740.0,323.15,321.71513061965555,2.7923719009353665,430.4608141037687,1450.0
19800.0,323.15,321.7151306190546,2.7966818922491536,430.46081428372554,1450.0
19860.0,323.15,321.7151306184281,2.8009891126576627,430.4608144714312,1450.0
19920.0,323.15,321.7151306177995,2.805293537622515,430.4608146604342,1450.0
19980.0,323.15,321.7151306171691,2.8095951671437107,430.4608148496452,1450.0
20040.0,323.15,321.7151306165368,2.8138940012212483,430.46081503960784,1450.0
20100.0,323.15,321.71513061590264,2.818190039855129,430.46081522977744,1450.0
20160.0,323.15,321.7151306152667,2.8224832830453526,430.460815420154,1450.0
20220.0,323.15,321.71513061462866,2.8267737307919187,430.46081561182797,1450.0
20280.0,323.15,321.71513061398895,2.831061383094828,430.46081580316417,1450.0
20340.0,323.15,321.71513061334707,2.835346239954079,430.46081599634346,1450.0
20400.0,323.15,321.7151306127034,2.839628301369674,430.4608161897307,1450.0
20460.0,323.15,321.71513061205786,2.8439075673416117,430.4608163833239,1450.0
20520.0,323.15,321.71513061141553,2.8481840872156106,430.4608165758972,1450.0
20545.489030254284,323.15,321.71513061114416,2.8500000005700215,430.46081665728633,1450.0
20545.489030254284,323.15,321.71513061114416,2.8500000005700215,430.46081665728633,0.0
20545.489037488893,323.15,321.71513063090964,2.849999999429953,430.4607218162611,0.0
20545.489037488893,323.15,321.71513063090964,2.849999999429953,430.4607218162611,0.0
20580.0,323.15,321.81383974226213,2.8433929830924956,400.7305301342085,0.0
20640.0,323.15,321.9496515367089,2.831866148966237,360.0164278073258,0.0
20700.0,323.15,322.0527958373569,2.820304894421685,329.0934545548272,0.0
20760.0,323.15,322.1329548819472,2.808721662065209,305.0603203231864,0.0
20820.0,323.15,322.1963670129747,2.7971244853903388,286.0474679890037,0.0
20880.0,323.15,322.2472445756393,2.7855187952106126,270.79238003455896,0.0
20940.0,323.15,322.2885154369948,2.7739083682527608,258.41745364171703,0.0
21000.0,323.15,322.32228976567734,2.7622959258945525,248.2901313590824,0.0
21060.0,323.15,322.3501322621724,2.750683484445615,239.94135299246332,0.0
21120.0,323.15,322.3732167685193,2.739072554555401,233.01920193095216,0.0
21180.0,323.15,322.3924463247102,2.7274642961451216,227.25293138631974,0.0
21240.0,323.15,322.4085275500045,2.7158596146230134,222.4307184086695,0.0
21300.0,323.15,322.42201835200086,2.7042592226963595,218.38522973525454,0.0
21360.0,323.15,322.4333642833828,2.6926636874672556,214.98283566891672,0.0
21420.0,323.15,322.4429263195213,2.681073466453956,212.11573055799056,0.0
21480.0,323.15,322.45099692406126,2.6694889285526653,209.6951383181127,0.0
21540.0,323.15,322.4578171156592,2.657910375997729,207.65010595630636,0.0
21600.0,323.15,322.4635861093712,2.646330280576463,205.92019107460544,0.0
21660.0,323.15,322.4684672395925,2.6340076510240684,204.45646016508803,0.0
21720.0,323.15,322.47260979126537,2.621692597495829,203.2142097473079,0.0
21780.0,323.15,322.4761159890982,2.6093852929806056,202.16278591824377,0.0
21840.0,323.15,322.47908562715264,2.5970858570438193,201.27226329838953,0.0
21900.0,323.15,322.4816022354367,2.5847943884202023,200.51759353995322,0.0
21960.0,323.15,322.48373472847146,2.572510967275296,199.87811095479262,0.0
22020.0,323.15,322.4855412134535,2.5602356599978884,199.33639062018264,0.0
22080.0,323.15,322.487071085786,2.5479685218902777,198.87762003796965,0.0
22140.0,323.15,322.4883660134686,2.5357095984629585,198.48930392935986,0.0
22200.0,323.15,322.48946145780627,2.523458927390562,198.1608082531922,0.0
22260.0,323.15,322.4903876078591,2.5112165397246344,197.8830799795045,0.0
22320.0,323.15,322.49117019501404,2.498982460944498,197.64840283043822,0.0
22380.0,323.15,322.4918310217667,2.4867567116338822,197.45023871796067,0.0
22440.0,323.15,322.4923886464075,2.4745393083546174,197.28302241694246,0.0
22500.0,323.15,322.49285886662545,2.4623302642559515,197.14201654895888,0.0
22560.0,323.15,322.49325495075215,2.4501295893745794,197.02324223569582,0.0
22620.0,323.15,322.49358823250583,2.437937291386748,196.9233007491878,0.0
22680.0,323.15,322.4938686891256,2.4257533763372514,196.83920014432448,0.0
22740.0,323.15,322.4941047695335,2.413577848424706,196.76840679060177,0.0
22800.0,323.15,322.4943030153967,2.4014107095111004,196.70895899965365,0.0
22806.959333757095,323.15,322.4943238473417,2.3999999995199777,196.70271215323206,0.0
22806.959333757095,323.15,322.4943238473417,2.3999999995199777,196.70271215323206,1450.0
22806.959357786196,323.15,322.49432376277815,2.4000000004800155,196.70311792790912,1450.0
22806.959357786196,323.15,322.49432376277815,2.4000000004800155,196.70311792790912,1450.0
22860.0,323.15,322.3098887812586,2.4031795082385696,252.17497622452439,1450.0
22920.0,323.15,322.1431552227993,2.406818363210219,302.1624316771413,1450.0
22980.0,323.15,322.0173038222036,2.4104981345047056,339.8895408129183,1450.0
23040.0,323.15,321.92547805385306,2.4142115064960765,367.4146135893736,1450.0
23100.0,323.15,321.8601061836294,2.417950416448475,387.009026820043,1450.0
23160.0,323.15,321.8143700137587,2.421707611902554,400.717399361794,1450.0
23220.0,323.15,321.7827575951681,2.4254772319944102,410.1918294516337,1450.0
23280.0,323.15,321.76107933596296,2.4292548213631893,416.686206768035,1450.0
23340.0,323.15,321.74628816317835,2.4330371378868234,421.1208690694501,1450.0
23400.0,323.15,321.7362413742056,2.4368219004870424,424.13587552628917,1450.0
23460.0,323.15,321.7294260750446,2.440607496906586,426.1775271425951,1450.0
23520.0,323.15,321.7248088002496,2.4443928250054077,427.5582371073946,1450.0
23580.0,323.15,321.7216857897544,2.448177134073754,428.48716412462636,1450.0
23640.0,323.15,321.7195628541676,2.4519598959299054,429.1294330349231,1450.0
23700.0,323.15,321.71813481461453,2.4557407861512894,429.56185328461333,1450.0
23760.0,323.15,321.7171672582859,2.4595195541063997,429.8503210990207,1450.0
23820.0,323.15,321.7165138024172,2.4632960442334952,430.04644456702414,1450.0
23880.0,323.15,321.71607031527,2.467070146141868,430.17932922279607,1450.0
23940.0,323.15,321.71576912277527,2.4708417886068053,430.2695321344786,1450.0
24000.0,323.15,321.7155642543872,2.4746109237569653,430.3307549347216,1450.0
24060.0,323.15,321.7154243890995,2.4783775195278976,430.3727785864941,1450.0
24120.0,323.15,321.715329388856,2.4821415558967987,430.4012403783863,1450.0
24180.0,323.15,321.7152650770543,2.485903019275839,430.4204304375167,1450.0
24240.0,323.15,321.7152216770525,2.489661900848493,430.4335372949725,1450.0
24300.0,323.15,321.7151923436365,2.493418194977247,430.4423544628175,1450.0
24360.0,323.15,321.7151724690428,2.4971718984427915,430.4482293307516,1450.0
24420.0,323.15,321.71515897999046,2.5009230097030835,430.45232115518576,1450.0
24480.0,323.15,321.71514992224894,2.504671528423856,430.4552280481337,1450.0
24540.0,323.15,321.7151440326947,2.5084174550051404,430.4567784951947,1450.0
24600.0,323.15,321.7151402897096,2.5121607901565937,430.4577592031948,1450.0
24660.0,323.15,321.7151375831542,2.5159015344929303,430.458731462034,1450.0
24720.0,323.15,321.7151358608443,2.5196396897501985,430.4592799619299,1450.0
24780.0,323.15,321.71513450220226,2.523375257074113,430.45965054037214,1450.0
24840.0,323.15,321.71513339313293,2.5271082381034793,430.4599831407876,1450.0
24900.0,323.15,321.71513247519846,2.530838634564626,430.46025789240696,1450.0
24960.0,323.15,321.7151316970233,2.534566448208932,430.46049125399253,1450.0
25020.0,323.15,321.71513121723245,2.538291680995664,430.4606354277551,1450.0
25080.0,323.15,321.71513086113185,2.5420143345370136,430.4607421413053,1450.0
25140.0,323.15,321.7151307144732,2.545734410841024,430.4607856017356,1450.0
25200.0,323.15,321.71513062713126,2.5494346276674484,430.4608121514698,1450.0
25260.0,323.15,321.71513026900226,2.5499307355023797,430.4609195416886,1450.0
25320.0,323.15,321.7151300425873,2.5504138321691037,430.46098740233697,1450.0
25380.0,323.15,321.71512989151864,2.550896252548144,430.46103268095504,1450.0
25440.0,323.15,321.71512978477807,2.5513782077763816,430.46106467300973,1450.0
25500.0,323.15,321.71512968424685,2.551860038901188,430.46109480464116,1450.0
25560.0,323.15,321.71512962818616,2.5523409812369486,430.4611116068634,1450.0
25620.0,323.15,321.7151295721255,2.552821923572709,430.4611284090867,1450.0
25680.0,323.15,321.7151295347588,2.5533021549852055,430.4611396089569,1450.0
25740.0,323.15,321.7151295052774,2.5537820865321255,430.46114844458526,1450.0
25800.0,323.15,321.71512947728166,2.5542618928856182,430.4611568356798,1450.0
25860.0,323.15,321.71512945551336,2.554741174545041,430.46116335926763,1450.0
25920.0,323.15,321.71512943761337,2.5552201302405693,430.46116872484293,1450.0
25980.0,323.15,321.71512942358225,2.5556987599722025,430.4611729296753,1450.0
26040.0,323.15,321.71512941341956,2.5561770637399417,430.46117597594946,1450.0
26100.0,323.15,321.7151294056194,2.556654975187486,430.46117831405326,1450.0
26160.0,323.15,321.71512939889084,2.5571324374410795,430.4611803310532,1450.0
26220.0,323.15,321.7151293947522,2.5576095173893996,430.46118157145486,1450.0
26280.0,323.15,321.7151293932033,2.558086215032447,430.4611820358069,1450.0
26340.0,323.15,321.71512939424423,2.5585625303702204,430.46118172410644,1450.0
26400.0,323.15,321.7151293941652,2.559038408588698,430.4611817475294,1450.0
26460.0,323.15,321.71512939247503,2.5595138424339727,430.461182254611,1450.0
26520.0,323.15,321.7151293911316,2.559988860830831,430.46118265737545,1450.0
26580.0,323.15,321.7151293901349,2.560463463779274,430.46118295582664,1450.0
26640.0,323.15,321.71512938948473,2.560937651279301,430.461183151055,1450.0
26700.0,323.15,321.7151293891812,2.5614114233309127,430.46118324251387,1450.0
26760.0,323.15,321.7151293892245,2.561884779934109,430.46118322911275,1450.0
26820.0,323.15,321.71512938961445,2.562357721088888,430.46118311194215,1450.0
26880.0,323.15,321.7151293903509,2.5628302467952526,430.46118289154975,1450.0
26940.0,323.15,321.71512939143423,2.5633023570532014,430.4611825662964,1450.0
27000.0,323.15,321.715129391675,2.5637740863190888,430.4611824941277,1450.0
27060.0,323.15,321.7151293919414,2.5642454094434766,430.46118241385653,1450.0
27120.0,323.15,321.71512939231326,2.5647163241003335,430.461182303095,1450.0
27180.0,323.15,321.71512939279097,2.5651868302896603,430.461182160206,1450.0
27240.0,323.15,321.71512939337464,2.565656928011457,430.4611819846449,1450.0
27300.0,323.15,321.7151293940639,2.5661266172657236,430.46118177804675,1450.0
27360.0,323.15,321.71512939485893,2.56659589805246,430.4611815398679,1450.0
27420.0,323.15,321.7151293957597,2.5670647703716662,430.4611812701063,1450.0
27480.0,323.15,321.71512939676626,2.5675332342233417,430.46118096821823,1450.0
27540.0,323.15,321.71512939769053,2.5680012946091804,430.4611806919033,1450.0
27600.0,323.15,321.71512939807525,2.568468963714164,430.4611805763485,1450.0
27660.0,323.15,321.71512939841654,2.5689362283193105,430.4611804745157,1450.0
27720.0,323.15,321.7151293987146,2.5694030884246204,430.46118038530943,1450.0
27780.0,323.15,321.7151293989695,2.5698695440300923,430.46118030873475,1450.0
27840.0,323.15,321.7151293991812,2.5703355951357274,430.46118024478767,1450.0
27900.0,323.15,321.71512939934934,2.5708012417415254,430.4611801951072,1450.0
27960.0,323.15,321.7151293994743,2.5712664838474852,430.4611801580553,1450.0
28020.0,323.15,321.71512939955613,2.571731321453609,430.4611801330873,1450.0
28080.0,323.15,321.71512939959456,2.572195754559895,430.4611801218402,1450.0
28140.0,323.15,321.7151293995898,2.572659783166344,430.4611801232207,1450.0
28200.0,323.15,321.7151293995417,2.573123407272955,430.46118013777743,1450.0
28260.0,323.15,321.7151293994503,2.57358662687973,430.4611801655085,1450.0
28320.0,323.15,321.7151293993157,2.574049441986667,430.461180205869,1450.0
28380.0,323.15,321.7151293991379,2.574511852593767,430.4611802588582,1450.0
28440.0,323.15,321.71512939891664,2.57497385870103,430.4611803255683,1450.0
28500.0,323.15,321.7151293986522,2.5754354603084555,430.461180404907,1450.0
28560.0,323.15,321.71512939834446,2.5758966574160436,430.4611804974209,1450.0
28620.0,323.15,321.7151293979935,2.576357450023795,430.4611806025634,1450.0
28680.0,323.15,321.71512939759936,2.5768178381317086,430.46118072033545,1450.0
28740.0,323.15,321.71512939740734,2.577277819012936,430.46118077768676,1450.0
28800.0,323.15,321.7151293984204,2.577746042431444,430.4611804539576,1450.0
28860.0,323.15,321.7151296041763,2.580156083386743,430.4611186059278,1450.0
28920.0,323.15,321.7151297365229,2.5825972553837926,430.4610789390583,1450.0
28980.0,323.15,321.7151298352615,2.585036649242641,430.461049345327,1450.0
29040.0,323.15,321.7151299084823,2.5874742661836856,430.4610273990439,1450.0
29100.0,323.15,321.7151299633667,2.5899102147367894,430.46101094908147,1450.0
29160.0,323.15,321.71513000676924,2.5923445206930844,430.46099794084193,1450.0
29220.0,323.15,321.7151300400371,2.594777376747536,430.46098796994187,1450.0
29280.0,323.15,321.71513006479694,2.5972085230851216,430.460980549465,1450.0
29340.0,323.15,321.71513008155006,2.599637879688276,430.4609755282912,1450.0
29400.0,323.15,321.7151300910985,2.6020654938264256,430.4609726660383,1450.0
29460.0,323.15,321.7151300985784,2.604491212888228,430.4609704243789,1450.0
29520.0,323.15,321.71513010150096,2.606915110827759,430.46096954830807,1450.0
29580.0,323.15,321.71513010470795,2.6093371444144893,430.460968586784,1450.0
29640.0,323.15,321.7151301075539,2.6117573194101373,430.4609677341723,1450.0
29700.0,323.15,321.71513010939276,2.6141756415839965,430.4609671832063,1450.0
29760.0,323.15,321.7151301102246,2.6165921109360673,430.4609669338832,1450.0
29820.0,323.15,321.71513011006454,2.6190067279203744,430.460966982512,1450.0
29880.0,323.15,321.71513011089706,2.621419551398554,430.46096673370863,1450.0
29940.0,323.15,321.71513011141195,2.6238305424973287,430.4609665788996,1450.0
30000.0,323.15,321.71513011160863,2.6262397012166976,430.4609665208114,1450.0
30060.0,323.15,321.71513011148755,2.6286470275566614,430.4609665572622,1450.0
30120.0,323.15,321.7151301110486,2.6310525215172196,430.4609666887988,1450.0
30180.0,323.15,321.7151301102918,2.6334561830983714,430.46096691541914,1450.0
30240.0,323.15,321.715130109217,2.6358580123001185,430.4609672376709,1450.0
30300.0,323.15,321.71513010782434,2.63825800912246,430.4609676550054,1450.0
30360.0,323.15,321.7151301061137,2.6406561735653953,430.46096816797234,1450.0
30420.0,323.15,321.7151301045505,2.6430525190754497,430.4609686366857,1450.0
30480.0,323.15,321.71513010371024,2.645447062281063,430.4609688885887,1450.0
30540.0,323.15,321.7151301028172,2.647839780769615,430.46096915636684,1450.0
30600.0,323.15,321.71513010187147,2.6502306745411066,430.46096944001914,1450.0
30660.0,323.15,321.71513010087295,2.652619743595537,430.4609697395486,1450.0
30720.0,323.15,321.7151300998217,2.6550069879329072,430.46097005495125,1450.0
30780.0,323.15,321.7151300987178,2.6573924075532167,430.46097038568234,1450.0
30840.0,323.15,321.71513009756114,2.6597760024564656,430.46097073229066,1450.0
30900.0,323.15,321.71513009635163,2.6621577726426535,430.4609710953178,1450.0
30960.0,323.15,321.71513009508936,2.66453771811178,430.4609714742201,1450.0
31020.0,323.15,321.71513009406016,2.666915922722437,430.4609717828423,1450.0
31080.0,323.15,321.7151300931727,2.6692923597251257,430.460972049251,1450.0
31140.0,323.15,321.71513009231245,2.671666995421899,430.46097230685285,1450.0
31200.0,323.15,321.7151300914791,2.6740398298127572,430.4609725567363,1450.0
31260.0,323.15,321.71513009067274,2.6764108628977,430.4609727989033,1450.0
31320.0,323.15,321.71513008989353,2.678780094676728,430.4609730322615,1450.0
31380.0,323.15,321.7151300891414,2.6811475251498407,430.4609732573566,1450.0
31440.0,323.15,321.71513008841595,2.683513154317038,430.4609734758266,1450.0
31500.0,323.15,321.7151300877178,2.6858769821783204,430.46097368494014,1450.0
31560.0,323.15,321.7151300870466,2.6882390087336874,430.46097388633825,1450.0
31620.0,323.15,321.71513008640255,2.6905992339831393,430.46097407892756,1450.0
31680.0,323.15,321.71513008578535,2.6929576579266756,430.4609742643451,1450.0
31740.0,323.15,321.7151300851952,2.6953142805642973,430.4609744414995,1450.0
31800.0,323.15,321.7151300846321,2.6976691018960035,430.4609746103918,1450.0
31860.0,323.15,321.7151300840961,2.7000221219217946,430.46097477102,1450.0
31920.0,323.15,321.71513008358687,2.7023733406416706,430.46097492447745,1450.0
31980.0,323.15,321.71513008310495,2.7047227580556314,430.46097506858035,1450.0
32040.0,323.15,321.71513008264986,2.7070703741636772,430.46097520551155,1450.0
32100.0,323.15,321.71513008222195,2.709416188965808,430.46097533363394,1450.0
32160.0,323.15,321.71513008176424,2.711760193845864,430.4609754716094,1450.0
32220.0,323.15,321.71513008122525,2.7141023832555766,430.4609756328565,1450.0
32280.0,323.15,321.7151300806608,2.716442787019307,430.4609758018713,1450.0
32340.0,323.15,321.7151300800759,2.718781402707898,430.4609759772011,1450.0
32400.0,323.15,321.7151300764447,2.7210940639394883,430.4609771923897,1450.0
32460.0,323.15,321.7151299018811,2.721683624331331,430.46102955476454,1450.0
32520.0,323.15,321.7151297891791,2.722266062054947,430.4610633363693,1450.0
32580.0,323.15,321.7151297025526,2.7228480192985987,430.4610893020306,1450.0
32640.0,323.15,321.71512965688436,2.7234287014179226,430.4611029898967,1450.0
32700.0,323.15,321.7151296112161,2.7240093835372465,430.4611166777628,1450.0
32760.0,323.15,321.7151295710434,2.7245897229181684,430.46112871967733,1450.0
32820.0,323.15,321.71512954817166,2.7251689833615673,430.4611355745613,1450.0
32880.0,323.15,321.7151295252997,2.7257482438049667,430.4611424305356,1450.0
32940.0,323.15,321.71512950671223,2.7263269697317747,430.4611480022483,1450.0
33000.0,323.15,321.71512949520826,2.7269048119698303,430.4611514501962,1450.0
33060.0,323.15,321.7151294837042,2.7274826542078863,430.4611548986898,1450.0
33120.0,323.15,321.71512947334173,2.7280601621938647,430.4611580051541,1450.0
33180.0,323.15,321.7151294650619,2.7286370604652395,430.4611604870445,1450.0
33240.0,323.15,321.7151294581009,2.729213572625289,430.4611625738492,1450.0
33300.0,323.15,321.7151294524588,2.7297896986740136,430.4611642644739,1450.0
33360.0,323.15,321.71512944813554,2.730365438611413,430.461165560013,1450.0
33420.0,323.15,321.7151294451309,2.730940792437487,430.46116646101115,1450.0
33480.0,323.15,321.71512944223906,2.7315155900790478,430.4611673276345,1450.0
33540.0,323.15,321.715129439913,2.73208989543947,430.4611680248148,1450.0
33600.0,323.15,321.7151294384335,2.7326637481003746,430.4611684685101,1450.0
33660.0,323.15,321.7151294378005,2.7332371480617623,430.46116865872136,1450.0
33720.0,323.15,321.71512943801423,2.733810095323633,430.4611685943562,1450.0
33780.0,323.15,321.7151294389699,2.7343825849773498,430.4611683078116,1450.0
33840.0,323.15,321.7151294386668,2.7349545231398174,430.46116839891914,1450.0
33900.0,323.15,321.71512943856425,2.735525978282442,430.46116842948896,1450.0
33960.0,323.15,321.715129438662,2.736096950405225,430.46116840060944,1450.0
34020.0,323.15,321.71512943896033,2.7366674395081656,430.4611683111931,1450.0
34080.0,323.15,321.7151294394591,2.737237445591264,430.46116816178164,1450.0
34140.0,323.15,321.71512943993486,2.7378069631039943,430.4611680193756,1450.0
34200.0,323.15,321.7151294400032,2.7383759824906235,430.4611679988159,1450.0
34260.0,323.15,321.7151294400467,2.738944513262083,430.46116798588014,1450.0
34320.0,323.15,321.7151294400656,2.7395125554183735,430.4611679800197,1450.0
34380.0,323.15,321.71512944005957,2.740080108959494,430.46116798232794,1450.0
34440.0,323.15,321.7151294400289,2.7406471738854457,430.46116799171244,1450.0
34500.0,323.15,321.7151294399735,2.7412137501962275,430.4611680081742,1450.0
34560.0,323.15,321.7151294398935,2.7417798378918397,430.4611680317132,1450.0
34620.0,323.15,321.71512943978854,2.742345436972282,430.46116806341996,1450.0
34680.0,323.15,321.7151294396588,2.7429105474375555,430.46116810274964,1450.0
34740.0,323.15,321.71512943950466,2.7434751692876596,430.4611681480642,1450.0
34800.0,323.15,321.7151294393254,2.744039302522594,430.4611682026398,1450.0
34860.0,323.15,321.71512943922977,2.744602966359023,430.4611682305436,1450.0
34920.0,323.15,321.71512943914416,2.7451661477784266,430.46116825593765,1450.0
34980.0,323.15,321.71512943905367,2.7457288441625947,430.4611682840533,1450.0
35040.0,323.15,321.71512943895885,2.746291055511527,430.46116831216005,1450.0
35100.0,323.15,321.71512943885926,2.7468527818252237,430.4611683424406,1450.0
35160.0,323.15,321.7151294387539,2.747414025725891,430.4611683732696,1450.0
35220.0,323.15,321.7151294386329,2.7479748039510334,430.46116840983916,1450.0
35280.0,323.15,321.71512943850377,2.7485351034095102,430.46116844932305,1450.0
35340.0,323.15,321.7151294383669,2.749094924101321,430.4611684895404,1450.0
35400.0,323.15,321.7151294382216,2.749654266026467,430.46116853376145,1450.0
35460.0,323.15,321.71512943806846,2.7502131291849468,430.46116857926063,1450.0
35520.0,323.15,321.71512943790714,2.750771513576761,430.4611686276741,1450.0
35580.0,323.15,321.71512943773763,2.7513294192019093,430.46116867900184,1450.0
35640.0,323.15,321.71512943756017,2.7518868460603927,430.4611687321525,1450.0
35700.0,323.15,321.7151294373746,2.7524437941522097,430.46116878767265,1450.0
35760.0,323.15,321.7151294371809,2.7530002634773614,430.4611688461071,1450.0
35820.0,323.15,321.7151294369792,2.753556254035847,430.46116890636443,1450.0
35880.0,323.15,321.7151294367781,2.754111763802417,430.46116896698385,1450.0
35940.0,323.15,321.7151294365763,2.754666793742229,430.4611690275081,1450.0
36000.0,323.15,321.7151294367,2.755223695505469,430.46116898223625,1450.0
36060.0,323.15,321.7151294635368,2.756020326732886,430.4611609200418,1450.0
36120.0,323.15,321.7151294812281,2.756822944507604,430.4611556178506,1450.0
36180.0,323.15,321.7151294948779,2.7576249965977544,430.46115152598907,1450.0
36240.0,323.15,321.71512950174207,2.7584251436403715,430.4611494687952,1450.0
36300.0,323.15,321.71512950840093,2.7592252329637823,430.46114747193894,1450.0
36360.0,323.15,321.7151295148447,2.7600252013236073,430.461145541282,1450.0
36420.0,323.15,321.71512951802794,2.760823332694423,430.4611445873197,1450.0
36480.0,323.15,321.71512952121117,2.761621464065238,430.4611436333565,1450.0
36540.0,323.15,321.7151295241296,2.7624192966655152,430.461142759201,1450.0
36600.0,323.15,321.71512952558265,2.7632154748838724,430.46114232348435,1450.0
36660.0,323.15,321.7151295270357,2.7640116531022296,430.46114188776676,1450.0
36720.0,323.15,321.7151295284128,2.764807629786126,430.461141474848,1450.0
36780.0,323.15,321.71512952943186,2.7656026568571317,430.46114117013553,1450.0
36840.0,323.15,321.71512953025393,2.7663971603371555,430.46114092329884,1450.0
36900.0,323.15,321.7151295308785,2.767191140226198,430.4611407365197,1450.0
36960.0,323.15,321.715129531306,2.767984596524259,430.4611406081641,1450.0
37020.0,323.15,321.7151295315361,2.7687775292313384,430.4611405393193,1450.0
37080.0,323.15,321.7151295316633,2.7695698181026738,430.46114050095974,1450.0
37140.0,323.15,321.7151295317704,2.770361357309365,430.4611404693764,1450.0
37200.0,323.15,321.7151295317511,2.771152282628495,430.4611404755242,1450.0
37260.0,323.15,321.71512953160544,2.771942594060065,430.4611405188573,1450.0
37320.0,323.15,321.7151295313333,2.7727322916040733,430.46114060046625,1450.0
37380.0,323.15,321.7151295309346,2.7735213752605214,430.46114072035095,1450.0
37440.0,323.15,321.71512953059874,2.774309764584224,430.461140821398,1450.0
37500.0,323.15,321.7151295303361,2.775097455276191,430.4611408994775,1450.0
37560.0,323.15,321.7151295300436,2.775884490965391,430.4611409874542,1450.0
37620.0,323.15,321.71512952972154,2.776670871651822,430.46114108368795,1450.0
37680.0,323.15,321.71512952936956,2.7774565973354846,430.4611411898189,1450.0
37740.0,323.15,321.71512952898803,2.7782416680163795,430.46114130420784,1450.0
37800.0,323.15,321.71512952866493,2.779026063853856,430.46114140112525,1450.0
37860.0,323.15,321.7151295283656,2.7798097926590835,430.4611414908525,1450.0
37920.0,323.15,321.71512952807024,2.780592858873587,430.46114157955,1450.0
37980.0,323.15,321.71512952777897,2.781375262497367,430.46114166667286,1450.0
38040.0,323.15,321.71512952749157,2.7821570035304237,430.46114175331167,1450.0
38100.0,323.15,321.71512952720826,2.7829380819727563,430.4611418383749,1450.0
38160.0,323.15,321.71512952692905,2.7837184978243656,430.4611419218626,1450.0
38220.0,323.15,321.7151295266539,2.784498251085251,430.4611420037747,1450.0
38280.0,323.15,321.71512952638267,2.785277341755413,430.4611420852047,1450.0
38340.0,323.15,321.7151295261154,2.7860557698348516,430.46114216560386,1450.0
38400.0,323.15,321.7151295258522,2.786833535323566,430.4611422444275,1450.0
38460.0,323.15,321.71512952559016,2.787610642687136,430.46114232306087,1450.0
38520.0,323.15,321.7151295253149,2.7883871144196997,430.46114240576657,1450.0
38580.0,323.15,321.7151295250406,2.789162928415873,430.46114248825927,1450.0
38640.0,323.15,321.7151295247673,2.7899380846756574,430.46114256999243,1450.0
38700.0,323.15,321.7151295244948,2.790712583199052,430.4611426520574,1450.0
38760.0,323.15,321.7151295242233,2.791486423986056,430.4611427333618,1450.0
38820.0,323.15,321.7151295239532,2.792259615890001,430.4611428145166,1450.0
38880.0,323.15,321.7151295236852,2.7930321730537906,430.4611428952863,1450.0
38940.0,323.15,321.71512952341885,2.7938040809807068,430.46114297472417,1450.0
39000.0,323.15,321.71512952315373,2.79457533967075,430.4611430544663,1450.0
39060.0,323.15,321.71512952289,2.795345949123919,430.46114313396805,1450.0
39120.0,323.15,321.7151295226278,2.796115909340215,430.46114321213696,1450.0
39180.0,323.15,321.7151295223668,2.7968852203196377,430.4611432911569,1450.0
39240.0,323.15,321.7151295221075,2.7976538820621863,430.46114336829834,1450.0
39300.0,323.15,321.7151295218494,2.798421894567861,430.461143445744,1450.0
39360.0,323.15,321.7151295215927,2.799189257836663,430.4611435229493,1450.0
39420.0,323.15,321.7151295213375,2.7999559718685907,430.46114359936854,1450.0
39480.0,323.15,321.7151295210835,2.8007220366636454,430.46114367609204,1450.0
39540.0,323.15,321.71512952082975,2.801487449360636,430.4611437517092,1450.0
39600.0,323.15,321.71512952072857,2.8022535779038336,430.4611437646475,1450.0
39660.0,323.15,321.7151297688958,2.8057830957984096,430.461069163041,1450.0
39720.0,323.15,321.71512993303355,2.8093191705805083,430.4610199638255,1450.0
39780.0,323.15,321.7151300561308,2.8128528127384365,430.4609830658288,1450.0
39840.0,323.15,321.7151301483711,2.8163840239551985,430.4609554188276,1450.0
39900.0,323.15,321.71513022381606,2.8199134496944325,430.4609328048811,1450.0
39960.0,323.15,321.71513028221347,2.8234407295023343,430.46091530011824,1450.0
40020.0,323.15,321.7151303266242,2.826965868466981,430.460901987228,1450.0
40080.0,323.15,321.71513035827564,2.8304886294977916,430.460892501017,1450.0
40140.0,323.15,321.7151303789456,2.8340090744887507,430.460886305362,1450.0
40200.0,323.15,321.71513039412895,2.8375270427796857,430.4608817548448,1450.0
40260.0,323.15,321.71513040266365,2.8410425991755206,430.4608791971212,1450.0
40320.0,323.15,321.7151304118441,2.8445556878957796,430.46087644570514,1450.0
40380.0,323.15,321.71513041862175,2.8480663322536732,430.4608744137556,1450.0
40413.06594774719,323.15,321.7151304213298,2.8500000005700206,430.46087360237067,1450.0
40413.06594774719,323.15,321.7151304213298,2.8500000005700206,430.46087360237067,0.0
40413.06595452788,323.15,321.7151304396768,2.8499999994298824,430.46078556554824,0.0
40413.06595452788,323.15,321.7151304396768,2.8499999994298824,430.46078556554824,0.0
40440.0,323.15,321.79366682414087,2.8445015968981786,406.7777577565992,0.0
40500.0,323.15,321.9345897696267,2.832215482769336,364.53180852115037,0.0
40560.0,323.15,322.0412737173464,2.81989391370961,332.54786210368934,0.0
40620.0,323.15,322.12397781821,2.8075500840776075,307.7518080817685,0.0
40680.0,323.15,322.1892786247669,2.795192469575794,288.17275957709086,0.0
40740.0,323.15,322.2415878167455,2.7828267623414145,272.48846790858664,0.0
40800.0,323.15,322.28396935577376,2.770456917255576,259.78054348041127,0.0
40860.0,323.15,322.31861494572996,2.758085762444934,249.39199748486647,0.0
40920.0,323.15,322.34715025197096,2.745715393589052,240.83549249186592,0.0
40980.0,323.15,322.3707911302884,2.7333473756862725,233.74651830801534,0.0
41040.0,323.15,322.3904705590507,2.7209829070211704,227.84536291257825,0.0
41100.0,323.15,322.40691747486966,2.708622921233732,222.91348771651755,0.0
41160.0,323.15,322.42070709061596,2.696268152580589,218.7783939958104,0.0
41220.0,323.15,322.43229786623516,2.683919183888826,215.30268657914425,0.0
41280.0,323.15,322.4420610072622,2.6715764848335413,212.37502888446784,0.0
41340.0,323.15,322.4502970713924,2.6592404336093316,209.9051184000761,0.0
41400.0,323.15,322.45725342139787,2.6469113395149044,207.8192905174917,0.0
41460.0,323.15,322.46313383840567,2.634589455506385,206.05577239566597,0.0
41520.0,323.15,322.46810841040275,2.622274991061068,204.56404995123353,0.0
41580.0,323.15,322.47231904590427,2.609968119382118,203.30139008250296,0.0
41640.0,323.15,322.47588402656066,2.5976689832893394,202.23232768102463,0.0
41700.0,323.15,322.47890296094926,2.5853777016849584,201.32704583080837,0.0
41760.0,323.15,322.4814596009655,2.573094373202859,200.56039434612842,0.0
41820.0,323.15,322.4836239160597,2.5608190788973704,199.91132627911904,0.0
41880.0,323.15,322.48545514409744,2.5485518861940255,199.36221557792018,0.0
41940.0,323.15,322.48700435677205,2.536292852176819,198.8975623609868,0.0
42000.0,323.15,322.4883149433621,2.5240420242884594,198.5045274263981,0.0
42060.0,323.15,322.48942293878355,2.511799440699286,198.17237408115915,0.0
42120.0,323.15,322.49035881747585,2.4995651325806683,197.8914661033129,0.0
42180.0,323.15,322.4911489363595,2.487339126146039,197.6552394815117,0.0
42240.0,323.15,322.4918158756928,2.475121442784568,197.45509837711708,0.0
42300.0,323.15,322.4923787519445,2.46291209956897,197.2853835058258,0.0
42360.0,323.15,322.49285328672096,2.4507111095755385,197.1449296903282,0.0
42420.0,323.15,322.49325299239246,2.438518482186883,197.0217431443333,0.0
42480.0,323.15,322.4935900461176,2.4263342264865475,196.92291531371637,0.0
42540.0,323.15,322.4938734775657,2.4141583474771253,196.83759514714131,0.0
42600.0,323.15,322.4941115832016,2.401990849116409,196.76637750448623,0.0
42609.82115396846,323.15,322.49414662074054,2.3999999995199857,196.7558903746669,0.0
42609.82115396846,323.15,322.49414662074054,2.3999999995199857,196.7558903746669,1450.0
42609.82117799693,323.15,322.49414653619914,2.4000000004800226,196.75629601856207,1450.0
42609.82117799693,323.15,322.49414653619914,2.4000000004800226,196.75629601856207,1450.0
42660.0,323.15,322.31879715363124,2.4030070870687696,249.50404935234707,1450.0
42720.0,323.15,322.1500191431624,2.406643889390866,300.10470894924185,1450.0
42780.0,323.15,322.02238825400156,2.4103218911058306,338.365411965175,1450.0
42840.0,323.15,321.9291327325545,2.4140338662024625,366.3191482782239,1450.0
42900.0,323.15,321.86268437071504,2.4177717552180416,386.23625912028336,1450.0
42960.0,323.15,321.81616279366796,2.4215282391168724,400.17995806382834,1450.0
43020.0,323.15,321.78399233191004,2.4252973895378296,409.8217527318894,1450.0
43080.0,323.15,321.76192177312686,2.429074685420353,416.4334049292808,1450.0
43140.0,323.15,321.7468673840504,2.432856846007222,420.94813924781846,1450.0
43200.0,323.15,321.7366244945537,2.4366416820834167,424.0188202455057,1450.0
43260.0,323.15,321.7296866651906,2.441616638285373,426.0983546065156,1450.0
43320.0,323.15,321.7249865950101,2.446650515959587,427.5069014625842,1450.0
43380.0,323.15,321.7218074949739,2.4516825135459963,428.45970316005514,1450.0
43440.0,323.15,321.71965386000267,2.456712479992852,429.1051875098554,1450.0
43500.0,323.15,321.7181960312018,2.461740063383854,429.54208760296916,1450.0
43560.0,323.15,321.7172101514779,2.4667650252789217,429.8375495920121,1450.0
43620.0,323.15,321.7165405761784,2.4717872004490333,430.03823883137,1450.0
43680.0,323.15,321.7160859563773,2.476806481635653,430.17449251644496,1450.0
43740.0,323.15,321.71577752966124,2.481822796505962,430.2669085273969,1450.0
43800.0,323.15,321.715569782331,2.4868360977169193,430.3292075292847,1450.0
43860.0,323.15,321.7154289112753,2.4918463506018367,430.3714197245193,1450.0
43920.0,323.15,321.7153333917859,2.4968535337331845,430.4000224347335,1450.0
43980.0,323.15,321.71526820834237,2.501857632730149,430.4195906220461,1450.0
44040.0,323.15,321.7152240228865,2.506858639343297,430.4328198406284,1450.0
44100.0,323.15,321.7151941135166,2.5118565481680473,430.44177925701115,1450.0
44160.0,323.15,321.71517388084675,2.516851356133789,430.44785088688917,1450.0
44220.0,323.15,321.71516015021945,2.521843061710221,430.4519630769256,1450.0
44280.0,323.15,321.71515082458933,2.526831664538221,430.45475778048086,1450.0
44340.0,323.15,321.71514451518163,2.5318171650351213,430.45665092106776,1450.0
44400.0,323.15,321.71514029713904,2.536799564119465,430.45791735937365,1450.0
44460.0,323.15,321.7151374540427,2.5417788629390143,430.45876461590825,1450.0
44520.0,323.15,321.7151356633486,2.5467550630848357,430.45929909258143,1450.0
44580.0,323.15,321.7151344339391,2.5517281659642475,430.45967089407173,1450.0
44640.0,323.15,321.71513349026037,2.5566981732012186,430.4599538477853,1450.0
44700.0,323.15,321.7151326909872,2.561665086584295,430.460193292259,1450.0
44760.0,323.15,321.71513216785337,2.5666289081939504,430.46035007794234,1450.0
44820.0,323.15,321.7151317572423,2.571589639789102,430.46047310468884,1450.0
44880.0,323.15,321.7151314755917,2.576547283319709,430.460557517463,1450.0
44940.0,323.15,321.7151312539334,2.5815018406471095,430.4606239856965,1450.0
45000.0,323.15,321.7151311201114,2.5864533137260737,430.46066411630744,1450.0
45060.0,323.15,321.7151310457529,2.591401704458352,430.4606864128256,1450.0
45120.0,323.15,321.71513101200463,2.5963470147546746,430.4606965202149,1450.0
45180.0,323.15,321.7151310019596,2.601289246527606,430.46069949427584,1450.0
45240.0,323.15,321.71513100952546,2.606228401695754,430.460697204731,1450.0
45300.0,323.15,321.71513102020793,2.6111644821730335,430.4606939959822,1450.0
45360.0,323.15,321.71513101701595,2.61609748987196,430.4606949519331,1450.0
45420.0,323.15,321.7151309855448,2.621027426706498,430.46070439310466,1450.0
45480.0,323.15,321.7151309610435,2.6259542946155596,430.4607117450592,1450.0
45540.0,323.15,321.7151309734517,2.6308780955353908,430.46070802818286,1450.0
45600.0,323.15,321.7151309905959,2.6357988313710266,430.4607028921063,1450.0
45660.0,323.15,321.715131011349,2.6407165040431013,430.46069667372603,1450.0
45720.0,323.15,321.71513103458364,2.64563111547225,430.4606897110308,1450.0
45780.0,323.15,321.7151310591726,2.650542667579106,430.46068234146054,1450.0
45840.0,323.15,321.71513108398887,2.6554511622843067,430.4606749019128,1450.0
45900.0,323.15,321.71513110790505,2.660356601508485,430.4606677303732,1450.0
45960.0,323.15,321.71513112904785,2.665258987163711,430.4606613889203,1450.0
46020.0,323.15,321.7151311389086,2.6701583210858693,430.46065843307497,1450.0
46080.0,323.15,321.7151311412409,2.675054605251635,430.46065773392286,1450.0
46140.0,323.15,321.7151311345179,2.6799478415770537,430.46065974894185,1450.0
46200.0,323.15,321.7151311172128,2.684838031978173,430.4606649356105,1450.0
46260.0,323.15,321.7151310877986,2.6897251783710385,430.4606737524971,1450.0
46320.0,323.15,321.71513104474883,2.6946092826716974,430.4606866554431,1450.0
46380.0,323.15,321.7151309865364,2.699490346796196,430.46070410301877,1450.0
46440.0,323.15,321.7151309373924,2.704368377448,430.46071883289375,1450.0
46500.0,323.15,321.71513090660386,2.709243373479436,430.4607280621893,1450.0
46560.0,323.15,321.71513087421005,2.71411532993092,430.460737772154,1450.0
46620.0,323.15,321.715130840211,2.7189842468024508,430.46074796278486,1450.0
46680.0,323.15,321.71513081283746,2.7238501369928727,430.46075616741183,1450.0
46740.0,323.15,321.7151307912424,2.7287129991749732,430.4607626407057,1450.0
46800.0,323.15,321.71513077572246,2.7335780353792254,430.4607672563735,1450.0
46860.0,323.15,321.7151308428625,2.739957876798009,430.4607470947665,1450.0
46920.0,323.15,321.71513088624675,2.746341051977888,430.4607340916373,1450.0
46980.0,323.15,321.71513091941114,2.7527210777127324,430.46072415145704,1450.0
47040.0,323.15,321.71513094448227,2.7590979553178596,430.4607166359171,1450.0
47100.0,323.15,321.71513096227824,2.765470933160992,430.4607113022003,1450.0
47160.0,323.15,321.7151309773414,2.7718415611810805,430.4607067872776,1450.0
47220.0,323.15,321.7151309889918,2.7782092547712613,430.4607032952042,1450.0
47280.0,323.15,321.71513099770374,2.7845741000560293,430.4607006836248,1450.0
47340.0,323.15,321.71513100412216,2.7909354811863136,430.4606987603107,1450.0
47400.0,323.15,321.7151310079143,2.7972937160378164,430.4606976238433,1450.0
47460.0,323.15,321.7151310104421,2.8036485591593134,430.4606968660638,1450.0
47520.0,323.15,321.71513101200634,2.809999956309399,430.46069639809264,1450.0
47580.0,323.15,321.71513101233114,2.816347977362153,430.46069630049476,1450.0
47640.0,323.15,321.7151310131738,2.822692523784378,430.46069604825027,1450.0
47700.0,323.15,321.71513101371244,2.8290336416568134,430.4606958870395,1450.0
47760.0,323.15,321.7151310139472,2.8353713309794593,430.4606958163177,1450.0
47820.0,323.15,321.71513101387785,2.8417055917523153,430.46069583717536,1450.0
47880.0,323.15,321.7151310135044,2.848036423975383,430.4606959496134,1450.0
47898.61608480648,323.15,321.71513101342526,2.8500000005700454,430.4606959730295,1450.0
47898.61608480648,323.15,321.71513101342526,2.8500000005700454,430.4606959730295,0.0
47898.616093626086,323.15,321.7151310381444,2.8499999994299645,430.4605773778509,0.0
47898.616093626086,323.15,321.7151310381444,2.8499999994299645,430.4605773778509,0.0
47940.0,323.15,321.83145821722843,2.8434911925287807,395.44903536574117,0.0
48000.0,323.15,321.96278342224167,2.834010984781296,356.07965082662935,0.0
48060.0,323.15,322.0627731781572,2.8244957284202745,326.10225232827406,0.0
48120.0,323.15,322.14063584388526,2.8149572256889623,302.7575116994111,0.0
48180.0,323.15,322.2023282791957,2.8054031288255428,284.2602090727561,0.0
48240.0,323.15,322.25189122492685,2.79583863601949,269.3992396517494,0.0
48300.0,323.15,322.2921399364797,2.786267372101066,257.3307762995733,0.0
48360.0,323.15,322.3251131989045,2.776691962690731,247.44365892345172,0.0
48420.0,323.15,322.35231962208746,2.7671143501179984,239.28551655896644,0.0
48480.0,323.15,322.37489680836705,2.7575359980191667,232.5155405595609,0.0
48540.0,323.15,322.3937219015921,2.747958033607976,226.87066776284607,0.0
48600.0,323.15,322.40947768765574,2.738381332911348,222.14571971881026,0.0
48660.0,323.15,322.42270552202257,2.7288065890894404,218.1793267331632,0.0
48720.0,323.15,322.43384241907273,2.7192343604135183,214.8396645058277,0.0
48780.0,323.15,322.44323928001774,2.7096650938240754,212.0215375113467,0.0
48840.0,323.15,322.45117957808094,2.7000991491067716,209.64069397156234,0.0
48900.0,323.15,322.45789717357155,2.6905368219920343,207.62634525470557,0.0
48960.0,323.15,322.46358690091614,2.6809783578571977,205.91998382046637,0.0
49020.0,323.15,322.46841008840505,2.6714239588630995,204.4736083364174,0.0
49080.0,323.15,322.4725015365977,2.661873793063064,203.24680125842426,0.0
49140.0,323.15,322.4759735909748,2.6523279996446907,202.2054935309529,0.0
49200.0,323.15,322.4789203880612,2.6427866944084886,201.3218458473255,0.0
49260.0,323.15,322.4814214615471,2.6332499745359907,200.57185552646064,0.0
49320.0,323.15,322.48354403581703,2.6237179214524557,199.9353016076054,0.0
49380.0,323.15,322.4853461743398,2.614190604921303,199.39488348613406,0.0
49440.0,323.15,322.4868763216105,2.6046680824862545,198.9360021472783,0.0
49500.0,323.15,322.4881754907116,2.5951504022862206,198.54655868946924,0.0
49560.0,323.15,322.48927714933103,2.585637602857688,198.21602766445946,0.0
49620.0,323.15,322.4902111134775,2.5761297181974445,197.93598536582508,0.0
49680.0,323.15,322.49100264170585,2.5666267765944113,197.69901386163266,0.0
49740.0,323.15,322.4916735110706,2.557128801972305,197.4976951285594,0.0
49800.0,323.15,322.4922417422346,2.54763581357719,197.3265459973112,0.0
49860.0,323.15,322.49272292697873,2.538147827602993,197.18282627373262,0.0
49920.0,323.15,322.4931301881915,2.5286648571669694,197.06137180436127,0.0
49980.0,323.15,322.4934745896597,2.5191869129050564,196.95800532755533,0.0
50040.0,323.15,322.49376561932326,2.5097140035931527,196.8694965292683,0.0
50100.0,323.15,322.4940113868477,2.500246136166925,196.79586561839494,0.0
50160.0,323.15,322.49421891457376,2.49078331618071,196.73437442977638,0.0
50220.0,323.15,322.49439402371814,2.4813255478135945,196.68256544358832,0.0
50280.0,323.15,322.49454160594934,2.471872834288115,196.63724518191415,0.0
50340.0,323.15,322.49466587637545,2.462425177849237,196.59996761099947,0.0
50400.0,323.15,322.494770416206,2.452952766013368,196.56880333355997,0.0
50460.0,323.15,322.49485657800557,2.441758038226959,196.5429658977469,0.0
50520.0,323.15,322.49492993087216,2.430570118211245,196.52096953858205,0.0
50580.0,323.15,322.49499286056295,2.419388688793994,196.50209882161164,0.0
50640.0,323.15,322.49504600409506,2.4082144114106456,196.48616271383466,0.0
50684.13124784113,323.15,322.4950798740587,2.399999999519983,196.47600617020308,0.0
50684.13124784113,323.15,322.4950798740587,2.399999999519983,196.47600617020308,1450.0
50684.131266635086,323.15,322.49507980936966,2.4000000004800386,196.47631648840283,1450.0
50684.131266635086,323.15,322.49507980936966,2.4000000004800386,196.47631648840283,1450.0
50700.0,323.15,322.43621937978327,2.401211084791031,214.2967500430334,1450.0
50760.0,323.15,322.24192573862086,2.4058183396042985,272.5512053507723,1450.0
50820.0,323.15,322.0913578484785,2.4104690624697596,317.6902809954976,1450.0
50880.0,323.15,321.9792990753786,2.415157714510155,351.28169225236235,1450.0
50940.0,323.15,321.89836433413547,2.4198764481773054,375.5416341706703,1450.0
51000.0,323.15,321.8411547327482,2.4246174033711867,392.6892681121691,1450.0
51060.0,323.15,321.8013124631137,2.4293738256622914,404.63095661330675,1450.0
51120.0,323.15,321.7738436826224,2.4341404071351245,412.8638594154528,1450.0
51180.0,323.15,321.7550352607805,2.43891319781293,418.5009972184726,1450.0
51240.0,323.15,321.74221789795837,2.4436893550285905,422.3425084995491,1450.0
51300.0,323.15,321.7335069899131,2.448466869405607,424.9532513982783,1450.0
51360.0,323.15,321.72759385273145,2.4532443440513894,426.72547377799924,1450.0
51420.0,323.15,321.7235851642425,2.458020824309126,427.92691581787807,1450.0
51480.0,323.15,321.72086767052366,2.462795654277858,428.74138340022284,1450.0
51540.0,323.15,321.7190252723204,2.467568388673762,429.29358013715284,1450.0
51600.0,323.15,321.71777729327954,2.472338727192997,429.66758039311543,1450.0
51660.0,323.15,321.7169319101002,2.477106464858001,429.9209372466712,1450.0
51720.0,323.15,321.71635834296677,2.4818714623001945,430.09297040324844,1450.0
51780.0,323.15,321.7159675384452,2.4866336250464047,430.20995369991306,1450.0
51840.0,323.15,321.71570121970245,2.4913928917856394,430.28964054064676,1450.0
51900.0,323.15,321.71551992058227,2.496149221552589,430.3443795598969,1450.0
51960.0,323.15,321.7153967840795,2.5009025870351196,430.381008307069,1450.0
52020.0,323.15,321.7153127897913,2.5056529693792413,430.40576839325826,1450.0
52080.0,323.15,321.7152553052445,2.5104003568039843,430.42405944315243,1450.0
52140.0,323.15,321.71521587526246,2.5151447419426005,430.4352653093614,1450.0
52200.0,323.15,321.71518906943794,2.519886120633717,430.44233006801693,1450.0
52260.0,323.15,321.7151706900341,2.524624490477902,430.4502262157984,1450.0
52320.0,323.15,321.7151580420329,2.529359850336059,430.4523524938027,1450.0
52380.0,323.15,321.71514958364065,2.5340922000363344,430.45410207110706,1450.0
52440.0,323.15,321.71514380210164,2.5388215402703183,430.45728442505214,1450.0
52500.0,323.15,321.7151400214605,2.54354787208201,430.45894771093896,1450.0
52560.0,323.15,321.71513753408595,2.5482711966265903,430.4586065630447,1450.0
52620.0,323.15,321.7151357821588,2.552991515337346,430.45912392656464,1450.0
52680.0,323.15,321.7151344815242,2.55770882979925,430.45965651966566,1450.0
52740.0,323.15,321.7151334767954,2.562423141756747,430.45995773438324,1450.0
52800.0,323.15,321.7151327352945,2.567134453060491,430.46018001778634,1450.0
52860.0,323.15,321.71513215641875,2.5718427655017706,430.460353480737,1450.0
52920.0,323.15,321.71513174420926,2.5765480810076618,430.46047701923885,1450.0
52980.0,323.15,321.7151314227004,2.5812504026147516,430.46057339039953,1450.0
53040.0,323.15,321.7151311569209,2.5859497355257366,430.46065304933046,1450.0
53100.0,323.15,321.715130959654,2.5906460778813294,430.4607121751387,1450.0
53160.0,323.15,321.71513083090025,2.59533942968153,430.46075076509396,1450.0
53220.0,323.15,321.71513073093143,2.6000297969791366,430.4607807285933,1450.0
53280.0,323.15,321.7151306574564,2.604717180123265,430.46080275097967,1450.0
53340.0,323.15,321.71513062504283,2.6094015768944407,430.4608124660085,1450.0
53400.0,323.15,321.7151306291176,2.614082988874349,430.46081124465553,1450.0
53460.0,323.15,321.7151305982954,2.6187614407534103,430.4608204835289,1450.0
53520.0,323.15,321.7151305746249,2.6234369179881103,430.4608275781648,1450.0
53580.0,323.15,321.71513055810595,2.6281094205784497,430.46083252911006,1450.0
53640.0,323.15,321.7151305487386,2.6327789485244275,430.46083533636363,1450.0
53700.0,323.15,321.7151305465225,2.637445501826044,430.4608360015626,1450.0
53760.0,323.15,321.7151305514581,2.6421090804832996,430.4608345225222,1450.0
53820.0,323.15,321.7151305635452,2.646769684496194,430.4608309003378,1450.0
53880.0,323.15,321.715130583556,2.651427317755718,430.4608249028743,1450.0
53940.0,323.15,321.71513061060267,2.6560819783630762,430.46081679651405,1450.0
54000.0,323.15,321.7151306376009,2.6607777133193125,430.4608086654004,1450.0
54060.0,323.15,321.71513073691443,2.6669359381126387,430.46077885928366,1450.0
54120.0,323.15,321.7151308023628,2.673104107496546,430.46075924247685,1450.0
54180.0,323.15,321.71513085046394,2.6792689404296146,430.4607448256385,1450.0
54240.0,323.15,321.715130887723,2.685430982999764,430.46073365738636,1450.0
54300.0,323.15,321.71513091627145,2.6915901324321894,430.46072510069797,1450.0
54360.0,323.15,321.7151309374073,2.6977461889189773,430.46071876556715,1450.0
54420.0,323.15,321.7151309514093,2.703899027795079,430.4607145680221,1450.0
54480.0,323.15,321.71513096340567,2.7100483468160825,430.46071097279753,1450.0
54540.0,323.15,321.7151309719657,2.716194251431567,430.4607084075302,1450.0
54600.0,323.15,321.71513097708936,2.7223367416415325,430.46070687276983,1450.0
54660.0,323.15,321.71513098060035,2.728475869151343,430.4607058199442,1450.0
54720.0,323.15,321.7151309831194,2.734611651583926,430.46070506625875,1450.0
54780.0,323.15,321.71513098371855,2.7407440626012045,430.4607048864569,1450.0
54840.0,323.15,321.7151309828568,2.7468731009280574,430.46070514434126,1450.0
54900.0,323.15,321.7151309834616,2.752998758438274,430.4607049630839,1450.0
54960.0,323.15,321.71513098376414,2.7591210400417148,430.46070487292127,1450.0
55020.0,323.15,321.7151309837647,2.76523994573838,430.46070487221516,1450.0
55080.0,323.15,321.71513098346287,2.77135547552827,430.4607049631494,1450.0
55140.0,323.15,321.71513098285897,2.777467629411385,430.46070514408694,1450.0
55200.0,323.15,321.71513098195265,2.783576407387724,430.46070541666484,1450.0
55260.0,323.15,321.71513098099507,2.7896818264395384,430.46070570436774,1450.0
55320.0,323.15,321.71513098053646,2.795783923795654,430.4607058408814,1450.0
55380.0,323.15,321.7151309800245,2.8018826621172073,430.4607059950275,1450.0
55440.0,323.15,321.71513097945984,2.8079780414041973,430.46070616407656,1450.0
55500.0,323.15,321.71513097884196,2.814070061656625,430.4607063502123,1450.0
55560.0,323.15,321.71513097817143,2.8201587228744898,430.46070655070537,1450.0
55620.0,323.15,321.7151309774478,2.826244025057792,430.4607067677394,1450.0
55680.0,323.15,321.7151309766712,2.832325968206532,430.4607070007678,1450.0
55740.0,323.15,321.71513097584176,2.8384045523207084,430.46070724924584,1450.0
55800.0,323.15,321.7151309749592,2.844479777400323,430.4607075142649,1450.0
55854.54749204621,323.15,321.715130974111,2.850000000570039,430.4607077685673,1450.0
55854.54749204621,323.15,321.715130974111,2.850000000570039,430.4607077685673,0.0
55854.54750062972,323.15,321.7151309980922,2.849999999429991,430.46059271200556,0.0
55854.54750062972,323.15,321.7151309980922,2.849999999429991,430.46059271200556,0.0
55860.0,323.15,321.7319442130757,2.849120785489776,425.2799679949612,0.0
55920.0,323.15,321.88869550398755,2.8394125548471907,378.2904736107638,0.0
55980.0,323.15,322.0060680470464,2.829659256195454,343.1029057282879,0.0
56040.0,323.15,322.0963088441085,2.819876563435495,316.04771409272064,0.0
56100.0,323.15,322.1671136933739,2.8100743536882233,294.81869223137676,0.0
56160.0,323.15,322.2235462337664,2.80025913820155,277.8982522317546,0.0
56220.0,323.15,322.26909656737354,2.7904354098110358,264.2402873833054,0.0
56280.0,323.15,322.3062230067895,2.7806063349896335,253.10790621780234,0.0
56340.0,323.15,322.33673096799856,2.7707742390191723,243.95996945915456,0.0
56400.0,323.15,322.3619642823797,2.760940851838015,236.39352079107096,0.0
56460.0,323.15,322.38294586174965,2.7511074889694407,230.10176486602205,0.0
56520.0,323.15,322.4004677973226,2.741275167615823,224.84784151447462,0.0
56580.0,323.15,322.4151506213622,2.731444683154947,220.44475734926692,0.0
56640.0,323.15,322.4274912378376,2.721616671041006,216.74403889138645,0.0
56700.0,323.15,322.43789013591635,2.7117916420797044,213.62582663288796,0.0
56760.0,323.15,322.44666912422673,2.7019700053319418,210.9933274610259,0.0
56820.0,323.15,322.45409025318514,2.6921520926198785,208.76780593662073,0.0
56880.0,323.15,322.46037051167224,2.6823381776006854,206.88450856547283,0.0
56940.0,323.15,322.46569107959357,2.6725284877437767,205.28907781370668,0.0
57000.0,323.15,322.47020180733654,2.662723210134016,203.93629632122816,0.0
57060.0,323.15,322.4740282828381,2.652922500664947,202.78880333051092,0.0
57120.0,323.15,322.47727500566344,2.6431264881516547,201.81551793761778,0.0
57180.0,323.15,322.4800300076428,2.633335280321906,200.98901499474061,0.0
57240.0,323.15,322.48236798576835,2.6235489678293895,200.2880119530284,0.0
57300.0,323.15,322.48435212689213,2.6137676266946266,199.6930115918452,0.0
57360.0,323.15,322.4860354755893,2.6039913199780957,199.1882217917848,0.0
57420.0,323.15,322.4874641386497,2.5942201019983626,198.75984311714552,0.0
57480.0,323.15,322.488676350145,2.5844540170847523,198.39622431601123,0.0
57540.0,323.15,322.4897042160796,2.574693101828325,198.08783111519475,0.0
57600.0,323.15,322.490575260903,2.5649278873175168,197.82682118438117,0.0
57660.0,323.15,322.4913091017748,2.5531588603930424,197.60675992551197,0.0
57720.0,323.15,322.4919361130749,2.5413972160555187,197.41873452920268,0.0
57780.0,323.15,322.49246743475265,2.5296432842264416,197.25940436391323,0.0
57840.0,323.15,322.4929168828674,2.517897067351747,197.12462626819735,0.0
57900.0,323.15,322.4932959334869,2.506158574489802,197.0109587869041,0.0
57960.0,323.15,322.4936159605125,2.494427814124716,196.91499112068738,0.0
58020.0,323.15,322.49388669386934,2.4827047926448196,196.83380548364352,0.0
58080.0,323.15,322.49411578104565,2.4709895140157196,196.76510852307018,0.0
58140.0,323.15,322.49430923084066,2.4592819803250157,196.7070983818551,0.0
58200.0,323.15,322.4944719707301,2.447582192382652,196.65829733354988,0.0
58260.0,323.15,322.49460844749746,2.4358901503938006,196.61737194163706,0.0
58320.0,323.15,322.49472300250073,2.4242058543761207,196.5830202759599,0.0
58380.0,323.15,322.4948195061408,2.4125293037553988,196.55408174575325,0.0
58440.0,323.15,322.4949008801794,2.4008604968473666,196.5296803364274,0.0
58444.426179781134,323.15,322.49490634314003,2.399999999519935,196.52804212068133,0.0
58444.426179781134,323.15,322.49490634314003,2.399999999519935,196.52804212068133,1450.0
58444.42620087646,323.15,322.49490626970356,2.400000000480038,196.52839440198966,1450.0
58444.42620087646,323.15,322.49490626970356,2.400000000480038,196.52839440198966,1450.0
58500.0,323.15,322.30244998761253,2.403793027099694,254.40525127520644,1450.0
58560.0,323.15,322.13747190288046,2.407930975309699,303.86617352344206,1450.0
58620.0,323.15,322.01315520152065,2.412109358109754,341.1330868251794,1450.0
58680.0,323.15,321.92254891750173,2.4163207743753765,368.2925593050605,1450.0
58740.0,323.15,321.85809115426156,2.4205571813326134,387.61296278447224,1450.0
58800.0,323.15,321.81301303437505,2.4248113837556042,401.12408475002735,1450.0
58860.0,323.15,321.7818587386384,2.4290775821663746,410.46164704624124,1450.0
58920.0,323.15,321.7604900878071,2.4333513758803655,416.8661661617025,1450.0
58980.0,323.15,321.7459149429681,2.4376295804345416,421.2341244217951,1450.0
59040.0,323.15,321.7360009622242,2.4419099244977507,424.19972712820754,1450.0
59100.0,323.15,321.7292696975816,2.446190830934865,426.22361636509277,1450.0
59160.0,323.15,321.72471213647515,2.450471223840373,427.58871998726846,1450.0
59220.0,323.15,321.72162351326375,2.4547503498367877,428.51649523295816,1450.0
59280.0,323.15,321.71953411633973,2.459027707288779,429.137676917099,1450.0
59340.0,323.15,321.71811521746787,2.4633029444573196,429.57373081341154,1450.0
59400.0,323.15,321.7171558452117,2.467575836442836,429.83985843072986,1450.0
59460.0,323.15,321.71650801739355,2.4718462258765483,430.0490669696357,1450.0
59520.0,323.15,321.71606799688317,2.4761140023182717,430.1805725997842,1450.0
59580.0,323.15,321.7157687252082,2.4803790952606186,430.26643517556585,1450.0
59640.0,323.15,321.7155633808081,2.4846414558263734,430.33160712967657,1450.0
59700.0,323.15,321.71542345270046,2.488901055139375,430.3730705143754,1450.0
59760.0,323.15,321.71532875564895,2.4931578728576875,430.40141784918643,1450.0
59820.0,323.15,321.7152649874096,2.4974118953338773,430.4205669256739,1450.0
59880.0,323.15,321.71522274819966,2.5016631141027776,430.4332509948752,1450.0
59940.0,323.15,321.7151933455063,2.5059115219029073,430.442034042336,1450.0
60000.0,323.15,321.71517271502086,2.510157116184774,430.4481927354657,1450.0
60060.0,323.15,321.7151586971209,2.5143998963632694,430.4523973259044,1450.0
60120.0,323.15,321.7151490386905,2.518639862337657,430.45529984511734,1450.0
60180.0,323.15,321.7151426383122,2.522877014070026,430.4572167435014,1450.0
60240.0,323.15,321.7151384526109,2.5271113524651825,430.45846452699334,1450.0
60300.0,323.15,321.7151359300056,2.531342878358415,430.45921744466335,1450.0
60360.0,323.15,321.715134528086,2.535571592654236,430.45964305608715,1450.0
60420.0,323.15,321.7151336992711,2.539797497468359,430.45989272779286,1450.0
60480.0,323.15,321.7151329186826,2.5440205947459096,430.4601256717009,1450.0
60540.0,323.15,321.71513224588494,2.54824089063872,430.4603273426733,1450.0
60600.0,323.15,321.71513167099675,2.552458382784648,430.4604995035718,1450.0
60660.0,323.15,321.71513119401783,2.556673071183694,430.4606421554869,1450.0
60720.0,323.15,321.7151308377949,2.560884960295973,430.46074869649556,1450.0
60780.0,323.15,321.7151306130134,2.565094052207521,430.4608160397151,1450.0
60840.0,323.15,321.71513050586015,2.5693003442216806,430.460848175273,1450.0
60900.0,323.15,321.7151304873577,2.5735038382384916,430.46085376281326,1450.0
60960.0,323.15,321.7151304885844,2.577704538777173,430.4608533956693,1450.0
61020.0,323.15,321.71513050339007,2.581902449236699,430.4608489581137,1450.0
61080.0,323.15,321.7151305054654,2.586097572859597,430.460848336462,1450.0
61140.0,323.15,321.7151305080184,2.5902899080180366,430.46084757171354,1450.0
61200.0,323.15,321.71513051776725,2.594474353743645,430.4608446808474,1450.0
61260.0,323.15,321.7151303992727,2.5969053995424933,430.4608802980505,1450.0
61320.0,323.15,321.71513032404306,2.5993337476065803,430.46090284684857,1450.0
61380.0,323.15,321.71513026709175,2.6017603627767953,430.4609199175896,1450.0
61440.0,323.15,321.71513022430617,2.604185246152448,430.4609327408335,1450.0
61500.0,323.15,321.7151301923437,2.6066084007054666,430.46094232062546,1450.0
61560.0,323.15,321.7151301666657,2.609029932379084,430.4609500173352,1450.0
61620.0,323.15,321.71513014657245,2.611450021919424,430.4609560398013,1450.0
61680.0,323.15,321.71513013138093,2.6138684801750713,430.4609605939582,1450.0
61740.0,323.15,321.7151301204164,2.6162851200933726,430.460963880001,1450.0
61800.0,323.15,321.7151301141228,2.618700066400705,430.4609657658666,1450.0
61860.0,323.15,321.71513010860457,2.6211131130950167,430.46096742025316,1450.0
61920.0,323.15,321.7151301055332,2.6235243485642936,430.4609683413305,1450.0
61980.0,323.15,321.71513010344796,2.6259337491476784,430.46096896695764,1450.0
62040.0,323.15,321.71513010091536,2.628341291624671,430.46096972637645,1450.0
62100.0,323.15,321.71513009889674,2.630746991566427,430.4609703313739,1450.0
62160.0,323.15,321.715130097392,2.6331508489729454,430.4609707824949,1450.0
62220.0,323.15,321.7151300964011,2.635552863844226,430.46097107974225,1450.0
62280.0,323.15,321.71513009543315,2.6379530648484115,430.4609713697055,1450.0
62340.0,323.15,321.71513009423114,2.6403514669840846,430.4609717301199,1450.0
62400.0,323.15,321.71513009318943,2.6427480472279403,430.4609720425927,1450.0
62460.0,323.15,321.715130092308,2.645142805579978,430.46097230712184,1450.0
62520.0,323.15,321.715130091587,2.647535742040198,430.46097252316065,1450.0
62580.0,323.15,321.7151300910263,2.649926856608601,430.46097269125676,1450.0
62640.0,323.15,321.7151300906259,2.6523161492851868,430.4609728114103,1450.0
62700.0,323.15,321.7151300903858,2.654703620069954,430.46097288361807,1450.0
62760.0,323.15,321.7151300903061,2.657089268962904,430.4609729073386,1450.0
62820.0,323.15,321.7151300903866,2.659473095964037,430.4609728836611,1450.0
62880.0,323.15,321.7151300902662,2.6618551222275544,430.46097291929084,1450.0
62940.0,323.15,321.71513008985283,2.664235353122073,430.4609730434823,1450.0
63000.0,323.15,321.71513008946414,2.666613770062971,430.4609731604236,1450.0
63060.0,323.15,321.7151300891002,2.668990373050249,430.4609732695681,1450.0
63120.0,323.15,321.7151300887609,2.671365162083907,430.46097337200916,1450.0
63180.0,323.15,321.7151300884464,2.673738137163945,430.4609734661077,1450.0
63240.0,323.15,321.7151300881565,2.6761092982903625,430.46097355350275,1450.0
63300.0,323.15,321.7151300878915,2.67847864546316,430.46097363255535,1450.0
63360.0,323.15,321.71513008765106,2.6808461786823377,430.46097370490344,1450.0
63420.0,323.15,321.7151300874354,2.6832118979478947,430.46097376945573,1450.0
63480.0,323.15,321.71513008714174,2.6855758677349106,430.46097385752773,1450.0
63540.0,323.15,321.7151300867452,2.6879381036701044,430.4609739766525,1450.0
63600.0,323.15,321.715130086335,2.690298549712909,430.46097410001585,1450.0
63660.0,323.15,321.7151300859112,2.692657205863324,430.46097422761886,1450.0
63720.0,323.15,321.71513008547396,2.695014072121349,430.46097435836907,1450.0
63780.0,323.15,321.71513008502296,2.697369148486985,430.4609744939056,1450.0
63840.0,323.15,321.71513008455844,2.699722434960231,430.46097463313504,1450.0
63900.0,323.15,321.7151300840804,2.7020739315410878,430.4609747760584,1450.0
63960.0,323.15,321.7151300835886,2.704423638229555,430.460974923766,1450.0
64020.0,323.15,321.71513008308324,2.7067715550256324,430.4609750751666,1450.0
64080.0,323.15,321.71513008256414,2.7091176819293206,430.4609752313534,1450.0
64140.0,323.15,321.7151300820315,2.711462018940619,430.4609753912332,1450.0
64200.0,323.15,321.71513008148526,2.713804566059528,430.4609755553526,1450.0
64260.0,323.15,321.7151300809256,2.7161453232860473,430.4609757226192,1450.0
64320.0,323.15,321.71513008035214,2.7184842906201774,430.4609758946711,1450.0
64380.0,323.15,321.7151300797652,2.7208214680619176,430.4609760704169,1450.0
64440.0,323.15,321.71513007916445,2.7231568556112684,430.46097625094706,1450.0
64500.0,323.15,321.7151300785502,2.7254904532682294,430.46097643517106,1450.0
64560.0,323.15,321.7151300779223,2.7278222610328013,430.4609766236337,1450.0
64620.0,323.15,321.7151300772809,2.7301522789049835,430.4609768157903,1450.0
64680.0,323.15,321.7151300766656,2.732480493376315,430.4609770007169,1450.0
64740.0,323.15,321.71513007608877,2.734806903656668,430.4609771744775,1450.0
64800.0,323.15,321.7151300789113,2.7371641866372576,430.4609762704344,1450.0
64860.0,323.15,321.7151301414064,2.7402371591140184,430.46095753633506,1450.0
64920.0,323.15,321.715130182613,2.7433130663439553,430.46094518604764,1450.0
64980.0,323.15,321.71513021200377,2.7463863826003583,430.46093637666354,1450.0
65040.0,323.15,321.71513023124504,2.7494564672323922,430.46093060958435,1450.0
65100.0,323.15,321.71513024770076,2.752525166107134,430.46092567652494,1450.0
65160.0,323.15,321.71513025977293,2.7555916845568253,430.46092205861555,1450.0
65220.0,323.15,321.71513026828444,2.7586553024278464,430.46091950747586,1450.0
65280.0,323.15,321.7151302752955,2.761717516574618,430.4609174055176,1450.0
65340.0,323.15,321.71513027985503,2.7647767084555195,430.4609160395198,1450.0
65400.0,323.15,321.7151302839616,2.767834948127372,430.46091480889294,1450.0
65460.0,323.15,321.7151302870611,2.770891070719699,430.46091387991197,1450.0
65520.0,323.15,321.7151302893672,2.7739455258725556,430.4609131888061,1450.0
65580.0,323.15,321.7151302909634,2.776998128865444,430.46091271132406,1450.0
65640.0,323.15,321.7151302920725,2.7800483874471906,430.4609123786644,1450.0
65700.0,323.15,321.71513029254976,2.7830966213375765,430.46091223569,1450.0
65760.0,323.15,321.7151302924263,2.7861428185899504,430.46091227293005,1450.0
65820.0,323.15,321.715130292393,2.789186714040093,430.46091228273525,1450.0
65880.0,323.15,321.7151302920742,2.792228451820064,430.46091237841455,1450.0
65940.0,323.15,321.71513029146996,2.795268031929864,430.460912559964,1450.0
66000.0,323.15,321.71513029098156,2.7983054026502265,430.4609127061769,1450.0
66060.0,323.15,321.71513029051795,2.8013405756769494,430.4609128459498,1450.0
66120.0,323.15,321.7151302900115,2.804373559779807,430.4609129978912,1450.0
66180.0,323.15,321.715130289462,2.8074043549588,430.4609131625459,1450.0
66240.0,323.15,321.7151302888695,2.810432961213928,430.46091334046054,1450.0
66300.0,323.15,321.715130288234,2.8134593785451916,430.4609135310904,1450.0
66360.0,323.15,321.7151302875812,2.81648362250734,430.46091372663255,1450.0
66420.0,323.15,321.71513028695,2.819505716781145,430.4609139163441,1450.0
66480.0,323.15,321.7151302862981,2.8225256355667097,430.46091411160046,1450.0
66540.0,323.15,321.7151302856253,2.8255433788640336,430.460914313496,1450.0
66600.0,323.15,321.7151302849317,2.828558946673118,430.4609145214831,1450.0
66660.0,323.15,321.7151302842173,2.8315723389939618,430.4609147355607,1450.0
66720.0,323.15,321.7151302834821,2.834583555826565,430.4609149557319,1450.0
66780.0,323.15,321.71513028280555,2.8375926478148967,430.46091515905766,1450.0
66840.0,323.15,321.71513028214446,2.840599587241304,430.46091535669393,1450.0
66900.0,323.15,321.71513028148746,2.843604367168132,430.46091555409754,1450.0
66960.0,323.15,321.7151302808349,2.846606987595382,430.46091574962946,1450.0
67020.0,323.15,321.71513028018654,2.8496074485230523,430.4609159443851,1450.0
67027.85303075021,323.15,321.71513028010196,2.8500000005700024,430.4609159699858,1450.0
67027.85303075021,323.15,321.71513028010196,2.8500000005700024,430.4609159699858,0.0
67027.85303725934,323.15,321.7151302976002,2.849999999429851,430.46083200495076,0.0
67027.85303725934,323.15,321.7151302976002,2.849999999429851,430.46083200495076,0.0
67080.0,323.15,321.85794990073674,2.838902081859146,387.5073369442757,0.0
67140.0,323.15,321.98292470988287,2.826090941565269,350.04115413818977,0.0
67200.0,323.15,322.0785667440335,2.813251343814578,321.366903776372,0.0
67260.0,323.15,322.15333635096357,2.800394188075171,298.94933233893994,0.0
67320.0,323.15,322.2127528168077,2.787526596148387,281.1343221171491,0.0
67380.0,323.15,322.2605982948525,2.7746534516083687,266.7882573613435,0.0
67440.0,323.15,322.29951409743745,2.76177816507244,255.119414113163,0.0
67500.0,323.15,322.3314333890576,2.748903230787167,245.54828539070738,0.0
67560.0,323.15,322.3577910590697,2.7360304975877363,237.6447113515891,0.0
67620.0,323.15,322.3796722352076,2.7231613608380476,231.08337571077928,0.0
67680.0,323.15,322.39791684709536,2.7102968977204487,225.6124482395214,0.0
67740.0,323.15,322.41318472505674,2.697437951662498,221.03410790773674,0.0
67800.0,323.15,322.4259982586489,2.6845851877239366,217.1917477710663,0.0
67860.0,323.15,322.4367763845059,2.671739136720889,213.95959150817765,0.0
67920.0,323.15,322.4458594142133,2.65890022748192,211.23603992808847,0.0
67980.0,323.15,322.4535240975219,2.646068806553578,208.93742825351444,0.0
68040.0,323.15,322.4599986221311,2.6332451575133735,206.99600870496258,0.0
68100.0,323.15,322.46547174970596,2.6204295130945745,205.3547256424563,0.0
68160.0,323.15,322.47010141443747,2.6076220662210425,203.96636433523497,0.0
68220.0,323.15,322.47401913542484,2.594822975836704,202.79156820572842,0.0
68280.0,323.15,322.47733498173767,2.582032373357794,201.79722131975976,0.0
68340.0,323.15,322.48014185789197,2.5692503682286736,200.9555305958735,0.0
68400.0,323.15,322.4825175274851,2.5564647010794106,200.24310504941556,0.0
68460.0,323.15,322.4845230298807,2.5415226139865816,199.64170500550358,0.0
68520.0,323.15,322.4862265690942,2.5265332424598546,199.1308566753241,0.0
68580.0,323.15,322.48766701582764,2.511556200381117,198.69890376069048,0.0
68640.0,323.15,322.4888833373663,2.496591524750113,198.33416082000537,0.0
68700.0,323.15,322.4899113524228,2.4816392487067462,198.0258866196154,0.0
68760.0,323.15,322.4907800070387,2.466699397032306,197.76540087576308,0.0
68820.0,323.15,322.4915130620174,2.4517719881903552,197.54557820196231,0.0
68880.0,323.15,322.49213081640306,2.4368570363339632,197.36033129558328,0.0
68940.0,323.15,322.492650298516,2.4219545515662455,197.20455384936417,0.0
69000.0,323.15,322.4930871786733,2.407064542159235,197.07354661350752,0.0
69028.48451346744,323.15,322.49326941007786,2.399999999519782,197.01890097603751,0.0
69028.48451346744,323.15,322.49326941007786,2.399999999519782,197.01890097603751,1450.0
69028.48461330152,323.15,322.4932690374346,2.4000000004800133,197.02068124359005,1450.0
69028.48461330152,323.15,322.4932690374346,2.4000000004800133,197.02068124359005,1450.0
69060.0,323.15,322.37954853487264,2.4004586666239733,231.28910655557536,1450.0
69120.0,323.15,322.19701844904677,2.4013675915044463,286.0148196716765,1450.0
69180.0,323.15,322.05712723217226,2.402321186826658,327.952074247132,1450.0
69240.0,323.15,321.9539489721506,2.403313030132163,358.88080148046106,1450.0
69300.0,323.15,321.87995705614156,2.4043350394193923,381.0593032319145,1450.0
69360.0,323.15,321.8279558554386,2.405379522829609,396.645600721235,1450.0
69420.0,323.15,321.7919179162489,2.406440055388122,407.4469177869501,1450.0
69480.0,323.15,321.7671909849781,2.407511686307149,414.85794233264755,1450.0
69540.0,323.15,321.7503299741431,2.4085907529651176,419.9113660780816,1450.0
69600.0,323.15,321.73888839133184,2.409674655903699,423.3404984410963,1450.0
69660.0,323.15,321.73114632811377,2.4107615682078234,425.6608416572537,1450.0
69720.0,323.15,321.72591959895334,2.411850232226653,427.22731784215154,1450.0
69780.0,323.15,321.72239630947087,2.4129397857875676,428.28326215868873,1450.0
69840.0,323.15,321.72002306687244,2.4140296413216915,428.9945316547693,1450.0
69900.0,323.15,321.71842453392713,2.4151194004335323,429.4736174152881,1450.0
69960.0,323.15,321.71734853576714,2.416208795611127,429.7960975295218,1450.0
70020.0,323.15,321.7166252189306,2.417297646850597,430.01287791440393,1450.0
70080.0,323.15,321.7161381771006,2.418385830988545,430.1588459395948,1450.0
70140.0,323.15,321.71580998141707,2.4194732663234824,430.2572072311378,1450.0
70200.0,323.15,321.71558846476916,2.4205598980394836,430.3235965235515,1450.0
70260.0,323.15,321.71543914499847,2.421645690146885,430.3683481907625,1450.0
70320.0,323.15,321.7153385709195,2.422730618406199,430.39849056051986,1450.0
70380.0,323.15,321.7152707575836,2.4238146665338656,430.41881449546935,1450.0
70440.0,323.15,321.7152249371815,2.424897823807882,430.43254705871476,1450.0
70500.0,323.15,321.7151939631514,2.4259800833674374,430.4418300336152,1450.0
70560.0,323.15,321.71517309330926,2.427061440916903,430.44808488317625,1450.0
70620.0,323.15,321.71515926296735,2.428141893949827,430.45222996015843,1450.0
70680.0,323.15,321.71515025555044,2.4292214408657506,430.4549293858077,1450.0
70740.0,323.15,321.7151440865526,2.4303000803150003,430.45677827849784,1450.0
70800.0,323.15,321.71513992239346,2.4313778121739293,430.45802633498647,1450.0
70860.0,323.15,321.71513696598464,2.4324546363588895,430.45891246712307,1450.0
70920.0,323.15,321.71513470459416,2.433530553088234,430.45959018128366,1450.0
70980.0,323.15,321.7151329679402,2.434605562946334,430.46011055341535,1450.0
71040.0,323.15,321.71513175272304,2.4356796666954117,430.46047479360914,1450.0
71100.0,323.15,321.7151308918213,2.436752864922053,430.4607328380882,1450.0
71160.0,323.15,321.71513040134863,2.437825158408029,430.46087982684674,1450.0
71220.0,323.15,321.71513010622454,2.438896547730369,430.46096828399453,1450.0
71280.0,323.15,321.7151299490144,2.4399670335922186,430.4610154000766,1450.0
71340.0,323.15,321.715129841393,2.4410366166636175,430.46104764295166,1450.0
71400.0,323.15,321.71512985518524,2.4421052977803694,430.46104350575234,1450.0
71460.0,323.15,321.71512988725505,2.4431730775971827,430.46103389329966,1450.0
71520.0,323.15,321.715129885341,2.4442399568214244,430.4610344687252,1450.0
71580.0,323.15,321.71512989247566,2.445305936256893,430.4610323334576,1450.0
71640.0,323.15,321.71512991397,2.446371016669234,430.461025891257,1450.0
71700.0,323.15,321.715129897312,2.447435198765612,430.46103088418374,1450.0
71760.0,323.15,321.7151298491303,2.448498483311619,430.46104532471765,1450.0
71820.0,323.15,321.7151298272749,2.4495608711220576,430.4610518753909,1450.0
71880.0,323.15,321.7151297958795,2.4506223629216914,430.46106128505295,1450.0
71940.0,323.15,321.71512975374975,2.451682959466158,430.4610739106867,1450.0
72000.0,323.15,321.71512971576027,2.452740526577801,430.4610852983071,1450.0
72060.0,323.15,321.7151296616706,2.4535634217917015,430.46110153440367,1450.0
72120.0,323.15,321.715129626924,2.454375577812025,430.4611119489381,1450.0
72180.0,323.15,321.7151296048999,2.4551867201676303,430.46111854895275,1450.0
72240.0,323.15,321.71512958734644,2.455997270194428,430.46112381013216,1450.0
72300.0,323.15,321.7151295736242,2.4568073126285968,430.4611279231687,1450.0
72360.0,323.15,321.71512956699627,2.457615260887321,430.4611299098299,1450.0
72420.0,323.15,321.715129560706,2.458423109433189,430.46113179591646,1450.0
72480.0,323.15,321.7151295544159,2.4592309579790568,430.4611336809127,1450.0
72540.0,323.15,321.71512955061627,2.460037261397526,430.46113481967006,1450.0
72600.0,323.15,321.71512954749227,2.4608431456587527,430.4611357557661,1450.0
72660.0,323.15,321.71512954436827,2.46164902991998,430.4611366918632,1450.0
72720.0,323.15,321.7151295426391,2.4624529745658372,430.46113720962205,1450.0
72780.0,323.15,321.71512954100587,2.463256785404776,430.4611376998264,1450.0
72840.0,323.15,321.7151295394337,2.464060431491395,430.46113817068857,1450.0
72900.0,323.15,321.7151295385218,2.4648622884504476,430.46113844435513,1450.0
72960.0,323.15,321.71512953761004,2.4656641454095003,430.461138717476,1450.0
73020.0,323.15,321.7151295367266,2.4664658156111896,430.4611389823842,1450.0
73080.0,323.15,321.7151295359851,2.4672665514112317,430.4611392044692,1450.0
73140.0,323.15,321.71512953532243,2.468066767855157,430.4611394034142,1450.0
73200.0,323.15,321.71512953473865,2.4688664649429657,430.4611395786757,1450.0
73260.0,323.15,321.7151295342339,2.469665642674658,430.4611397297049,1450.0
73320.0,323.15,321.7151295338079,2.470464301050233,430.4611398575962,1450.0
73380.0,323.15,321.71512953341033,2.4712622572827945,430.46113997662025,1450.0
73440.0,323.15,321.71512953302357,2.4720594480779114,430.46114009258906,1450.0
73500.0,323.15,321.7151295326851,2.4728560090416765,430.46114019418377,1450.0
73560.0,323.15,321.7151295323951,2.47365194017409,430.46114028085657,1450.0
73620.0,323.15,321.7151295321534,2.474447241475153,430.4611403531552,1450.0
73680.0,323.15,321.71512953196003,2.475241912944864,430.4611404110777,1450.0
73740.0,323.15,321.7151295317107,2.4760358466339585,430.46114048671654,1450.0
73800.0,323.15,321.71512953145333,2.4768290916838063,430.461140563522,1450.0
73860.0,323.15,321.7151295312057,2.4776216670057662,430.4611406378609,1450.0
73920.0,323.15,321.715129530968,2.4784135725998384,430.46114070918867,1450.0
73980.0,323.15,321.71512953074006,2.479204808466023,430.4611407780499,1450.0
74040.0,323.15,321.7151295305178,2.479995372180306,430.46114084505996,1450.0
74100.0,323.15,321.71512953026985,2.480785245690405,430.46114091909357,1450.0
74160.0,323.15,321.7151295300202,2.4815744428872426,430.4611409940754,1450.0
74220.0,323.15,321.71512952976883,2.4823629637708184,430.46114107000045,1450.0
74280.0,323.15,321.715129529516,2.4831508083411324,430.46114114578137,1450.0
74340.0,323.15,321.71512952926156,2.4839379765981846,430.4611412219608,1450.0
74400.0,323.15,321.7151295290054,2.4847244685419754,430.46114129908653,1450.0
74460.0,323.15,321.7151295287477,2.4855102841725043,430.4611413766128,1450.0
74520.0,323.15,321.7151295284885,2.4862954234897723,430.4611414539919,1450.0
74580.0,323.15,321.71512952822746,2.487079886493778,430.4611415328639,1450.0
74640.0,323.15,321.7151295279652,2.487863673184522,430.4611416104974,1450.0
74700.0,323.15,321.71512952770087,2.488646783562004,430.46114169071325,1450.0
74760.0,323.15,321.71512952744087,2.4894292346328717,430.46114176816724,1450.0
74820.0,323.15,321.71512952718246,2.490211019293389,430.4611418454225,1450.0
74880.0,323.15,321.7151295269236,2.4909921315270545,430.46114192338274,1450.0
74940.0,323.15,321.7151295266645,2.491772571333868,430.46114200095656,1450.0
75000.0,323.15,321.7151295264052,2.4925523387138293,430.4611420781429,1450.0
75060.0,323.15,321.7151295261453,2.4933314338550145,430.461142156598,1450.0
75120.0,323.15,321.7151295258855,2.494109867782792,430.4611422341576,1450.0
75180.0,323.15,321.7151295256253,2.494887632666377,430.46114231275993,1450.0
75240.0,323.15,321.71512952536483,2.49566472966822,430.4611423913775,1450.0
75300.0,323.15,321.7151295251045,2.496441166043525,430.46114246875396,1450.0
75360.0,323.15,321.7151295248437,2.497216937949965,430.4611425474179,1450.0
75420.0,323.15,321.7151295245828,2.4979920453875413,430.46114262573025,1450.0
75480.0,323.15,321.71512952432164,2.4987664883562517,430.46114270423675,1450.0
75540.0,323.15,321.7151295240604,2.4995402668560978,430.4611427823926,1450.0
75600.0,323.15,321.7151295296773,2.5003590651922707,430.46114090062025,1450.0
75660.0,323.15,321.715129751936,2.503359085501559,430.46107426833885,1450.0
75720.0,323.15,321.71512989037143,2.5063558910712778,430.46103277801785,1450.0
75780.0,323.15,321.71512999404473,2.509350642917416,430.46100170593064,1450.0
75840.0,323.15,321.71513007089226,2.5123433422939727,430.4609786736468,1450.0
75900.0,323.15,321.7151301271918,2.515333966051586,430.4609617998956,1450.0
75960.0,323.15,321.7151301719826,2.5183226785260526,430.460948376523,1450.0
76020.0,323.15,321.7151302063856,2.521309665781085,430.4609380648792,1450.0
76080.0,323.15,321.71513023172594,2.5242947238013556,430.4609304706715,1450.0
76140.0,323.15,321.7151302494339,2.5272776119805496,430.4609251633038,1450.0
76200.0,323.15,321.7151302585864,2.5302584856476833,430.4609224196883,1450.0
76260.0,323.15,321.7151302662367,2.5332371091826285,430.4609201272047,1450.0
76320.0,323.15,321.7151302697229,2.5362135715164715,430.46091908226293,1450.0
76380.0,323.15,321.7151302712071,2.539187853781099,430.46091863772887,1450.0
76440.0,323.15,321.7151302737463,2.5421599233454146,430.46091787700436,1450.0
76500.0,323.15,321.7151302754473,2.545129800418372,430.46091736753596,1450.0
76560.0,323.15,321.71513027631005,2.54809748499997,430.4609171093226,1450.0
76620.0,323.15,321.7151302763346,2.5510629770902087,430.4609171023644,1450.0
76680.0,323.15,321.71513027619284,2.554026304716242,430.4609171448197,1450.0
76740.0,323.15,321.7151302765379,2.5569874951290963,430.46091704116697,1450.0
76800.0,323.15,321.7151302766253,2.5599465172833944,430.4609170158337,1450.0
76860.0,323.15,321.71513027645557,2.562903371179136,430.46091706663714,1450.0
76920.0,323.15,321.71513027602856,2.5658580568163214,430.46091719412493,1450.0
76980.0,323.15,321.71513027534394,2.5688105741949503,430.46091739993125,1450.0
77040.0,323.15,321.71513027440193,2.5717609233150225,430.46091768296463,1450.0
77100.0,323.15,321.71513027320276,2.574709104176539,430.4609180421367,1450.0
77160.0,323.15,321.7151302717462,2.5776551167794985,430.46091847853694,1450.0
77220.0,323.15,321.71513027003215,2.580598961123903,430.4609189927099,1450.0
77280.0,323.15,321.7151302684927,2.583540654822298,430.4609194542642,1450.0
77340.0,323.15,321.7151302675815,2.5864802163790612,430.46091972809177,1450.0
77400.0,323.15,321.71513026663655,2.589417618787619,430.46092001122054,1450.0
77460.0,323.15,321.7151302656575,2.5923528620479717,430.4609203052876,1450.0
77520.0,323.15,321.71513026464464,2.5952859461601183,430.4609206086558,1450.0
77580.0,323.15,321.7151302635978,2.5982168711240585,430.46092092241753,1450.0
77640.0,323.15,321.7151302625171,2.6011456369397936,430.46092124602615,1450.0
77700.0,323.15,321.7151302614023,2.604072243607323,430.46092158057303,1450.0
77760.0,323.15,321.7151302602536,2.6069966911266462,430.4609219249667,1450.0
77820.0,323.15,321.7151302590708,2.609918979497764,430.4609222802997,1450.0
77880.0,323.15,321.71513025794974,2.6128391545005236,430.4609226155483,1450.0
77940.0,323.15,321.7151302570375,2.61575728709616,430.460922889556,1450.0
78000.0,323.15,321.7151302561494,2.618673288352566,430.4609231557017,1450.0
78060.0,323.15,321.71513025528515,2.621587158269742,430.4609234150758,1450.0
78120.0,323.15,321.715130254445,2.624498896847688,430.460923666589,1450.0
78180.0,323.15,321.7151302536285,2.6274085040864037,430.4609239124229,1450.0
78240.0,323.15,321.71513025283633,2.6303159799858893,430.4609241493035,1450.0
78300.0,323.15,321.7151302520679,2.6332213245461444,430.4609243799592,1450.0
78360.0,323.15,321.7151302513235,2.6361245377671696,430.4609246032986,1450.0
78420.0,323.15,321.71513025060307,2.6390256196489648,430.46092481932175,1450.0
78480.0,323.15,321.7151302499065,2.6419245701915295,430.4609250285743,1450.0
78540.0,323.15,321.71513024923405,2.644821389394864,430.46092522996486,1450.0
78600.0,323.15,321.71513024858547,2.6477160772589685,430.46092542458484,1450.0
78660.0,323.15,321.7151302479609,2.650608633783843,430.46092561188857,1450.0
78720.0,323.15,321.71513024736015,2.653499058969487,430.4609257924217,1450.0
78780.0,323.15,321.71513024678353,2.656387352815901,430.4609259650938,1450.0
78840.0,323.15,321.7151302462308,2.659273515323085,430.4609261309944,1450.0
78900.0,323.15,321.71513024570214,2.6621575464910383,430.460926289034,1450.0
78960.0,323.15,321.71513024519726,2.6650394463197618,430.46092644084763,1450.0
79020.0,323.15,321.71513024471625,2.667919214809255,430.4609265858908,1450.0
79080.0,323.15,321.71513024423353,2.6707968456386117,430.4609267302015,1450.0
79140.0,323.15,321.7151302436675,2.673672319639414,430.4609269002243,1450.0
79200.0,323.15,321.715130244945,2.6765706866225205,430.46092633828357,1450.0
79260.0,323.15,321.71513048570733,2.683494348818521,430.4608541237751,1450.0
79320.0,323.15,321.71513063993183,2.6904191794990595,430.46080789834923,1450.0
79380.0,323.15,321.7151307568501,2.6973406863274807,430.46077285382177,1450.0
79440.0,323.15,321.71513084483894,2.7042588707619664,430.4607464810544,1450.0
79500.0,323.15,321.7151309110289,2.7111738135721035,430.46072664282195,1450.0
79560.0,323.15,321.7151309640088,2.7180856432145664,430.4607107622706,1450.0
79620.0,323.15,321.7151310053046,2.7249947194666184,430.4606983850071,1450.0
79680.0,323.15,321.7151310364167,2.7319006405952226,430.46068905942815,1450.0
79740.0,323.15,321.715131058454,2.738803109534451,430.4606824541412,1450.0
79800.0,323.15,321.7151310710287,2.74570232339288,430.4606786857259,1450.0
79860.0,323.15,321.7151310815411,2.752597912933904,430.4606755346095,1450.0
79920.0,323.15,321.7151310867171,2.7594900415079335,430.4606739834937,1450.0
79980.0,323.15,321.7151310903493,2.766378650526392,430.46067289498154,1450.0
80040.0,323.15,321.7151310945299,2.7732637076645106,430.4606716420807,1450.0
80100.0,323.15,321.71513109751953,2.780145239794494,430.46067074624005,1450.0
80160.0,323.15,321.7151310993184,2.787023246916341,430.46067020636815,1450.0
80220.0,323.15,321.71513109992617,2.7938977290300526,430.46067002410115,1450.0
80280.0,323.15,321.7151311002662,2.8007687305505327,430.4606699226595,1450.0
80340.0,323.15,321.7151311003615,2.807636252566773,430.4606698936959,1450.0
80400.0,323.15,321.71513109978235,2.8145002744353023,430.4606700680377,1450.0
80460.0,323.15,321.7151310985293,2.8213607961561213,430.4606704435029,1450.0
80520.0,323.15,321.7151310966021,2.8282178177292305,430.4606710211791,1450.0
80580.0,323.15,321.71513109531253,2.835071369431553,430.4606714085137,1450.0
80640.0,323.15,321.71513109453514,2.841921448353918,430.4606716406407,1450.0
80700.0,323.15,321.7151310937657,2.848768042877409,430.4606718719481,1450.0
80710.79948033483,323.15,321.71513109362826,2.8500000005700525,430.4606719125408,1450.0
80710.79948033483,323.15,321.71513109362826,2.8500000005700525,430.4606719125408,0.0
80710.79948966825,323.15,321.715131119953,2.8499999994299547,430.4605456180999,0.0
80710.79948966825,323.15,321.715131119953,2.8499999994299547,430.4605456180999,0.0
80760.0,323.15,321.8507831160487,2.842681710621365,389.6559089338714,0.0
80820.0,323.15,321.9773127204813,2.8337114362946134,351.7238297433317,0.0
80880.0,323.15,322.0739564655898,2.824707451462085,322.74937980061856,0.0
80940.0,323.15,322.1493994183276,2.815680883383377,300.1299937734549,0.0
81000.0,323.15,322.2092894231186,2.8066389842754673,282.17304207241665,0.0
81060.0,323.15,322.2574797502753,2.797586709003602,267.7235804124938,0.0
81120.0,323.15,322.29666146415724,2.788527521116509,255.97501214793994,0.0
81180.0,323.15,322.32879485840493,2.7794639442091986,246.33974049432223,0.0
81240.0,323.15,322.35533103152176,2.7703978460466496,238.38256024563347,0.0
81300.0,323.15,322.3773689420794,2.7613306402763764,231.77418822609772,0.0
81360.0,323.15,322.39575645183294,2.7522634164106585,226.26074453121632,0.0
81420.0,323.15,322.4111539450317,2.743197021808503,221.6430715117298,0.0
81480.0,323.15,322.42408863917075,2.7341321317283747,217.7644511006002,0.0
81540.0,323.15,322.43498330060294,2.725069286479641,214.49764502272131,0.0
81600.0,323.15,322.44417873691026,2.7160089204555335,211.73998958499718,0.0
81660.0,323.15,322.4519537915017,2.7069513880291614,209.40859664998354,0.0
81720.0,323.15,322.45853598550906,2.697896977285846,207.43460861005778,0.0
81780.0,323.15,322.4641130016901,2.6888459249305674,205.76214964644194,0.0
81840.0,323.15,322.46884162295197,2.6797984278669347,204.34440858647085,0.0
81900.0,323.15,322.4728541284856,2.6707546514754883,203.14067745809842,0.0
81960.0,323.15,322.4762609316545,2.6617147330887296,202.11965111093355,0.0
82020.0,323.15,322.47915351147,2.6526787855761746,201.2514591637492,0.0
82080.0,323.15,322.48160989613694,2.6436469048577047,200.51571471948375,0.0
82140.0,323.15,322.4836971181132,2.6346191727223194,199.88991673295635,0.0
82200.0,323.15,322.4854706600791,2.6255956560971465,199.35759475262356,0.0
82260.0,323.15,322.4869764914234,2.616576409817461,198.90466607753982,0.0
82320.0,323.15,322.488253957924,2.607561480389691,198.52363311106072,0.0
82380.0,323.15,322.4893381236338,2.5985509090928547,198.19796789795114,0.0
82440.0,323.15,322.4902581053745,2.5895447294879284,197.92144795573125,0.0
82500.0,323.15,322.4910381649409,2.580542968984835,197.6880882625321,0.0
82560.0,323.15,322.49169977363505,2.5715456517895254,197.48966073917725,0.0
82620.0,323.15,322.4922605946743,2.5625527971536717,197.32139876296938,0.0
82680.0,323.15,322.492736044885,2.5535644215049786,197.17884154099914,0.0
82740.0,323.15,322.4931388451261,2.5445805379440714,197.05792750172043,0.0
82800.0,323.15,322.49347952938655,2.5356063407532345,196.95590639026145,0.0
82860.0,323.15,322.49376376043637,2.5297204499080146,196.87067296362832,0.0
82920.0,323.15,322.4940076563583,2.523883351825962,196.79753508967693,0.0
82980.0,323.15,322.49421461315507,2.518098751472803,196.7354743297687,0.0
83040.0,323.15,322.4943895225884,2.5123672688664547,196.6830237566686,0.0
83100.0,323.15,322.4945371455431,2.506688767052175,196.63875569533224,0.0
83160.0,323.15,322.4946613605094,2.501063218806469,196.6015070804931,0.0
83220.0,323.15,322.4947654983076,2.4954905859803636,196.5702790811204,0.0
83280.0,323.15,322.49485268678865,2.4899708302182373,196.54413372974096,0.0
83340.0,323.15,322.4949261034223,2.484503907675739,196.52211818290488,0.0
83400.0,323.15,322.4949877299918,2.4790897781903074,196.50363815563335,0.0
83460.0,323.15,322.4950397929368,2.4737284007480227,196.48802599841824,0.0
83520.0,323.15,322.4950834868617,2.468419735761659,196.4749234787035,0.0
83580.0,323.15,322.4951204618081,2.4631637429635136,196.46383579474428,0.0
83640.0,323.15,322.49515156293006,2.4579603829843872,196.45450950179227,0.0
83700.0,323.15,322.4951777890063,2.452809616362789,196.44664509640788,0.0
83760.0,323.15,322.49519991366816,2.447711403895514,196.44001058585008,0.0
83820.0,323.15,322.49521845755527,2.44266570698168,196.43444984727168,0.0
83880.0,323.15,322.49523413453227,2.4376724866579105,196.42974880937714,0.0
83940.0,323.15,322.4952473264131,2.432731704835127,196.42579297848533,0.0
84000.0,323.15,322.4952584520368,2.427843323442424,196.42245675401966,0.0
84060.0,323.15,322.49526780443176,2.42300730499864,196.41965226960016,0.0
84120.0,323.15,322.4952756913196,2.418223612238085,196.41728724701804,0.0
84180.0,323.15,322.4952823689071,2.413492208284636,196.41528485630533,0.0
84240.0,323.15,322.49528802761625,2.4088130566176122,196.41358799546524,0.0
84300.0,323.15,322.49529281738313,2.4041861211116298,196.41215170278045,0.0
84354.8761805144,323.15,322.4952965228095,2.3999999995199084,196.4110405694496,0.0
84354.8761805144,323.15,322.4952965228095,2.3999999995199084,196.4110405694496,1450.0
84354.87618818271,323.15,322.4952965004274,2.400000000480017,196.4111479745744,1450.0
84354.87618818271,323.15,322.4952965004274,2.400000000480017,196.4111479745744,1450.0
84360.0,323.15,322.47595797455944,2.4009555856178433,202.38107184211563,1450.0
84420.0,323.15,322.2738751229535,2.412197080365499,262.9720390606428,1450.0
84480.0,323.15,322.11623710088594,2.423533416942856,310.2313965201595,1450.0
84540.0,323.15,321.9982695618648,2.434959832426051,345.5945124464641,1450.0
84600.0,323.15,321.91263836214165,2.446468765874144,371.2625177721244,1450.0
84660.0,323.15,321.85181767201544,2.4580523850771567,389.49277427560804,1450.0
84720.0,323.15,321.8092493686501,2.469703832864995,402.25165852586497,1450.0
84780.0,323.15,321.7797483647549,2.481417674346792,411.093675378456,1450.0
84840.0,323.15,321.75943132452807,2.4931898359997158,417.18337275794573,1450.0
84900.0,323.15,321.7454896783434,2.505017375598495,421.3618195918525,1450.0
84960.0,323.15,321.73594172795384,2.516898226189074,424.22185155757705,1450.0
85020.0,323.15,321.72940760925354,2.528830961176749,426.1838468442229,1450.0
85080.0,323.15,321.7249353870889,2.540814611526767,427.5273619860088,1450.0
85140.0,323.15,321.72187274413847,2.5528485293649004,428.4330992861998,1450.0
85200.0,323.15,321.7197732293334,2.564932290495327,429.0672802806951,1450.0
85260.0,323.15,321.71833246541,2.577065624546194,429.4971298060793,1450.0
85320.0,323.15,321.71734224654296,2.5892483656401435,429.79892787629086,1450.0
85380.0,323.15,321.71666175309855,2.6014804231231974,430.0024755561108,1450.0
85440.0,323.15,321.7161942180175,2.613761754045735,430.14127450501604,1450.0
85500.0,323.15,321.71587080058936,2.6260923471568622,430.2387352891902,1450.0
85560.0,323.15,321.71564536204704,2.638472216797887,430.30582968740697,1450.0
85620.0,323.15,321.71548835431037,2.6509013956581167,430.3525769588198,1450.0
85680.0,323.15,321.7153804636595,2.6633799288082947,430.3862661192506,1450.0
85740.0,323.15,321.71530601394517,2.6759078653345285,430.4081168304324,1450.0
85800.0,323.15,321.7152541801947,2.6884852604054177,430.4237780964629,1450.0
85860.0,323.15,321.71521780585095,2.701112173945386,430.4346812431539,1450.0
85920.0,323.15,321.7151920286489,2.713788668688631,430.44240689378034,1450.0
85980.0,323.15,321.71517361167577,2.726514809720322,430.44792758199947,1450.0
86040.0,323.15,321.71516127583624,2.739290664624212,430.45162505505283,1450.0
86100.0,323.15,321.715152917921,2.7521163003948224,430.4541302125739,1450.0
86160.0,323.15,321.7151469863874,2.764991785035291,430.4559080999484,1450.0
86220.0,323.15,321.7151430686768,2.7779171886804463,430.45708238040186,1450.0
86280.0,323.15,321.71514021659635,2.7908925806186677,430.4579372539661,1450.0
86340.0,323.15,321.7151382817014,2.8039180322699084,430.45851721793673,1450.0
86400.0,323.15,321.7151367467331,2.816993614033029,430.45897730980323,1450.0
86400.0,323.15,321.7151367467331,2.816993614033029,430.45897730980323,1450.0
