time,const.y,plant_block1.T_out,plant_block1.level_out,pid_controller1.limiter.y,bang_bang_controller1.y
0.0,323.15,290.1722491934573,1.5,500.0,1450.0
60.0,323.15,290.74323354805705,1.5137893390793533,500.0,1450.0
120.0,323.15,291.3015185867851,1.5275818401625902,500.0,1450.0
180.0,323.15,291.8476390682819,1.5413772148161773,500.0,1450.0
240.0,323.15,292.38194348861265,1.5551752389752846,500.0,1450.0
300.0,323.15,292.9047787560589,1.5689756946097633,500.0,1450.0
360.0,323.15,293.41649992695903,1.582778362540314,500.0,1450.0
420.0,323.15,293.9174454428375,1.596583040515837,500.0,1450.0
480.0,323.15,294.40792917392974,1.6103895465531635,500.0,1450.0
540.0,323.15,294.88825026168985,1.6241977093011986,500.0,1450.0
600.0,323.15,295.35870533470796,1.6380073621875249,500.0,1450.0
660.0,323.15,295.81957906079134,1.651818347636687,500.0,1450.0
720.0,323.15,296.27114064745723,1.6656305211147768,500.0,1450.0
780.0,323.15,296.71365545571024,1.679443742246888,500.0,1450.0
840.0,323.15,297.14737877097224,1.693257878038107,500.0,1450.0
900.0,323.15,297.57255572958394,1.7070728037009937,500.0,1450.0
960.0,323.15,297.9894164471994,1.7208884063184129,500.0,1450.0
1020.0,323.15,298.3981807487946,1.7347045811402535,500.0,1450.0
1080.0,323.15,298.79907735389423,1.7485212148910576,500.0,1450.0
1140.0,323.15,299.1923137086274,1.762338211768708,500.0,1450.0
1200.0,323.15,299.5780932660817,1.7761554778617081,500.0,1450.0
1260.0,323.15,299.9566121925922,1.7899729242583127,500.0,1450.0
1320.0,323.15,300.32806097014753,1.803790465941984,500.0,1450.0
1380.0,323.15,300.6926253354755,1.8176080200913047,500.0,1450.0
1440.0,323.15,301.0504819839619,1.8314255109405284,500.0,1450.0
1500.0,323.15,301.40180329515505,1.8452428650280193,500.0,1450.0
1560.0,323.15,301.74675575577504,1.859060012701019,500.0,1450.0
1620.0,323.15,302.08549827233315,1.8728768895226566,500.0,1450.0
1680.0,323.15,302.4181883058057,1.8866934307051186,500.0,1450.0
1740.0,323.15,302.74497706470714,1.9005095755627832,500.0,1450.0
1800.0,323.15,303.0660080686329,1.9143252688574537,500.0,1450.0
1860.0,323.15,303.3814251120826,1.9281404535865838,500.0,1450.0
1920.0,323.15,303.69136495285915,1.94195507749955,500.0,1450.0
1980.0,323.15,303.99595833355403,1.9557690921932391,500.0,1450.0
2040.0,323.15,304.29533642587757,1.9695824477733652,500.0,1450.0
2100.0,323.15,304.5896230232134,1.9833950992028615,500.0,1450.0
2160.0,323.15,304.8789374819823,1.9972070039308287,500.0,1450.0
2220.0,323.15,305.16339959888495,2.0110181182322093,500.0,1450.0
2280.0,323.15,305.44312157376527,2.0248284032165547,500.0,1450.0
2340.0,323.15,305.71821248367047,2.038637821497036,500.0,1450.0
2400.0,323.15,305.9887811907741,2.0524463351031095,500.0,1450.0
2460.0,323.15,306.2549305238445,2.06625390968623,500.0,1450.0
2520.0,323.15,306.51676112796275,2.080060511743339,500.0,1450.0
2580.0,323.15,306.7743709183207,2.093866109078238,500.0,1450.0
2640.0,323.15,307.0278549273091,2.107670670796937,500.0,1450.0
2700.0,323.15,307.27730552590486,2.1214741672390267,500.0,1450.0
2760.0,323.15,307.5228118414714,2.135276570458609,500.0,1450.0
2820.0,323.15,307.76446114251706,2.149077853087077,500.0,1450.0
2880.0,323.15,308.00233808372815,2.162877988980976,500.0,1450.0
2940.0,323.15,308.23652501447776,2.176676952982745,500.0,1450.0
3000.0,323.15,308.4671014788037,2.1904747213960056,500.0,1450.0
3060.0,323.15,308.6941454568267,2.204271270893078,500.0,1450.0
3120.0,323.15,308.91773265744797,2.2180665791769427,500.0,1450.0
3180.0,323.15,309.13793681118835,2.2318606247427986,500.0,1450.0
3240.0,323.15,309.3548288354273,2.2456533875867963,500.0,1450.0
3300.0,323.15,309.56847837825154,2.2594448479473193,500.0,1450.0
3360.0,323.15,309.7789533352821,2.2732349867229322,500.0,1450.0
3420.0,323.15,309.98631971213473,2.287023785604464,500.0,1450.0
3480.0,323.15,310.1906413916674,2.3008112271803256,500.0,1450.0
3540.0,323.15,310.3919798700867,2.3145972950931015,500.0,1450.0
3600.0,323.15,310.5903985439599,2.328382143080635,500.0,1450.0
3660.0,323.15,310.78593860523387,2.342637858729015,500.0,1450.0
3720.0,323.15,310.9786364259092,2.3569296834336035,500.0,1450.0
3780.0,323.15,311.1685544234521,2.3712202936086397,500.0,1450.0
3840.0,323.15,311.3557416576952,2.385509763869391,500.0,1450.0
3900.0,323.15,311.5402520659748,2.3997981153851273,500.0,1450.0
3900.8477945856976,323.15,311.5428401403423,2.4000000004800026,500.0,1450.0
3900.8477945856976,323.15,311.5428401403423,2.4000000004800026,500.0,1450.0
3960.0,323.15,311.7221327682217,2.4140853426251954,500.0,1450.0
4020.0,323.15,311.9014475160572,2.4283714328125603,500.0,1450.0
4080.0,323.15,312.07824578066055,2.4426563742247995,500.0,1450.0
4140.0,323.15,312.252572065539,2.4569401564307323,500.0,1450.0
4200.0,323.15,312.42447402245756,2.4712227683683903,500.0,1450.0
4260.0,323.15,312.5940001141294,2.4855041988613773,500.0,1450.0
4320.0,323.15,312.7611986505254,2.499784436931734,500.0,1450.0
4380.0,323.15,312.9261151105405,2.5140634724000215,500.0,1450.0
4440.0,323.15,313.0887930318119,2.528341295687902,500.0,1450.0
4500.0,323.15,313.2492746144001,2.5426178975388356,500.0,1450.0
4560.0,323.15,313.40760219033046,2.5568932686720753,500.0,1450.0
4620.0,323.15,313.56381565529824,2.5711674006332066,500.0,1450.0
4680.0,323.15,313.71795631096614,2.585440284495547,500.0,1450.0
4740.0,323.15,313.87006080763257,2.599711912731321,500.0,1450.0
4800.0,323.15,314.02016888718555,2.6139822768905017,500.0,1450.0
4860.0,323.15,314.16831582350864,2.628251369910959,500.0,1450.0
4920.0,323.15,314.31453948929294,2.6425191839129885,500.0,1450.0
4980.0,323.15,314.45887442657425,2.656785712022503,500.0,1450.0
5040.0,323.15,314.6013556263294,2.671050947229535,500.0,1450.0
5100.0,323.15,314.7420154933945,2.685314883287636,500.0,1450.0
5160.0,323.15,314.8808867064898,2.699577513868711,500.0,1450.0
5220.0,323.15,315.01800212259053,2.7138388325793015,500.0,1450.0
5280.0,323.15,315.153392492582,2.7280988336472376,500.0,1450.0
5340.0,323.15,315.28708725464554,2.7423575116716847,500.0,1450.0
5400.0,323.15,315.41911656636563,2.756614861031697,500.0,1450.0
5460.0,323.15,315.5495106850337,2.7708708760590937,500.0,1450.0
5520.0,323.15,315.67829733975765,2.7851255518214404,500.0,1450.0
5580.0,323.15,315.80550333753155,2.799378883642309,500.0,1450.0
5640.0,323.15,315.93115705584586,2.8136308663641536,500.0,1450.0
5700.0,323.15,316.0552861543753,2.8278814950256983,500.0,1450.0
5760.0,323.15,316.17791479429906,2.8421307656642965,500.0,1450.0
5793.1377748614705,323.15,316.2450085263253,2.8500000005700077,500.0,1450.0
5793.1377748614705,323.15,316.2450085263253,2.8500000005700077,500.0,0.0
5793.137830765192,323.15,316.24500878267014,2.8499999994299996,500.0,0.0
5793.137830765192,323.15,316.24500878267014,2.8499999994299996,500.0,0.0
5820.0,323.15,316.3694456463657,2.849322440123925,500.0,0.0
5880.0,323.15,316.6472163847762,2.8478099754814634,500.0,0.0
5940.0,323.15,316.9247620445837,2.8462987256440684,500.0,0.0
6000.0,323.15,317.20206393459733,2.844788779881953,500.0,0.0
6060.0,323.15,317.479122613284,2.843280124363697,500.0,0.0
6120.0,323.15,317.7559379805462,2.8417727448762453,500.0,0.0
6180.0,323.15,318.0325099809324,2.840266628224382,500.0,0.0
6240.0,323.15,318.3088385788622,2.8387617535833,500.0,0.0
6300.0,323.15,318.58492367205037,2.8372581299948387,500.0,0.0
6360.0,323.15,318.86076517884106,2.835755757458997,500.0,0.0
6420.0,323.15,319.13636312234615,2.8342545902279292,500.0,0.0
6480.0,323.15,319.4117173950206,2.832754639933564,500.0,0.0
6540.0,323.15,319.68682789637904,2.8312559152614956,500.0,0.0
6600.0,323.15,319.9616945659761,2.8297584076688573,500.0,0.0
6660.0,323.15,320.23631748283793,2.8282620488160926,500.0,0.0
6720.0,323.15,320.5106964689915,2.8267668809533113,500.0,0.0
6780.0,323.15,320.7848314451084,2.825272904080513,500.0,0.0
6840.0,323.15,321.05872241179947,2.8237800854655895,500.0,0.0
6900.0,323.15,321.3323693673829,2.82228839345453,500.0,0.0
6960.0,323.15,321.6057721615079,2.8207978576586705,500.0,0.0
7020.0,323.15,321.8789307161723,2.819308478078011,500.0,0.0
7080.0,323.15,322.15183130167617,2.8178202154271603,498.8582027126631,0.0
7140.0,323.15,322.35633377617256,2.816246220250992,396.7053526719434,0.0
7200.0,323.15,322.4778747824443,2.814567169611714,335.9827336020691,0.0
7260.0,323.15,322.5562831640389,2.8128334202737975,296.80524983136326,0.0
7320.0,323.15,322.60956967632836,2.8110678333771677,270.17827192445776,0.0
7380.0,323.15,322.647074184636,2.80928229411852,251.43656756065923,0.0
7440.0,323.15,322.67412768144305,2.8074835978760846,237.91696453714468,0.0
7500.0,323.15,322.69398908089335,2.805675903627438,227.99126334261277,0.0
7560.0,323.15,322.708758815737,2.8038618939961153,220.60997778330764,0.0
7620.0,323.15,322.71984692694406,2.802043370708018,215.06853572272854,0.0
7680.0,323.15,322.72822991172546,2.800221581815547,210.87897680122148,0.0
7740.0,323.15,322.73460143650556,2.7983974139329226,207.69465897281177,0.0
7800.0,323.15,322.73946431745475,2.7965715096725137,205.26430741967965,0.0
7860.0,323.15,322.7431867439313,2.7947443394919493,203.40391953745845,0.0
7920.0,323.15,322.7460424790257,2.79291625308252,201.97668050488932,0.0
7980.0,323.15,322.74823721252284,2.791087513076342,200.87979411925815,0.0
8040.0,323.15,322.7499260156455,2.789258317382324,200.03576065205723,0.0
8100.0,323.15,322.7512267117865,2.787428816294186,199.38569521383454,0.0
8160.0,323.15,322.7522292031351,2.7855991244246376,198.884666895354,0.0
8220.0,323.15,322.75300210016457,2.7837693291880026,198.49838569018584,0.0
8280.0,323.15,322.75359797236246,2.781939497517366,198.20057844703288,0.0
8340.0,323.15,322.7540576925746,2.7801096814221147,197.97081768588387,0.0
8400.0,323.15,322.7544124049031,2.7782799205011446,197.79353814883265,0.0
8460.0,323.15,322.75468626151945,2.77645024544095,197.65666899143224,0.0
8520.0,323.15,322.7548976925179,2.7746206796373265,197.55099916031892,0.0
8580.0,323.15,322.75506094612075,2.772791241161685,197.4694076298657,0.0
8640.0,323.15,322.755186936529,2.770961943842215,197.4064396524749,0.0
8700.0,323.15,322.7552841494432,2.7691327984197636,197.35785421171576,0.0
8760.0,323.15,322.75535915846564,2.767303813205463,197.32036592467938,0.0
8820.0,323.15,322.7554170367966,2.7654749946047272,197.29143928368592,0.0
8880.0,323.15,322.7554617169505,2.7636463475751767,197.26910888004474,0.0
8940.0,323.15,322.75549618783924,2.7618178758770133,197.25188090327285,0.0
9000.0,323.15,322.7555227688368,2.759989582422242,197.23859616475315,0.0
9060.0,323.15,322.75554325941147,2.758161469464545,197.2283553222664,0.0
9120.0,323.15,322.75555905159894,2.756333538741836,197.22046265627867,0.0
9180.0,323.15,322.7555712319925,2.7545057916056326,197.21437510337748,0.0
9240.0,323.15,322.75558061967587,2.7526782290688407,197.2096833036277,0.0
9300.0,323.15,322.7555878240507,2.7508508518794805,197.20608268230694,0.0
9360.0,323.15,322.755593319547,2.749023660615172,197.20333612762226,0.0
9420.0,323.15,322.7555974959112,2.747196655746627,197.20124885438983,0.0
9480.0,323.15,322.7556007171656,2.7453698377127473,197.199638929478,0.0
9540.0,323.15,322.7556032858376,2.743543206875112,197.19835515418987,0.0
9600.0,323.15,322.7556053384323,2.741716763385562,197.19732930468058,0.0
9660.0,323.15,322.7556070250768,2.739890507413796,197.19648635185482,0.0
9720.0,323.15,322.7556083562882,2.7380644389533173,197.195821037069,0.0
9780.0,323.15,322.7556092789151,2.736238557916724,197.19535992577136,0.0
9840.0,323.15,322.75560996596283,2.7344128645024504,197.19501655111188,0.0
9900.0,323.15,322.7556105186032,2.7325873588010547,197.1947403503755,0.0
9960.0,323.15,322.7556109804728,2.7307620408313964,197.19450951630714,0.0
10020.0,323.15,322.75561130554814,2.7289369105628567,197.1943470510874,0.0
10080.0,323.15,322.755611537442,2.727111968014888,197.19423115540076,0.0
10140.0,323.15,322.7556117414294,2.7252872132166064,197.19412920643325,0.0
10200.0,323.15,322.75561187280124,2.7234626461480698,197.19406354927875,0.0
10260.0,323.15,322.75561197070414,2.7216382667845886,197.19401461929414,0.0
10320.0,323.15,322.75561207698007,2.7198140750997735,197.1939615051654,0.0
10380.0,323.15,322.7556121599544,2.7179900711136007,197.19392003634562,0.0
10440.0,323.15,322.75561221962715,2.716166254826071,197.19389021283513,0.0
10500.0,323.15,322.7556122559983,2.7143426262371846,197.1938720346339,0.0
10560.0,323.15,322.7556122690676,2.7125191853469413,197.19386550299194,0.0
10620.0,323.15,322.75561226098097,2.7106959321385236,197.1938695442248,0.0
10680.0,323.15,322.7556122333073,2.7088728666069,197.1938833757968,0.0
10740.0,323.15,322.75561220343724,2.7070499887198283,197.1938983039061,0.0
10800.0,323.15,322.75561217941475,2.705225083375967,197.19391031029122,0.0
10860.0,323.15,322.75561215769795,2.7021191556176754,197.19392116750782,0.0
10920.0,323.15,322.7556121422843,2.6989974404879327,197.19392887096265,0.0
10980.0,323.15,322.7556121303771,2.695876442612648,197.1939348225859,0.0
11040.0,323.15,322.7556121223692,2.6927564510113893,197.19393882453312,0.0
11100.0,323.15,322.7556121143612,2.6896364594101305,197.19394282710562,0.0
11160.0,323.15,322.75561210855363,2.686517431517019,197.19394572929582,0.0
11220.0,323.15,322.755612103867,2.6833988945501734,197.19394807075125,0.0
11280.0,323.15,322.7556120992123,2.6802803815231817,197.19395039686205,0.0
11340.0,323.15,322.75561209647316,2.6771632985115543,197.19395176645764,0.0
11400.0,323.15,322.7556120937342,2.674046215499927,197.19395313480297,0.0
11460.0,323.15,322.7556120911599,2.670929372499681,197.1939544217086,0.0
11520.0,323.15,322.7556120890676,2.6678132317971643,197.19395546843526,0.0
11580.0,323.15,322.75561208727044,2.664697520697268,197.19395636677288,0.0
11640.0,323.15,322.7556120857684,2.6615822391999924,197.19395711672206,0.0
11700.0,323.15,322.75561208456116,2.658467387305338,197.193957720158,0.0
11760.0,323.15,322.75561208363223,2.6553529807948446,197.19395818491952,0.0
11820.0,323.15,322.75561208276105,2.6522392300200424,197.1939586200488,0.0
11880.0,323.15,322.7556120821061,2.6491259838746055,197.1939589469664,0.0
11940.0,323.15,322.75561208166727,2.6460132423585345,197.19395916629733,0.0
12000.0,323.15,322.75561208144455,2.6429010054718294,197.19395927804163,0.0
12060.0,323.15,322.7556120814383,2.63978927321449,197.1939592803234,0.0
12120.0,323.15,322.7556120813171,2.6366781306963496,197.19395934130486,0.0
12180.0,323.15,322.75561208119854,2.6335675477568463,197.19395940076518,0.0
12240.0,323.15,322.75561208115784,2.630457505064392,197.19395942057443,0.0
12300.0,323.15,322.7556120811948,2.627348002618986,197.19395940198265,0.0
12360.0,323.15,322.7556120813095,2.624239040420629,197.19395934436452,0.0
12420.0,323.15,322.7556120813966,2.621130633263907,197.19395930153465,0.0
12480.0,323.15,322.75561208139897,2.6180227892294434,197.19395930018578,0.0
12540.0,323.15,322.75561208140556,2.614915495790293,197.19395929657523,0.0
12600.0,323.15,322.75561208141613,2.611808752946456,197.19395929195298,0.0
12660.0,323.15,322.755612081431,2.608702560697932,197.19395928444322,0.0
12720.0,323.15,322.7556120814501,2.605596919044721,197.19395927467176,0.0
12780.0,323.15,322.75561208147343,2.6024918279868228,197.19395926263806,0.0
12840.0,323.15,322.7556120815007,2.5993872875242374,197.1939592495932,0.0
12900.0,323.15,322.7556120815322,2.5962832976569654,197.19395923428613,0.0
12960.0,323.15,322.755612081568,2.5931798583850068,197.1939592160918,0.0
13020.0,323.15,322.75561208160804,2.5900769697083605,197.19395919563547,0.0
13080.0,323.15,322.75561208164305,2.5869746125579334,197.19395917849465,0.0
13140.0,323.15,322.75561208167977,2.5838728006344067,197.19395916016003,0.0
13200.0,323.15,322.755612081719,2.580771535659933,197.1939591403245,0.0
13260.0,323.15,322.7556120817605,2.577670817634511,197.1939591202389,0.0
13320.0,323.15,322.7556120818046,2.574570646558142,197.1939590980274,0.0
13380.0,323.15,322.7556120818512,2.5714710224308255,197.1939590743147,0.0
13440.0,323.15,322.7556120819001,2.5683719452525615,197.1939590503522,0.0
13500.0,323.15,322.7556120819516,2.5652734150233503,197.19395902426322,0.0
13560.0,323.15,322.7556120820055,2.5621754317431913,197.19395899729918,0.0
13620.0,323.15,322.7556120820619,2.5590779954120855,197.19395896883424,0.0
13680.0,323.15,322.75561208211235,2.5559811050084913,197.19395894465742,0.0
13740.0,323.15,322.7556120821459,2.5528847590591113,197.1939589270368,0.0
13800.0,323.15,322.75561208217704,2.5497889594840153,197.1939589120254,0.0
13860.0,323.15,322.75561208220626,2.5466937062832025,197.1939588971219,0.0
13920.0,323.15,322.7556120822333,2.5435989994566737,197.19395888357732,0.0
13980.0,323.15,322.7556120822582,2.540504838949057,197.19395887095237,0.0
14040.0,323.15,322.7556120822779,2.5374112229106323,197.19395886146708,0.0
14100.0,323.15,322.7556120822947,2.5343181526299476,197.19395885220464,0.0
14160.0,323.15,322.7556120823088,2.5312256278503202,197.19395884522822,0.0
14220.0,323.15,322.7556120823213,2.52813364810093,197.19395883945757,0.0
14280.0,323.15,322.75561208233415,2.525042213166357,197.1939588326193,0.0
14340.0,323.15,322.75561208234666,2.5219513231243296,197.1939588266777,0.0
14400.0,323.15,322.75561208184064,2.518845156526934,197.19395924376593,0.0
14460.0,323.15,322.7556118801918,2.508368641982794,197.1940600578429,0.0
14520.0,323.15,322.75561173632485,2.497894946452133,197.19413195797864,0.0
14580.0,323.15,322.7556116246257,2.4874274605884,197.19418778033116,0.0
14640.0,323.15,322.7556115359767,2.4769655870868643,197.19423208308817,0.0
14700.0,323.15,322.75561146328283,2.4665088541957143,197.19426841187416,0.0
14760.0,323.15,322.7556114054341,2.456057249521597,197.1942973218584,0.0
14820.0,323.15,322.7556113615421,2.445611717605255,197.19431925733028,0.0
14880.0,323.15,322.7556113300213,2.435172073169552,197.19433500985872,0.0
14940.0,323.15,322.7556113066275,2.4247387028776894,197.19434670077396,0.0
15000.0,323.15,322.7556112898191,2.414311512328567,197.19435510042143,0.0
15060.0,323.15,322.7556112750138,2.403890592485838,197.19436249931465,0.0
15082.4098687517,323.15,322.7556112705333,2.3999999995199723,197.19436473893697,0.0
15082.4098687517,323.15,322.7556112705333,2.3999999995199723,197.19436473893697,1450.0
15082.409884927909,323.15,322.7556112154104,2.400000000480002,197.19466771527178,1450.0
15082.409884927909,323.15,322.7556112154104,2.400000000480002,197.19466771527178,1450.0
15120.0,323.15,322.6258798042374,2.403349454955466,262.2131843080912,1450.0
15180.0,323.15,322.4776990493768,2.408756463172614,336.24653678254856,1450.0
15240.0,323.15,322.3886706476782,2.4142239104416605,380.7199467323812,1450.0
15300.0,323.15,322.3387023696801,2.419730186941125,405.6791395134802,1450.0
15360.0,323.15,322.3117093117243,2.4252579783534154,419.1622230451139,1450.0
15420.0,323.15,322.29741106274497,2.430796205330799,426.3061959839599,1450.0
15480.0,323.15,322.28991706128096,2.436338509569206,430.050105802102,1450.0
15540.0,323.15,322.28600430907176,2.4418814062230765,432.00347968656496,1450.0
15600.0,323.15,322.2839647609613,2.447423045653039,433.02135632689243,1450.0
15660.0,323.15,322.2829015886393,2.452962455283064,433.5538636472791,1450.0
15720.0,323.15,322.2823494232503,2.458499130460371,433.82654919475516,1450.0
15780.0,323.15,322.282063206351,2.4640328055267164,433.96857609669735,1450.0
15840.0,323.15,322.2819124229872,2.469563339844702,434.04385731319275,1450.0
15900.0,323.15,322.2818322480759,2.475090664300038,434.08397793071276,1450.0
15960.0,323.15,322.28178911326455,2.480614743965856,434.10526483924815,1450.0
16020.0,323.15,322.2817657064516,2.486135561748666,434.11720607202665,1450.0
16080.0,323.15,322.28175420944166,2.4916531109819653,434.1229889005513,1450.0
16140.0,323.15,322.28174836241334,2.4971673867014683,434.1258798927908,1450.0
16200.0,323.15,322.2817449539626,2.502678387318499,434.12752192599635,1450.0
16260.0,323.15,322.2817429965168,2.508186113695665,434.1284807725807,1450.0
16320.0,323.15,322.2817419217202,2.5136905682270414,434.128910669816,1450.0
16380.0,323.15,322.2817414758371,2.5191917518357902,434.1292536929762,1450.0
16440.0,323.15,322.28174123877744,2.524689666723582,434.12939350111435,1450.0
16500.0,323.15,322.2817412711565,2.530184312869151,434.12936427832483,1450.0
16560.0,323.15,322.28174129845235,2.535675694036595,434.12935064226986,1450.0
16620.0,323.15,322.28174137565185,2.54116381139048,434.12931207626247,1450.0
16680.0,323.15,322.28174141051255,2.5466486708184912,434.12929466264296,1450.0
16740.0,323.15,322.28174143800544,2.5521302700884556,434.1292809330144,1450.0
16800.0,323.15,322.2817414581311,2.5576086092003756,434.12927088424937,1450.0
16860.0,323.15,322.281741478985,2.563083696040171,434.1292604698871,1450.0
16920.0,323.15,322.281741499103,2.5685555291816202,434.1292504219918,1450.0
16980.0,323.15,322.2817415166514,2.5740241068382317,434.1292416561172,1450.0
17040.0,323.15,322.2817415315806,2.579489433087081,434.1292341995515,1450.0
17100.0,323.15,322.2817415436304,2.584951529640308,434.12922818099673,1450.0
17160.0,323.15,322.28174155296534,2.5904103827708322,434.1292235189624,1450.0
17220.0,323.15,322.2817415595858,2.595865992478655,434.12922021157385,1450.0
17280.0,323.15,322.2817415634914,2.6013183587637756,434.1292182607063,1450.0
17340.0,323.15,322.281741564682,2.6067674816261936,434.12921766698497,1450.0
17400.0,323.15,322.2817415631583,2.6122133610659097,434.1292184272836,1450.0
17460.0,323.15,322.28174155891935,2.617655997082924,434.12922054597846,1450.0
17520.0,323.15,322.2817415585079,2.623095405807904,434.1292207507494,1450.0
17580.0,323.15,322.2817415570425,2.6285315752054226,434.1292214823609,1450.0
17640.0,323.15,322.2817415544751,2.633964505157447,434.12922276531253,1450.0
17700.0,323.15,322.2817415517424,2.63939420102709,434.12922413000797,1450.0
17760.0,323.15,322.28174155014784,2.644820670282154,434.12922492713,1450.0
17820.0,323.15,322.28174154880975,2.650243914845957,434.1292255964846,1450.0
17880.0,323.15,322.2817415478675,2.655663940914192,434.1292260669417,1450.0
17940.0,323.15,322.28174154725133,2.6610807453913434,434.1292263749542,1450.0
18000.0,323.15,322.2817415464304,2.666486788624278,434.12922678885167,1450.0
18060.0,323.15,322.28174149376156,2.6708819490442846,434.12925315663074,1450.0
18120.0,323.15,322.2817414654499,2.6752735404541017,434.12926729824795,1450.0
18180.0,323.15,322.2817414475823,2.679662305427486,434.1292762234435,1450.0
18240.0,323.15,322.2817414353621,2.684048700522277,434.12928232768513,1450.0
18300.0,323.15,322.2817414269197,2.6884326598936186,434.12928654474626,1450.0
18360.0,323.15,322.28174142142933,2.6928140978297312,434.1292892872345,1450.0
18420.0,323.15,322.281741418531,2.6971928093422957,434.1292907346692,1450.0
18480.0,323.15,322.2817414162758,2.7015686402182792,434.1292918616909,1450.0
18540.0,323.15,322.28174141451933,2.705941572875306,434.12929273991784,1450.0
18600.0,323.15,322.2817414135513,2.71031164253715,434.1292932235349,1450.0
18660.0,323.15,322.2817414131778,2.714678865134994,434.12929341015837,1450.0
18720.0,323.15,322.28174141265544,2.7190433018191116,434.12929367167527,1450.0
18780.0,323.15,322.2817414124732,2.7234049123721302,434.1292937630229,1450.0
18840.0,323.15,322.2817414126311,2.72776369679405,434.12929368420174,1450.0
18900.0,323.15,322.2817414126445,2.7321196528917233,434.129293676893,1450.0
18960.0,323.15,322.2817414124202,2.7364727802449154,434.1292937893787,1450.0
19020.0,323.15,322.2817414121735,2.74082307982622,434.1292939122987,1450.0
19080.0,323.15,322.2817414119041,2.745170551635637,434.12929404752776,1450.0
19140.0,323.15,322.28174141161224,2.7495151956731667,434.12929419319,1450.0
19200.0,323.15,322.2817414112979,2.753857011938808,434.1292943499119,1450.0
19260.0,323.15,322.2817414109608,2.758196000432562,434.1292945189433,1450.0
19320.0,323.15,322.28174141062954,2.7625321909391394,434.129294684469,1450.0
19380.0,323.15,322.2817414103229,2.7668656034760994,434.1292948375437,1450.0
19440.0,323.15,322.2817414100103,2.771196205775904,434.1292949940985,1450.0
19500.0,323.15,322.28174140969185,2.7755239978385537,434.1292951528817,1450.0
19560.0,323.15,322.28174140936727,2.7798489796640484,434.1292953157692,1450.0
19620.0,323.15,322.2817414090368,2.784171151252388,434.1292954815109,1450.0
19680.0,323.15,322.2817414087006,2.7884905126035737,434.1292956488558,1450.0
19740.0,323.15,322.2817414083583,2.7928070637176035,434.12929582030614,1450.0
19800.0,323.15,322.2817414080101,2.797120804594478,434.1292959946101,1450.0
19860.0,323.15,322.28174140765606,2.801431735234198,434.1292961711426,1450.0
19920.0,323.15,322.2817414072959,2.8057398556367628,434.1292963517793,1450.0
19980.0,323.15,322.28174140692994,2.8100451658021726,434.12929653464505,1450.0
20040.0,323.15,322.28174140655796,2.8143476657304274,434.12929672098977,1450.0
20100.0,323.15,322.2817414061803,2.8186473554215277,434.1292969089382,1450.0
20160.0,323.15,322.28174140579773,2.822944243722464,434.1292971010029,1450.0
20220.0,323.15,322.28174140542916,2.827238448281692,434.12929728500615,1450.0
20280.0,323.15,322.2817414050573,2.8315298600500762,434.12929747106864,1450.0
20340.0,323.15,322.28174140468224,2.8358184790276155,434.1292976585651,1450.0
20400.0,323.15,322.281741404304,2.8401043052143105,434.12929784749446,1450.0
20460.0,323.15,322.28174140392247,2.844387338610161,434.129298038483,1450.0
20520.0,323.15,322.28174140353775,2.8486675792151663,434.12929823090553,1450.0
20538.685748627395,323.15,322.28174140341736,2.850000000570012,434.12929829075296,1450.0
20538.685748627395,323.15,322.28174140341736,2.850000000570012,434.12929829075296,0.0
20538.685755865652,323.15,322.2817414235332,2.8499999994299587,434.1291876911788,0.0
20538.685755865652,323.15,322.2817414235332,2.8499999994299587,434.1291876911788,0.0
20580.0,323.15,322.39210743200687,2.842082007443604,378.8344790423348,0.0
20640.0,323.15,322.49980109631093,2.8305212518624034,325.02779441364294,0.0
20700.0,323.15,322.5707288064272,2.818920539674525,289.5870989610464,0.0
20760.0,323.15,322.6196078706068,2.8072989264827632,265.1619744869254,0.0
20820.0,323.15,322.6543487584648,2.7956666627834097,247.80098408845157,0.0
20880.0,323.15,322.67957991556074,2.7840297449226403,235.1916730195322,0.0
20940.0,323.15,322.6981865263335,2.772391906685368,225.89157743935024,0.0
21000.0,323.15,322.71206532501077,2.76075559815643,218.95741951320474,0.0
21060.0,323.15,322.7224939846437,2.74912246530582,213.74548095941054,0.0
21120.0,323.15,322.7303779800812,2.7374936707129995,209.80530553046302,0.0
21180.0,323.15,322.73636499542573,2.725870042453885,206.81316472043386,0.0
21240.0,323.15,322.74092328833177,2.7142521760922103,204.53505004906668,0.0
21300.0,323.15,322.7443997780752,2.702640510175578,202.79758769213362,0.0
21360.0,323.15,322.7470545627819,2.6910353711647073,201.4707909180287,0.0
21420.0,323.15,322.7490828957644,2.6794370020142124,200.45707878092134,0.0
21480.0,323.15,322.7506327187644,2.6678455849230667,199.68251436775876,0.0
21540.0,323.15,322.75181785366505,2.656261258455988,199.09021258068555,0.0
21600.0,323.15,322.75272311280975,2.644668215113216,198.63778630742064,0.0
21660.0,323.15,322.753412237267,2.6323417501940485,198.29337903798643,0.0
21720.0,323.15,322.7539416789345,2.6200234943116025,198.02877763724612,0.0
21780.0,323.15,322.75434454215286,2.607713613268294,197.82743722883052,0.0
21840.0,323.15,322.7546503215147,2.595412138241706,197.67461703030958,0.0
21900.0,323.15,322.7548827222275,2.583119092343401,197.5584696944221,0.0
21960.0,323.15,322.7550595648548,2.570834491605296,197.47008889865546,0.0
22020.0,323.15,322.75519405607287,2.5585583463435753,197.40287424128223,0.0
22080.0,323.15,322.7552961412974,2.5462906628331936,197.35185522623016,0.0
22140.0,323.15,322.7553737071617,2.5340314448090906,197.3130903029204,0.0
22200.0,323.15,322.7554325481164,2.521780693449251,197.28368355571314,0.0
22260.0,323.15,322.7554772924199,2.5095384085182415,197.2613218960939,0.0
22320.0,323.15,322.7555112181338,2.497304588137121,197.244367030327,0.0
22380.0,323.15,322.75553641610026,2.4850792289877774,197.23177401311588,0.0
22440.0,323.15,322.75555498321984,2.4728623277865385,197.22249486727256,0.0
22500.0,323.15,322.7555687370331,2.460653880899925,197.21562124239057,0.0
22560.0,323.15,322.75557911786206,2.4484538842485137,197.21043332332854,0.0
22620.0,323.15,322.75558678156193,2.436262332847822,197.20660332593664,0.0
22680.0,323.15,322.75559269810975,2.4240792220768084,197.20364648804016,0.0
22740.0,323.15,322.755597155236,2.4119045465179814,197.20141901060555,0.0
22798.70894912254,323.15,322.75560046236666,2.39999999951995,197.19976625425844,0.0
22798.70894912254,323.15,322.75560046236666,2.39999999951995,197.19976625425844,1450.0
22798.708973202058,323.15,322.7556003769212,2.400000000480005,197.20023569320333,1450.0
22798.708973202058,323.15,322.7556003769212,2.400000000480005,197.20023569320333,1450.0
22800.0,323.15,322.7506692371417,2.4000769616388373,199.85587431586472,1450.0
22860.0,323.15,322.5590037965006,2.403692817597785,295.6272353756906,1450.0
22920.0,323.15,322.4364573458391,2.4073805737978082,356.84920872267435,1450.0
22980.0,323.15,322.3651188076819,2.4111209024720925,392.48435877921463,1450.0
23040.0,323.15,322.32581648703075,2.414893142661886,412.115513289027,1450.0
23100.0,323.15,322.3048117155353,2.4186824932105653,422.6034895813866,1450.0
23160.0,323.15,322.29375706867876,2.422479957299204,428.1276318947185,1450.0
23220.0,323.15,322.28798561306263,2.4262805007373185,431.0158723246105,1450.0
23280.0,323.15,322.28498897734704,2.4300814154227726,432.50685845219584,1450.0
23340.0,323.15,322.28342999826276,2.4338812560103826,433.28523706090596,1450.0
23400.0,323.15,322.2826213427248,2.4376792797244353,433.68958576016814,1450.0
23460.0,323.15,322.28219983628077,2.4414750942648786,433.90008018896174,1450.0
23520.0,323.15,322.2819799266138,2.445268499780776,434.00958771213607,1450.0
23580.0,323.15,322.28186546165665,2.4490593934350557,434.0681178989718,1450.0
23640.0,323.15,322.2818063591869,2.4528477224058864,434.09789509164773,1450.0
23700.0,323.15,322.28177656519625,2.4566334601199276,434.1109963765887,1450.0
23760.0,323.15,322.2817609721847,2.46041659187703,434.11972873989225,1450.0
23820.0,323.15,322.28175246539087,2.464197111722886,434.1243637802754,1450.0
23880.0,323.15,322.2817474994918,2.467975017562733,434.12517960000497,1450.0
23940.0,323.15,322.2817440532902,2.471750309023857,434.1272451357419,1450.0
24000.0,323.15,322.2817421682386,2.475522987964705,434.1292356614581,1450.0
24060.0,323.15,322.28174162758916,2.479293055946107,434.12944919723174,1450.0
24120.0,323.15,322.28174157418715,2.483060513826776,434.12955571726707,1450.0
24180.0,323.15,322.28174186067776,2.486825363289958,434.1294011858382,1450.0
24240.0,323.15,322.28174212621155,2.4905876057642944,434.12913771597226,1450.0
24300.0,323.15,322.281742157378,2.494347242835024,434.12889006230847,1450.0
24360.0,323.15,322.281742299963,2.4981042766607224,434.1287272739055,1450.0
24420.0,323.15,322.28174224341666,2.5018587087270308,434.1287837811798,1450.0
24480.0,323.15,322.28174203546365,2.5056105409015847,434.1289909962369,1450.0
24540.0,323.15,322.2817418942512,2.50935977524329,434.1290745609383,1450.0
24600.0,323.15,322.28174170764413,2.5131064134403647,434.1291589050779,1450.0
24660.0,323.15,322.2817415266599,2.516850457343029,434.12923682029634,1450.0
24720.0,323.15,322.2817413994257,2.5205919087996222,434.12930036828413,1450.0
24780.0,323.15,322.2817413360273,2.5243307696337274,434.1293320022797,1450.0
24840.0,323.15,322.2817412748756,2.528067041575776,434.12936252041067,1450.0
24900.0,323.15,322.28174121594833,2.531800726428696,434.12939193741227,1450.0
24960.0,323.15,322.28174117056625,2.535531826008769,434.1294145958258,1450.0
25020.0,323.15,322.28174113718086,2.5392603421171267,434.12943127103057,1450.0
25080.0,323.15,322.2817411142426,2.542986276554898,434.12944274403856,1450.0
25140.0,323.15,322.2817411167419,2.546709630413411,434.12944152256085,1450.0
25200.0,323.15,322.2817411846933,2.5503275758945696,434.12940785975894,1450.0
25260.0,323.15,322.28174096839433,2.5508279720003455,434.1295159528364,1450.0
25320.0,323.15,322.2817408607004,2.5513141803473904,434.12956974364295,1450.0
25380.0,323.15,322.28174080534967,2.551799627615424,434.12959739028065,1450.0
25440.0,323.15,322.2817407643826,2.552284836973552,434.12961785258807,1450.0
25500.0,323.15,322.2817407365947,2.552769531708012,434.12963173197517,1450.0
25560.0,323.15,322.2817407191962,2.553253820750415,434.12964042241555,1450.0
25620.0,323.15,322.28174070656206,2.553737419604344,434.1296467323611,1450.0
25680.0,323.15,322.2817407018211,2.554219874949945,434.1296491010551,1450.0
25740.0,323.15,322.28174069708035,2.5547023302955467,434.129651468498,1450.0
25800.0,323.15,322.2817406923395,2.555184785641148,434.1296538365662,1450.0
25860.0,323.15,322.28174068763434,2.5556672232524646,434.12965618629653,1450.0
25920.0,323.15,322.2817406861855,2.556148038380119,434.129656911076,1450.0
25980.0,323.15,322.2817406847369,2.5566288535077732,434.1296576346049,1450.0
26040.0,323.15,322.2817406832883,2.5571096686354275,434.1296583581338,1450.0
26100.0,323.15,322.281740681916,2.557590342310678,434.12965904396094,1450.0
26160.0,323.15,322.2817406814011,2.5580694279894303,434.1296593008369,1450.0
26220.0,323.15,322.28174068088634,2.558548513668183,434.1296595570876,1450.0
26280.0,323.15,322.28174068037123,2.5590275993469356,434.1296598152141,1450.0
26340.0,323.15,322.2817406799035,2.5595064362899156,434.12966004882037,1450.0
26400.0,323.15,322.28174067969786,2.55998389378376,434.12966015120656,1450.0
26460.0,323.15,322.2817406794922,2.560461351277604,434.12966025359225,1450.0
26520.0,323.15,322.28174067928643,2.560938808771448,434.1296603566037,1450.0
26580.0,323.15,322.28174067908645,2.5614161205360726,434.1296604563021,1450.0
26640.0,323.15,322.28174067891365,2.561892734787383,434.1296605433341,1450.0
26700.0,323.15,322.28174067875335,2.56236903536249,434.12966062309476,1450.0
26760.0,323.15,322.28174067860533,2.5628450222613934,434.12966069683455,1450.0
26820.0,323.15,322.2817406784696,2.563320695484093,434.12966076455297,1450.0
26880.0,323.15,322.281740678346,2.563796055030588,434.1296608268752,1450.0
26940.0,323.15,322.2817406782348,2.5642711009008794,434.1296608825519,1450.0
27000.0,323.15,322.2817406781359,2.5647458330949666,434.1296609322066,1450.0
27060.0,323.15,322.2817406780385,2.5652201518312303,434.1296609806916,1450.0
27120.0,323.15,322.28174067792935,2.5656939385131556,434.1296610357015,1450.0
27180.0,323.15,322.28174067782544,2.5661673451626767,434.1296610871801,1450.0
27240.0,323.15,322.28174067772653,2.566640371779793,434.12966113637907,1450.0
27300.0,323.15,322.2817406776326,2.5671130183645063,434.12966118329734,1450.0
27360.0,323.15,322.2817406775436,2.5675852849168157,434.1296612285607,1450.0
27420.0,323.15,322.2817406774598,2.568057171436721,434.12966127029273,1450.0
27480.0,323.15,322.28174067738104,2.5685286779242213,434.1296613097452,1450.0
27540.0,323.15,322.2817406772962,2.5689997546978307,434.1296613518739,1450.0
27600.0,323.15,322.2817406772015,2.569470385619959,434.12966139984843,1450.0
27660.0,323.15,322.2817406771068,2.569940613113288,434.1296614468265,1450.0
27720.0,323.15,322.2817406770119,2.5704104371778174,434.12966149405815,1450.0
27780.0,323.15,322.2817406769166,2.5708798578135466,434.12966154217037,1450.0
27840.0,323.15,322.28174067682124,2.5713488750204765,434.1296615899108,1450.0
27900.0,323.15,322.28174067672586,2.5718174887986067,434.1296616366549,1450.0
27960.0,323.15,322.28174067663,2.5722856991479373,434.12966168490476,1450.0
28020.0,323.15,322.2817406765342,2.572753493570668,434.1296617328621,1450.0
28080.0,323.15,322.28174067643835,2.5732208740933267,434.129661780413,1450.0
28140.0,323.15,322.2817406763423,2.5736878466645026,434.12966182847344,1450.0
28200.0,323.15,322.2817406762459,2.574154411284196,434.1296618776681,1450.0
28260.0,323.15,322.281740676149,2.5746205722044424,434.1296619260215,1450.0
28320.0,323.15,322.2817406760517,2.575086329005469,434.1296619737891,1450.0
28380.0,323.15,322.2817406759536,2.5755516803931684,434.12966202363987,1450.0
28440.0,323.15,322.28174067585536,2.576016626367543,434.12966207182114,1450.0
28500.0,323.15,322.28174067575645,2.576481166928591,434.1296621214598,1450.0
28560.0,323.15,322.2817406756571,2.576945302076313,434.1296621713047,1450.0
28620.0,323.15,322.2817406755573,2.57740903181071,434.12966222135697,1450.0
28680.0,323.15,322.281740675457,2.57787235613178,434.12966227161553,1450.0
28740.0,323.15,322.28174067535707,2.5783352749870883,434.12966232116787,1450.0
28800.0,323.15,322.28174067568517,2.578801013569501,434.1296621327395,1450.0
28860.0,323.15,322.28174085646,2.5812328667477895,434.129571641841,1450.0
28920.0,323.15,322.28174094678246,2.5836771648676926,434.12952652847736,1450.0
28980.0,323.15,322.28174100460507,2.586119652396566,434.12949764674914,1450.0
29040.0,323.15,322.28174104126555,2.5885603306422436,434.1294793352287,1450.0
29100.0,323.15,322.28174106625005,2.590999536337504,434.12946685534473,1450.0
29160.0,323.15,322.2817410835831,2.593437053179361,434.1294581985121,1450.0
29220.0,323.15,322.28174109433763,2.5958731179489,434.1294528274995,1450.0
29280.0,323.15,322.2817411013851,2.5983073209389973,434.1294493074142,1450.0
29340.0,323.15,322.2817411036679,2.6007398130294836,434.1294481671696,1450.0
29400.0,323.15,322.2817411049029,2.603170448947648,434.12944754983494,1450.0
29460.0,323.15,322.28174110652725,2.605599170860123,434.1294467393193,1450.0
29520.0,323.15,322.28174110721164,2.6080260322646573,434.12944639724185,1450.0
29580.0,323.15,322.28174110695574,2.610451033161249,434.1294465254789,1450.0
29640.0,323.15,322.28174110575964,2.6128741735499,434.12944712340527,1450.0
29700.0,323.15,322.2817411053084,2.6152955251100294,434.12944734915004,1450.0
29760.0,323.15,322.28174110451727,2.617715041691366,434.1294477440972,1450.0
29820.0,323.15,322.28174110338324,2.6201327231770564,434.12944831076896,1450.0
29880.0,323.15,322.28174110190645,2.622548569567101,434.1294490485382,1450.0
29940.0,323.15,322.2817411004459,2.624962583186877,434.12944977848866,1450.0
30000.0,323.15,322.28174109960963,2.627374767973707,434.12945019712566,1450.0
30060.0,323.15,322.2817410988492,2.629785120373389,434.1294505761528,1450.0
30120.0,323.15,322.2817410981639,2.632193640385924,434.1294509193212,1450.0
30180.0,323.15,322.2817410975543,2.6346003280113104,434.12945122350555,1450.0
30240.0,323.15,322.2817410970201,2.637005183249549,434.1294514905811,1450.0
30300.0,323.15,322.28174109656135,2.6394082061006405,434.12945171992266,1450.0
30360.0,323.15,322.2817410961781,2.641809396564584,434.12945191152966,1450.0
30420.0,323.15,322.28174109587036,2.6442087546413795,434.1294520654031,1450.0
30480.0,323.15,322.28174109562764,2.6466062831410198,434.12945218711906,1450.0
30540.0,323.15,322.28174109513765,2.6490020665994,434.1294524314769,1450.0
30600.0,323.15,322.2817410946587,2.651396035044763,434.1294526714329,1450.0
30660.0,323.15,322.2817410941912,2.653788188477109,434.12945290448636,1450.0
30720.0,323.15,322.28174109373487,2.656178526896437,434.1294531325121,1450.0
30780.0,323.15,322.28174109328967,2.658567050302748,434.12945335551166,1450.0
30840.0,323.15,322.28174109285584,2.660953758696041,434.129453572233,1450.0
30900.0,323.15,322.28174109243326,2.663338652076317,434.1294537833024,1450.0
30960.0,323.15,322.28174109202195,2.665721730443575,434.1294539887187,1450.0
31020.0,323.15,322.28174109162165,2.6681029937978162,434.1294541897337,1450.0
31080.0,323.15,322.28174109123285,2.6704824421390394,434.1294543838451,1450.0
31140.0,323.15,322.2817410908553,2.672860075467246,434.12945457230455,1450.0
31200.0,323.15,322.2817410904889,2.675235893782434,434.1294547557374,1450.0
31260.0,323.15,322.2817410901337,2.677609897084605,434.1294549335177,1450.0
31320.0,323.15,322.28174108979005,2.6799820853737586,434.1294551043945,1450.0
31380.0,323.15,322.2817410894573,2.6823524586498952,434.12945527149515,1450.0
31440.0,323.15,322.2817410891359,2.684721016913014,434.1294554323181,1450.0
31500.0,323.15,322.28174108882587,2.687087760163115,434.12945558686323,1450.0
31560.0,323.15,322.281741088527,2.689452688400199,434.1294557363812,1450.0
31620.0,323.15,322.28174108822935,2.691815811964796,434.129455885895,1450.0
31680.0,323.15,322.2817410879275,2.694177136835091,434.12945603687314,1450.0
31740.0,323.15,322.28174108763466,2.696536649299456,434.1294561822554,1450.0
31800.0,323.15,322.2817410873503,2.6988943493578903,434.1294563245429,1450.0
31860.0,323.15,322.28174108707475,2.7012502370103944,434.1294564624851,1450.0
31920.0,323.15,322.28174108677905,2.703604334805953,434.12945661074787,1450.0
31980.0,323.15,322.28174108647096,2.7059566368514356,434.1294567644866,1450.0
32040.0,323.15,322.2817410861566,2.7083071458928534,434.1294569224108,1450.0
32100.0,323.15,322.2817410858352,2.7106558745886358,434.12945708265414,1450.0
32160.0,323.15,322.281741085507,2.713002815913364,434.1294572474317,1450.0
32220.0,323.15,322.2817410851724,2.7153479698670373,434.12945741424056,1450.0
32280.0,323.15,322.28174108483125,2.717691336449656,434.12945758433364,1450.0
32340.0,323.15,322.28174108448735,2.7200329128460146,434.12945775617897,1450.0
32400.0,323.15,322.2817410765238,2.722311097981988,434.1294619121996,1450.0
32460.0,323.15,322.28174092531634,2.7228971193333464,434.1295374493439,1450.0
32520.0,323.15,322.2817408477786,2.723482425703072,434.1295761801206,1450.0
32580.0,323.15,322.2817408055366,2.7240668325775315,434.1295972813591,1450.0
32640.0,323.15,322.2817407752863,2.7246508992543377,434.12961239124616,1450.0
32700.0,323.15,322.28174075164765,2.7252345234075737,434.1296241989355,1450.0
32760.0,323.15,322.2817407387651,2.7258174276418536,434.1296306338367,1450.0
32820.0,323.15,322.2817407262759,2.7264002698663945,434.12963687198356,1450.0
32880.0,323.15,322.28174072075154,2.726982013961916,434.12963963209916,1450.0
32940.0,323.15,322.2817407152273,2.7275637580574377,434.12964239158947,1450.0
33000.0,323.15,322.2817407106725,2.728145070897539,434.1296446671706,1450.0
33060.0,323.15,322.28174070723804,2.7287258854375604,434.1296463834866,1450.0
33120.0,323.15,322.28174070467827,2.7293063110150957,434.12964766188975,1450.0
33180.0,323.15,322.28174070299286,2.729886347630143,434.1296485042565,1450.0
33240.0,323.15,322.2817407021168,2.73046598387611,434.1296489411206,1450.0
33300.0,323.15,322.2817407010619,2.731045047534099,434.12964946840304,1450.0
33360.0,323.15,322.28174070049573,2.7316236549535486,434.1296497512085,1450.0
33420.0,323.15,322.2817407004182,2.7322018061344595,434.1296497901639,1450.0
33480.0,323.15,322.2817407008294,2.7327795010768314,434.12964958464283,1450.0
33540.0,323.15,322.2817407012844,2.733356707043924,434.1296493572299,1450.0
33600.0,323.15,322.2817407013088,2.733933389133314,434.12964934465606,1450.0
33660.0,323.15,322.28174070140136,2.734509584047053,434.12964929868247,1450.0
33720.0,323.15,322.2817407015622,2.7350852917851407,434.1296492180581,1450.0
33780.0,323.15,322.2817407017913,2.7356605123475783,434.12964910340867,1450.0
33840.0,323.15,322.28174070190204,2.7362352323184664,434.12964904841346,1450.0
33900.0,323.15,322.28174070194376,2.736809455219148,434.1296490264339,1450.0
33960.0,323.15,322.2817407019631,2.737383184451101,434.12964901750826,1450.0
34020.0,323.15,322.2817407019605,2.737956420014324,434.12964901913597,1450.0
34080.0,323.15,322.2817407019359,2.7385291619088177,434.1296490313159,1450.0
34140.0,323.15,322.2817407018893,2.7391014101345816,434.1296490546739,1450.0
34200.0,323.15,322.28174070182064,2.7396731646916157,434.1296490892099,1450.0
34260.0,323.15,322.2817407017299,2.7402444255799208,434.1296491349246,1450.0
34320.0,323.15,322.28174070161737,2.740815192799497,434.1296491905656,1450.0
34380.0,323.15,322.28174070152016,2.7413854846020294,434.1296492402298,1450.0
34440.0,323.15,322.2817407014589,2.7419553106855363,434.1296492709317,1450.0
34500.0,323.15,322.2817407013927,2.7425246513382864,434.12964930350273,1450.0
34560.0,323.15,322.28174070132144,2.74309350656028,434.1296493391919,1450.0
34620.0,323.15,322.28174070124504,2.7436618763515166,434.1296493780007,1450.0
34680.0,323.15,322.28174070116376,2.7442297607119968,434.1296494186776,1450.0
34740.0,323.15,322.2817407010776,2.7447971596417204,434.12964946122366,1450.0
34800.0,323.15,322.2817407009862,2.745364073140688,434.1296495075142,1450.0
34860.0,323.15,322.28174070089,2.745930501208899,434.12964955504754,1450.0
34920.0,323.15,322.2817407007885,2.746496443846353,434.1296496069506,1450.0
34980.0,323.15,322.2817407006824,2.747061901053051,434.12964965884635,1450.0
35040.0,323.15,322.281740700571,2.7476268728289917,434.12964971511246,1450.0
35100.0,323.15,322.2817407004547,2.748191359174176,434.1296497732466,1450.0
35160.0,323.15,322.2817407003334,2.7487553600886043,434.1296498338747,1450.0
35220.0,323.15,322.28174070020697,2.7493188755722757,434.1296498976219,1450.0
35280.0,323.15,322.28174070007566,2.7498819056251906,434.1296499632383,1450.0
35340.0,323.15,322.28174069993935,2.750444450247349,434.1296500313481,1450.0
35400.0,323.15,322.28174069979804,2.751006509438751,434.1296501019517,1450.0
35460.0,323.15,322.28174069965183,2.751568083199396,434.1296501744234,1450.0
35520.0,323.15,322.2817406995178,2.7521291744488567,434.1296502415589,1450.0
35580.0,323.15,322.2817406993841,2.752689781169874,434.12965030856,1450.0
35640.0,323.15,322.2817406992477,2.7532499028191673,434.12965037619756,1450.0
35700.0,323.15,322.2817406991083,2.7538095393967366,434.1296504457216,1450.0
35760.0,323.15,322.2817406989686,2.754368692285361,434.12965051488936,1450.0
35820.0,323.15,322.2817406988399,2.754927368197562,434.1296505801021,1450.0
35880.0,323.15,322.28174069871403,2.7554855621881904,434.12965064296674,1450.0
35940.0,323.15,322.2817406985924,2.756043277695149,434.1296507041,1450.0
36000.0,323.15,322.28174069854884,2.7566010790509785,434.12965072479693,1450.0
36060.0,323.15,322.2817407220629,2.7573935596220056,434.1296389512493,1450.0
36120.0,323.15,322.2817407349249,2.7581989860501435,434.12963252710756,1450.0
36180.0,323.15,322.2817407420468,2.7590033145415376,434.12962896913143,1450.0
36240.0,323.15,322.28174074666225,2.759807027690519,434.1296266634262,1450.0
36300.0,323.15,322.2817407501628,2.7606101261679807,434.129624914555,1450.0
36360.0,323.15,322.281740752129,2.761412378827103,434.12962393259215,1450.0
36420.0,323.15,322.28174075378575,2.7622142491096424,434.1296231058561,1450.0
36480.0,323.15,322.2817407545727,2.7630150439383554,434.12962271272295,1450.0
36540.0,323.15,322.2817407553409,2.7638157769312097,434.12962232910377,1450.0
36600.0,323.15,322.2817407558592,2.7646156846865684,434.12962206993467,1450.0
36660.0,323.15,322.28174075621763,2.7654150653645275,434.1296218915922,1450.0
36720.0,323.15,322.2817407564167,2.7662139189650885,434.1296217915742,1450.0
36780.0,323.15,322.28174075645603,2.76701224548825,434.12962177175706,1450.0
36840.0,323.15,322.2817407564691,2.767809861748541,434.12962176620374,1450.0
36900.0,323.15,322.2817407564185,2.76860681969971,434.1296217911388,1450.0
36960.0,323.15,322.2817407562747,2.7694031593095305,434.12962186335767,1450.0
37020.0,323.15,322.2817407560379,2.7701988805780036,434.1296219816099,1450.0
37080.0,323.15,322.2817407557954,2.7709939361830997,434.1296221024927,1450.0
37140.0,323.15,322.28174075561554,2.771788289010859,434.1296221927987,1450.0
37200.0,323.15,322.28174075542057,2.772581981375021,434.1296222896357,1450.0
37260.0,323.15,322.28174075521,2.773375013275585,434.1296223955059,1450.0
37320.0,323.15,322.28174075499084,2.7741673815695713,434.12962250527323,1450.0
37380.0,323.15,322.2817407548044,2.7749590665799055,434.1296225979807,1450.0
37440.0,323.15,322.2817407546218,2.7757500818898913,434.12962268980084,1450.0
37500.0,323.15,322.28174075444343,2.776540427499529,434.129622778856,1450.0
37560.0,323.15,322.28174075426915,2.7773301034088176,434.12962286577385,1450.0
37620.0,323.15,322.28174075409885,2.7781191096177587,434.12962295117785,1450.0
37680.0,323.15,322.2817407539325,2.7789074461263508,434.12962303506976,1450.0
37740.0,323.15,322.2817407537705,2.779695112934595,434.12962311557146,1450.0
37800.0,323.15,322.2817407536126,2.7804821100424904,434.1296231939358,1450.0
37860.0,323.15,322.2817407534514,2.7812684624962696,434.129623274386,1450.0
37920.0,323.15,322.28174075328496,2.7820541765785496,434.1296233584169,1450.0
37980.0,323.15,322.28174075311966,2.7828392315272783,434.1296234412026,1450.0
38040.0,323.15,322.2817407529556,2.783623627342456,434.1296235221164,1450.0
38100.0,323.15,322.28174075279225,2.7844073640240827,434.1296236042861,1450.0
38160.0,323.15,322.2817407526299,2.7851904415721584,434.1296236858349,1450.0
38220.0,323.15,322.2817407524687,2.785972859986683,434.12962376613797,1450.0
38280.0,323.15,322.2817407523084,2.786754619267656,434.12962384644595,1450.0
38340.0,323.15,322.2817407521491,2.7875357194150783,434.12962392613355,1450.0
38400.0,323.15,322.28174075199087,2.788316160428949,434.1296240052002,1450.0
38460.0,323.15,322.2817407518335,2.789095942309269,434.12962408427114,1450.0
38520.0,323.15,322.2817407516773,2.7898750650560378,434.12962416209757,1450.0
38580.0,323.15,322.28174075152214,2.7906535286692553,434.1296242393025,1450.0
38640.0,323.15,322.28174075136775,2.791431333148922,434.1296243171381,1450.0
38700.0,323.15,322.2817407512146,2.792208478495037,434.12962439310274,1450.0
38760.0,323.15,322.2817407510623,2.792984964707601,434.12962446969703,1450.0
38820.0,323.15,322.2817407509112,2.7937607917866143,434.1296245444198,1450.0
38880.0,323.15,322.2817407507602,2.7945359605848292,434.12962462011996,1450.0
38940.0,323.15,322.281740750608,2.7953104730603435,434.12962469648085,1450.0
39000.0,323.15,322.28174075045644,2.79608432679273,434.12962477253905,1450.0
39060.0,323.15,322.2817407503058,2.796857521781989,434.12962484704275,1450.0
39120.0,323.15,322.2817407501556,2.7976300580281204,434.1296249224932,1450.0
39180.0,323.15,322.28174075000396,2.7984019450280857,434.12962499801756,1450.0
39240.0,323.15,322.28174074985185,2.7991731777253825,434.1296250741129,1450.0
39300.0,323.15,322.2817407496993,2.7999437621405847,434.12962515103123,1450.0
39360.0,323.15,322.2817407495466,2.800713698763595,434.12962522686627,1450.0
39420.0,323.15,322.2817407493936,2.8014829863258166,434.12962530294897,1450.0
39480.0,323.15,322.2817407492401,2.80225162482725,434.12962537990575,1450.0
39540.0,323.15,322.2817407490863,2.8030196135853194,434.12962545776577,1450.0
39600.0,323.15,322.28174075622024,2.803853589263219,434.1296217144011,1450.0
39660.0,323.15,322.2817409735757,2.8073859912611994,434.12951306045545,1450.0
39720.0,323.15,322.2817410885912,2.8109250480138743,434.1294556073144,1450.0
39780.0,323.15,322.2817411619448,2.814461655994721,434.12941896520783,1450.0
39840.0,323.15,322.2817412086919,2.8179958169253654,434.12939561533426,1450.0
39900.0,323.15,322.2817412435317,2.821528107963906,434.12937821266297,1450.0
39960.0,323.15,322.2817412666025,2.8250584119938367,434.1293666876669,1450.0
40020.0,323.15,322.2817412815046,2.828586367729766,434.12935924339394,1450.0
40080.0,323.15,322.28174128773895,2.832112043953966,434.1293561289745,1450.0
40140.0,323.15,322.2817412933892,2.835635212272921,434.12935330700907,1450.0
40200.0,323.15,322.2817412974735,2.8391559035562195,434.12935126669703,1450.0
40260.0,323.15,322.28174129921643,2.8426741421756385,434.1293503960244,1450.0
40320.0,323.15,322.281741298618,2.8461899281311784,434.12935069499116,1450.0
40380.0,323.15,322.2817412984629,2.8497033271855643,434.1293507724662,1450.0
40385.068311919924,323.15,322.2817412984421,2.8500000005700192,434.12935078351524,1450.0
40385.068311919924,323.15,322.2817412984421,2.8500000005700192,434.12935078351524,0.0
40385.06831870371,323.15,322.2817413171135,2.8499999994299143,434.12924812364685,0.0
40385.06831870371,323.15,322.2817413171135,2.8499999994299143,434.12924812364685,0.0
40440.0,323.15,322.42098711687146,2.8387625566417256,364.40596760287025,0.0
40500.0,323.15,322.5184745307941,2.8264258853291584,315.697389392385,0.0
40560.0,323.15,322.5834606420926,2.814055780671741,283.225041813744,0.0
40620.0,323.15,322.62860756760625,2.801668650975664,260.66475268684565,0.0
40680.0,323.15,322.66087370609574,2.789273516983619,244.54017971030572,0.0
40740.0,323.15,322.68439715518167,2.77687573996432,232.78225124035106,0.0
40800.0,323.15,322.70179281348186,2.764478702724097,224.0916229448801,0.0
40860.0,323.15,322.71478635421016,2.7520846323950656,217.59810625114483,0.0
40920.0,323.15,322.7245664154282,2.7396950581668764,212.70977752533938,0.0
40980.0,323.15,322.7319667578486,2.727311048349588,209.01126631044565,0.0
41040.0,323.15,322.7375862929977,2.714933366398533,206.20278100118,0.0
41100.0,323.15,322.7418650799622,2.702562569995629,204.0643565369823,0.0
41160.0,323.15,322.7451280855193,2.6901990679550174,202.43358918150605,0.0
41220.0,323.15,322.7476187202722,2.6778431638604654,201.18883176023155,0.0
41280.0,323.15,322.7495207312201,2.665495084558734,200.2382534864874,0.0
41340.0,323.15,322.75097329059935,2.653154999724028,199.51230019177612,0.0
41400.0,323.15,322.752081973762,2.640823036100425,198.95820808259495,0.0
41460.0,323.15,322.7529279852137,2.6284992894082113,198.53539314705887,0.0
41520.0,323.15,322.7535733534107,2.6161838310426497,198.2128550003607,0.0
41580.0,323.15,322.7540653496521,2.6038767137690333,197.9669685130443,0.0
41640.0,323.15,322.75443988813885,2.591577976076623,197.77978455963142,0.0
41700.0,323.15,322.7547246207128,2.579287646112798,197.63748336134447,0.0
41760.0,323.15,322.75494077427624,2.567005744021234,197.529456188463,0.0
41820.0,323.15,322.7551043886428,2.5547322835078883,197.4476867395582,0.0
41880.0,323.15,322.7552284324973,2.5424672745039327,197.38569353740527,0.0
41940.0,323.15,322.75532246085885,2.5302107227332176,197.33870121744997,0.0
42000.0,323.15,322.755393667369,2.5179626310423715,197.30311460793254,0.0
42060.0,323.15,322.75544764009095,2.505723000323633,197.276140908958,0.0
42120.0,323.15,322.7554884851265,2.493491829680095,197.2557280268879,0.0
42180.0,323.15,322.75551928363546,2.4812691169822254,197.24033607835355,0.0
42240.0,323.15,322.7555424149961,2.469054859264635,197.22877590078252,0.0
42300.0,323.15,322.7555597601798,2.4568490529696745,197.2201074623912,0.0
42360.0,323.15,322.7555727952834,2.4446516940652603,197.21359304864967,0.0
42420.0,323.15,322.7555826105743,2.432462778064384,197.20868777687573,0.0
42480.0,323.15,322.75558996360013,2.420282300087286,197.20501305004535,0.0
42540.0,323.15,322.75559546988285,2.408110255096102,197.2022612510836,0.0
42580.00119053248,323.15,322.75559833636595,2.3999999995199226,197.20082871238077,0.0
42580.00119053248,323.15,322.75559833636595,2.3999999995199226,197.20082871238077,1450.0
42580.001214612916,323.15,322.7555982509213,2.400000000480046,197.20129814821297,1450.0
42580.001214612916,323.15,322.7555982509213,2.400000000480046,197.20129814821297,1450.0
42600.0,323.15,322.6829329148865,2.4011960537828503,233.70498023977882,1450.0
42660.0,323.15,322.5140353371,2.4048356428834765,318.0937459289247,1450.0
42720.0,323.15,322.40968549696225,2.4085421957548854,370.22269062829395,1450.0
42780.0,323.15,322.35018679576416,2.4122944685469476,399.94371432218924,1450.0
42840.0,323.15,322.3177831028316,2.4160733296821815,416.12786006393765,1450.0
42900.0,323.15,322.30056981533227,2.419865953005341,424.7253184405444,1450.0
42960.0,323.15,322.2915410530763,2.423664785880437,429.2348150551967,1450.0
43020.0,323.15,322.28683452180695,2.427465660838619,431.5855183657956,1450.0
43080.0,323.15,322.28438942318706,2.4312663521374978,432.80673318047104,1450.0
43140.0,323.15,322.283119692281,2.4350656859905464,433.4409052759339,1450.0
43200.0,323.15,322.2824589084733,2.438936419043579,433.77093637677586,1450.0
43260.0,323.15,322.2821143101568,2.4439887491822914,433.94304752492917,1450.0
43320.0,323.15,322.2819333700016,2.4490296097660633,434.0334190635715,1450.0
43380.0,323.15,322.2818408678316,2.4540674328852345,434.0796198738256,1450.0
43440.0,323.15,322.2817944228205,2.4591021700256817,434.1028171746276,1450.0
43500.0,323.15,322.28176973966237,2.464133796335417,434.11514539903175,1450.0
43560.0,323.15,322.2817557319441,2.4691623016875393,434.12214169381315,1450.0
43620.0,323.15,322.2817486535196,2.4741876839840535,434.1256770828108,1450.0
43680.0,323.15,322.28174546641884,2.4792099418277798,434.1272689086125,1450.0
43740.0,323.15,322.28174399764595,2.4842290747786464,434.1280025164721,1450.0
43800.0,323.15,322.28174318461123,2.4892450836325293,434.1284085997783,1450.0
43860.0,323.15,322.28174264244655,2.4942579699218856,434.1286793926633,1450.0
43920.0,323.15,322.2817422515589,2.4992677354709305,434.1288746270889,1450.0
43980.0,323.15,322.28174193626074,2.5042743821508138,434.12903210620857,1450.0
44040.0,323.15,322.28174172803705,2.5092779128121294,434.12913610466506,1450.0
44100.0,323.15,322.2817415859783,2.514278330968458,434.1292070583679,1450.0
44160.0,323.15,322.28174151455966,2.519275635842907,434.12924272900153,1450.0
44220.0,323.15,322.2817414545945,2.524269835528449,434.1292726803022,1450.0
44280.0,323.15,322.2817414011435,2.5292609307005214,434.1292993777193,1450.0
44340.0,323.15,322.2817413697425,2.5342489192347726,434.12931506216046,1450.0
44400.0,323.15,322.28174136039166,2.5392338011312034,434.12931973299993,1450.0
44460.0,323.15,322.28174137309094,2.544215576389814,434.1293133902372,1450.0
44520.0,323.15,322.28174138629316,2.549194254738085,434.1293067969939,1450.0
44580.0,323.15,322.2817413873608,2.554169841881426,434.12930626382183,1450.0
44640.0,323.15,322.281741395029,2.5591423293617552,434.1293024333515,1450.0
44700.0,323.15,322.2817414092976,2.564111717179073,434.12929530620914,1450.0
44760.0,323.15,322.28174143016673,2.5690780053333797,434.1292848817685,1450.0
44820.0,323.15,322.281741452384,2.574041205544919,434.12927378497335,1450.0
44880.0,323.15,322.28174146028977,2.5790013527589437,434.1292698357818,1450.0
44940.0,323.15,322.28174146702435,2.583958417652275,434.12926647207127,1450.0
45000.0,323.15,322.28174147258784,2.588912400224912,434.12926369321593,1450.0
45060.0,323.15,322.28174147698013,2.593863300476855,434.12926149984156,1450.0
45120.0,323.15,322.2817414802012,2.5988111184081037,434.12925989194815,1450.0
45180.0,323.15,322.28174148225133,2.603755854018659,434.1292588682847,1450.0
45240.0,323.15,322.28174148313036,2.6086975073085203,434.1292584294769,1450.0
45300.0,323.15,322.2817414828382,2.613636078277688,434.1292585761496,1450.0
45360.0,323.15,322.2817414813748,2.618571566926161,434.1292593083038,1450.0
45420.0,323.15,322.28174147874046,2.6235039732539405,434.1292606246879,1450.0
45480.0,323.15,322.28174147911346,2.6284333550752703,434.1292604383662,1450.0
45540.0,323.15,322.28174148045576,2.633359684194311,434.1292597688008,1450.0
45600.0,323.15,322.2817414815983,2.6382829444320968,434.1292591986907,1450.0
45660.0,323.15,322.2817414825411,2.6432031357886268,434.1292587280371,1450.0
45720.0,323.15,322.28174148328407,2.6481202582639014,434.1292583574652,1450.0
45780.0,323.15,322.2817414838274,2.6530343118579207,434.12925808572277,1450.0
45840.0,323.15,322.2817414841707,2.6579452965706847,434.1292579146874,1450.0
45900.0,323.15,322.2817414843143,2.6628532124021933,434.1292578431084,1450.0
45960.0,323.15,322.281741484258,2.667758059352447,434.12925787161004,1450.0
46020.0,323.15,322.281741484002,2.6726598374214445,434.12925799956815,1450.0
46080.0,323.15,322.2817414837397,2.6775585760479657,434.1292581306782,1450.0
46140.0,323.15,322.2817414838477,2.6824543324935965,434.12925807672684,1450.0
46200.0,323.15,322.2817414838826,2.6873470393362178,434.1292580595224,1450.0
46260.0,323.15,322.2817414838443,2.69223669657583,434.1292580796906,1450.0
46320.0,323.15,322.28174148373324,2.6971233042124325,434.12925813472924,1450.0
46380.0,323.15,322.28174148354896,2.702006862246026,434.12925822714,1450.0
46440.0,323.15,322.2817414832917,2.7068873706766095,434.12925835567285,1450.0
46500.0,323.15,322.2817414829613,2.711764829504184,434.12925852095196,1450.0
46560.0,323.15,322.28174148255795,2.716639238728749,434.1292587223532,1450.0
46620.0,323.15,322.2817414820816,2.721510598350305,434.129258959876,1450.0
46680.0,323.15,322.2817414815319,2.726378908368851,434.1292592353956,1450.0
46740.0,323.15,322.2817414811157,2.731244176821608,434.12925944212213,1450.0
46800.0,323.15,322.2817414826,2.7361354733909136,434.12925866943385,1450.0
46860.0,323.15,322.28174154977836,2.742511443417678,434.129225063829,1450.0
46920.0,323.15,322.28174158715495,2.7488983360699795,434.12920639316997,1450.0
46980.0,323.15,322.2817416072963,2.7552802380775434,434.129196332843,1450.0
47040.0,323.15,322.28174162166835,2.7616595914681388,434.1291891540181,1450.0
47100.0,323.15,322.2817416306487,2.7680355265804466,434.1291846675015,1450.0
47160.0,323.15,322.2817416359075,2.7744070528313602,434.12918204104477,1450.0
47220.0,323.15,322.281741639489,2.7807754989487146,434.1291802529561,1450.0
47280.0,323.15,322.2817416420136,2.7871415617340825,434.1291789911794,1450.0
47340.0,323.15,322.28174164373087,2.793504469616699,434.12917813328454,1450.0
47400.0,323.15,322.2817416447845,2.7998647844895532,434.1291776072608,1450.0
47460.0,323.15,322.2817416453698,2.8062219297729714,434.1291773151676,1450.0
47520.0,323.15,322.28174164555907,2.8125756916260367,434.12917722055613,1450.0
47580.0,323.15,322.28174164527326,2.818926303488745,434.1291773636009,1450.0
47640.0,323.15,322.28174164507374,2.82527338988868,434.12917746255175,1450.0
47700.0,323.15,322.28174164471744,2.831617113169291,434.1291776410743,1450.0
47760.0,323.15,322.2817416442811,2.837957449235457,434.12917785877136,1450.0
47820.0,323.15,322.2817416439473,2.8442943360635087,434.1291780262021,1450.0
47874.051026916386,323.15,322.28174164364515,2.8500000005700126,434.1291781771498,1450.0
47874.051026916386,323.15,322.28174164364515,2.8500000005700126,434.1291781771498,0.0
47874.05103574168,323.15,322.2817416688061,2.8499999994299197,434.1290398562183,0.0
47874.05103574168,323.15,322.2817416688061,2.8499999994299197,434.1290398562183,0.0
47880.0,323.15,322.30017060713243,2.8490665888269713,424.7638731694463,0.0
47940.0,323.15,322.44215311641693,2.8395986041493457,353.83111240522936,0.0
48000.0,323.15,322.53219917381995,2.8300687075464883,308.8397489012987,0.0
48060.0,323.15,322.59274035012226,2.820505861058729,278.58807606230107,0.0
48120.0,323.15,322.6350519328068,2.810924649678635,257.44441374861924,0.0
48180.0,323.15,322.6654220357048,2.8013332133477613,242.267439090314,0.0
48240.0,323.15,322.6876381158683,2.7917364544018364,231.1650880719444,0.0
48300.0,323.15,322.70411164991395,2.7821374916732777,222.93235209923944,0.0
48360.0,323.15,322.71644814084146,2.772538398614869,216.76703921110197,0.0
48420.0,323.15,322.72575296942244,2.7629405998847694,212.11678956934304,0.0
48480.0,323.15,322.7328075312468,2.7533450999358946,208.5911239430885,0.0
48540.0,323.15,322.7381756078153,2.7437526211628707,205.90830075375916,0.0
48600.0,323.15,322.7422716045059,2.7341636925617223,203.86122209672791,0.0
48660.0,323.15,322.74540309557284,2.724578705005033,202.29617595852645,0.0
48720.0,323.15,322.74779973514177,2.714997948803389,201.09838963939185,0.0
48780.0,323.15,322.74963512030337,2.7054216420744455,200.18110486980635,0.0
48840.0,323.15,322.7510411901978,2.695849949417908,199.47838218760717,0.0
48900.0,323.15,322.75211835371584,2.6862829950288982,198.94003974805636,0.0
48960.0,323.15,322.75294334371307,2.6767208728530365,198.52772825270293,0.0
49020.0,323.15,322.7535749517379,2.6671636539832684,198.21206497468359,0.0
49080.0,323.15,322.7540582561216,2.6576113920975493,197.97052070496608,0.0
49140.0,323.15,322.7544278230055,2.6480641275666783,197.78581999686972,0.0
49200.0,323.15,322.7547100231058,2.638521890416025,197.64478329587692,0.0
49260.0,323.15,322.75492524445923,2.6289847031588494,197.5372210745588,0.0
49320.0,323.15,322.7550895064708,2.6194525828531363,197.45512717076858,0.0
49380.0,323.15,322.75521469574636,2.6099255413800577,197.39256090662442,0.0
49440.0,323.15,322.7553100639133,2.600403587349315,197.34489850889048,0.0
49500.0,323.15,322.7553828316771,2.5908867268593667,197.3085312232139,0.0
49560.0,323.15,322.7554382338049,2.581374963543024,197.28084284804044,0.0
49620.0,323.15,322.7554803133475,2.5718682995686444,197.25981274737708,0.0
49680.0,323.15,322.7555122708066,2.562366736078349,197.24384138071082,0.0
49740.0,323.15,322.755536499338,2.5528702732289252,197.23173272472383,0.0
49800.0,323.15,322.75555482424073,2.543378910487586,197.22257453123714,0.0
49860.0,323.15,322.7555687344848,2.5338926469210916,197.21562265086666,0.0
49920.0,323.15,322.75557927055826,2.524411481047133,197.21035707783392,0.0
49980.0,323.15,322.7555872396901,2.514935411106438,197.20637438185645,0.0
50040.0,323.15,322.7555932623248,2.5054644351164375,197.20336448209176,0.0
50100.0,323.15,322.7555978001414,2.4959985509083658,197.20109664743373,0.0
50160.0,323.15,322.7556011700222,2.4865377561386435,197.19941250835805,0.0
50220.0,323.15,322.75560362836603,2.4770820483951352,197.1981839221195,0.0
50280.0,323.15,322.755605402861,2.4676314252344675,197.19729709471125,0.0
50340.0,323.15,322.755606910037,2.4581858844568885,197.19654386970498,0.0
50400.0,323.15,322.7556080402192,2.4487450689633428,197.19597905208968,0.0
50460.0,323.15,322.75560876814274,2.4375535215223803,197.19561536811358,0.0
50520.0,323.15,322.7556093129593,2.426369624415815,197.19534309202814,0.0
50580.0,323.15,322.7556097412218,2.4151921636470712,197.19512906458968,0.0
50640.0,323.15,322.7556100824917,2.404020706324761,197.19495851262835,0.0
50661.60348248684,323.15,322.75561018453635,2.3999999995199506,197.1949075149858,0.0
50661.60348248684,323.15,322.75561018453635,2.3999999995199506,197.1949075149858,1450.0
50661.60350131848,323.15,322.7556101192245,2.4000000004800497,197.19526644584283,1450.0
50661.60350131848,323.15,322.7556101192245,2.4000000004800497,197.19526644584283,1450.0
50700.0,323.15,322.62340216088904,2.4029415980115174,263.4511952142673,1450.0
50760.0,323.15,322.47610360042194,2.4075996464742704,337.04362273535446,1450.0
50820.0,323.15,322.3877108959186,2.4123181275698853,381.1994021955379,1450.0
50880.0,323.15,322.33814273816205,2.417075421052464,405.95863832845725,1450.0
50940.0,323.15,322.3113836094108,2.421854280984181,419.32418134030326,1450.0
51000.0,323.15,322.2972257003435,2.4266437068832993,426.3955521589039,1450.0
51060.0,323.15,322.2898119878777,2.431437379341603,430.0983954051508,1450.0
51120.0,323.15,322.2859473194067,2.4362318462788948,432.0286282077588,1450.0
51180.0,323.15,322.28393449794754,2.4410252716911893,433.03394396409425,1450.0
51240.0,323.15,322.2828865388056,2.4458166951437392,433.55735051013966,1450.0
51300.0,323.15,322.28233987824893,2.4506056146616135,433.8303872394561,1450.0
51360.0,323.15,322.2820544131053,2.45539177067156,433.9729612531802,1450.0
51420.0,323.15,322.28190393622054,2.460175027400871,434.04812203440923,1450.0
51480.0,323.15,322.2818260432509,2.464955318524673,434.08702336650475,1450.0
51540.0,323.15,322.28178610873687,2.469732608052918,434.1069698858404,1450.0
51600.0,323.15,322.28176498361057,2.474506876988969,434.11752465899553,1450.0
51660.0,323.15,322.2817543970103,2.4792781181562784,434.1228080055483,1450.0
51720.0,323.15,322.28174888109646,2.4840463274730618,434.12555829972365,1450.0
51780.0,323.15,322.2817458745271,2.4888115040501435,434.1270660874836,1450.0
51840.0,323.15,322.2817440877778,2.4935736484074966,434.1279601980033,1450.0
51900.0,323.15,322.28174297823847,2.498332761885424,434.12850973248305,1450.0
51960.0,323.15,322.28174228401673,2.5030888461345753,434.1288588226091,1450.0
52020.0,323.15,322.28174192986586,2.507841903012137,434.12903777073853,1450.0
52080.0,323.15,322.2817417997515,2.5125919343286367,434.1291037312657,1450.0
52140.0,323.15,322.2817417345498,2.5173389418441108,434.12913556844524,1450.0
52200.0,323.15,322.2817417040416,2.5220829274609424,434.129148547305,1450.0
52260.0,323.15,322.2817417547248,2.5268238931628173,434.1291219049508,1450.0
52320.0,323.15,322.28174181484866,2.5315618408064204,434.1290913078426,1450.0
52380.0,323.15,322.2817418482238,2.53629677228663,434.1290754542584,1450.0
52440.0,323.15,322.28174187155713,2.5410286895518563,434.12906441547307,1450.0
52500.0,323.15,322.28174187297526,2.5457575945215845,434.1290637257672,1450.0
52560.0,323.15,322.2817418163174,2.5504834890907215,434.1290920687714,1450.0
52620.0,323.15,322.2817417075866,2.5552063751952643,434.129146418352,1450.0
52680.0,323.15,322.2817416479848,2.559926254861838,434.1291762265785,1450.0
52740.0,323.15,322.2817415868023,2.564643129972445,434.129206775695,1450.0
52800.0,323.15,322.2817415280834,2.569357002461217,434.12923601387786,1450.0
52860.0,323.15,322.2817414795848,2.574067874243423,434.129260182046,1450.0
52920.0,323.15,322.28174144605913,2.578775747249593,434.1292769038194,1450.0
52980.0,323.15,322.28174143172845,2.583480623412953,434.1292840469997,1450.0
53040.0,323.15,322.2817414319697,2.588182504642775,434.129283919277,1450.0
53100.0,323.15,322.28174142420215,2.5928813928099688,434.1292877909275,1450.0
53160.0,323.15,322.2817414194996,2.5975772898573406,434.12929013800874,1450.0
53220.0,323.15,322.28174141631933,2.6022701977007427,434.12929173106363,1450.0
53280.0,323.15,322.28174141311814,2.6069601182560285,434.1292933431359,1450.0
53340.0,323.15,322.2817414083534,2.6116470534390506,434.129295744146,1450.0
53400.0,323.15,322.2817414004821,2.6163310051656605,434.12929970651305,1450.0
53460.0,323.15,322.2817413949775,2.621011975336236,434.1293024868838,1450.0
53520.0,323.15,322.2817413989763,2.625689965847485,434.12930050341004,1450.0
53580.0,323.15,322.2817414044633,2.6303649786295367,434.1292977735922,1450.0
53640.0,323.15,322.2817414111816,2.635037015595406,434.1292944237346,1450.0
53700.0,323.15,322.2817414188742,2.6397060786581092,434.1292905813943,1450.0
53760.0,323.15,322.2817414272841,2.6443721697306644,434.12928637412773,1450.0
53820.0,323.15,322.28174143615473,2.649035290726086,434.12928192636457,1450.0
53880.0,323.15,322.28174144419705,2.6536954401141015,434.12927789674274,1450.0
53940.0,323.15,322.28174144942267,2.658352621409014,434.12927528679046,1450.0
54000.0,323.15,322.28174145304064,2.663029004859265,434.1292734097383,1450.0
54060.0,323.15,322.2817415248323,2.66919104418557,434.1292375325518,1450.0
54120.0,323.15,322.281741564662,2.6753623239829327,434.1292176374244,1450.0
54180.0,323.15,322.2817415855879,2.6815285778165436,434.1292071850641,1450.0
54240.0,323.15,322.28174160048553,2.6876922939430563,434.1291997438507,1450.0
54300.0,323.15,322.28174160997474,2.6938528758375595,434.1291950041269,1450.0
54360.0,323.15,322.2817416152264,2.70000882779415,434.1291923816544,1450.0
54420.0,323.15,322.28174161879195,2.7061617197396513,434.1291906008532,1450.0
54480.0,323.15,322.28174162135593,2.7123123794603377,434.1291893202669,1450.0
54540.0,323.15,322.2817416230677,2.7184599142933097,434.1291884655285,1450.0
54600.0,323.15,322.2817416240783,2.7246048775606364,434.12918796080356,1450.0
54660.0,323.15,322.2817416246376,2.730746588292301,434.1291876819783,1450.0
54720.0,323.15,322.28174162476233,2.736885001927045,434.12918761961606,1450.0
54780.0,323.15,322.28174162443844,2.7430202605903884,434.1291877810112,1450.0
54840.0,323.15,322.2817416242048,2.7491520272682597,434.12918789793986,1450.0
54900.0,323.15,322.281741623805,2.755280462344296,434.12918809820735,1450.0
54960.0,323.15,322.281741623364,2.7614055253875596,434.1291883186741,1450.0
55020.0,323.15,322.2817416230127,2.767527174025468,434.1291884943125,1450.0
55080.0,323.15,322.28174162266106,2.7736454374133586,434.12918866988605,1450.0
55140.0,323.15,322.28174162230897,2.7797603155512305,434.1291888460195,1450.0
55200.0,323.15,322.28174162195654,2.785871808439084,434.1291890220886,1450.0
55260.0,323.15,322.2817416216024,2.7919799270039127,434.1291891989055,1450.0
55320.0,323.15,322.28174162124225,2.7980847062772405,434.1291893787823,1450.0
55380.0,323.15,322.2817416208795,2.804186117230532,434.12918956073366,1450.0
55440.0,323.15,322.2817416205143,2.8102841598637878,434.1291897435101,1450.0
55500.0,323.15,322.28174162014676,2.816378834177008,434.1291899271106,1450.0
55560.0,323.15,322.2817416197766,2.8224701401701924,434.12919011278564,1450.0
55620.0,323.15,322.28174161942076,2.828558122760463,434.1291902902281,1450.0
55680.0,323.15,322.281741619068,2.8346427521798376,434.12919046642617,1450.0
55740.0,323.15,322.28174161871806,2.840724027891497,434.1291906416417,1450.0
55800.0,323.15,322.2817416183711,2.8468019498954398,434.12919081524825,1450.0
55831.583801254324,323.15,322.28174161818964,2.850000000570062,434.12919090591487,1450.0
55831.583801254324,323.15,322.28174161818964,2.850000000570062,434.12919090591487,0.0
55831.58380984383,323.15,322.28174164260105,2.8499999994299037,434.12905670348624,0.0
55831.58380984383,323.15,322.28174164260105,2.8499999994299037,434.12905670348624,0.0
55860.0,323.15,322.36169423999826,2.845409439668917,394.02868662391234,0.0
55920.0,323.15,322.48039706176115,2.8356559028912556,334.7230916182675,0.0
55980.0,323.15,322.55758376229113,2.825854171173434,296.15561234491736,0.0
56040.0,323.15,322.61033170429783,2.816026317072606,269.7975347854159,0.0
56100.0,323.15,322.6476088572727,2.8061839473894965,251.16929450788473,0.0
56160.0,323.15,322.6745752608717,2.7963337428755985,237.69322071637794,0.0
56220.0,323.15,322.69441186343096,2.7864798201217162,227.7798796379769,0.0
56280.0,323.15,322.70917996555585,2.7766248437569763,220.39940068098667,0.0
56340.0,323.15,322.7202710839817,2.7667706094143947,214.85645563456686,0.0
56400.0,323.15,322.7286536962808,2.756918363872116,210.66708770610788,0.0
56460.0,323.15,322.73501770665126,2.7470689926310126,207.48653352309398,0.0
56520.0,323.15,322.7398651666976,2.7372231377830794,205.06389771849416,0.0
56580.0,323.15,322.74356630613414,2.727381270826207,203.21415776346242,0.0
56640.0,323.15,322.74639664116006,2.717543740887409,201.79962192855567,0.0
56700.0,323.15,322.7485629331455,2.7077108084348924,200.7169581872971,0.0
56760.0,323.15,322.7502217549807,2.69788266936881,199.8879161080726,0.0
56820.0,323.15,322.7514922250395,2.6880594715297503,199.25296356022758,0.0
56880.0,323.15,322.75246515497855,2.678241326536279,198.76671509570926,0.0
56940.0,323.15,322.75320995304065,2.668428318702109,198.39448204974752,0.0
57000.0,323.15,322.7537798475567,2.6586205117667423,198.10966205301085,0.0
57060.0,323.15,322.7542156688758,2.6488179537535306,197.89184895232108,0.0
57120.0,323.15,322.7545486267939,2.6390206805277217,197.7254447300215,0.0
57180.0,323.15,322.754802597578,2.629228718719467,197.598516511149,0.0
57240.0,323.15,322.7549963041254,2.61944208851561,197.5017069836132,0.0
57300.0,323.15,322.7551438727176,2.6096608043488416,197.4279561280089,0.0
57360.0,323.15,322.75525634560705,2.5998848768241025,197.37174526517998,0.0
57420.0,323.15,322.7553420502392,2.5901143131623754,197.32891249473016,0.0
57480.0,323.15,322.75540728348557,2.5803491180790163,197.29631080081194,0.0
57540.0,323.15,322.75545698138416,2.57058929461512,197.27147327566337,0.0
57600.0,323.15,322.7554947738608,2.5608312997795264,197.25258577975856,0.0
57660.0,323.15,322.7555222766329,2.549065038733496,197.23884083493886,0.0
57720.0,323.15,322.7555435515671,2.5373063320650093,197.22820829994168,0.0
57780.0,323.15,322.7555602987233,2.5255545232178456,197.21983862527108,0.0
57840.0,323.15,322.7555733294849,2.51381055266045,197.21332629497002,0.0
57900.0,323.15,322.7555831957656,2.5020743837550694,197.20839547723855,0.0
57960.0,323.15,322.755590484042,2.490345951611782,197.20475306285968,0.0
58020.0,323.15,322.7555960759782,2.4786253038148245,197.20195842007558,0.0
58080.0,323.15,322.7556001120418,2.466912436366933,197.1999413515168,0.0
58140.0,323.15,322.75560303907974,2.455207350671155,197.19847853432404,0.0
58200.0,323.15,322.75560513477654,2.4435100425603125,197.1974311952227,0.0
58260.0,323.15,322.7556066021862,2.431820508745441,197.196697849046,0.0
58320.0,323.15,322.7556076718003,2.420138743659368,197.1961633007498,0.0
58380.0,323.15,322.75560837538507,2.408464742434518,197.19581167809335,0.0
58423.53057560493,323.15,322.7556087377655,2.3999999995199963,197.19563057406947,0.0
58423.53057560493,323.15,322.7556087377655,2.3999999995199963,197.19563057406947,1450.0
58423.53059674213,323.15,322.75560866360723,2.4000000004800466,197.1960380746784,1450.0
58423.53059674213,323.15,322.75560866360723,2.4000000004800466,197.1960380746784,1450.0
58440.0,323.15,322.6951768308125,2.4011209687479114,227.58667061757382,1450.0
58500.0,323.15,322.52204833314846,2.405253664504838,314.09046542779186,1450.0
58560.0,323.15,322.4144362349995,2.409454125713174,367.8495408887088,1450.0
58620.0,323.15,322.3528436798144,2.413701342072162,398.6156335435223,1450.0
58680.0,323.15,322.3192270587603,2.417975878981615,415.4066977607762,1450.0
58740.0,323.15,322.30134357208743,2.4222645468669324,424.33918039542795,1450.0
58800.0,323.15,322.2919540693902,2.426559540354921,429.0280306260614,1450.0
58860.0,323.15,322.2870558255475,2.430856538877234,431.4743038004884,1450.0
58920.0,323.15,322.284506868768,2.435153227771062,432.74869665377656,1450.0
58980.0,323.15,322.283181217895,2.439448389119513,433.41058492813613,1450.0
59040.0,323.15,322.2824915772148,2.4437413875118104,433.75463562723314,1450.0
59100.0,323.15,322.2821326428386,2.4480318930118523,433.93389076880163,1450.0
59160.0,323.15,322.28194565541816,2.452319734625865,434.0272829266714,1450.0
59220.0,323.15,322.28184815637616,2.4566048243196144,434.07597953866707,1450.0
59280.0,323.15,322.28179737053966,2.4608871172511657,434.10134494448437,1450.0
59340.0,323.15,322.28177124545965,2.4651665911776828,434.11439335179267,1450.0
59400.0,323.15,322.28175750397764,2.4694432345512234,434.1212566803147,1450.0
59460.0,323.15,322.2817499261301,2.4737170424446804,434.1250415123579,1450.0
59520.0,323.15,322.28174567806417,2.4779880136331993,434.12716326026924,1450.0
59580.0,323.15,322.28174353895184,2.4822561486635037,434.1282316564599,1450.0
59640.0,323.15,322.2817425610056,2.486521448393999,434.128720119862,1450.0
59700.0,323.15,322.281742238268,2.4907839141569386,434.1288813233204,1450.0
59760.0,323.15,322.2817421228505,2.49504354735178,434.1289389595235,1450.0
59820.0,323.15,322.2817420741416,2.499300349721151,434.1289632873079,1450.0
59880.0,323.15,322.28174193304454,2.503554322981291,434.1290337635933,1450.0
59940.0,323.15,322.28174180800505,2.5078054691421876,434.1290962188385,1450.0
60000.0,323.15,322.2817416623008,2.512053790052402,434.1291689943554,1450.0
60060.0,323.15,322.2817415536518,2.5162992876632226,434.12922325957703,1450.0
60120.0,323.15,322.28174147139447,2.520541963848708,434.1292643426702,1450.0
60180.0,323.15,322.2817414279968,2.5247818205092036,434.12928601855185,1450.0
60240.0,323.15,322.2817413951438,2.5290188594944025,434.12930242780646,1450.0
60300.0,323.15,322.2817413742816,2.5332530826909947,434.12931284726807,1450.0
60360.0,323.15,322.28174135977025,2.5374844919767843,434.12932009630566,1450.0
60420.0,323.15,322.28174135062335,2.541713089231252,434.1293246655877,1450.0
60480.0,323.15,322.2817413542145,2.5459388763368906,434.12932287154825,1450.0
60540.0,323.15,322.2817413627128,2.5501618551707157,434.1293186280023,1450.0
60600.0,323.15,322.2817413739901,2.5543820276117954,434.1293129953172,1450.0
60660.0,323.15,322.28174138785613,2.5585993955139275,434.12930606954683,1450.0
60720.0,323.15,322.2817414031628,2.562813960743399,434.12929842420044,1450.0
60780.0,323.15,322.28174141759786,2.567025725181672,434.12929121393097,1450.0
60840.0,323.15,322.28174142954487,2.571234690701134,434.12928524736105,1450.0
60900.0,323.15,322.281741437388,2.5754408591741726,434.12928132998985,1450.0
60960.0,323.15,322.2817414395111,2.5796442324731745,434.1292802691917,1450.0
61020.0,323.15,322.28174143429777,2.583844812470528,434.12928287359,1450.0
61080.0,323.15,322.28174142297684,2.5880425998000165,434.1292885284638,1450.0
61140.0,323.15,322.28174141283756,2.5922375931613995,434.1292935920441,1450.0
61200.0,323.15,322.28174140267316,2.596428820151063,434.12929867583796,1450.0
61260.0,323.15,322.2817412748381,2.598876738467002,434.1293626689269,1450.0
61320.0,323.15,322.2817412096526,2.601307780188043,434.12939522891224,1450.0
61380.0,323.15,322.2817411687549,2.603736974729119,434.1294156579102,1450.0
61440.0,323.15,322.2817411483517,2.6061627352671417,434.12942584797963,1450.0
61500.0,323.15,322.28174113158826,2.6085878282173858,434.1294342216998,1450.0
61560.0,323.15,322.2817411213504,2.6110103557998756,434.12943933548263,1450.0
61620.0,323.15,322.2817411133562,2.613432001321195,434.1294433290649,1450.0
61680.0,323.15,322.281741108885,2.6158504770738658,434.1294455635467,1450.0
61740.0,323.15,322.2817411049404,2.6182684794538273,434.1294475327558,1450.0
61800.0,323.15,322.2817411029229,2.620683059107644,434.1294485409013,1450.0
61860.0,323.15,322.2817411009515,2.623097455684056,434.12944952627777,1450.0
61920.0,323.15,322.28174109943285,2.6255098523776703,434.12945028527406,1450.0
61980.0,323.15,322.28174109822936,2.6279208576372697,434.1294508862674,1450.0
62040.0,323.15,322.2817410973408,2.630330471462854,434.12945133050727,1450.0
62100.0,323.15,322.28174109667117,2.632738464547512,434.1294516651052,1450.0
62160.0,323.15,322.2817410960699,2.635144477529968,434.1294519653376,1450.0
62220.0,323.15,322.2817410956588,2.637548801399159,434.1294521708157,1450.0
62280.0,323.15,322.281741095438,2.6399514361550858,434.1294522809136,1450.0
62340.0,323.15,322.28174109519676,2.6423522311229575,434.1294524012844,1450.0
62400.0,323.15,322.28174109489436,2.644751157295337,434.12945255293755,1450.0
62460.0,323.15,322.28174109462833,2.647148284224104,434.1294526857352,1450.0
62520.0,323.15,322.28174109439834,2.649543611909259,434.1294528015549,1450.0
62580.0,323.15,322.28174109411503,2.651937090949527,434.1294529431893,1450.0
62640.0,323.15,322.281741093814,2.654328740996323,434.1294530934059,1450.0
62700.0,323.15,322.28174109350476,2.6567185674568585,434.12945324879104,1450.0
62760.0,323.15,322.2817410931878,2.6591065703311334,434.1294534068431,1450.0
62820.0,323.15,322.2817410928628,2.6614927496191467,434.12945356943834,1450.0
62880.0,323.15,322.2817410925298,2.6638771053209,434.1294537359516,1450.0
62940.0,323.15,322.28174109218895,2.666259637436392,434.12945390575754,1450.0
63000.0,323.15,322.281741091849,2.668640364608665,434.12945407593475,1450.0
63060.0,323.15,322.28174109152,2.6710193070374646,434.12945424045955,1450.0
63120.0,323.15,322.2817410911893,2.67339643829778,434.12945440463636,1450.0
63180.0,323.15,322.2817410908562,2.6757717583896117,434.1294545722151,1450.0
63240.0,323.15,322.2817410905213,2.678145267312959,434.12945474007046,1450.0
63300.0,323.15,322.28174109018454,2.6805169650678224,434.12945490820255,1450.0
63360.0,323.15,322.28174108984587,2.6828868516542017,434.12945507723657,1450.0
63420.0,323.15,322.28174108950515,2.6852549270720965,434.12945524779667,1450.0
63480.0,323.15,322.2817410891682,2.6876212526065775,434.1294554162417,1450.0
63540.0,323.15,322.2817410888312,2.6899857905222935,434.12945558581305,1450.0
63600.0,323.15,322.28174108849413,2.6923485337967974,434.12945575389915,1450.0
63660.0,323.15,322.2817410881566,2.694709482430088,434.12945592237526,1450.0
63720.0,323.15,322.2817410878186,2.697068636422166,434.12945609124307,1450.0
63780.0,323.15,322.28174108748016,2.6994259957730313,434.12945626050094,1450.0
63840.0,323.15,322.28174108714114,2.701781560482684,434.1294564307752,1450.0
63900.0,323.15,322.281741086802,2.704135330551124,434.129456599563,1450.0
63960.0,323.15,322.2817410864622,2.706487305978351,434.12945676999317,1450.0
64020.0,323.15,322.28174108612217,2.708837486764366,434.1294569395633,1450.0
64080.0,323.15,322.28174108578156,2.7111858729091676,434.12945711014925,1450.0
64140.0,323.15,322.2817410854406,2.713532464412757,434.1294572805,1450.0
64200.0,323.15,322.2817410850992,2.7158772612751334,434.1294574512419,1450.0
64260.0,323.15,322.28174108475747,2.718220263496297,434.12945762174905,1450.0
64320.0,323.15,322.2817410844153,2.7205614710762482,434.1294577926468,1450.0
64380.0,323.15,322.28174108407455,2.722900896572064,434.1294579632946,1450.0
64440.0,323.15,322.28174108373395,2.7252385306192055,434.12945813374625,1450.0
64500.0,323.15,322.28174108339323,2.7275743717970293,434.12945830412264,1450.0
64560.0,323.15,322.2817410830526,2.729908422552321,434.12945847405524,1450.0
64620.0,323.15,322.28174108271327,2.7322406999591253,434.12945864344863,1450.0
64680.0,323.15,322.28174108237425,2.734571195088232,434.12945881357246,1450.0
64740.0,323.15,322.28174108203626,2.736899915959547,434.1294589815932,1450.0
64800.0,323.15,322.28174108296986,2.739239256099306,434.1294584880259,1450.0
64860.0,323.15,322.2817411378866,2.7423119097764035,434.12943101813437,1450.0
64920.0,323.15,322.28174116569613,2.7453898121336366,434.12941712704276,1450.0
64980.0,323.15,322.28174118296346,2.7484654403574766,434.1294085019688,1450.0
65040.0,323.15,322.2817411936309,2.7515383654088743,434.1294031731621,1450.0
65100.0,323.15,322.28174120146736,2.7546097288291844,434.12939925958426,1450.0
65160.0,323.15,322.28174120600744,2.757678536497428,434.12939699209363,1450.0
65220.0,323.15,322.28174120974194,2.7607459686621505,434.1293951261759,1450.0
65280.0,323.15,322.28174121228045,2.763811359215377,434.1293938578612,1450.0
65340.0,323.15,322.28174121380727,2.7668750231911243,434.12939309637534,1450.0
65400.0,323.15,322.2817412147046,2.7699366131755503,434.1293926480372,1450.0
65460.0,323.15,322.2817412150883,2.772996023388449,434.1293924567852,1450.0
65520.0,323.15,322.28174121479054,2.7760534067253837,434.1293926056065,1450.0
65580.0,323.15,322.2817412142917,2.779108625577372,434.1293928552691,1450.0
65640.0,323.15,322.2817412138991,2.782161591961876,434.12939305114475,1450.0
65700.0,323.15,322.281741213316,2.785212390800025,434.1293933431615,1450.0
65760.0,323.15,322.2817412127078,2.788260992936475,434.1293936470534,1450.0
65820.0,323.15,322.2817412122553,2.7913073664021626,434.12939387318363,1450.0
65880.0,323.15,322.28174121181706,2.7943515361779494,434.1293940927091,1450.0
65940.0,323.15,322.28174121139324,2.7973935022638345,434.1293943043777,1450.0
66000.0,323.15,322.28174121098374,2.8004332646598193,434.1293945088163,1450.0
66060.0,323.15,322.2817412105887,2.8034708233659025,434.12939470539845,1450.0
66120.0,323.15,322.281741210196,2.806506195283813,434.1293949028353,1450.0
66180.0,323.15,322.2817412097815,2.809539417117408,434.1293951092926,1450.0
66240.0,323.15,322.2817412093687,2.8125704534723335,434.1293953158959,1450.0
66300.0,323.15,322.28174120895784,2.8155993043485887,434.1293955213946,1450.0
66360.0,323.15,322.2817412085489,2.8186259697461735,434.1293957257877,1450.0
66420.0,323.15,322.2817412081419,2.8216504496650887,434.12939592907617,1450.0
66480.0,323.15,322.2817412077373,2.824672750473313,434.12939613157897,1450.0
66540.0,323.15,322.2817412073396,2.827692922317534,434.12939633048995,1450.0
66600.0,323.15,322.28174120694536,2.8307109256627463,434.12939652768733,1450.0
66660.0,323.15,322.2817412065545,2.8337267605089504,434.12939672317,1450.0
66720.0,323.15,322.28174120616706,2.8367404268561462,434.12939691693896,1450.0
66780.0,323.15,322.28174120578313,2.8397519247043337,434.1293971083674,1450.0
66840.0,323.15,322.2817412054025,2.8427612540535123,434.1293972987069,1450.0
66900.0,323.15,322.2817412050252,2.8457684149036826,434.12939748795696,1450.0
66960.0,323.15,322.2817412046514,2.8487734072548445,434.12939767486813,1450.0
66984.50356222237,323.15,322.28174120449984,2.850000000570045,434.1293977499776,1450.0
66984.50356222237,323.15,322.28174120449984,2.850000000570045,434.1293977499776,0.0
66984.5035687346,323.15,322.28174122230774,2.8499999994298646,434.1292998364009,0.0
66984.5035687346,323.15,322.28174122230774,2.8499999994298646,434.1292998364009,0.0
67020.0,323.15,322.3787995415216,2.842445733761625,385.4830153471768,0.0
67080.0,323.15,322.49134389858597,2.8296174365230895,329.2534025180127,0.0
67140.0,323.15,322.5650738227791,2.816748229915718,292.41279141257394,0.0
67200.0,323.15,322.6157039769452,2.8038584779472018,267.1127509056116,0.0
67260.0,323.15,322.6515974904772,2.7909590255532883,249.17607624724909,0.0
67320.0,323.15,322.67761467513657,2.778056172730417,236.17271895792896,0.0
67380.0,323.15,322.69677346483746,2.765153826023006,226.5998625889651,0.0
67440.0,323.15,322.71104494889454,2.7522545311125244,219.4670246102085,0.0
67500.0,323.15,322.72175995686865,2.7393600012722774,214.1122903102155,0.0
67560.0,323.15,322.72985025320924,2.7264714311940614,210.06902244974307,0.0
67620.0,323.15,322.73598759799785,2.7135896778737885,207.00175641305407,0.0
67680.0,323.15,322.74065616023546,2.7007153551336516,204.66853609093565,0.0
67740.0,323.15,322.74421300483715,2.6878489122746085,202.8909176630646,0.0
67800.0,323.15,322.74692590170963,2.6749906833061026,201.5350805158757,0.0
67860.0,323.15,322.74899607436697,2.66214091656483,200.50046012490714,0.0
67920.0,323.15,322.75057576618605,2.64929979752898,199.71096981424802,0.0
67980.0,323.15,322.7517819515936,2.6364674666265047,199.10814898840877,0.0
68040.0,323.15,322.75270331849305,2.6236440282702826,198.64767353015083,0.0
68100.0,323.15,322.7534055641068,2.610829557595478,198.29671017888245,0.0
68160.0,323.15,322.75393880071834,2.5980241099539376,198.03021216316742,0.0
68220.0,323.15,322.75434405362586,2.585227729428373,197.8276809641425,0.0
68280.0,323.15,322.75465381423936,2.5724404496632087,197.67286362512442,0.0
68340.0,323.15,322.7548899262127,2.559662290884534,197.55488454182057,0.0
68400.0,323.15,322.75506703115906,2.546886835335008,197.46635639528338,0.0
68460.0,323.15,322.7551977224426,2.531892382108643,197.40104116872425,0.0
68520.0,323.15,322.75529932644014,2.5169096470961634,197.35026281729918,0.0
68580.0,323.15,322.7553773377419,2.5019390157323222,197.311275431366,0.0
68640.0,323.15,322.7554368177012,2.4869810521342792,197.2815494713206,0.0
68700.0,323.15,322.7554813636705,2.472035681210105,197.2592870432529,0.0
68760.0,323.15,322.7555147667924,2.457102900800032,197.24259344197614,0.0
68820.0,323.15,322.7555396314115,2.4421827051107905,197.23016709853152,0.0
68880.0,323.15,322.75555783267936,2.42727508678032,197.2210708597227,0.0
68940.0,323.15,322.75557097725965,2.412380037959251,197.21450176004436,0.0
68989.90762049364,323.15,322.7555791079206,2.399999999519899,197.21043841536084,0.0
68989.90762049364,323.15,322.7555791079206,2.399999999519899,197.21043841536084,1450.0
68989.90772066807,323.15,322.7555787305095,2.400000000480009,197.2125017426597,1450.0
68989.90772066807,323.15,322.7555787305095,2.400000000480009,197.2125017426597,1450.0
69000.0,323.15,322.7178942677787,2.4001456908066228,216.23453395188784,1450.0
69060.0,323.15,322.53690155622115,2.401057879883068,306.6699651559273,1450.0
69120.0,323.15,322.423050128096,2.4020416740362425,363.5468263191021,1450.0
69180.0,323.15,322.3574702466785,2.4030765960769456,396.3049430148521,1450.0
69240.0,323.15,322.3215881525725,2.4041425843531457,414.2274443495606,1450.0
69300.0,323.15,322.3025025008598,2.4052257324502855,423.7600814441601,1450.0
69360.0,323.15,322.2925062107012,2.4063177398385394,428.75280049093465,1450.0
69420.0,323.15,322.2873066612361,2.4074139848821656,431.349744191463,1450.0
69480.0,323.15,322.28461535480363,2.408512003809671,432.6940649818534,1450.0
69540.0,323.15,322.2832231097304,2.4096104946707504,433.39037612046417,1450.0
69600.0,323.15,322.28250594247623,2.4107087859846885,433.75746451327944,1450.0
69660.0,323.15,322.28213575974024,2.411806524598843,433.93226140473087,1450.0
69720.0,323.15,322.2819447324768,2.4129035304485087,434.0336344585025,1450.0
69780.0,323.15,322.28184634667053,2.413999710912804,434.07501981997234,1450.0
69840.0,323.15,322.2817959684517,2.4150950186421243,434.10189112794365,1450.0
69900.0,323.15,322.28177043079023,2.4161894293208253,434.11481620774583,1450.0
69960.0,323.15,322.2817568579349,2.417282929834391,434.1214829863312,1450.0
70020.0,323.15,322.2817494830278,2.41837551473871,434.12533640448834,1450.0
70080.0,323.15,322.2817454482068,2.419467181723591,434.1272176617286,1450.0
70140.0,323.15,322.2817431037517,2.420557929784071,434.1283939955173,1450.0
70200.0,323.15,322.28174189443354,2.421647759096268,434.129107955081,1450.0
70260.0,323.15,322.2817413514735,2.422736670108171,434.129321040287,1450.0
70320.0,323.15,322.2817410428568,2.4238246630408105,434.1294774435415,1450.0
70380.0,323.15,322.28174088102486,2.4249117386197545,434.12955719494175,1450.0
70440.0,323.15,322.28174080671516,2.425997897924318,434.1295938515145,1450.0
70500.0,323.15,322.281740749369,2.4270831418911567,434.12962324771706,1450.0
70560.0,323.15,322.28174073367694,2.4281674701925007,434.1296328464886,1450.0
70620.0,323.15,322.2817407260181,2.4292508850236945,434.12963723517595,1450.0
70680.0,323.15,322.28174073607516,2.4303333857524922,434.12963221211163,1450.0
70740.0,323.15,322.2817407632928,2.4314149727901753,434.12961832177797,1450.0
70800.0,323.15,322.28174077117336,2.4324956522073533,434.12961438668617,1450.0
70860.0,323.15,322.28174077798104,2.433575420966196,434.12961098655853,1450.0
70920.0,323.15,322.28174078371563,2.4346542790667027,434.129608122644,1450.0
70980.0,323.15,322.28174078837736,2.4357322265088728,434.12960579369366,1450.0
71040.0,323.15,322.2817407919659,2.4368092632927074,434.1296040015822,1450.0
71100.0,323.15,322.28174079583897,2.4378853944501553,434.12960206726325,1450.0
71160.0,323.15,322.28174080022376,2.4389606208230368,434.12959987713816,1450.0
71220.0,323.15,322.2817408042999,2.4400349393710243,434.12959784148063,1450.0
71280.0,323.15,322.28174080806735,2.4411083500941175,434.1295959602895,1450.0
71340.0,323.15,322.2817408115264,2.442180852992317,434.1295942323149,1450.0
71400.0,323.15,322.2817408146396,2.443252448341505,434.12959267784413,1450.0
71460.0,323.15,322.2817408164813,2.4443231430294965,434.1295917583818,1450.0
71520.0,323.15,322.28174081771255,2.445392932138625,434.1295911438751,1450.0
71580.0,323.15,322.28174081846754,2.446461817999652,434.1295907673227,1450.0
71640.0,323.15,322.281740819169,2.4475298079472454,434.1295904169313,1450.0
71700.0,323.15,322.28174081957997,2.448596897870104,434.12959021138687,1450.0
71760.0,323.15,322.28174081970036,2.4496630877682284,434.129590151314,1450.0
71820.0,323.15,322.2817408195303,2.4507283776416187,434.1295902360881,1450.0
71880.0,323.15,322.2817408190696,2.4517927674902746,434.1295904663338,1450.0
71940.0,323.15,322.28174081841615,2.45285625638995,434.1295907928289,1450.0
72000.0,323.15,322.2817408176932,2.4539176493410912,434.1295911549484,1450.0
72060.0,323.15,322.2817407923987,2.454744108778582,434.1296038181962,1450.0
72120.0,323.15,322.2817407796603,2.455559088111468,434.12961017971764,1450.0
72180.0,323.15,322.281740772785,2.456373158728577,434.1296136147118,1450.0
72240.0,323.15,322.2817407680729,2.457186539164779,434.12961596869116,1450.0
72300.0,323.15,322.28174076480155,2.4579992964814483,434.129617601872,1450.0
72360.0,323.15,322.28174076351144,2.458810171294135,434.12961824636875,1450.0
72420.0,323.15,322.28174076222143,2.4596210461068218,434.12961889024024,1450.0
72480.0,323.15,322.28174076096985,2.4604318191224244,434.1296195156781,1450.0
72540.0,323.15,322.2817407604021,2.4612407878894103,434.1296197991944,1450.0
72600.0,323.15,322.28174075983424,2.4620497566563966,434.12962008333653,1450.0
72660.0,323.15,322.2817407593423,2.462858127027198,434.1296203290649,1450.0
72720.0,323.15,322.28174075902956,2.463665083662847,434.1296204854017,1450.0
72780.0,323.15,322.2817407587168,2.4644720402984963,434.12962064173854,1450.0
72840.0,323.15,322.2817407584577,2.4652779703279846,434.1296207714579,1450.0
72900.0,323.15,322.2817407582441,2.4660830306903847,434.1296208785326,1450.0
72960.0,323.15,322.2817407580306,2.4668880910527853,434.12962098498195,1450.0
73020.0,323.15,322.281740757828,2.467692426201851,434.1296210860671,1450.0
73080.0,323.15,322.2817407576354,2.4684960976279515,434.1296211821539,1450.0
73140.0,323.15,322.28174075745056,2.4692992475590794,434.1296212750293,1450.0
73200.0,323.15,322.28174075727367,2.4701018759952347,434.1296213634416,1450.0
73260.0,323.15,322.2817407571047,2.4709039829364166,434.12962144739186,1450.0
73320.0,323.15,322.2817407569402,2.4717054806308494,434.12962153045476,1450.0
73380.0,323.15,322.28174075677276,2.4725061528895576,434.1296216143306,1450.0
73440.0,323.15,322.2817407566093,2.4733061926719393,434.12962169563616,1450.0
73500.0,323.15,322.28174075644955,2.4741055999779933,434.1296217756217,1450.0
73560.0,323.15,322.2817407562937,2.4749043748077204,434.1296218536633,1450.0
73620.0,323.15,322.2817407561419,2.47570251716112,434.12962192850904,1450.0
73680.0,323.15,322.28174075598514,2.4764999311404146,434.12962200740736,1450.0
73740.0,323.15,322.28174075582643,2.477296647212033,434.12962208706494,1450.0
73800.0,323.15,322.28174075566807,2.4780926906490057,434.12962216624953,1450.0
73860.0,323.15,322.28174075551004,2.4788880614513333,434.1296222449599,1450.0
73920.0,323.15,322.28174075535213,2.4796827596190165,434.1296223244477,1450.0
73980.0,323.15,322.28174075519433,2.480476780259237,434.1296224033064,1450.0
74040.0,323.15,322.28174075503574,2.4812701092744893,434.12962248249033,1450.0
74100.0,323.15,322.28174075487703,2.482062758841662,434.1296225617444,1450.0
74160.0,323.15,322.2817407547182,2.482854728960755,434.12962264106915,1450.0
74220.0,323.15,322.28174075455917,2.4836460196317685,434.12962272108933,1450.0
74280.0,323.15,322.28174075440023,2.484436630854703,434.12962279992973,1450.0
74340.0,323.15,322.28174075424096,2.485226562629557,434.12962288009084,1450.0
74400.0,323.15,322.2817407540817,2.4860158149563323,434.1296229596974,1450.0
74460.0,323.15,322.2817407539223,2.4868043878350274,434.12962303937405,1450.0
74520.0,323.15,322.2817407537629,2.4875922812656435,434.1296231184962,1450.0
74580.0,323.15,322.2817407536033,2.4883794952481795,434.1296231983138,1450.0
74640.0,323.15,322.2817407534438,2.4891660346534343,434.12962327786806,1450.0
74700.0,323.15,322.28174075328474,2.4899519137205925,434.1296233579616,1450.0
74760.0,323.15,322.2817407531259,2.490737117184433,434.12962343697217,1450.0
74820.0,323.15,322.281740752967,2.4915216450449544,434.1296235167773,1450.0
74880.0,323.15,322.28174075280805,2.4923054973021577,434.1296235967501,1450.0
74940.0,323.15,322.28174075264934,2.4930886739560427,434.12962367564165,1450.0
75000.0,323.15,322.28174075249063,2.4938711823183963,434.1296237553926,1450.0
75060.0,323.15,322.28174075233227,2.4946530208389883,434.12962383398144,1450.0
75120.0,323.15,322.2817407521739,2.495434187049942,434.1296239130511,1450.0
75180.0,323.15,322.28174075201576,2.49621468881253,434.1296239918072,1450.0
75240.0,323.15,322.28174075185774,2.496994522945925,434.1296240706908,1450.0
75300.0,323.15,322.28174075169983,2.4977736891932536,434.12962414968734,1450.0
75360.0,323.15,322.28174075154215,2.498552187554515,434.1296242281706,1450.0
75420.0,323.15,322.28174075138435,2.4993300180297107,434.12962430801736,1450.0
75480.0,323.15,322.2817407512268,2.500107180126989,434.1296243868784,1450.0
75540.0,323.15,322.28174075106944,2.5008836746990326,434.12962446486637,1450.0
75600.0,323.15,322.28174075248404,2.501671696452885,434.129623610035,1450.0
75660.0,323.15,322.28174094586547,2.5046722474134873,434.1295269307425,1450.0
75720.0,323.15,322.28174103988766,2.507671917052144,434.12947996946025,1450.0
75780.0,323.15,322.2817411030897,2.5106698930770035,434.1294484023123,1450.0
75840.0,323.15,322.2817411358812,2.513664694696259,434.12943202349464,1450.0
75900.0,323.15,322.28174115992186,2.516657725836275,434.12942001666653,1450.0
75960.0,323.15,322.28174117645705,2.5196491908375243,434.1294117579612,1450.0
76020.0,323.15,322.2817411882897,2.522638502781823,434.1294058480567,1450.0
76080.0,323.15,322.2817411963745,2.52562609881189,434.1294018102433,1450.0
76140.0,323.15,322.2817412009139,2.5286119314444164,434.12939954288333,1450.0
76200.0,323.15,322.28174120415275,2.531595473580125,434.129397926053,1450.0
76260.0,323.15,322.28174120491536,2.5345770013141182,434.12939754513593,1450.0
76320.0,323.15,322.2817412036083,2.537556483522443,434.12939819869575,1450.0
76380.0,323.15,322.2817412033016,2.540533685382227,434.1293983519794,1450.0
76440.0,323.15,322.28174120234706,2.5435087329498445,434.1293988294005,1450.0
76500.0,323.15,322.28174120094997,2.546481615842729,434.1293995264033,1450.0
76560.0,323.15,322.28174120024124,2.5494522766972216,434.1293998807163,1450.0
76620.0,323.15,322.2817411995972,2.5524207471411735,434.1294002030401,1450.0
76680.0,323.15,322.2817411990181,2.555387027174584,434.1294004921248,1450.0
76740.0,323.15,322.28174119850365,2.558351116797454,434.1294007492202,1450.0
76800.0,323.15,322.281741198054,2.561313016009782,434.12940097370233,1450.0
76860.0,323.15,322.281741197626,2.564272739364344,434.129401188007,1450.0
76920.0,323.15,322.28174119710803,2.567230324645163,434.12940144688184,1450.0
76980.0,323.15,322.2817411966017,2.5701857374847483,434.1294017000896,1450.0
77040.0,323.15,322.2817411961069,2.5731389778830986,434.1294019476304,1450.0
77100.0,323.15,322.28174119562385,2.576090045840214,434.1294021888788,1450.0
77160.0,323.15,322.2817411951524,2.5790389413560955,434.12940242446086,1450.0
77220.0,323.15,322.28174119469196,2.5819856820760823,434.1294026550087,1450.0
77280.0,323.15,322.2817411942421,2.584930295529397,434.1294028791337,1450.0
77340.0,323.15,322.28174119380304,2.587872753066481,434.12940309963386,1450.0
77400.0,323.15,322.28174119337535,2.5908130546873345,434.1294033133822,1450.0
77460.0,323.15,322.2817411929588,2.593751200391957,434.1294035216304,1450.0
77520.0,323.15,322.2817411925534,2.5966871901803485,434.1294037243768,1450.0
77580.0,323.15,322.28174119215913,2.5996210240525097,434.129403921623,1450.0
77640.0,323.15,322.28174119177623,2.6025527020084405,434.1294041121174,1450.0
77700.0,323.15,322.28174119140425,2.6054822240481403,434.1294042983617,1450.0
77760.0,323.15,322.2817411910435,2.60840959017161,434.1294044784799,1450.0
77820.0,323.15,322.2817411906938,2.6113348003788484,434.1294046537222,1450.0
77880.0,323.15,322.2817411903554,2.6142578546698565,434.12940482283904,1450.0
77940.0,323.15,322.28174119000045,2.617178791480635,434.12940500057226,1450.0
78000.0,323.15,322.28174118962244,2.6200976202904678,434.12940518919976,1450.0
78060.0,323.15,322.2817411892466,2.6230143056623763,434.12940537697864,1450.0
78120.0,323.15,322.2817411888729,2.62592884759636,434.12940556390845,1450.0
78180.0,323.15,322.28174118850137,2.6288412460924184,434.12940574999027,1450.0
78240.0,323.15,322.28174118813223,2.631751501150553,434.1294059339724,1450.0
78300.0,323.15,322.28174118776514,2.634659612770763,434.1294061177313,1450.0
78360.0,323.15,322.2817411874003,2.6375655809530483,434.12940630001583,1450.0
78420.0,323.15,322.28174118703754,2.640469405697409,434.1294064820776,1450.0
78480.0,323.15,322.28174118667715,2.6433710870038447,434.12940666204037,1450.0
78540.0,323.15,322.2817411863189,2.6462706248723564,434.129406841154,1450.0
78600.0,323.15,322.28174118596286,2.6491680193029428,434.1294070194196,1450.0
78660.0,323.15,322.2817411856001,2.6520632921757836,434.1294072008819,1450.0
78720.0,323.15,322.2817411852332,2.654956437430774,434.12940738354786,1450.0
78780.0,323.15,322.2817411848661,2.657847444574047,434.1294075676088,1450.0
78840.0,323.15,322.28174118449823,2.660736340311715,434.12940775104505,1450.0
78900.0,323.15,322.2817411841291,2.663623127335542,434.1294079358371,1450.0
78960.0,323.15,322.28174118375927,2.666507797204698,434.12940812048726,1450.0
79020.0,323.15,322.28174118338865,2.6693903499191824,434.1294083056203,1450.0
79080.0,323.15,322.28174118301723,2.6722707854789958,434.12940849123504,1450.0
79140.0,323.15,322.281741182645,2.6751491038841375,434.1294086773332,1450.0
79200.0,323.15,322.2817411826166,2.678029863875951,434.1294086429379,1450.0
79260.0,323.15,322.28174139528795,2.6849631706410633,434.1293022068825,1450.0
79320.0,323.15,322.2817415031839,2.6918915170737066,434.1292483126089,1450.0
79380.0,323.15,322.2817415727108,2.6988163894270705,434.1292135841682,1450.0
79440.0,323.15,322.2817416172841,2.705737789437552,434.1291913199231,1450.0
79500.0,323.15,322.28174164936826,2.7126565869291825,434.129175293766,1450.0
79560.0,323.15,322.2817416712873,2.719572201079598,434.1291643440378,1450.0
79620.0,323.15,322.2817416851289,2.7264849016714234,434.1291574310694,1450.0
79680.0,323.15,322.28174169359426,2.7333940981608627,434.1291532026519,1450.0
79740.0,323.15,322.2817416955323,2.740300054019774,434.12915223483174,1450.0
79800.0,323.15,322.2817416973923,2.7472024041650824,434.1291513053517,1450.0
79860.0,323.15,322.28174169667574,2.754101290020844,434.1291516640615,1450.0
79920.0,323.15,322.2817416962119,2.7609966362261047,434.12915189534374,1450.0
79980.0,323.15,322.281741696172,2.7678884382087334,434.12915191574484,1450.0
80040.0,323.15,322.2817416959918,2.7747767110080876,434.12915200554636,1450.0
80100.0,323.15,322.2817416956711,2.7816614546241674,434.1291521659988,1450.0
80160.0,323.15,322.281741695231,2.788542685220207,434.1291523862745,1450.0
80220.0,323.15,322.28174169472555,2.7954204441296397,434.1291526390836,1450.0
80280.0,323.15,322.28174169411164,2.8022946982129486,434.1291529451571,1450.0
80340.0,323.15,322.28174169338894,2.809165447470134,434.12915330637026,1450.0
80400.0,323.15,322.28174169255755,2.816032691901195,434.1291537220989,1450.0
80460.0,323.15,322.28174169192533,2.822896461268904,434.1291540377178,1450.0
80520.0,323.15,322.28174169140055,2.8297567467051867,434.12915429937925,1450.0
80580.0,323.15,322.2817416909152,2.836613541656547,434.129154542207,1450.0
80640.0,323.15,322.2817416904696,2.843466846122987,434.12915476495107,1450.0
80697.22559032441,323.15,322.28174169008145,2.850000000570098,434.1291549589501,1450.0
80697.22559032441,323.15,322.28174169008145,2.850000000570098,434.1291549589501,0.0
80697.22559966498,323.15,322.28174171688016,2.849999999429875,434.1290076389003,0.0
80697.22559966498,323.15,322.28174171688016,2.849999999429875,434.1290076389003,0.0
80700.0,323.15,322.290456064308,2.849588698981179,429.6167597193843,0.0
80760.0,323.15,322.43620965851727,2.8406411181588154,356.80062116468304,0.0
80820.0,323.15,322.528278271744,2.83162885483397,310.7989323308663,0.0
80880.0,323.15,322.5900216288798,2.8225820519618656,279.9466630750547,0.0
80940.0,323.15,322.63309827390225,2.8135157837918205,258.420716622575,0.0
81000.0,323.15,322.66398376532976,2.804438430428331,242.98625955368553,0.0
81060.0,323.15,322.68655891531336,2.7953550143693584,231.70443735908296,0.0
81120.0,323.15,322.70329009728147,2.786268725542796,223.34294595590686,0.0
81180.0,323.15,322.71581547691,2.7771816800764295,217.08323578371548,0.0
81240.0,323.15,322.72526072401746,2.7680953294499786,212.36281001753343,0.0
81300.0,323.15,322.73242261534057,2.7590106986739595,208.7835038309373,0.0
81360.0,323.15,322.73787382156496,2.749928522334531,206.05913386732738,0.0
81420.0,323.15,322.74203413520917,2.740849337073288,203.97991028586787,0.0
81480.0,323.15,322.745215416264,2.7317735399705585,202.3899793195627,0.0
81540.0,323.15,322.74765097966514,2.722701426713226,201.17273887176395,0.0
81600.0,323.15,322.74951703481776,2.7136332194167827,200.240125143642,0.0
81660.0,323.15,322.7509472380878,2.7045690854929902,199.52534044344432,0.0
81720.0,323.15,322.7520431748157,2.6955091512219544,198.97761497979528,0.0
81780.0,323.15,322.7528829924325,2.6864535129239306,198.55789247959598,0.0
81840.0,323.15,322.75352637634813,2.677402243371363,198.2363434681788,0.0
81900.0,323.15,322.75401923144244,2.6683553978181784,197.99002563259228,0.0
81960.0,323.15,322.7543965934819,2.659313017735187,197.80142881064455,0.0
82020.0,323.15,322.75468528318385,2.6502751342080373,197.65714853510613,0.0
82080.0,323.15,322.7549059362647,2.6412417705335827,197.546871487371,0.0
82140.0,323.15,322.7550744682316,2.632212944086557,197.46264342029048,0.0
82200.0,323.15,322.75520311594363,2.623188667640448,197.39834859341164,0.0
82260.0,323.15,322.755301246021,2.6141689503876515,197.349305765585,0.0
82320.0,323.15,322.7553760239427,2.6051537987844897,197.311933787371,0.0
82380.0,323.15,322.755432944652,2.5961432172203995,197.28348640113265,0.0
82440.0,323.15,322.755476229778,2.5871372085156623,197.26185373418875,0.0
82500.0,323.15,322.75550911970976,2.5781357742847297,197.24541631338087,0.0
82560.0,323.15,322.75553409274113,2.5691389152078856,197.23293554419507,0.0
82620.0,323.15,322.75555303676055,2.5601466312443684,197.22346790938238,0.0
82680.0,323.15,322.7555673714974,2.551158921783628,197.21630386352135,0.0
82740.0,323.15,322.7555781655579,2.542175785790451,197.21090934325335,0.0
82800.0,323.15,322.7555862804567,2.5332107563677693,197.20685372941693,0.0
82860.0,323.15,322.7555924458182,2.527327392319693,197.20377246124093,0.0
82920.0,323.15,322.755597123487,2.521498128538505,197.2014347285896,0.0
82980.0,323.15,322.7556008084437,2.5157153708654363,197.19959311985446,0.0
83040.0,323.15,322.75560361889956,2.5099843868002227,197.19818855598155,0.0
83100.0,323.15,322.7556057655266,2.504306570446773,197.19711575095982,0.0
83160.0,323.15,322.75560739115946,2.498681654481901,197.1963033200491,0.0
83220.0,323.15,322.7556086596682,2.4931096208850496,197.19566936683952,0.0
83280.0,323.15,322.75560964208483,2.4875904513197713,197.1951783929562,0.0
83340.0,323.15,322.7556103505338,2.482124125882869,197.19482433839653,0.0
83400.0,323.15,322.7556109143581,2.4767105536580933,197.19454256043977,0.0
83460.0,323.15,322.75561126757844,2.471349781022908,197.19436603350692,0.0
83520.0,323.15,322.75561153807274,2.4660416875771203,197.19423085042737,0.0
83580.0,323.15,322.75561173116563,2.4607862683073907,197.19413435053306,0.0
83640.0,323.15,322.7556118365357,2.4555835180193046,197.19408169044428,0.0
83700.0,323.15,322.7556119319457,2.450433302061574,197.19403400740677,0.0
83760.0,323.15,322.75561197866904,2.445335687491206,197.19401065691093,0.0
83820.0,323.15,322.7556119939142,2.4402905942921795,197.1940030373861,0.0
83880.0,323.15,322.75561198915733,2.4352979691010295,197.19400541431688,0.0
83940.0,323.15,322.75561196828943,2.4303577938253556,197.19401584252262,0.0
84000.0,323.15,322.75561193899915,2.425470032713952,197.19403047935796,0.0
84060.0,323.15,322.755611908975,2.4206346500156113,197.19404548280284,0.0
84120.0,323.15,322.7556118769566,2.415851595550431,197.19406148342327,0.0
84180.0,323.15,322.755611848603,2.4111208302951455,197.19407565360768,0.0
84240.0,323.15,322.7556118328669,2.4064423205364744,197.19408351833707,0.0
84300.0,323.15,322.7556118357856,2.4018160278606753,197.19408206060245,0.0
84323.73957675893,323.15,322.75561184342206,2.3999999995199244,197.19407824516065,0.0
84323.73957675893,323.15,322.75561184342206,2.3999999995199244,197.19407824516065,1450.0
84323.73958446036,323.15,322.7556118207754,2.4000000004801607,197.19420276685656,1450.0
84323.73958446036,323.15,322.7556118207754,2.4000000004801607,197.19420276685656,1450.0
84360.0,323.15,322.630051198064,2.406766651515403,260.128667723845,1450.0
84420.0,323.15,322.4806342743288,2.418064415057316,334.7798056482951,1450.0
84480.0,323.15,322.39070436598666,2.4294742118010344,379.7037176132012,1450.0
84540.0,323.15,322.34010159954,2.4409745891120576,404.9799104667819,1450.0
84600.0,323.15,322.31265016656704,2.452548242338574,418.6913637075338,1450.0
84660.0,323.15,322.2980358678246,2.464184107870789,425.9907689512048,1450.0
84720.0,323.15,322.29032347998367,2.4758758163370316,429.8428399172336,1450.0
84780.0,323.15,322.28626721205313,2.4876198962574385,431.8688044697836,1450.0
84840.0,323.15,322.2841329328815,2.4994145131949255,432.9348027206415,1450.0
84900.0,323.15,322.28300831512007,2.5112587268772892,433.49651190585195,1450.0
84960.0,323.15,322.2824155964349,2.523152072269493,433.7925563586965,1450.0
85020.0,323.15,322.28210201327016,2.535094331801948,433.9491820466035,1450.0
85080.0,323.15,322.2819345867476,2.5470854204206566,434.03280711247317,1450.0
85140.0,323.15,322.28184540836133,2.559125325463019,434.0773495476986,1450.0
85200.0,323.15,322.28179773323717,2.5712140693958494,434.101162228529,1450.0
85260.0,323.15,322.2817720190341,2.583351694301381,434.1140059590414,1450.0
85320.0,323.15,322.2817583741192,2.5955382534675295,434.12082135902483,1450.0
85380.0,323.15,322.2817514754103,2.6077738057444484,434.1242671652175,1450.0
85440.0,323.15,322.28174798399306,2.620058412583394,434.12601108218405,1450.0
85500.0,323.15,322.281745901174,2.632392137427929,434.1270514406124,1450.0
85560.0,323.15,322.2817443194386,2.644775045270791,434.1278414838148,1450.0
85620.0,323.15,322.281743053601,2.657207202342031,434.1284737472231,1450.0
85680.0,323.15,322.281742358411,2.669688675748768,434.12882099986604,1450.0
85740.0,323.15,322.28174210521985,2.682219532679361,434.12894742713706,1450.0
85800.0,323.15,322.2817419831554,2.6947998408429097,434.12900839206736,1450.0
85860.0,323.15,322.2817418583042,2.707429667795319,434.1290707963309,1450.0
85920.0,323.15,322.28174184557366,2.720109082284421,434.1290771855765,1450.0
85980.0,323.15,322.28174190223405,2.7328381524441347,434.12904888947156,1450.0
86040.0,323.15,322.28174195796583,2.7456169469284055,434.1290210378579,1450.0
86100.0,323.15,322.2817420133318,2.7584455366211174,434.1289933793909,1450.0
86160.0,323.15,322.2817420217552,2.771323989689889,434.12898916585243,1450.0
86220.0,323.15,322.2817420313432,2.7842523793537883,434.12898437175795,1450.0
86280.0,323.15,322.2817420545185,2.7972307769565887,434.1289727909917,1450.0
86340.0,323.15,322.28174207771707,2.8102592524764693,434.12896120010134,1450.0
86400.0,323.15,322.2817421023588,2.8233378766790134,434.1289488903907,1450.0
86400.0,323.15,322.2817421023588,2.8233378766790134,434.1289488903907,1450.0
