time,const.y,plant_block1.T_out,plant_block1.level_out,pid_controller1.limiter.y,bang_bang_controller1.y
0.0,323.15,290.1722491934573,1.5,500.0,1450.0
60.0,323.15,290.74323354805705,1.5137893390793533,500.0,1450.0
120.0,323.15,291.3015185867851,1.5275818401625902,500.0,1450.0
180.0,323.15,291.8476390682819,1.5413772148161773,500.0,1450.0
240.0,323.15,292.38194348861265,1.5551752389752846,500.0,1450.0
300.0,323.15,292.9047787560589,1.5689756946097633,500.0,1450.0
360.0,323.15,293.41649992695903,1.582778362540314,500.0,1450.0
420.0,323.15,293.9174454428375,1.596583040515837,500.0,1450.0
480.0,323.15,294.40792917392974,1.6103895465531635,500.0,1450.0
540.0,323.15,294.88825026168985,1.6241977093011986,500.0,1450.0
600.0,323.15,295.35870533470796,1.6380073621875249,500.0,1450.0
660.0,323.15,295.81957906079134,1.651818347636687,500.0,1450.0
720.0,323.15,296.27114064745723,1.6656305211147768,500.0,1450.0
780.0,323.15,296.71365545571024,1.679443742246888,500.0,1450.0
840.0,323.15,297.14737877097224,1.693257878038107,500.0,1450.0
900.0,323.15,297.57255572958394,1.7070728037009937,500.0,1450.0
960.0,323.15,297.9894164471994,1.7208884063184129,500.0,1450.0
1020.0,323.15,298.3981807487946,1.7347045811402535,500.0,1450.0
1080.0,323.15,298.79907735389423,1.7485212148910576,500.0,1450.0
1140.0,323.15,299.1923137086274,1.762338211768708,500.0,1450.0
1200.0,323.15,299.5780932660817,1.7761554778617081,500.0,1450.0
1260.0,323.15,299.9566121925922,1.7899729242583127,500.0,1450.0
1320.0,323.15,300.32806097014753,1.803790465941984,500.0,1450.0
1380.0,323.15,300.6926253354755,1.8176080200913047,500.0,1450.0
1440.0,323.15,301.0504819839619,1.8314255109405284,500.0,1450.0
1500.0,323.15,301.40180329515505,1.8452428650280193,500.0,1450.0
1560.0,323.15,301.74675575577504,1.859060012701019,500.0,1450.0
1620.0,323.15,302.08549827233315,1.8728768895226566,500.0,1450.0
1680.0,323.15,302.4181883058057,1.8866934307051186,500.0,1450.0
1740.0,323.15,302.74497706470714,1.9005095755627832,500.0,1450.0
1800.0,323.15,303.0660080686329,1.9143252688574537,500.0,1450.0
1860.0,323.15,303.3814251120826,1.9281404535865838,500.0,1450.0
1920.0,323.15,303.69136495285915,1.94195507749955,500.0,1450.0
1980.0,323.15,303.99595833355403,1.9557690921932391,500.0,1450.0
2040.0,323.15,304.29533642587757,1.9695824477733652,500.0,1450.0
2100.0,323.15,304.5896230232134,1.9833950992028615,500.0,1450.0
2160.0,323.15,304.8789374819823,1.9972070039308287,500.0,1450.0
2220.0,323.15,305.16339959888495,2.0110181182322093,500.0,1450.0
2280.0,323.15,305.44312157376527,2.0248284032165547,500.0,1450.0
2340.0,323.15,305.71821248367047,2.038637821497036,500.0,1450.0
2400.0,323.15,305.9887811907741,2.0524463351031095,500.0,1450.0
2460.0,323.15,306.2549305238445,2.06625390968623,500.0,1450.0
2520.0,323.15,306.51676112796275,2.080060511743339,500.0,1450.0
2580.0,323.15,306.7743709183207,2.093866109078238,500.0,1450.0
2640.0,323.15,307.0278549273091,2.107670670796937,500.0,1450.0
2700.0,323.15,307.27730552590486,2.1214741672390267,500.0,1450.0
2760.0,323.15,307.5228118414714,2.135276570458609,500.0,1450.0
2820.0,323.15,307.76446114251706,2.149077853087077,500.0,1450.0
2880.0,323.15,308.00233808372815,2.162877988980976,500.0,1450.0
2940.0,323.15,308.23652501447776,2.176676952982745,500.0,1450.0
3000.0,323.15,308.4671014788037,2.1904747213960056,500.0,1450.0
3060.0,323.15,308.6941454568267,2.204271270893078,500.0,1450.0
3120.0,323.15,308.91773265744797,2.2180665791769427,500.0,1450.0
3180.0,323.15,309.13793681118835,2.2318606247427986,500.0,1450.0
3240.0,323.15,309.3548288354273,2.2456533875867963,500.0,1450.0
3300.0,323.15,309.56847837825154,2.2594448479473193,500.0,1450.0
3360.0,323.15,309.7789533352821,2.2732349867229322,500.0,1450.0
3420.0,323.15,309.98631971213473,2.287023785604464,500.0,1450.0
3480.0,323.15,310.1906413916674,2.3008112271803256,500.0,1450.0
3540.0,323.15,310.3919798700867,2.3145972950931015,500.0,1450.0
3600.0,323.15,310.5903985439599,2.328382143080635,500.0,1450.0
3660.0,323.15,310.78593860523387,2.342637858729015,500.0,1450.0
3720.0,323.15,310.9786364259092,2.3569296834336035,500.0,1450.0
3780.0,323.15,311.1685544234521,2.3712202936086397,500.0,1450.0
3840.0,323.15,311.3557416576952,2.385509763869391,500.0,1450.0
3900.0,323.15,311.5402520659748,2.3997981153851273,500.0,1450.0
3900.8477945856976,323.15,311.5428401403423,2.4000000004800026,500.0,1450.0
3900.8477945856976,323.15,311.5428401403423,2.4000000004800026,500.0,1450.0
3960.0,323.15,311.7221327682217,2.4140853426251954,500.0,1450.0
4020.0,323.15,311.9014475160572,2.4283714328125603,500.0,1450.0
4080.0,323.15,312.07824578066055,2.4426563742247995,500.0,1450.0
4140.0,323.15,312.252572065539,2.4569401564307323,500.0,1450.0
4200.0,323.15,312.42447402245756,2.4712227683683903,500.0,1450.0
4260.0,323.15,312.5940001141294,2.4855041988613773,500.0,1450.0
4320.0,323.15,312.7611986505254,2.499784436931734,500.0,1450.0
4380.0,323.15,312.9261151105405,2.5140634724000215,500.0,1450.0
4440.0,323.15,313.0887930318119,2.528341295687902,500.0,1450.0
4500.0,323.15,313.2492746144001,2.5426178975388356,500.0,1450.0
4560.0,323.15,313.40760219033046,2.5568932686720753,500.0,1450.0
4620.0,323.15,313.56381565529824,2.5711674006332066,500.0,1450.0
4680.0,323.15,313.71795631096614,2.585440284495547,500.0,1450.0
4740.0,323.15,313.87006080763257,2.599711912731321,500.0,1450.0
4800.0,323.15,314.02016888718555,2.6139822768905017,500.0,1450.0
4860.0,323.15,314.16831582350864,2.628251369910959,500.0,1450.0
4920.0,323.15,314.31453948929294,2.6425191839129885,500.0,1450.0
4980.0,323.15,314.45887442657425,2.656785712022503,500.0,1450.0
5040.0,323.15,314.6013556263294,2.671050947229535,500.0,1450.0
5100.0,323.15,314.7420154933945,2.685314883287636,500.0,1450.0
5160.0,323.15,314.8808867064898,2.699577513868711,500.0,1450.0
5220.0,323.15,315.01800212259053,2.7138388325793015,500.0,1450.0
5280.0,323.15,315.153392492582,2.7280988336472376,500.0,1450.0
5340.0,323.15,315.28708725464554,2.7423575116716847,500.0,1450.0
5400.0,323.15,315.41911656636563,2.756614861031697,500.0,1450.0
5460.0,323.15,315.5495106850337,2.7708708760590937,500.0,1450.0
5520.0,323.15,315.67829733975765,2.7851255518214404,500.0,1450.0
5580.0,323.15,315.80550333753155,2.799378883642309,500.0,1450.0
5640.0,323.15,315.93115705584586,2.8136308663641536,500.0,1450.0
5700.0,323.15,316.0552861543753,2.8278814950256983,500.0,1450.0
5760.0,323.15,316.17791479429906,2.8421307656642965,500.0,1450.0
5793.1377748614705,323.15,316.2450085263253,2.8500000005700077,500.0,1450.0
5793.1377748614705,323.15,316.2450085263253,2.8500000005700077,500.0,0.0
5793.137830765192,323.15,316.24500878267014,2.8499999994299996,500.0,0.0
5793.137830765192,323.15,316.24500878267014,2.8499999994299996,500.0,0.0
5820.0,323.15,316.3694456463657,2.849322440123925,500.0,0.0
5880.0,323.15,316.6472163847762,2.8478099754814634,500.0,0.0
5940.0,323.15,316.9247620445837,2.8462987256440684,500.0,0.0
6000.0,323.15,317.20206393459733,2.844788779881953,500.0,0.0
6060.0,323.15,317.479122613284,2.843280124363697,500.0,0.0
6120.0,323.15,317.7559379805462,2.8417727448762453,500.0,0.0
6180.0,323.15,318.032509947203,2.8402666422234617,500.0,0.0
6240.0,323.15,318.30316086662225,2.838754975847643,484.6410933342245,0.0
6300.0,323.15,318.5449824663413,2.837209989972657,460.4638309688388,0.0
6360.0,323.15,318.759746301456,2.835633435185388,438.9915913884325,0.0
6420.0,323.15,318.95153556088866,2.834029943867641,419.81620148348355,0.0
6480.0,323.15,319.1236338593306,2.832403272094855,402.60941383744716,0.0
6540.0,323.15,319.2787391890218,2.8307565284395757,387.1015201941783,0.0
6600.0,323.15,319.4190756890211,2.829092292502616,373.07016384995205,0.0
6660.0,323.15,319.54650021202616,2.8274127304045873,360.3297172455574,0.0
6720.0,323.15,319.66257315052104,2.825719672126359,348.7242228811822,0.0
6780.0,323.15,319.76861425836915,2.8240146729929663,338.1216655518502,0.0
6840.0,323.15,319.8657470957099,2.822299062914177,328.40977782534384,0.0
6900.0,323.15,319.95494054421994,2.820573993146883,319.4916917836778,0.0
6960.0,323.15,320.0370296174296,2.8188404595555756,311.28392661145597,0.0
7020.0,323.15,320.11273353380756,2.817099322996957,303.71449373654764,0.0
7080.0,323.15,320.1826802104427,2.8153513372752466,296.7207660164913,0.0
7140.0,323.15,320.24742169058806,2.8135971669248256,290.24745974379175,0.0
7200.0,323.15,320.30744316443025,2.811837397640443,284.24604546102216,0.0
7260.0,323.15,320.36317214051684,2.8100725466878105,278.6738291335432,0.0
7320.0,323.15,320.41498764988154,2.808303073772209,273.49290952378846,0.0
7380.0,323.15,320.46322677538916,2.8065293885906306,268.6695645127358,0.0
7440.0,323.15,320.5081902470841,2.8047518573060013,264.17373661828066,0.0
7500.0,323.15,320.55014741539225,2.8029708085132956,259.978502366625,0.0
7560.0,323.15,320.5893397846533,2.8011865373474634,256.0597079677331,0.0
7620.0,323.15,320.6259840176968,2.7993993090090923,252.39569142087097,0.0
7680.0,323.15,320.66027843110504,2.79760936648598,248.96662653983847,0.0
7740.0,323.15,320.69240089647343,2.7958169280774077,245.75472819998333,0.0
7800.0,323.15,320.72251219495257,2.794022191382561,242.74392090663977,0.0
7860.0,323.15,320.75075948952025,2.7922253374432393,239.91949065721894,0.0
7920.0,323.15,320.77727717421527,2.790426531758897,237.26800011479537,0.0
7980.0,323.15,320.8021870442299,2.788625924484661,234.77727159471212,0.0
8040.0,323.15,320.8256003388297,2.786823652886095,232.43618282000656,0.0
8100.0,323.15,320.8476199290632,2.7850198439890486,230.23444807224269,0.0
8160.0,323.15,320.8683394743137,2.7832146135506,228.16270291979032,0.0
8220.0,323.15,320.88784507980034,2.7814080680691657,226.2123376813074,0.0
8280.0,323.15,320.906216444084,2.7796003061705936,224.3753838454037,0.0
8340.0,323.15,320.9235273668864,2.777791419227108,222.6444625903201,0.0
8400.0,323.15,320.93984577380894,2.7759814913912426,221.0127817607268,0.0
8460.0,323.15,320.95523457692906,2.774170600627221,219.47405211620864,0.0
8520.0,323.15,320.9697522724061,2.7723588194604414,218.02242275544953,0.0
8580.0,323.15,320.9834516526178,2.7705462133784007,216.6526164225325,0.0
8640.0,323.15,320.9963835683297,2.7687328454706073,215.3595488651292,0.0
8700.0,323.15,321.00859543496784,2.766918774581727,214.1384785285168,0.0
8760.0,323.15,321.0201317265483,2.765104055912015,212.98495878497937,0.0
8820.0,323.15,321.0310305027429,2.7632887367281422,211.89518410827023,0.0
8880.0,323.15,321.0413303336192,2.7614728649192912,210.86529775510581,0.0
8940.0,323.15,321.05106643550465,2.759656484220073,209.8917787136795,0.0
9000.0,323.15,321.06027118849426,2.7578396348461394,208.9713894695966,0.0
9060.0,323.15,321.06897579918,2.7560223555495513,208.10100931406765,0.0
9120.0,323.15,321.0772088998071,2.754204681880607,207.27777545736598,0.0
9180.0,323.15,321.0849977850335,2.752386647738938,206.49895885521056,0.0
9240.0,323.15,321.0923678013483,2.750568284609259,205.76202514149014,0.0
9300.0,323.15,321.09934231173196,2.748749621505,205.06463815517034,0.0
9360.0,323.15,321.1059434854648,2.746930685926278,204.40458118448097,0.0
9420.0,323.15,321.11219207616415,2.7451115036381424,203.7797792260645,0.0
9480.0,323.15,321.11810765063393,2.7432920989471694,203.1882757505878,0.0
9540.0,323.15,321.12370859448816,2.741472494633973,202.6282322611048,0.0
9600.0,323.15,321.1290122448598,2.7396527122069525,202.0979153847315,0.0
9660.0,323.15,321.1340347830704,2.7378327717521973,201.5957071127275,0.0
9720.0,323.15,321.138791753868,2.7360126925242803,201.12005304144301,0.0
9780.0,323.15,321.14329770663943,2.7341924925370606,200.66949843358506,0.0
9840.0,323.15,321.1475662620216,2.7323721886797245,200.24268141744665,0.0
9900.0,323.15,321.15161009325533,2.730551796650518,199.83833470335478,0.0
9960.0,323.15,321.1554412917698,2.728731331415928,199.4552493135091,0.0
10020.0,323.15,321.15907129835915,2.7269108071327324,199.0922812821276,0.0
10080.0,323.15,321.16251088991095,2.725090237138054,198.74835299673447,0.0
10140.0,323.15,321.1657703316751,2.7232696341114035,198.4224380374106,0.0
10200.0,323.15,321.168859099097,2.721449009760788,198.1135889634578,0.0
10260.0,323.15,321.17178627494076,2.7196283753036727,197.8208975846244,0.0
10320.0,323.15,321.174560197273,2.7178077410320003,197.5435301605693,0.0
10380.0,323.15,321.17718910420245,2.715987117112139,197.28066296053782,0.0
10440.0,323.15,321.17968096443116,2.7141665133742876,197.0314991987853,0.0
10500.0,323.15,321.1820428294505,2.7123459385075943,196.79533377494005,0.0
10560.0,323.15,321.18428198107955,2.710525401487119,196.57143858108205,0.0
10620.0,323.15,321.18640444335546,2.708704909719634,196.35921128989494,0.0
10680.0,323.15,321.1884164598957,2.7068844708872812,196.1580275812443,0.0
10740.0,323.15,321.19032374415445,2.705064092011764,195.96731614220695,0.0
10800.0,323.15,321.1921315948311,2.7032374242708,195.78654721056864,0.0
10860.0,323.15,321.1938370723631,2.7001275640280613,195.6160145186752,0.0
10920.0,323.15,321.19546046694137,2.69700778596773,195.45368940287773,0.0
10980.0,323.15,321.1970034247559,2.693888439118122,195.29940725858376,0.0
11040.0,323.15,321.19846703165666,2.690769547712201,195.15305950863197,0.0
11100.0,323.15,321.19985503224274,2.6876511134830423,195.01427172742507,0.0
11160.0,323.15,321.2011712600785,2.6845331414202063,194.88266059199105,0.0
11220.0,323.15,321.2024190435041,2.6814156355816094,194.75789329660523,0.0
11280.0,323.15,321.2036018860884,2.678298600236561,194.63961951643546,0.0
11340.0,323.15,321.2047229378598,2.6751820392172507,194.5275242756215,0.0
11400.0,323.15,321.205785689288,2.6720659567638756,194.4212585575157,0.0
11460.0,323.15,321.2067932719912,2.6689503566729953,194.32050922859568,0.0
11520.0,323.15,321.20774875943647,2.6658352426602674,194.22496896964438,0.0
11580.0,323.15,321.2086549053453,2.6627206180462784,194.1343624317716,0.0
11640.0,323.15,321.20951423566174,2.6596064858633173,194.04843704108697,0.0
11700.0,323.15,321.21032910929165,2.6564928489356197,193.96695693024165,0.0
11760.0,323.15,321.21110168344507,2.6533797098342182,193.88970639954982,0.0
11820.0,323.15,321.21183419114146,2.6502670712223746,193.8164621647398,0.0
11880.0,323.15,321.2125285943022,2.6471549354221553,193.74702804804724,0.0
11940.0,323.15,321.21318686174465,2.6440433047643346,193.68120718247744,0.0
12000.0,323.15,321.2138108111986,2.64093218138883,193.6188178063695,0.0
12060.0,323.15,321.2144021194022,2.637821567263683,193.55969227108244,0.0
12120.0,323.15,321.21496237151865,2.6347114642376073,193.50367207342322,0.0
12180.0,323.15,321.21549304073363,2.631601874018295,193.45060990749965,0.0
12240.0,323.15,321.2159957348866,2.6284927984825734,193.40034500258284,0.0
12300.0,323.15,321.2164721322425,2.62538423959517,193.3527095439915,0.0
12360.0,323.15,321.2169234669879,2.6222761987635894,193.30758012540247,0.0
12420.0,323.15,321.2173510492199,2.6191686774901157,193.26482574811007,0.0
12480.0,323.15,321.21775612421703,2.6160616772016945,193.22432189557207,0.0
12540.0,323.15,321.2181398634553,2.6129551992292757,193.18595143041105,0.0
12600.0,323.15,321.21850336625045,2.609849244811585,193.14960442996832,0.0
12660.0,323.15,321.21884766283694,2.606743815102213,193.1151778795003,0.0
12720.0,323.15,321.21917389177173,2.603638911400663,193.08255793495226,0.0
12780.0,323.15,321.2194829357912,2.600534534675392,193.0516563293402,0.0
12840.0,323.15,321.2197756761031,2.597430685896887,193.0223849495888,0.0
12900.0,323.15,321.22005293475644,2.5943273659621835,192.99466159811183,0.0
12960.0,323.15,321.22031547255943,2.59122457569213,192.96841020017007,0.0
13020.0,323.15,321.2205642456501,2.5881223161581257,192.9435351513712,0.0
13080.0,323.15,321.2207999383331,2.5850205880872097,192.91996802716534,0.0
13140.0,323.15,321.221023155856,2.5819193921075483,192.89764830765668,0.0
13200.0,323.15,321.2212345056366,2.578818728851879,192.87651525628604,0.0
13260.0,323.15,321.221434544029,2.5757185988897175,192.85651324274423,0.0
13320.0,323.15,321.22162399915004,2.572619003004379,192.83756946146465,0.0
13380.0,323.15,321.2218035086218,2.5695199418669388,192.8196201567518,0.0
13440.0,323.15,321.2219734388539,2.566421415811551,192.80262868992986,0.0
13500.0,323.15,321.22213423980844,2.563323425276511,192.7865500689235,0.0
13560.0,323.15,321.2222863206728,2.5602259706496797,192.7713433784882,0.0
13620.0,323.15,321.2224301840002,2.557129052438442,192.756958367693,0.0
13680.0,323.15,321.2225664733034,2.5540326713300034,192.74333069173002,0.0
13740.0,323.15,321.2226953817696,2.550936827442251,192.73044103259554,0.0
13800.0,323.15,321.22281725007616,2.5478415210811662,192.71825532616825,0.0
13860.0,323.15,321.2229323879158,2.5447467525147065,192.7067426052633,0.0
13920.0,323.15,321.22304112630997,2.5416525220381594,192.69586977104254,0.0
13980.0,323.15,321.223144179577,2.5385588304263793,192.68556539817254,0.0
14040.0,323.15,321.2232416165338,2.535465677648433,192.67582260556938,0.0
14100.0,323.15,321.22333372462407,2.532373063947216,192.6666126508667,0.0
14160.0,323.15,321.2234207710656,2.529280989541043,192.65790881504876,0.0
14220.0,323.15,321.22350300285194,2.5261894546236427,192.6496864008214,0.0
14280.0,323.15,321.2235807223205,2.5230984594597654,192.6419151767907,0.0
14340.0,323.15,321.22365416294923,2.5200080042273316,192.6345717977169,0.0
14400.0,323.15,321.22372362257016,2.5168579400458,192.62762650928354,0.0
14460.0,323.15,321.2237883503081,2.5063779641840997,192.62115432344277,0.0
14520.0,323.15,321.2238492235045,2.4959052831870103,192.61506754453816,0.0
14580.0,323.15,321.2239071039191,2.4854385871786784,192.60928001956196,0.0
14640.0,323.15,321.22396256114286,2.4749769779636543,192.60373479424152,0.0
14700.0,323.15,321.2240155568954,2.464520671065844,192.5984356965578,0.0
14760.0,323.15,321.2240658801789,2.4540703507721298,192.59340382374702,0.0
14820.0,323.15,321.2241136274336,2.443625988527957,192.58862953247166,0.0
14880.0,323.15,321.22415879650595,2.4331878442030708,192.58411303721,0.0
14940.0,323.15,321.22420176288455,2.422755957561554,192.57981679309205,0.0
15000.0,323.15,321.2242424706432,2.4123303072224433,192.5757463922183,0.0
15060.0,323.15,321.2242809082118,2.4019108887624077,192.57190299152307,0.0
15071.00771093617,323.15,321.22428771358733,2.3999999995199905,192.57122251722478,0.0
15071.00771093617,323.15,321.22428771358733,2.3999999995199905,192.57122251722478,1450.0
15071.007726931097,323.15,321.22428766142303,2.4000000004800075,192.5712798703016,1450.0
15071.007726931097,323.15,321.22428766142303,2.4000000004800075,192.5712798703016,1450.0
15120.0,323.15,321.04987219359026,2.404354945033751,210.04733959981604,1450.0
15180.0,323.15,320.85021077923426,2.4096992520129557,230.01091754530617,1450.0
15240.0,323.15,320.6658772295005,2.415055537048275,248.44173400238327,1450.0
15300.0,323.15,320.496605492961,2.420423550665235,265.3664323271409,1450.0
15360.0,323.15,320.3419189245921,2.425802828411806,280.83270728164064,1450.0
15420.0,323.15,320.2011829912961,2.431192745734244,294.90403516148496,1450.0
15480.0,323.15,320.0736487013584,2.436592562634642,307.6553310446119,1450.0
15540.0,323.15,319.9584891429657,2.4420014608140086,319.1692958759366,1450.0
15600.0,323.15,319.85483546597396,2.44741858001194,329.53281962035715,1450.0
15660.0,323.15,319.7618027615311,2.4528430439131093,338.8343935060262,1450.0
15720.0,323.15,319.67851141751754,2.4582739813988543,347.1619762711853,1450.0
15780.0,323.15,319.60410520533816,2.4637105445025473,354.60118620271635,1450.0
15840.0,323.15,319.53776538035305,2.469151922357334,361.2338897641708,1450.0
15900.0,323.15,319.4787178535516,2.4745973481788326,367.1374889236467,1450.0
15960.0,323.15,319.4262386091413,2.480046104588689,372.384376078653,1450.0
16020.0,323.15,319.379657214788,2.4854975270271473,377.04158558291783,1450.0
16080.0,323.15,319.33835626167973,2.4909510031631736,381.17084945478314,1450.0
16140.0,323.15,319.3017711132873,2.496405972680075,384.82862247534524,1450.0
16200.0,323.15,319.2693888499521,2.501861926239167,388.0661882405388,1450.0
16260.0,323.15,319.2407459425513,2.507318403201145,390.9298917887094,1450.0
16320.0,323.15,319.21542489372797,2.5127749883466763,393.4614754446053,1450.0
16380.0,323.15,319.193050760315,2.518231308469207,395.69842665567785,1450.0
16440.0,323.15,319.1732879974484,2.523687029295227,397.6742936220679,1450.0
16500.0,323.15,319.1558370374909,2.529141852139928,399.41902741479174,1450.0
16560.0,323.15,319.1404309863813,2.534595510678978,400.9593122578075,1450.0
16620.0,323.15,319.1268328633308,2.5400477682452576,402.3188415055987,1450.0
16680.0,323.15,319.1148321212972,2.545498414430981,403.5186658206221,1450.0
16740.0,323.15,319.10424220021827,2.5509472626792964,404.57743724622634,1450.0
16800.0,323.15,319.09489702211005,2.5563941468673157,405.5117602932761,1450.0
16860.0,323.15,319.086649951041,2.5618389202616183,406.3362956493874,1450.0
16920.0,323.15,319.07937323527,2.5672814549400527,407.063815668765,1450.0
16980.0,323.15,319.07295068281707,2.5727216346791577,407.70593748663623,1450.0
17040.0,323.15,319.0672826567308,2.5781593597375774,408.2726221862902,1450.0
17100.0,323.15,319.0622774039221,2.5835945384465604,408.7730432956622,1450.0
17160.0,323.15,319.0578591531851,2.5890270950306435,409.21477645156335,1450.0
17220.0,323.15,319.0539582074019,2.5944569599596723,409.60479012456796,1450.0
17280.0,323.15,319.0505135177453,2.5998840724120984,409.9491878820542,1450.0
17340.0,323.15,319.0474706836148,2.605308378310953,410.25340862225835,1450.0
17400.0,323.15,319.04478220028824,2.6107298305718745,410.5222017421884,1450.0
17460.0,323.15,319.04240718910836,2.6161483888199113,410.7596538571116,1450.0
17520.0,323.15,319.04030811440913,2.6215640161293736,410.969517640121,1450.0
17580.0,323.15,319.0384527068001,2.626976680885052,411.1550198334644,1450.0
17640.0,323.15,319.03681165845325,2.6323863545580726,411.3190907764077,1450.0
17700.0,323.15,319.03536068357397,2.637793013733023,411.46415867685613,1450.0
17760.0,323.15,319.03407705602905,2.643196636630434,411.59249610173794,1450.0
17820.0,323.15,319.03294145594435,2.6485972049013333,411.7060336188617,1450.0
17880.0,323.15,319.03193617955975,2.653994701911638,411.80654053864635,1450.0
17940.0,323.15,319.031045951467,2.6593891135407954,411.8955444788474,1450.0
18000.0,323.15,319.03025761371345,2.6647724394969896,411.97436217480964,1450.0
18060.0,323.15,319.0295594113415,2.6691980705091556,412.04416831765406,1450.0
18120.0,323.15,319.0289404497194,2.6735688438017107,412.1060519957897,1450.0
18180.0,323.15,319.0283908871765,2.677937077865999,412.16099718275547,1450.0
18240.0,323.15,319.0279035035506,2.682302598760031,412.20972574564667,1450.0
18300.0,323.15,319.0274715689415,2.6866653601004358,412.25291053467924,1450.0
18360.0,323.15,319.0270891477541,2.691025343617437,412.2911449874568,1450.0
18420.0,323.15,319.02675084626236,2.6953825434016614,412.3249683654128,1450.0
18480.0,323.15,319.0264516930486,2.6997369531054667,412.3548777083581,1450.0
18540.0,323.15,319.0261865027791,2.7040885658370946,412.3813914436269,1450.0
18600.0,323.15,319.0259515791376,2.7084373798641246,412.40487912720295,1450.0
18660.0,323.15,319.0257432150191,2.712783393375718,412.4257113939725,1450.0
18720.0,323.15,319.0255583538246,2.7171266049602094,412.44419384094846,1450.0
18780.0,323.15,319.0253948773057,2.721467015367414,412.46053824952486,1450.0
18840.0,323.15,319.0252496654172,2.7258046225691666,412.4750565616065,1450.0
18900.0,323.15,319.0251207898056,2.7301394253758833,412.48794157436134,1450.0
18960.0,323.15,319.0250057251422,2.734471423258111,412.4994457695271,1450.0
19020.0,323.15,319.0249038998451,2.7388006185649005,412.50962629346475,1450.0
19080.0,323.15,319.0248130528624,2.7431270106400514,412.5187092057855,1450.0
19140.0,323.15,319.02473239997033,2.7474505994001106,412.52677291200007,1450.0
19200.0,323.15,319.02466026017186,2.7517713850131997,412.53398547728233,1450.0
19260.0,323.15,319.0245961634699,2.756089369497707,412.54039389203444,1450.0
19320.0,323.15,319.0245390265174,2.7604045536599555,412.5461064687352,1450.0
19380.0,323.15,319.02448797481264,2.7647169380841654,412.5512106405264,1450.0
19440.0,323.15,319.0244422953984,2.7690265234103193,412.5557776898514,1450.0
19500.0,323.15,319.0244012376565,2.773333310311097,412.5598826644051,1450.0
19560.0,323.15,319.0243641630872,2.7776372993618246,412.5635894027667,1450.0
19620.0,323.15,319.024331007173,2.781938492792914,412.5669043540684,1450.0
19680.0,323.15,319.0243021843708,2.7862368949490683,412.56978607663405,1450.0
19740.0,323.15,319.0242766489393,2.790532505340649,412.5723391261479,1450.0
19800.0,323.15,319.0242539809445,2.7948253254395854,412.5746054876338,1450.0
19860.0,323.15,319.02423390598125,2.7991153566035742,412.5766125963283,1450.0
19920.0,323.15,319.02421620428987,2.8034026001474235,412.57838242467193,1450.0
19980.0,323.15,319.02420038773477,2.8076870575965933,412.57996377617764,1450.0
20040.0,323.15,319.0241860867321,2.8119687303834904,412.581393601641,1450.0
20100.0,323.15,319.02417361713725,2.816247620479361,412.582640322618,1450.0
20160.0,323.15,319.02416249625486,2.820523729227693,412.5837521987778,1450.0
20220.0,323.15,319.02415244042885,2.8247970581284427,412.58475759048974,1450.0
20280.0,323.15,319.02414339316607,2.829067608926813,412.5856621450898,1450.0
20340.0,323.15,319.0241354614113,2.833335383552295,412.58645516996705,1450.0
20400.0,323.15,319.0241283125758,2.8376003834387755,412.5871699175541,1450.0
20460.0,323.15,319.02412179075594,2.841862610219366,412.5878219751071,1450.0
20520.0,323.15,319.02411605343644,2.8461220658908055,412.58839559767233,1450.0
20574.659737047834,323.15,319.0241113557982,2.8500000005700143,412.58886527237894,1450.0
20574.659737047834,323.15,319.0241113557982,2.8500000005700143,412.58886527237894,0.0
20574.65974426525,323.15,319.02411137390715,2.84999999942996,412.5888453586617,0.0
20574.65974426525,323.15,319.02411137390715,2.84999999942996,412.5888453586617,0.0
20580.0,323.15,319.03939391016087,2.848976702262441,411.03209441437957,0.0
20640.0,323.15,319.2021594314958,2.83747246399375,394.7582578027019,0.0
20700.0,323.15,319.3496741302417,2.8259567968136103,380.00916155764355,0.0
20760.0,323.15,319.483825684746,2.8144320208052145,366.5960932922559,0.0
20820.0,323.15,319.6062036590078,2.802900097228913,354.3601396373437,0.0
20880.0,323.15,319.7181574791635,2.7913626970844243,343.16639503675736,0.0
20940.0,323.15,319.82083558768437,2.779821247243702,332.90004456015777,0.0
21000.0,323.15,319.9152204902394,2.7682769718190454,323.4628618908137,0.0
21060.0,323.15,320.00216732744144,2.7567309384683782,314.7693533792738,0.0
21120.0,323.15,320.0824176024725,2.745184074783244,306.7453857404781,0.0
21180.0,323.15,320.1566181241081,2.7336371911247537,299.326292445621,0.0
21240.0,323.15,320.2253371778508,2.72209100024458,292.4552571643124,0.0
21300.0,323.15,320.28907493659966,2.7105461299877933,286.08227297955835,0.0
21360.0,323.15,320.3482742434248,2.6990031364869207,280.1630646549788,0.0
21420.0,323.15,320.4033273361554,2.6874625124442497,274.65841582833804,0.0
21480.0,323.15,320.4545859501914,2.675924699518939,269.53315980179406,0.0
21540.0,323.15,320.50236335900394,2.664390090947758,264.75597500619676,0.0
21600.0,323.15,320.54693846174547,2.6528552622540493,260.29897641660443,0.0
21660.0,323.15,320.5885709610754,2.6405710822829533,256.13619642280383,0.0
21720.0,323.15,320.62749716814716,2.628292054006131,252.2440099657798,0.0
21780.0,323.15,320.6639136757196,2.616018439053122,248.60276106556265,0.0
21840.0,323.15,320.6980067428736,2.6037504703279737,245.19382679895588,0.0
21900.0,323.15,320.72994736774984,2.5914883612742434,242.00011002820804,0.0
21960.0,323.15,320.75988830006526,2.57923230182453,239.0063380964403,0.0
22020.0,323.15,320.7879695891707,2.566982465540124,236.19850812527315,0.0
22080.0,323.15,320.81432007433426,2.55473901150933,233.56373813092776,0.0
22140.0,323.15,320.83905800068413,2.542502085131892,231.0902052333713,0.0
22200.0,323.15,320.8622912164604,2.5302718183690827,228.76712613871115,0.0
22260.0,323.15,320.8841177705579,2.5180483305031216,226.5846973003124,0.0
22320.0,323.15,320.90462854623644,2.5058317315066514,224.53383173339967,0.0
22380.0,323.15,320.92390866592945,2.4936221238672744,222.60601803205208,0.0
22440.0,323.15,320.9420364306905,2.4814196012296947,220.79342714732553,0.0
22500.0,323.15,320.95908567924056,2.4692242514486513,219.08867674937494,0.0
22560.0,323.15,320.9751241492117,2.4570361544884296,217.48499249304976,0.0
22620.0,323.15,320.99021430728175,2.4448553834723694,215.9761296370391,0.0
22680.0,323.15,321.00441362323244,2.432682005042534,214.5563444628041,0.0
22740.0,323.15,321.01777623341087,2.4205160814834525,213.22022005016618,0.0
22800.0,323.15,321.0303522691219,2.4083576698829545,211.9627400647185,0.0
22841.265543876616,323.15,321.0385694766374,2.39999999951997,211.1410974451415,0.0
22841.265543876616,323.15,321.0385694766374,2.39999999951997,211.1410974451415,1450.0
22841.265567557282,323.15,321.0385694013366,2.400000000480009,211.14118481126863,1450.0
22841.265567557282,323.15,321.0385694013366,2.400000000480009,211.14118481126863,1450.0
22860.0,323.15,320.97471892906066,2.4011231565898514,217.56179669389954,1450.0
22920.0,323.15,320.7802320879885,2.4047285770998563,237.00793340935905,1450.0
22980.0,323.15,320.60094228208385,2.4083466367274307,254.93439813990105,1450.0
23040.0,323.15,320.4365405286696,2.4119770179601057,271.3721308139412,1450.0
23100.0,323.15,320.28651145426494,2.4156191947400605,286.37269379697375,1450.0
23160.0,323.15,320.1501954752852,2.419272497241665,300.00206763697406,1450.0
23220.0,323.15,320.02684486821005,2.422936169191671,312.3350389665557,1450.0
23280.0,323.15,319.9156032906454,2.426609347525534,323.4572499685459,1450.0
23340.0,323.15,319.8155983775834,2.430291155709405,333.4559414400231,1450.0
23400.0,323.15,319.72595133231624,2.4339807125196877,342.4189931068756,1450.0
23460.0,323.15,319.64579130495366,2.4376771467121756,350.4334868556307,1450.0
23520.0,323.15,319.5742721069318,2.4413796132915837,357.58403552842674,1450.0
23580.0,323.15,319.5105864763514,2.4450873073886554,363.9513581200965,1450.0
23640.0,323.15,319.4539723591684,2.4487994700105387,369.61165197407746,1450.0
23700.0,323.15,319.4037208989484,2.452515395832879,374.63579404223583,1450.0
23760.0,323.15,319.3591738263247,2.4562344302786605,379.08960220589785,1450.0
23820.0,323.15,319.3197282210912,2.4599559741310895,383.03335977034754,1450.0
23880.0,323.15,319.28483143544173,2.463679478291819,386.5223227618036,1450.0
23940.0,323.15,319.25398139997316,2.467404444049879,389.60668955087635,1450.0
24000.0,323.15,319.2267323430719,2.471130428751479,392.3310298356234,1450.0
24060.0,323.15,319.20267997202865,2.4748570308781095,394.7357664408279,1450.0
24120.0,323.15,319.18146199795063,2.4785838906083217,396.8571204898977,1450.0
24180.0,323.15,319.1627502200741,2.4823106818551404,398.7279041248161,1450.0
24240.0,323.15,319.1462544316708,2.486037116325941,400.3771359814678,1450.0
24300.0,323.15,319.1317166747893,2.4897629377332215,401.83060501392947,1450.0
24360.0,323.15,319.11890856427345,2.4934879191651884,403.1111458448315,1450.0
24420.0,323.15,319.1076264598191,2.4972118583040857,404.2391189203547,1450.0
24480.0,323.15,319.09768928924206,2.500934575263749,405.2326235287433,1450.0
24540.0,323.15,319.08893713622814,2.5046559112001474,406.1076566580654,1450.0
24600.0,323.15,319.08122890986084,2.508375726011791,406.87831391293247,1450.0
24660.0,323.15,319.07444094383146,2.5120938969571887,407.556959444085,1450.0
24720.0,323.15,319.06846303784454,2.5158103147486215,408.1546320314549,1450.0
24780.0,323.15,319.06319866975883,2.519524883740424,408.68094385946614,1450.0
24840.0,323.15,319.0585629691761,2.52323751992782,409.1443962902293,1450.0
24900.0,323.15,319.0544810852279,2.5269481493235566,409.55250525664957,1450.0
24960.0,323.15,319.0508867313119,2.530656706535131,409.91190219659666,1450.0
25020.0,323.15,319.0477205827095,2.534363133188366,410.2284589671694,1450.0
25080.0,323.15,319.0449306099593,2.53806737821741,410.5073757261197,1450.0
25140.0,323.15,319.0424732079877,2.5417693989836065,410.75304130425855,1450.0
25200.0,323.15,319.0403078561498,2.545422102711789,410.9695513791934,1450.0
25260.0,323.15,319.03840811765343,2.5459655326002926,411.1594875914738,1450.0
25320.0,323.15,319.03672220907714,2.5464328048244584,411.32804327236505,1450.0
25380.0,323.15,319.0352296291432,2.546899877526256,411.4772701170139,1450.0
25440.0,323.15,319.03391175268445,2.547366724928526,411.60903025662475,1450.0
25500.0,323.15,319.0327496623966,2.5478333279355683,411.7252150275263,1450.0
25560.0,323.15,319.03172594342294,2.548299668692364,411.8275655532928,1450.0
25620.0,323.15,319.030824769288,2.548765730993088,411.9176641524165,1450.0
25680.0,323.15,319.030030241471,2.549231498580418,411.9971003457184,1450.0
25740.0,323.15,319.02932921797213,2.549696958080169,412.06718805903205,1450.0
25800.0,323.15,319.02870914831925,2.5501620967314222,412.12918207926015,1450.0
25860.0,323.15,319.0281608173247,2.550626905252666,412.1840037318394,1450.0
25920.0,323.15,319.0276769394737,2.551091376366447,412.23238141740023,1450.0
25980.0,323.15,319.02724972009975,2.5515555022665137,412.2750944405979,1450.0
26040.0,323.15,319.0268741647307,2.5520192780617217,412.31264214169363,1450.0
26100.0,323.15,319.02654377241987,2.55248269729907,412.34567447957727,1450.0
26160.0,323.15,319.0262530053075,2.5529457545315615,412.3747451237806,1450.0
26220.0,323.15,319.025996230814,2.5534084442216374,412.4004172150546,1450.0
26280.0,323.15,319.0257691737557,2.5538707622468606,412.42311818374947,1450.0
26340.0,323.15,319.0255681697784,2.554332705122713,412.44321438869986,1450.0
26400.0,323.15,319.02539070818324,2.554794270564476,412.46095684705415,1450.0
26460.0,323.15,319.0252343489189,2.5552554563599617,412.4765895144904,1450.0
26520.0,323.15,319.02509688868344,2.555716260545557,412.4903326731276,1450.0
26580.0,323.15,319.0249759880979,2.5561766810185427,412.5024202092185,1450.0
26640.0,323.15,319.0248697039354,2.5566367160965884,412.51304640942175,1450.0
26700.0,323.15,319.0247759287642,2.5570963639212145,412.52242197270766,1450.0
26760.0,323.15,319.0246930666005,2.557555623167107,412.53070646443496,1450.0
26820.0,323.15,319.02462049176114,2.558014493518122,412.5379624366868,1450.0
26880.0,323.15,319.02455615870446,2.5584729731813782,412.5443944023898,1450.0
26940.0,323.15,319.0244991503927,2.5589310615422662,412.5500940462004,1450.0
27000.0,323.15,319.0244492255336,2.5593887586937636,412.55508549249134,1450.0
27060.0,323.15,319.02440473621294,2.5598460632559457,412.5595334986942,1450.0
27120.0,323.15,319.0243652292714,2.5603029750988395,412.56348337033586,1450.0
27180.0,323.15,319.0243306198526,2.5607594944775363,412.5669435920793,1450.0
27240.0,323.15,319.02429973770705,2.5612156205123457,412.5700311640534,1450.0
27300.0,323.15,319.0242723494038,2.5616713533025766,412.5727694245308,1450.0
27360.0,323.15,319.02424830334377,2.5621266930330204,412.5751735303011,1450.0
27420.0,323.15,319.02422684965217,2.5625816392634895,412.5773184532919,1450.0
27480.0,323.15,319.0242077594598,2.563036192097677,412.57922707555787,1450.0
27540.0,323.15,319.0241908756174,2.5634903517140986,412.5809151087692,1450.0
27600.0,323.15,319.0241758735429,2.5639441181165936,412.5824150042467,1450.0
27660.0,323.15,319.02416254055305,2.564397491425599,412.58374802613355,1450.0
27720.0,323.15,319.0241507126711,2.5648504718123646,412.5849305684909,1450.0
27780.0,323.15,319.0241402840832,2.565303059508871,412.5859732105784,1450.0
27840.0,323.15,319.024130994008,2.565755254584439,412.5869020252283,1450.0
27900.0,323.15,319.0241226724864,2.5662070572033415,412.5877340045532,1450.0
27960.0,323.15,319.0241152262142,2.5666584676099564,412.58847847727174,1450.0
28020.0,323.15,319.02410854515057,2.567109486030883,412.58914644501647,1450.0
28080.0,323.15,319.02410253727106,2.5675601127113663,412.58974710835116,1450.0
28140.0,323.15,319.0240971285678,2.5680103479152976,412.5902878663901,1450.0
28200.0,323.15,319.0240926576591,2.5684601923321058,412.5907348644892,1450.0
28260.0,323.15,319.0240888490392,2.568909646017604,412.5911156475006,1450.0
28320.0,323.15,319.0240855935878,2.569358709199335,412.5914411251093,1450.0
28380.0,323.15,319.02408282510504,2.5698073821491145,412.59171791598186,1450.0
28440.0,323.15,319.0240804773909,2.5702556651387605,412.59195263878183,1450.0
28500.0,323.15,319.02407848269064,2.5707035584384132,412.5921520674263,1450.0
28560.0,323.15,319.0240766696368,2.571151062206683,412.59233333519506,1450.0
28620.0,323.15,319.02407506889136,2.5715981768145046,412.59249337641694,1450.0
28680.0,323.15,319.02407365182404,2.572044902568479,412.59263505390254,1450.0
28740.0,323.15,319.02407236041705,2.5724912397420234,412.5927641679436,1450.0
28800.0,323.15,319.0240711921361,2.572937351371975,412.59288097143616,1450.0
28860.0,323.15,319.02407041578596,2.5753667254997263,412.5929585462968,1450.0
28920.0,323.15,319.0240697605274,2.577793429659111,412.59302405876605,1450.0
28980.0,323.15,319.0240691735158,2.5802183693757077,412.59308274778783,1450.0
29040.0,323.15,319.02406864804794,2.582641545838332,412.5931352835487,1450.0
29100.0,323.15,319.02406817239074,2.5850631540164093,412.59318283949364,1450.0
29160.0,323.15,319.02406774146476,2.58748309791894,412.593225923113,1450.0
29220.0,323.15,319.0240673492754,2.589901600572922,412.5932651339939,1450.0
29280.0,323.15,319.02406699724366,2.592318371613097,412.5933003298883,1450.0
29340.0,323.15,319.0240666855297,2.5947333782899915,412.59333149484513,1450.0
29400.0,323.15,319.0240664109927,2.5971466425341987,412.5933589428369,1450.0
29460.0,323.15,319.024066165953,2.599558026052249,412.59338344183936,1450.0
29520.0,323.15,319.02406595432336,2.6019675993047624,412.59340460060497,1450.0
29580.0,323.15,319.0240657567047,2.6043753159071,412.5934243583387,1450.0
29640.0,323.15,319.0240655776294,2.6067811866970114,412.5934422621988,1450.0
29700.0,323.15,319.0240654187857,2.6091852157114177,412.5934581434997,1450.0
29760.0,323.15,319.02406528017406,2.611587402950317,412.59347200174295,1450.0
29820.0,323.15,319.02406516079765,2.6139877506493265,412.5934839369885,1450.0
29880.0,323.15,319.0240650357553,2.61638631467924,412.5934964386408,1450.0
29940.0,323.15,319.02406492188044,2.618783057271016,412.59350782382353,1450.0
30000.0,323.15,319.0240648191729,2.6211779784246545,412.5935180926591,1450.0
30060.0,323.15,319.02406472763306,2.6235710781401553,412.593527244775,1450.0
30120.0,323.15,319.0240646472608,2.6259623564175185,412.59353528029624,1450.0
30180.0,323.15,319.02406457805574,2.6283518132567445,412.5935421995962,1450.0
30240.0,323.15,319.0240645200184,2.630739448657833,412.5935480021765,1450.0
30300.0,323.15,319.0240644731486,2.6331252626207835,412.59355268816034,1450.0
30360.0,323.15,319.0240644374464,2.635509255145597,412.59355625754955,1450.0
30420.0,323.15,319.0240644035509,2.637891439913449,412.59355964655276,1450.0
30480.0,323.15,319.0240643603915,2.640271833105294,412.5935639617287,1450.0
30540.0,323.15,319.02406432317383,2.6426504124971064,412.59356768270425,1450.0
30600.0,323.15,319.0240642918977,2.6450271780888874,412.5935708097268,1450.0
30660.0,323.15,319.02406426656313,2.6474021298806356,412.59357334267224,1450.0
30720.0,323.15,319.0240642471702,2.6497752678723523,412.59357528154135,1450.0
30780.0,323.15,319.0240642337188,2.652146592064036,412.59357662645755,1450.0
30840.0,323.15,319.02406422620896,2.6545161024556885,412.5935773772966,1450.0
30900.0,323.15,319.0240642246409,2.656883799047308,412.5935775339343,1450.0
30960.0,323.15,319.0240642290141,2.659249681838896,412.59357709687004,1450.0
31020.0,323.15,319.02406422218695,2.661613831578553,412.5935777793433,1450.0
31080.0,323.15,319.02406420866095,2.6639762270605742,412.5935791316721,1450.0
31140.0,323.15,319.024064196123,2.6663368320758454,412.5935803852773,1450.0
31200.0,323.15,319.0240641845731,2.6686956466243674,412.59358154016076,1450.0
31260.0,323.15,319.02406417401147,2.671052670706141,412.59358259607063,1450.0
31320.0,323.15,319.0240641644378,2.6734079043211643,412.5935835533838,1450.0
31380.0,323.15,319.0240641558524,2.6757613474694386,412.5935844117242,1450.0
31440.0,323.15,319.02406414825504,2.6781130001509643,412.5935851713411,1450.0
31500.0,323.15,319.0240641416456,2.68046286236574,412.59358583236224,1450.0
31560.0,323.15,319.0240641360246,2.682810934113767,412.5935863942846,1450.0
31620.0,323.15,319.0240641313915,2.6851572153950443,412.5935868576104,1450.0
31680.0,323.15,319.0240641277466,2.6875017062095723,412.59358722208754,1450.0
31740.0,323.15,319.02406412509,2.6898444065573517,412.5935874875928,1450.0
31800.0,323.15,319.02406412342117,2.692185316438381,412.5935876546265,1450.0
31860.0,323.15,319.02406412274064,2.694524435852662,412.59358772268564,1450.0
31920.0,323.15,319.02406412304816,2.696861764800193,412.59358769202396,1450.0
31980.0,323.15,319.02406412434374,2.699197303280975,412.59358756263873,1450.0
32040.0,323.15,319.0240641266276,2.701531051295008,412.5935873342826,1450.0
32100.0,323.15,319.0240641298994,2.7038630088422915,412.5935870073271,1450.0
32160.0,323.15,319.024064135825,2.7061931692546106,412.59358641483243,1450.0
32220.0,323.15,319.0240641470687,2.708521522308161,412.5935852908455,1450.0
32280.0,323.15,319.0240641579123,2.7108481001643594,412.59358420658947,1450.0
32340.0,323.15,319.0240641685879,2.7131729007432908,412.5935831393772,1450.0
32400.0,323.15,319.02406417628885,2.7154738049498715,412.5935823926426,1450.0
32460.0,323.15,319.02406398208535,2.7160517657638152,412.59360182282416,1450.0
32520.0,323.15,319.02406381642135,2.7166212306667017,412.59361838612756,1450.0
32580.0,323.15,319.0240636690443,2.7171901798023312,412.5936331209095,1450.0
32640.0,323.15,319.0240635513148,2.7177579801306733,412.5936448915349,1450.0
32700.0,323.15,319.02406344413845,2.718325371530914,412.59365560712456,1450.0
32760.0,323.15,319.02406333696223,2.7188927629311554,412.59366632259,1450.0
32820.0,323.15,319.02406324534155,2.7194593259475646,412.59367548299065,1450.0
32880.0,323.15,319.02406316733715,2.720025163869584,412.59368328187327,1450.0
32940.0,323.15,319.02406308933286,2.720591001791603,412.5936910806317,1450.0
33000.0,323.15,319.02406301829666,2.721156330011521,412.59369818283125,1450.0
33060.0,323.15,319.02406296147177,2.7217206187041305,412.5937038643901,1450.0
33120.0,323.15,319.0240629046472,2.7222849073967397,412.5937095455747,1450.0
33180.0,323.15,319.0240628485356,2.7228491178244663,412.5937151557363,1450.0
33240.0,323.15,319.02406279935866,2.723412567259306,412.5937200724202,1450.0
33300.0,323.15,319.02406275361585,2.7239756398186166,412.59372464588574,1450.0
33360.0,323.15,319.0240627113074,2.7245383355023973,412.5937288758827,1450.0
33420.0,323.15,319.0240626724331,2.725100654310649,412.59373276266035,1450.0
33480.0,323.15,319.02406263699316,2.725662596243372,412.59373630596946,1450.0
33540.0,323.15,319.02406260498736,2.726224161300565,412.59373950606016,1450.0
33600.0,323.15,319.02406257537626,2.726785183941859,412.5937424664091,1450.0
33660.0,323.15,319.0240625484376,2.7273457084647768,412.5937451597755,1450.0
33720.0,323.15,319.0240625245255,2.727905791236743,412.59374755070775,1450.0
33780.0,323.15,319.02406250364044,2.7284654322577566,412.59374963870385,1450.0
33840.0,323.15,319.0240624857818,2.729024631527819,412.5937514243908,1450.0
33900.0,323.15,319.02406247095024,2.7295833890469283,412.5937529071425,1450.0
33960.0,323.15,319.02406245786693,2.7301416744726503,412.59375421525226,1450.0
34020.0,323.15,319.02406244412697,2.730699430715768,412.5937555889653,1450.0
34080.0,323.15,319.024062432177,2.7312567158527696,412.59375678373436,1450.0
34140.0,323.15,319.02406242201704,2.7318135298836546,412.59375779956036,1450.0
34200.0,323.15,319.0240624136472,2.732369872808424,412.5937586363174,1450.0
34260.0,323.15,319.0240624070672,2.732925744627077,412.5937592942563,1450.0
34320.0,323.15,319.0240624022775,2.7334811453396144,412.5937597730003,1450.0
34380.0,323.15,319.0240623950936,2.734036058714514,412.59376049123995,1450.0
34440.0,323.15,319.0240623880222,2.7345904944751864,412.59376119821917,1450.0
34500.0,323.15,319.0240623814672,2.7351444541901655,412.59376185381865,1450.0
34560.0,323.15,319.0240623754294,2.735697937859451,412.5937624572908,1450.0
34620.0,323.15,319.024062369908,2.736250945483042,412.5937630095082,1450.0
34680.0,323.15,319.0240623649035,2.73680347706094,412.5937635098476,1450.0
34740.0,323.15,319.0240623604158,2.737355532593144,412.5937639584329,1450.0
34800.0,323.15,319.02406235644474,2.737907112079654,412.59376435551525,1450.0
34860.0,323.15,319.0240623529905,2.73845821552047,412.5937647008437,1450.0
34920.0,323.15,319.0240623500528,2.7390088429155925,412.5937649946691,1450.0
34980.0,323.15,319.02406234763197,2.7395589942650216,412.5937652367396,1450.0
35040.0,323.15,319.0240623457278,2.7401086695687566,412.59376542718303,1450.0
35100.0,323.15,319.02406234429003,2.7406578707556704,412.59376557075404,1450.0
35160.0,323.15,319.02406234275287,2.741206619355231,412.5937657244753,1450.0
35220.0,323.15,319.02406234163703,2.741754895540597,412.59376583614335,1450.0
35280.0,323.15,319.02406234094275,2.742302699311769,412.5937659055097,1450.0
35340.0,323.15,319.0240623406698,2.742850030668746,412.5937659328255,1450.0
35400.0,323.15,319.02406234081815,2.743396889611529,412.5937659180879,1450.0
35460.0,323.15,319.0240623413882,2.7439432761401172,412.5937658609246,1450.0
35520.0,323.15,319.0240623417672,2.7444891977363777,412.5937658232434,1450.0
35580.0,323.15,319.0240623420571,2.7450346531634695,412.5937657941689,1450.0
35640.0,323.15,319.02406234251185,2.7455796393117127,412.5937657486977,1450.0
35700.0,323.15,319.024062342979,2.7461241579578672,412.5937657020273,1450.0
35760.0,323.15,319.0240623433089,2.7466682108451423,412.59376566910913,1450.0
35820.0,323.15,319.0240623435423,2.747211798630017,412.5937656457399,1450.0
35880.0,323.15,319.0240623436769,2.747754921364151,412.5937656323504,1450.0
35940.0,323.15,319.0240623437207,2.748297578855155,412.59376562789265,1450.0
36000.0,323.15,319.0240623487303,2.7488771043193116,412.59376512359563,1450.0
36060.0,323.15,319.02406237949384,2.749660939292029,412.59376204552075,1450.0
36120.0,323.15,319.0240624066566,2.7504512144361764,412.59375932978577,1450.0
36180.0,323.15,319.0240624293161,2.7512403665853284,412.59375706423,1450.0
36240.0,323.15,319.02406245055596,2.75202915025626,412.59375494085174,1450.0
36300.0,323.15,319.02406246864,2.752816931415063,412.59375313264906,1450.0
36360.0,323.15,319.02406248584117,2.753604432191675,412.5937514128902,1450.0
36420.0,323.15,319.02406250024166,2.754390844736467,412.59374997307265,1450.0
36480.0,323.15,319.02406251414646,2.755177064708953,412.59374858287146,1450.0
36540.0,323.15,319.024062526709,2.755962607823149,412.5937473270238,1450.0
36600.0,323.15,319.02406253816724,2.7567475940496973,412.5937461815601,1450.0
36660.0,323.15,319.0240625485995,2.757532062710701,412.59374513841556,1450.0
36720.0,323.15,319.024062558008,2.7583160042704113,412.5937441976655,1450.0
36780.0,323.15,319.02406256644775,2.759099214737577,412.59374335389543,1450.0
36840.0,323.15,319.0240625738855,2.7598818179134583,412.5937426103006,1450.0
36900.0,323.15,319.0240625803212,2.7606638137980553,412.59374196687907,1450.0
36960.0,323.15,319.0240625859207,2.761445181630177,412.59374140694814,1450.0
37020.0,323.15,319.02406259147705,2.762225822058849,412.59374085153536,1450.0
37080.0,323.15,319.0240625964603,2.7630058014781005,412.5937403533859,1450.0
37140.0,323.15,319.0240626008704,2.7637851198879315,412.59373991250163,1450.0
37200.0,323.15,319.02406260470747,2.764563777288342,412.59373952888063,1450.0
37260.0,323.15,319.02406260797153,2.765341773679331,412.593739202398,1450.0
37320.0,323.15,319.02406261066216,2.7661191090609005,412.59373893355564,1450.0
37380.0,323.15,319.0240626127799,2.766895783433049,412.5937387217274,1450.0
37440.0,323.15,319.0240626147294,2.7676718163375256,412.5937385268154,1450.0
37500.0,323.15,319.02406261673065,2.768447218389226,412.5937383268212,1450.0
37560.0,323.15,319.02406261837217,2.769221969727297,412.5937381627274,1450.0
37620.0,323.15,319.0240626196539,2.7699960703517377,412.5937380346599,1450.0
37680.0,323.15,319.0240626205759,2.770769520262548,412.5937379424945,1450.0
37740.0,323.15,319.02406262113806,2.7715423194597286,412.59373788635634,1450.0
37800.0,323.15,319.02406262134065,2.772314467943279,412.5937378659925,1450.0
37860.0,323.15,319.0240626211833,2.7730859657131997,412.59373788178186,1450.0
37920.0,323.15,319.02406262148014,2.773856825953753,412.5937378521284,1450.0
37980.0,323.15,319.02406262193546,2.774627043876815,412.59373780670694,1450.0
38040.0,323.15,319.0240626222923,2.7753966153178093,412.5937377710438,1450.0
38100.0,323.15,319.02406262255073,2.7761655402767356,412.59373774513966,1450.0
38160.0,323.15,319.02406262271046,2.7769338187535935,412.59373772924397,1450.0
38220.0,323.15,319.0240626227716,2.7777014507483835,412.5937377232315,1450.0
38280.0,323.15,319.02406262273433,2.778468436261106,412.5937377269782,1450.0
38340.0,323.15,319.0240626225986,2.7792347752917608,412.5937377404831,1450.0
38400.0,323.15,319.0240626223643,2.780000467840347,412.59373776387133,1450.0
38460.0,323.15,319.0240626220313,2.780765513906866,412.59373779726883,1450.0
38520.0,323.15,319.02406262159997,2.7815299134913163,412.5937378403004,1450.0
38580.0,323.15,319.02406262106985,2.782293666593699,412.59373789346444,1450.0
38640.0,323.15,319.0240626204415,2.783056773214014,412.5937379561375,1450.0
38700.0,323.15,319.02406261971447,2.7838192333522613,412.59373802881976,1450.0
38760.0,323.15,319.02406261888876,2.7845810470084404,412.59373811150954,1450.0
38820.0,323.15,319.024062618026,2.785342219873282,412.5937381978176,1450.0
38880.0,323.15,319.02406261723894,2.7861027623980816,412.5937382764306,1450.0
38940.0,323.15,319.02406261638106,2.786862661006633,412.5937383620917,1450.0
39000.0,323.15,319.0240626154521,2.7876219156989364,412.59373845505183,1450.0
39060.0,323.15,319.02406261445236,2.7883805264749917,412.5937385550609,1450.0
39120.0,323.15,319.0240626133818,2.7891384933347987,412.5937386621189,1450.0
39180.0,323.15,319.02406261224047,2.789895816278357,412.5937387761008,1450.0
39240.0,323.15,319.0240626110281,2.7906524953056673,412.59373889738083,1450.0
39300.0,323.15,319.0240626098719,2.791408539277929,412.59373901300654,1450.0
39360.0,323.15,319.02406260878973,2.792163949446632,412.59373912127745,1450.0
39420.0,323.15,319.024062607692,2.7929187195569116,412.5937392311041,1450.0
39480.0,323.15,319.02406260657875,2.7936728496087673,412.59373934236055,1450.0
39540.0,323.15,319.0240626054909,2.7944263428107607,412.5937394511261,1450.0
39600.0,323.15,319.02406260515676,2.7951854424188767,412.59373946093444,1450.0
39660.0,323.15,319.0240628899034,2.7987005910788736,412.59371096356966,1450.0
39720.0,323.15,319.0240631376293,2.8022235454560613,412.5936861958555,1450.0
39780.0,323.15,319.0240633552574,2.805743532669235,412.5936644372805,1450.0
39840.0,323.15,319.0240635429355,2.8092601775645774,412.59364567312656,1450.0
39900.0,323.15,319.02406371788885,2.8127751354397867,412.5936281811624,1450.0
39960.0,323.15,319.0240638755442,2.816287799993018,412.5936124187215,1450.0
40020.0,323.15,319.0240640127319,2.819797170757929,412.59359870252365,1450.0
40080.0,323.15,319.0240641412773,2.8233050647826605,412.59358585052104,1450.0
40140.0,323.15,319.0240642518841,2.8268095515132914,412.59357479188753,1450.0
40200.0,323.15,319.0240643582917,2.8303130534834966,412.59356415318894,1450.0
40260.0,323.15,319.0240644546365,2.833814195585368,412.59355452051614,1450.0
40320.0,323.15,319.0240645431505,2.8373135012448034,412.59354567078753,1450.0
40380.0,323.15,319.0240646237541,2.840810819838335,412.59353761197383,1450.0
40440.0,323.15,319.02406469611645,2.8443055240100272,412.59353037723054,1450.0
40500.0,323.15,319.02406476044035,2.8477979982141606,412.59352394622795,1450.0
40537.84966113418,323.15,319.024064796883,2.8500000005700046,412.59352030255735,1450.0
40537.84966113418,323.15,319.024064796883,2.8500000005700046,412.59352030255735,0.0
40537.849667899674,323.15,319.0240648136949,2.849999999429924,412.5935018153356,0.0
40537.849667899674,323.15,319.0240648136949,2.849999999429924,412.5935018153356,0.0
40560.0,323.15,319.0866148535394,2.845472275084329,406.3107955651194,0.0
40620.0,323.15,319.2449327236257,2.8331997340804556,390.4816160990368,0.0
40680.0,323.15,319.3885942448391,2.820917456499189,376.11774818385805,0.0
40740.0,323.15,319.51938974404544,2.808627652822682,363.04020986354175,0.0
40800.0,323.15,319.6388317291398,2.796332197630388,351.09779225192665,0.0
40860.0,323.15,319.7481997761541,2.784032682591416,340.1625717346947,0.0
40920.0,323.15,319.84858177511154,2.7717304651767787,330.1257865437803,0.0
40980.0,323.15,319.9409244750171,2.759426729012449,320.8927835711996,0.0
41040.0,323.15,320.02604956436977,2.747122503345785,312.381417737884,0.0
41100.0,323.15,320.1046676900136,2.7348186800123395,304.52062697005545,0.0
41160.0,323.15,320.1774003409793,2.72251603987635,297.24831267140416,0.0
41220.0,323.15,320.24479321674306,2.710215269117462,290.5098989376111,0.0
41280.0,323.15,320.3073310703059,2.6979169773215874,284.2568244123692,0.0
41340.0,323.15,320.36544045294676,2.6856217012262187,278.4465415566606,0.0
41400.0,323.15,320.4195048152804,2.673329922620188,273.0408718670244,0.0
41460.0,323.15,320.469860342333,2.6610420644832566,268.0058684224598,0.0
41520.0,323.15,320.5168090385069,2.648758506324697,263.311476546482,0.0
41580.0,323.15,320.56062369140733,2.6364795901589573,258.9306749587812,0.0
41640.0,323.15,320.60154874821745,2.6242056223975934,254.83873472747672,0.0
41700.0,323.15,320.63980788019427,2.611936881998953,251.01277556403687,0.0
41760.0,323.15,320.6755997701927,2.5996736176956756,247.4338889955292,0.0
41820.0,323.15,320.70910853965364,2.587416057047234,244.08428982682705,0.0
41880.0,323.15,320.7404971800748,2.5751644036083707,240.94480340013033,0.0
41940.0,323.15,320.7699165645018,2.5629188440033714,238.00323543949924,0.0
42000.0,323.15,320.79750503439294,2.5506795483349327,235.2452947260212,0.0
42060.0,323.15,320.8233890783509,2.5384466717501835,232.656656387661,0.0
42120.0,323.15,320.8476846765819,2.526220356059673,230.22690804330938,0.0
42180.0,323.15,320.8704973640493,2.5140007293868516,227.94694646039727,0.0
42240.0,323.15,320.8919248990358,2.5017879100745013,225.8048378405526,0.0
42300.0,323.15,320.91205763143677,2.4895820068912897,223.7907339849814,0.0
42360.0,323.15,320.9309791455058,2.477383119794661,221.89903109036936,0.0
42420.0,323.15,320.9487667869112,2.465191340673156,220.12049948820288,0.0
42480.0,323.15,320.9654923226405,2.4530067542959686,218.4480420121224,0.0
42540.0,323.15,320.9812217467094,2.44082943791091,216.87530733813657,0.0
42600.0,323.15,320.996017219855,2.4286594638018375,215.3958856803376,0.0
42660.0,323.15,321.0099362751817,2.416496898327492,214.00404052955454,0.0
42720.0,323.15,321.0230323992791,2.404341802550964,212.69467189372753,0.0
42741.44100907159,323.15,321.0275221751256,2.3999999995198986,212.24579677599456,0.0
42741.44100907159,323.15,321.0275221751256,2.3999999995198986,212.24579677599456,1450.0
42741.44103274593,323.15,321.0275221001636,2.4000000004800026,212.24588384189343,1450.0
42741.44103274593,323.15,321.0275221001636,2.4000000004800026,212.24588384189343,1450.0
42780.0,323.15,320.8982293380847,2.402313529535416,225.20977855038274,1450.0
42840.0,323.15,320.70958644007925,2.4059239610267924,244.07152928670186,1450.0
42900.0,323.15,320.5360510154806,2.4095469379081056,261.4225787318774,1450.0
42960.0,323.15,320.37723020797597,2.4131820576626057,277.3022511022025,1450.0
43020.0,323.15,320.2325455527172,2.4168287311377106,291.7684159455345,1450.0
43080.0,323.15,320.10130856634254,2.420486260362591,304.88994052698814,1450.0
43140.0,323.15,319.9827032672808,2.424153821163312,316.7484340795508,1450.0
43200.0,323.15,319.8758747975291,2.4278388086119405,327.4293917836194,1450.0
43260.0,323.15,319.77996624159624,2.4327446118670353,337.0184969906286,1450.0
43320.0,323.15,319.694107791715,2.4376844587215616,345.6027392641275,1450.0
43380.0,323.15,319.6174475051719,2.4426302926614927,353.2673090362549,1450.0
43440.0,323.15,319.5491230761033,2.4475813217890625,360.0984300279597,1450.0
43500.0,323.15,319.48833522210276,2.4525367445623196,366.17602235106546,1450.0
43560.0,323.15,319.43434303761006,2.4574958263298967,371.574168077154,1450.0
43620.0,323.15,319.3864511899778,2.4624578833127533,376.3623912699877,1450.0
43680.0,323.15,319.3440187850278,2.4674222836111803,380.6047720001253,1450.0
43740.0,323.15,319.30646026373887,2.472388449654153,384.3598575774111,1450.0
43800.0,323.15,319.27324405531584,2.4773558562253952,387.6807962253489,1450.0
43860.0,323.15,319.24388855072,2.4823240286167585,390.61574016487003,1450.0
43920.0,323.15,319.21796100554894,2.4872925383095352,393.20795681240065,1450.0
43980.0,323.15,319.19507358772654,2.4922610015646014,395.4962219295518,1450.0
44040.0,323.15,319.1748779858428,2.497229073547186,397.5153601512223,1450.0
44100.0,323.15,319.15706366691796,2.50219644671134,399.2964190812314,1450.0
44160.0,323.15,319.1413535550475,2.507162846468706,400.86710086685554,1450.0
44220.0,323.15,319.1275030510589,2.512128030297178,402.2518603885768,1450.0
44280.0,323.15,319.11529369221154,2.517091781486199,403.4725395149163,1450.0
44340.0,323.15,319.1045317176602,2.5220539077366078,404.5485105572846,1450.0
44400.0,323.15,319.09504734396097,2.5270142404666296,405.49674833321774,1450.0
44460.0,323.15,319.08668953755654,2.531972629688433,406.3323530668386,1450.0
44520.0,323.15,319.0793236247601,2.536928941660438,407.0687893412584,1450.0
44580.0,323.15,319.0728318970891,2.541883059517899,407.71782553291905,1450.0
44640.0,323.15,319.0671097601174,2.5468348794637117,408.28991892975705,1450.0
44700.0,323.15,319.0620650265187,2.5517843100616027,408.79428637924667,1450.0
44760.0,323.15,319.05761737834,2.5567312717522523,409.23895788251025,1450.0
44820.0,323.15,319.05369604536446,2.5616756945331964,409.63100889502437,1450.0
44880.0,323.15,319.0502380802854,2.566617516225867,409.97673301082517,1450.0
44940.0,323.15,319.0471881357517,2.5715566823049607,410.28166381079353,1450.0
45000.0,323.15,319.0444978157943,2.576493145240887,410.5506394510689,1450.0
45060.0,323.15,319.04212372679666,2.581426862557266,410.7879984198899,1450.0
45120.0,323.15,319.04002869499647,2.5863577980253134,410.9974581275308,1450.0
45180.0,323.15,319.03817922533375,2.5912859191637474,411.1823672931305,1450.0
45240.0,323.15,319.0365466350675,2.596211198325712,411.3455920057362,1450.0
45300.0,323.15,319.0351052126045,2.601133610902435,411.4897031985075,1450.0
45360.0,323.15,319.03383251388624,2.606053135600792,411.61694762984047,1450.0
45420.0,323.15,319.0327085514104,2.610969753640716,411.7293227769347,1450.0
45480.0,323.15,319.031715725957,2.615883448696913,411.8285829984812,1450.0
45540.0,323.15,319.0308383587961,2.6207942064089007,411.9162978553485,1450.0
45600.0,323.15,319.03006287993236,2.625702014569385,411.99383353571494,1450.0
45660.0,323.15,319.02937714361013,2.63060686243951,412.0623997269075,1450.0
45720.0,323.15,319.02877078372507,2.635508741081494,412.1230156305499,1450.0
45780.0,323.15,319.0282345078255,2.6404076426696683,412.1766206467628,1450.0
45840.0,323.15,319.027760231473,2.645303560605163,412.224054131398,1450.0
45900.0,323.15,319.02734075792824,2.650196489228872,412.2660130557135,1450.0
45960.0,323.15,319.0269696291003,2.6550864236690597,412.3030870857347,1450.0
46020.0,323.15,319.02664126740905,2.659973359940236,412.33585794630903,1450.0
46080.0,323.15,319.0263507492804,2.664857294741095,412.3648725672826,1450.0
46140.0,323.15,319.0260935435013,2.669738225195459,412.39064623798447,1450.0
46200.0,323.15,319.02586590753214,2.6746161492307583,412.41348296260423,1450.0
46260.0,323.15,319.0256642560989,2.6794910649541515,412.43378565701346,1450.0
46320.0,323.15,319.0254854709987,2.6843629709559957,412.4518444114356,1450.0
46380.0,323.15,319.02532710683175,2.689231866517531,412.4677714713041,1450.0
46440.0,323.15,319.02518666314455,2.69409775087375,412.4817018681371,1450.0
46500.0,323.15,319.0250620706668,2.6989606237020918,412.4938440917701,1450.0
46560.0,323.15,319.0249515485844,2.703820484976272,412.5045488475722,1450.0
46620.0,323.15,319.02485339055573,2.7086773347493613,412.513992035902,1450.0
46680.0,323.15,319.02476626615754,2.7135311735046383,412.52246710398646,1450.0
46740.0,323.15,319.0246889294919,2.7183820018102027,412.53033861044645,1450.0
46800.0,323.15,319.0246202331039,2.723339092616464,412.5379858465008,1450.0
46860.0,323.15,319.0245606753602,2.7297142077558245,412.54394208583295,1450.0
46920.0,323.15,319.02450883138823,2.7360851398990267,412.5491254526132,1450.0
46980.0,323.15,319.02446277294604,2.7424525120206598,412.5537303830125,1450.0
47040.0,323.15,319.0244219666395,2.7488161834876825,412.55781020625386,1450.0
47100.0,323.15,319.0243856306409,2.75517623251931,412.56144308788515,1450.0
47160.0,323.15,319.02435305213197,2.7615328926171063,412.564700296889,1450.0
47220.0,323.15,319.0243228099553,2.7678871817486526,412.56772392024885,1450.0
47280.0,323.15,319.0242952817843,2.7742385812803696,412.57047619846077,1450.0
47340.0,323.15,319.02427031030385,2.780587010434374,412.5729728590288,1450.0
47400.0,323.15,319.0242480302515,2.786932063593373,412.57520042974994,1450.0
47460.0,323.15,319.02422822215186,2.793273893013906,412.5771808543526,1450.0
47520.0,323.15,319.02421046841977,2.79961225973428,412.578955883186,1450.0
47580.0,323.15,319.02419486716104,2.805947266703428,412.5805157070848,1450.0
47640.0,323.15,319.0241802974885,2.8122788313008016,412.5819723929901,1450.0
47700.0,323.15,319.0241672075119,2.8186069865565355,412.58328113840753,1450.0
47760.0,323.15,319.02415559723073,2.824931732470629,412.5844419438383,1450.0
47820.0,323.15,319.0241454666454,2.831253069043082,412.58545480890643,1450.0
47880.0,323.15,319.0241362191567,2.83757102295583,412.5863793810833,1450.0
47940.0,323.15,319.02412791605553,2.8438855914677226,412.58720953276844,1450.0
47998.12887857859,323.15,319.02412096600375,2.8500000005700112,412.5879044057601,1450.0
47998.12887857859,323.15,319.02412096600375,2.8500000005700112,412.5879044057601,0.0
47998.12888737234,323.15,319.02412098863846,2.849999999429936,412.5878795182107,0.0
47998.12888737234,323.15,319.02412098863846,2.849999999429936,412.5878795182107,0.0
48000.0,323.15,319.0294921856459,2.8497055250900707,412.02209898490486,0.0
48060.0,323.15,319.1931321573981,2.8402547812319905,395.6608565509355,0.0
48120.0,323.15,319.34132359553684,2.8307900980678298,380.84411737969833,0.0
48180.0,323.15,319.4759848006592,2.821313811599976,367.3801085934385,0.0
48240.0,323.15,319.59874110015204,2.811827907323577,355.1063417633122,0.0
48300.0,323.15,319.71096866870374,2.80233407307411,343.8852375970086,0.0
48360.0,323.15,319.8138392997094,2.792833751355046,333.59964709396144,0.0
48420.0,323.15,319.90835199027566,2.7833281760243525,324.1496951583728,0.0
48480.0,323.15,319.9953757846377,2.7738184231306233,315.4484983809207,0.0
48540.0,323.15,320.07566366296425,2.764305427291981,307.4207761808937,0.0
48600.0,323.15,320.1498714758971,2.754790004248064,300.00095815371554,0.0
48660.0,323.15,320.21857490054805,2.7452728711906182,293.1314890584301,0.0
48720.0,323.15,320.28228020622413,2.735754659746319,286.76175254473,0.0
48780.0,323.15,320.34143518557363,2.726235929199228,280.84697858675963,0.0
48840.0,323.15,320.3964361194599,2.7167171749699315,275.3475466637605,0.0
48900.0,323.15,320.44763791069835,2.707198840901335,270.22797342091513,0.0
48960.0,323.15,320.49535679264585,2.6976813226526914,265.4566414249758,0.0
49020.0,323.15,320.5398749410611,2.6881649733739414,261.005338154475,0.0
49080.0,323.15,320.5814475926896,2.678650112365073,256.84854428008856,0.0
49140.0,323.15,320.62030316657837,2.669137025369106,252.9634218237253,0.0
49200.0,323.15,320.6566487145415,2.6596259712120616,249.32926918232576,0.0
49260.0,323.15,320.6906720196253,2.65011718442783,245.92731126056364,0.0
49320.0,323.15,320.7225433259554,2.640610877443775,242.74052594160213,0.0
49380.0,323.15,320.75241785027976,2.6311072436681133,239.75339402513606,0.0
49440.0,323.15,320.780437262235,2.621606459364813,236.95175084242263,0.0
49500.0,323.15,320.80673094248306,2.6121086852349324,234.32266054562493,0.0
49560.0,323.15,320.83141741940943,2.6026140682057117,231.85427147232875,0.0
49620.0,323.15,320.85460544033384,2.593122742786759,229.53571038352055,0.0
49680.0,323.15,320.87639505227554,2.583634832423303,227.356974135793,0.0
49740.0,323.15,320.8968783949195,2.574150450497193,225.3088506484012,0.0
49800.0,323.15,320.9161404558769,2.5646697012834343,223.38284158823,0.0
49860.0,323.15,320.93425975710073,2.5551926808166505,221.5710955141323,0.0
49920.0,323.15,320.95130898154144,2.545719477685584,219.86634519300017,0.0
49980.0,323.15,320.9673554446916,2.536250173633235,218.26186105682126,0.0
50040.0,323.15,320.9824615939054,2.5267848441902014,216.75139836719754,0.0
50100.0,323.15,320.99668543906927,2.5173235592225316,215.32915612878085,0.0
50160.0,323.15,321.0100809519876,2.5078663834399295,213.98973776229164,0.0
50220.0,323.15,321.02269837607656,2.498413376790932,212.72812135843742,0.0
50280.0,323.15,321.03458454191554,2.4889645948656063,211.53962381586265,0.0
50340.0,323.15,321.0457831423601,2.479520089248667,210.41987489448638,0.0
50400.0,323.15,321.0563349953604,2.470074359897843,209.36479354124168,0.0
50460.0,323.15,321.0662669625945,2.4588789472124026,208.3716939590678,0.0
50520.0,323.15,321.0756503674792,2.447689831372068,207.43344523032627,0.0
50580.0,323.15,321.0845005811321,2.4365072139878245,206.54851039913052,0.0
50640.0,323.15,321.09284739236995,2.425331129707773,205.71391091474095,0.0
50700.0,323.15,321.10071751338495,2.4141616075286847,204.92697583062204,0.0
50760.0,323.15,321.10813622713755,2.4029986748818866,204.18517711263428,0.0
50776.12373130451,323.15,321.1100560720541,2.399999999519893,203.99321143419283,0.0
50776.12373130451,323.15,321.1100560720541,2.399999999519893,203.99321143419283,1450.0
50776.123749876824,323.15,321.11005601281767,2.4000000004800466,203.9932787363573,1450.0
50776.123749876824,323.15,321.11005601281767,2.4000000004800466,203.9932787363573,1450.0
50820.0,323.15,320.95912522241116,2.4033571623050167,219.1209434953149,1450.0
50880.0,323.15,320.7660117021456,2.407958653507379,238.42974000931204,1450.0
50940.0,323.15,320.5881230822625,2.412572313969437,256.2160861770006,1450.0
51000.0,323.15,320.4251154314714,2.417197804337131,272.51441257114067,1450.0
51060.0,323.15,320.2764461328092,2.4218345843893188,287.3790065495937,1450.0
51120.0,323.15,320.14143220374825,2.426481972580082,300.87818726401724,1450.0
51180.0,323.15,320.0192886690267,2.431139185669346,313.0904648428092,1450.0
51240.0,323.15,319.90916790522857,2.435805378650548,324.10061019524346,1450.0
51300.0,323.15,319.8101886912528,2.4404796739210584,333.9967482242887,1450.0
51360.0,323.15,319.7214686180079,2.4451611936313817,342.8671173506716,1450.0
51420.0,323.15,319.64213791996093,2.44984907324994,350.79869606545844,1450.0
51480.0,323.15,319.5713529371657,2.4545424747628473,357.87581678960055,1450.0
51540.0,323.15,319.50831137518213,2.4592406016924144,364.1787743319283,1450.0
51600.0,323.15,319.4522556152727,2.463942702163812,369.78324955037306,1450.0
51660.0,323.15,319.40248303866036,2.4686480790538328,374.759497480165,1450.0
51720.0,323.15,319.3583464391484,2.473356090254987,379.17227651496273,1450.0
51780.0,323.15,319.3192482123075,2.4780661427838027,383.08132032741014,1450.0
51840.0,323.15,319.28464569347994,2.4827776980567773,386.5408549994975,1450.0
51900.0,323.15,319.25404535069623,2.487490266088067,389.60024488283784,1450.0
51960.0,323.15,319.2270018669887,2.492203404577923,392.30403890105225,1450.0
52020.0,323.15,319.203114997544,2.496916715832662,394.6922587337455,1450.0
52080.0,323.15,319.1820257824683,2.5016298430005235,396.80072609753677,1450.0
52140.0,323.15,319.1634136692633,2.5063424672552284,398.6615249387051,1450.0
52200.0,323.15,319.1469927469455,2.5110543040870543,400.30328007068886,1450.0
52260.0,323.15,319.13250851245556,2.5157651001199026,401.7514488606771,1450.0
52320.0,323.15,319.1197349011887,2.520474630189872,403.02852234292175,1450.0
52380.0,323.15,319.10847174004454,2.5251826948428038,404.1545626240403,1450.0
52440.0,323.15,319.09854150055884,2.5298891171385116,405.1473973261942,1450.0
52500.0,323.15,319.08978695995853,2.5345937403612933,406.02266673071983,1450.0
52560.0,323.15,319.08206801537455,2.5392964248790295,406.79441073242765,1450.0
52620.0,323.15,319.0752622339257,2.5439970486792087,407.47486286355786,1450.0
52680.0,323.15,319.0692608292913,2.5486955034173566,408.0748623498318,1450.0
52740.0,323.15,319.06396870259397,2.5533916944258035,408.6039478087901,1450.0
52800.0,323.15,319.05930154402785,2.558085537879101,409.07057468787025,1450.0
52860.0,323.15,319.05518563455104,2.5627769605554755,409.4820849313896,1450.0
52920.0,323.15,319.05155519652425,2.56746589725049,409.8450482208946,1450.0
52980.0,323.15,319.0483531002562,2.572152291441325,410.16518931128763,1450.0
53040.0,323.15,319.04552781343074,2.5768360922852693,410.4476608195149,1450.0
53100.0,323.15,319.0430351206367,2.5815172563087523,410.6968784053752,1450.0
53160.0,323.15,319.04083488977113,2.586195744205099,410.91685540166145,1450.0
53220.0,323.15,319.0388928703283,2.5908715225972365,411.1110169815438,1450.0
53280.0,323.15,319.03717811681526,2.5955445614957853,411.28245673794464,1450.0
53340.0,323.15,319.03566402106077,2.6002148352989907,411.4338349305344,1450.0
53400.0,323.15,319.0343267365136,2.6048823212376857,411.56753571293194,1450.0
53460.0,323.15,319.0331455553075,2.609546999735451,411.6856294253703,1450.0
53520.0,323.15,319.03210196622905,2.614208853472633,411.78996680158446,1450.0
53580.0,323.15,319.03117986324463,2.618867867587077,411.8821581045438,1450.0
53640.0,323.15,319.03036483265527,2.6235240289608557,411.9636444013109,1450.0
53700.0,323.15,319.0296443606773,2.628177326421896,412.0356768050392,1450.0
53760.0,323.15,319.02900727332434,2.632827750183149,412.0993724798405,1450.0
53820.0,323.15,319.02844384213967,2.637475291942922,412.15570406680405,1450.0
53880.0,323.15,319.0279454360527,2.64211994453607,412.20553449185803,1450.0
53940.0,323.15,319.0275044708564,2.6467617018793117,412.24962201635924,1450.0
54000.0,323.15,319.02711419392546,2.651417891818308,412.2886417595364,1450.0
54060.0,323.15,319.0267705282086,2.6574851344960257,412.3230012993979,1450.0
54120.0,323.15,319.0264691139308,2.663640889315588,412.3531365834987,1450.0
54180.0,323.15,319.0261981715358,2.6697936672321116,412.38022531471063,1450.0
54240.0,323.15,319.02595725817804,2.6759430853070434,412.40431176436584,1450.0
54300.0,323.15,319.025743470965,2.682089150862755,412.4256861590027,1450.0
54360.0,323.15,319.02555420219386,2.6882318649933046,412.4446092143357,1450.0
54420.0,323.15,319.0253866635681,2.694371215044038,412.46135970199805,1450.0
54480.0,323.15,319.0252384537163,2.7005071987106977,412.4761777085846,1450.0
54540.0,323.15,319.02510746246077,2.706639815780215,412.4892742074861,1450.0
54600.0,323.15,319.0249918985872,2.712769065494875,412.5008282825558,1450.0
54660.0,323.15,319.0248898527032,2.718894947203197,412.5110308340931,1450.0
54720.0,323.15,319.02479940736345,2.725017460226631,412.52007356682867,1450.0
54780.0,323.15,319.0247189676624,2.731136604512398,412.52811593830893,1450.0
54840.0,323.15,319.02464815923935,2.7372523825107833,412.53519537633474,1450.0
54900.0,323.15,319.0245851235796,2.7433647936456826,412.5414976938778,1450.0
54960.0,323.15,319.0245290243069,2.7494738389285125,412.5471065119587,1450.0
55020.0,323.15,319.0244794434488,2.7555795198552806,412.5520636207586,1450.0
55080.0,323.15,319.0244350045878,2.761681836811933,412.55650663352606,1450.0
55140.0,323.15,319.02439548507124,2.7677807914621524,412.5604578103395,1450.0
55200.0,323.15,319.02436042032883,2.7738763852071346,412.5639635986834,1450.0
55260.0,323.15,319.0243288835739,2.7799686189465547,412.5671166581334,1450.0
55320.0,323.15,319.0243009545583,2.7860574945945062,412.5699090155198,1450.0
55380.0,323.15,319.0242760475523,2.7921430134095044,412.5723992317349,1450.0
55440.0,323.15,319.0242536494896,2.7982251767212114,412.5746386031649,1450.0
55500.0,323.15,319.02423385658886,2.8043039864513775,412.57661750989917,1450.0
55560.0,323.15,319.02421614451765,2.810379443919751,412.57838837492875,1450.0
55620.0,323.15,319.02420023461485,2.8164515506859815,412.57997905831195,1450.0
55680.0,323.15,319.0241860655198,2.8225203085268538,412.58139569497365,1450.0
55740.0,323.15,319.0241733836545,2.8285857190270813,412.582663637518,1450.0
55800.0,323.15,319.02416203137574,2.83464778387078,412.58379864730375,1450.0
55860.0,323.15,319.0241518751188,2.8407065047706035,412.584814078655,1450.0
55920.0,323.15,319.0241428177823,2.846761883470856,412.58571963980125,1450.0
55952.098624403014,323.15,319.0241383776143,2.8500000005700543,412.58616357229363,1450.0
55952.098624403014,323.15,319.0241383776143,2.8500000005700543,412.58616357229363,0.0
55952.098632962734,323.15,319.02413839957677,2.8499999994299063,412.58613942323024,0.0
55952.098632962734,323.15,319.02413839957677,2.8499999994299063,412.58613942323024,0.0
55980.0,323.15,319.1025280353178,2.8454875176468657,404.7197552983455,0.0
56040.0,323.15,319.2592323989191,2.835773033326355,389.05191225882066,0.0
56100.0,323.15,319.4013559156463,2.826045927721075,374.84183033952877,0.0
56160.0,323.15,319.53069679398556,2.8163083946645036,361.9097403791598,0.0
56220.0,323.15,319.64876205646755,2.806562280606601,350.1049814571945,0.0
56280.0,323.15,319.75683559890984,2.796809164603552,339.2991976973983,0.0
56340.0,323.15,319.8560047762306,2.7870503888536198,329.3836819555281,0.0
56400.0,323.15,319.9472094199661,2.7772871166633455,320.26447391552415,0.0
56460.0,323.15,320.0312652852239,2.7675203602449447,311.8600172898379,0.0
56520.0,323.15,320.10888039817854,2.7577510000986827,304.0995256473222,0.0
56580.0,323.15,320.1806737009296,2.747979807337576,296.9211183972675,0.0
56640.0,323.15,320.247188839752,2.738207460276254,290.27044245935195,0.0
56700.0,323.15,320.30890555113155,2.7284345581997593,284.09953418346794,0.0
56760.0,323.15,320.36624809802726,2.7186616316162096,278.3659757737115,0.0
56820.0,323.15,320.41959335619725,2.7088891520967784,273.0320867725243,0.0
56880.0,323.15,320.46927986281827,2.6991175432793355,268.06402011660754,0.0
56940.0,323.15,320.51560724941845,2.689347180342007,263.4318180280077,0.0
57000.0,323.15,320.5588460329722,2.679578401882048,259.1084335813153,0.0
57060.0,323.15,320.59923956585027,2.6698115124016955,255.06953568046802,0.0
57120.0,323.15,320.6370063026322,2.660046785160642,251.29328263150984,0.0
57180.0,323.15,320.6723447539177,2.6502844682149944,247.75982682517144,0.0
57240.0,323.15,320.7054347682368,2.640524786084082,244.45118618921987,0.0
57300.0,323.15,320.73644003370185,2.630767942844181,241.35099421395702,0.0
57360.0,323.15,320.76550971644184,2.6210141241748737,238.4443367155787,0.0
57420.0,323.15,320.79277993668524,2.61126349922692,235.7176040048696,0.0
57480.0,323.15,320.81837531696334,2.601516222549466,233.15833555971128,0.0
57540.0,323.15,320.84241010403645,2.591772435507926,230.75510793329767,0.0
57600.0,323.15,320.8649892156464,2.58202865485266,228.49743102331698,0.0
57660.0,323.15,320.8862077176113,2.5702716278417275,226.37579705285216,0.0
57720.0,323.15,320.9061860817632,2.5585208369601045,224.37816321972406,0.0
57780.0,323.15,320.92498854126103,2.546776428810867,222.4981070886642,0.0
57840.0,323.15,320.942685309209,2.535038487959191,220.72860824250844,0.0
57900.0,323.15,320.95934316639585,2.52330709524607,219.06298943820656,0.0
57960.0,323.15,320.97502989125854,2.5115823323600917,217.49447365030167,0.0
58020.0,323.15,320.9898067625591,2.499864272640817,216.01693374439276,0.0
58080.0,323.15,321.003728068464,2.488152980479806,214.62494157103694,0.0
58140.0,323.15,321.0168440698856,2.476448514971889,213.31347162252615,0.0
58200.0,323.15,321.02920210206577,2.4647509313470684,212.07779087655786,0.0
58260.0,323.15,321.0408470351927,2.453060281554859,210.9134127819913,0.0
58320.0,323.15,321.05182024387665,2.441376612906801,209.81620040276513,0.0
58380.0,323.15,321.0621615132282,2.4296999706613507,208.7821757350955,0.0
58440.0,323.15,321.07190731167117,2.4180303956800278,207.80769227656873,0.0
58500.0,323.15,321.0810919131371,2.4063679259585777,206.88932290567595,0.0
58532.77662693584,323.15,321.0858840240127,2.399999999519925,206.41015913178293,0.0
58532.77662693584,323.15,321.0858840240127,2.399999999519925,206.41015913178293,1450.0
58532.77664776158,323.15,321.08588395739724,2.4000000004800155,206.41023533511174,1450.0
58532.77664776158,323.15,321.08588395739724,2.4000000004800155,206.41023533511174,1450.0
58560.0,323.15,320.9920454170943,2.401856702500594,215.82935129951403,1450.0
58620.0,323.15,320.7963555774814,2.405957936193202,235.39578178620698,1450.0
58680.0,323.15,320.61589883583264,2.4100715831714914,253.43893554171987,1450.0
58740.0,323.15,320.45037259565066,2.4141973391657143,269.98910669610626,1450.0
58800.0,323.15,320.29927856690216,2.418334701927349,285.0961561636462,1450.0
58860.0,323.15,320.1619613172091,2.4224830115863396,298.8256470422691,1450.0
58920.0,323.15,320.0376577049695,2.426641501363813,311.2539084971252,1450.0
58980.0,323.15,319.9255276987563,2.43080932896836,322.46495241158834,1450.0
59040.0,323.15,319.82469846515465,2.4349856209879754,332.5460661470946,1450.0
59100.0,323.15,319.7342874233137,2.4391694958372914,341.5855076366963,1450.0
59160.0,323.15,319.6534197412013,2.4433600810337834,349.6707570300873,1450.0
59220.0,323.15,319.58124645230833,2.4475565309493597,356.8867052879131,1450.0
59280.0,323.15,319.51695708260735,2.4517580391137823,363.3143931349246,1450.0
59340.0,323.15,319.45978755851314,2.455963845828476,369.0302197218207,1450.0
59400.0,323.15,319.4090248414249,2.46017324254717,374.10547993356494,1450.0
59460.0,323.15,319.3640092218465,2.4643855739714984,378.60613595745116,1450.0
59520.0,323.15,319.32413468061037,2.468600238277835,382.59278088457853,1450.0
59580.0,323.15,319.28884819783485,2.472816686293471,386.12070757429467,1450.0
59640.0,323.15,319.25764781477784,2.4770344195349137,389.2401038890865,1450.0
59700.0,323.15,319.2300798723314,2.4812529874154583,391.99632830949565,1450.0
59760.0,323.15,319.2057359351173,2.4854719842005686,394.43021614433815,1450.0
59820.0,323.15,319.184249534093,2.489691045746668,396.5784076960959,1450.0
59880.0,323.15,319.1652929996238,2.4939098463690583,398.4736639678608,1450.0
59940.0,323.15,319.1485742488762,2.498128095660976,400.1451879905627,1450.0
60000.0,323.15,319.1338333358173,2.502345535125295,401.6189695354672,1450.0
60060.0,323.15,319.12083925633743,2.5065619350144908,402.91810439609463,1450.0
60120.0,323.15,319.10938671726143,2.510777091130452,404.063117929236,1450.0
60180.0,323.15,319.099293040796,2.5149908217786443,405.0722741478888,1450.0
60240.0,323.15,319.0904002120789,2.519202969487188,405.9613701414776,1450.0
60300.0,323.15,319.0825629466622,2.5234133897284816,406.7449309548495,1450.0
60360.0,323.15,319.07565798209254,2.527621959918211,407.4352811422189,1450.0
60420.0,323.15,319.0695733583805,2.531828568731963,408.04361526467795,1450.0
60480.0,323.15,319.0642112151291,2.536033118967406,408.57971706985535,1450.0
60540.0,323.15,319.05948646341216,2.5402355262682024,409.0520927441057,1450.0
60600.0,323.15,319.0553217225276,2.5444357140141154,409.468479084744,1450.0
60660.0,323.15,319.0516517247815,2.5486336176323787,409.8354016389445,1450.0
60720.0,323.15,319.04841591264795,2.5528291774378276,410.15891489826936,1450.0
60780.0,323.15,319.0455639105235,2.5570223438254485,410.4440552269404,1450.0
60840.0,323.15,319.04304862751854,2.5612130705984795,410.6955307890756,1450.0
60900.0,323.15,319.04083102912995,2.565401319645394,410.91724416695445,1450.0
60960.0,323.15,319.03887482965746,2.569587055643407,411.1128231855934,1450.0
61020.0,323.15,319.0371492105633,2.573770248802875,411.28534903498456,1450.0
61080.0,323.15,319.0356267935401,2.577950872835763,411.43755896145535,1450.0
61140.0,323.15,319.03428291792255,2.582128904223376,411.57191851820835,1450.0
61200.0,323.15,319.03309662068585,2.5862984908937747,411.69052356813086,1450.0
61260.0,323.15,319.03205731326756,2.588716879415115,411.79443282801975,1450.0
61320.0,323.15,319.0311305217462,2.591133671802667,411.887092826899,1450.0
61380.0,323.15,319.0303102332617,2.593548735385832,411.9691047342842,1450.0
61440.0,323.15,319.0295857371879,2.5959620610490277,412.041539390632,1450.0
61500.0,323.15,319.02894576983994,2.5983736381078835,412.10552292956953,1450.0
61560.0,323.15,319.02838127727347,2.600783458369406,412.16196055637175,1450.0
61620.0,323.15,319.02788351817793,2.603191514008566,412.21172621893294,1450.0
61680.0,323.15,319.02744378542917,2.605597797330821,412.2556904473662,1450.0
61740.0,323.15,319.0270557964872,2.608002303193658,412.2944813672158,1450.0
61800.0,323.15,319.02671260357664,2.610405025701287,412.3287936117164,1450.0
61860.0,323.15,319.02641009937105,2.6128059618325548,412.3590378269469,1450.0
61920.0,323.15,319.02614257985834,2.6152051070080247,412.38578429548215,1450.0
61980.0,323.15,319.02590600299214,2.617602458393092,412.40943713576996,1450.0
62040.0,323.15,319.02569641480824,2.6199980131765797,412.4303916634089,1450.0
62100.0,323.15,319.0255111491776,2.62239176987879,412.4489144362336,1450.0
62160.0,323.15,319.0253470609077,2.6247837265916396,412.46531990936364,1450.0
62220.0,323.15,319.0252015763768,2.627173881998848,412.4798653931709,1450.0
62280.0,323.15,319.0250723596884,2.6295622349947085,412.49278442771333,1450.0
62340.0,323.15,319.024957514134,2.631948784935185,412.50426664384497,1450.0
62400.0,323.15,319.02485535952525,2.634333531436873,412.51448002572283,1450.0
62460.0,323.15,319.02476458199516,2.6367164744891305,412.52355593298694,1450.0
62520.0,323.15,319.02468419819553,2.6390976144318667,412.5315926792778,1450.0
62580.0,323.15,319.02461334395144,2.641476951727846,412.5386766645123,1450.0
62640.0,323.15,319.02454989942675,2.6438544854750767,412.54501982959954,1450.0
62700.0,323.15,319.0244935933792,2.64623021676339,412.550649292797,1450.0
62760.0,323.15,319.0244437534429,2.648604146241856,412.5556322778561,1450.0
62820.0,323.15,319.02439967504705,2.6509762745425007,412.5600392266389,1450.0
62880.0,323.15,319.0243605648664,2.653346602226514,412.5639494544725,1450.0
62940.0,323.15,319.02432618047857,2.655715130392657,412.56738719909674,1450.0
63000.0,323.15,319.0242962226545,2.658081860097357,412.5703823774941,1450.0
63060.0,323.15,319.02426945172994,2.660446791395636,412.5730589302952,1450.0
63120.0,323.15,319.0242458404061,2.66280992563245,412.57541958696163,1450.0
63180.0,323.15,319.0242250536059,2.66517126382472,412.5774978482912,1450.0
63240.0,323.15,319.0242066942512,2.667530806919935,412.5793334143056,1450.0
63300.0,323.15,319.02419043266565,2.6698885559369963,412.5809592459973,1450.0
63360.0,323.15,319.0241760738133,2.6722445120393967,412.5823948434247,1450.0
63420.0,323.15,319.02416339877226,2.6745986763625837,412.58366209389374,1450.0
63480.0,323.15,319.02415211807767,2.6769510499628795,412.5847899378668,1450.0
63540.0,323.15,319.0241421272038,2.6793016340964018,412.58578882548187,1450.0
63600.0,323.15,319.0241333084644,2.6816504300027875,412.58667052337313,1450.0
63660.0,323.15,319.02412544634507,2.6839974388180865,412.587456578462,1450.0
63720.0,323.15,319.0241184606302,2.6863426618200967,412.5881550104298,1450.0
63780.0,323.15,319.02411229101034,2.688686100306928,412.58877184892475,1450.0
63840.0,323.15,319.02410683134934,2.691027755527638,412.5893177059295,1450.0
63900.0,323.15,319.0241019539247,2.693367628707777,412.5898053509674,1450.0
63960.0,323.15,319.02409764356224,2.695705721190971,412.59023630136033,1450.0
64020.0,323.15,319.02409386015023,2.6980420342937648,412.5906145676623,1450.0
64080.0,323.15,319.02409051132594,2.7003765692762873,412.5909493839952,1450.0
64140.0,323.15,319.0240875763687,2.702709327473995,412.59124282184933,1450.0
64200.0,323.15,319.024085017604,2.7050403102034624,412.59149864836894,1450.0
64260.0,323.15,319.02408279976333,2.7073695187829645,412.5917203894179,1450.0
64320.0,323.15,319.0240808883431,2.709696954530737,412.59191149433735,1450.0
64380.0,323.15,319.0240792479644,2.7120226187632306,412.5920755005985,1450.0
64440.0,323.15,319.02407778568517,2.714346512736084,412.5922216994446,1450.0
64500.0,323.15,319.0240763478974,2.7166686376452946,412.5923654478756,1450.0
64560.0,323.15,319.0240750442102,2.718988994948753,412.59249578926324,1450.0
64620.0,323.15,319.0240739035382,2.721307586018025,412.59260983322025,1450.0
64680.0,323.15,319.0240728856357,2.723624412164199,412.59271160387436,1450.0
64740.0,323.15,319.0240719695153,2.725939474516196,412.5928031991116,1450.0
64800.0,323.15,319.02407112685415,2.7282556105239952,412.5928874454999,1450.0
64860.0,323.15,319.0240704594374,2.7313225409660844,412.5929541640426,1450.0
64920.0,323.15,319.0240698803446,2.7343866996948694,412.5930120616832,1450.0
64980.0,323.15,319.0240693747522,2.7374480629898854,412.59306261110515,1450.0
65040.0,323.15,319.0240689332165,2.740506702049306,412.59310675599215,1450.0
65100.0,323.15,319.02406852786834,2.7435635111994454,412.59314728280964,1450.0
65160.0,323.15,319.02406815639876,2.746618607188738,412.59318442262156,1450.0
65220.0,323.15,319.02406783989267,2.7496703261296185,412.5932160671589,1450.0
65280.0,323.15,319.0240675433459,2.7527206630714467,412.5932457161465,1450.0
65340.0,323.15,319.02406728151715,2.755768479890436,412.59327189396106,1450.0
65400.0,323.15,319.02406703391483,2.7588150202381976,412.59329664948615,1450.0
65460.0,323.15,319.0240668087327,2.761859548949847,412.5933191633013,1450.0
65520.0,323.15,319.024066602064,2.764902416542939,412.59333982615726,1450.0
65580.0,323.15,319.02406641429224,2.767943333907385,412.5933585996293,1450.0
65640.0,323.15,319.02406624585734,2.770981969119765,412.59337543991955,1450.0
65700.0,323.15,319.02406609640803,2.774018587305117,412.5933903818659,1450.0
65760.0,323.15,319.02406596443944,2.777053139931033,412.5934035763402,1450.0
65820.0,323.15,319.02406584340105,2.7800854156667243,412.59341567773566,1450.0
65880.0,323.15,319.02406573724073,2.7831155418816,412.593426291782,1450.0
65940.0,323.15,319.02406564595873,2.7861435185756607,412.59343541822915,1450.0
66000.0,323.15,319.0240655557057,2.7891692811975393,412.5934444419125,1450.0
66060.0,323.15,319.0240654734634,2.792192862288288,412.5934526645704,1450.0
66120.0,323.15,319.0240653994122,2.7952142626892393,412.59346006824876,1450.0
66180.0,323.15,319.02406533355196,2.7982334824003936,412.59346665319595,1450.0
66240.0,323.15,319.02406527588295,2.801250521421751,412.5934724190376,1450.0
66300.0,323.15,319.02406522640496,2.804265379753311,412.593477366023,1450.0
66360.0,323.15,319.0240651803477,2.8072780818441627,412.593481970889,1450.0
66420.0,323.15,319.02406513616035,2.810288635641252,412.5934863888792,1450.0
66480.0,323.15,319.0240650975566,2.8132970221126126,412.5934902485177,1450.0
66540.0,323.15,319.0240650645364,2.8163032412582436,412.59349354992946,1450.0
66600.0,323.15,319.0240650370998,2.819307293078145,412.5934962929886,1450.0
66660.0,323.15,319.02406501524655,2.822309177572317,412.5934984779443,1450.0
66720.0,323.15,319.02406499818613,2.825308898092989,412.59350018360476,1450.0
66780.0,323.15,319.02406497328826,2.8283065081783403,412.59350267296924,1450.0
66840.0,323.15,319.0240649502286,2.8313019668149177,412.5935049783722,1450.0
66900.0,323.15,319.02406492900667,2.8342952740027214,412.5935071003148,1450.0
66960.0,323.15,319.02406490962295,2.8372864297417513,412.5935090382978,1450.0
67020.0,323.15,319.0240648920772,2.8402754340320078,412.59351079256936,1450.0
67080.0,323.15,319.02406487636955,2.8432622868734896,412.59351236300625,1450.0
67140.0,323.15,319.02406486249964,2.846246988266198,412.59351374998283,1450.0
67200.0,323.15,319.02406485046816,2.8492295382101327,412.59351495274876,1450.0
67215.50644048849,323.15,319.0240648476576,2.850000000570022,412.5935152337476,1450.0
67215.50644048849,323.15,319.0240648476576,2.850000000570022,412.5935152337476,0.0
67215.50644698433,323.15,319.0240648636952,2.849999999429776,412.59349759778877,0.0
67215.50644698433,323.15,319.0240648636952,2.849999999429776,412.59349759778877,0.0
67260.0,323.15,319.14741901834833,2.8405261857292112,400.2313882997022,0.0
67320.0,323.15,319.3000798014162,2.827741618437444,384.9677867487732,0.0
67380.0,323.15,319.43880715885194,2.814948881715038,371.0972258765678,0.0
67440.0,323.15,319.5652732200038,2.8021500481618626,358.4525392862583,0.0
67500.0,323.15,319.68089742746423,2.7893468834186836,346.8918213275564,0.0
67560.0,323.15,319.7868773597133,2.776540882413265,336.2953449681178,0.0
67620.0,323.15,319.88424303321784,2.763733334031111,326.560135595496,0.0
67680.0,323.15,319.9738908357836,2.750925361933987,317.59657328179856,0.0
67740.0,323.15,320.05659765436036,2.7381179417268777,309.3269870007238,0.0
67800.0,323.15,320.1330380323545,2.7253119217539012,301.6839412821535,0.0
67860.0,323.15,320.20380198426386,2.7125080447533056,294.6084770759972,0.0
67920.0,323.15,320.2694116630651,2.699706968118902,288.04832059109236,0.0
67980.0,323.15,320.3303275040417,2.686909271806936,281.9574005432538,0.0
68040.0,323.15,320.3869603723719,2.6741154728509695,276.2948396631957,0.0
68100.0,323.15,320.43967408912505,2.661326029052834,271.0241464773781,0.0
68160.0,323.15,320.4887915972917,2.6485413467414167,266.1129040884529,0.0
68220.0,323.15,320.5346034058061,2.6357617907064905,261.5322656831544,0.0
68280.0,323.15,320.57737072037725,2.622987688574503,257.2562287969169,0.0
68340.0,323.15,320.61733070549354,2.6102193366896116,253.26054981672402,0.0
68400.0,323.15,320.6546979443132,2.597424461612315,249.5241828677921,0.0
68460.0,323.15,320.68967953648615,2.582446017500312,246.02640413046348,0.0
68520.0,323.15,320.72246682891335,2.567457889865215,242.74802830657487,0.0
68580.0,323.15,320.75320864538793,2.5524799736795236,239.67417538927478,0.0
68640.0,323.15,320.7820403483732,2.5375123554931216,236.79131115086759,0.0
68700.0,323.15,320.80909629632487,2.5225551883340107,234.08600166071247,0.0
68760.0,323.15,320.8345002693172,2.507608623476473,231.54587065300385,0.0
68820.0,323.15,320.858361056923,2.4926727953464334,229.16004075800086,0.0
68880.0,323.15,320.8807775341101,2.477747822341791,226.918625747708,0.0
68940.0,323.15,320.90184303462735,2.4628338156653418,224.81229338235264,0.0
69000.0,323.15,320.92164325730124,2.4479308745474793,222.83247500851334,0.0
69060.0,323.15,320.94025882165596,2.4330390936988637,220.97110983056157,0.0
69120.0,323.15,320.9577633404239,2.41815855687307,219.2208372787098,0.0
69180.0,323.15,320.974225903624,2.403289343642144,217.57474906655966,0.0
69193.27931064201,323.15,320.9777350397066,2.3999999995199612,217.22387125823843,0.0
69193.27931064201,323.15,320.9777350397066,2.3999999995199612,217.22387125823843,1450.0
69193.27940694176,323.15,320.977734721089,2.4000000004800093,217.22424483279016,1450.0
69193.27940694176,323.15,320.977734721089,2.4000000004800093,217.22424483279016,1450.0
69240.0,323.15,320.8246736095833,2.4006925435285065,232.56442200393258,1450.0
69300.0,323.15,320.64149706959944,2.4015947880839335,250.87957430914375,1450.0
69360.0,323.15,320.4731689093765,2.402511243299733,267.7099437654,1450.0
69420.0,323.15,320.31927255914405,2.40344144552306,283.09721964757887,1450.0
69480.0,323.15,320.1792190790049,2.4043847602105854,297.10031750122727,1450.0
69540.0,323.15,320.0523000263706,2.4053404380777446,309.79009989766826,1450.0
69600.0,323.15,319.9377132587137,2.40630764060093,321.2467910782438,1450.0
69660.0,323.15,319.83461138997046,2.407285490360724,331.5551359950544,1450.0
69720.0,323.15,319.74212742139304,2.408273096057385,340.8018359306586,1450.0
69780.0,323.15,319.65939620830903,2.409269573472357,349.07340367409205,1450.0
69840.0,323.15,319.58556687410913,2.4102740574222645,356.45492223742707,1450.0
69900.0,323.15,319.51982492196754,2.4112857227887594,363.027834964171,1450.0
69960.0,323.15,319.4613961551533,2.4123037880865104,368.8695545026873,1450.0
70020.0,323.15,319.40955574908463,2.4133275237569443,374.05255456168936,1450.0
70080.0,323.15,319.3636300146713,2.414356253447621,378.6441952190169,1450.0
70140.0,323.15,319.32299818836947,2.415389355314597,382.70654434005314,1450.0
70200.0,323.15,319.28709203193426,2.4164262611791867,386.2964169457791,1450.0
70260.0,323.15,319.2553945629675,2.4174664548765827,389.4655024982355,1450.0
70320.0,323.15,319.22743773311373,2.4185094697636833,392.2605985541479,1450.0
70380.0,323.15,319.20279950507125,2.419554885566632,394.72390128862304,1450.0
70440.0,323.15,319.1811007276985,2.4206023251580158,396.89331805366555,1450.0
70500.0,323.15,319.16200192933394,2.4216514511485916,398.8027900138983,1450.0
70560.0,323.15,319.1452002310719,2.4227019628074866,400.48259922257563,1450.0
70620.0,323.15,319.13042613332294,2.4237535926509106,401.95969183380953,1450.0
70680.0,323.15,319.11744009651255,2.424806103197042,403.25801564464587,1450.0
70740.0,323.15,319.1060296365235,2.4258592838067776,404.3988145411241,1450.0
70800.0,323.15,319.096006474537,2.4269129480926765,405.40091595290323,1450.0
70860.0,323.15,319.0872033005216,2.427966930436862,406.2810482037015,1450.0
70920.0,323.15,319.07947327475466,2.4290210856678076,407.0538793646607,1450.0
70980.0,323.15,319.07268554712465,2.430075284454369,407.7324876403635,1450.0
71040.0,323.15,319.0667278161637,2.4311294158885493,408.32812717153536,1450.0
71100.0,323.15,319.0614994019542,2.432183380571248,408.8508666495645,1450.0
71160.0,323.15,319.0569118466079,2.433237091213201,409.30950387189,1450.0
71220.0,323.15,319.05288706028256,2.434290470812748,409.71185191002064,1450.0
71280.0,323.15,319.0493563997159,2.435343451846957,410.0648531475132,1450.0
71340.0,323.15,319.0462584415997,2.4363959739000904,410.37466311826665,1450.0
71400.0,323.15,319.0435408465724,2.4374479855876365,410.6463904133834,1450.0
71460.0,323.15,319.0411557765197,2.4384994400289925,410.8847848822329,1450.0
71520.0,323.15,319.0390632224308,2.4395502981057193,411.09397255278475,1450.0
71580.0,323.15,319.0372267277417,2.4406005242485085,411.27761597788447,1450.0
71640.0,323.15,319.0356154077428,2.4416500884072216,411.43872171057245,1450.0
71700.0,323.15,319.0342015022241,2.4426989636459915,411.5800702293292,1450.0
71760.0,323.15,319.03296117574695,2.4437471269273106,411.7040744279505,1450.0
71820.0,323.15,319.0318728212745,2.4447945574235392,411.81288770913136,1450.0
71880.0,323.15,319.03091822975324,2.445841237701532,411.90832603690205,1450.0
71940.0,323.15,319.0300804744002,2.446887151597263,411.99208332875446,1450.0
72000.0,323.15,319.0293448608108,2.447876253094011,412.06562867721885,1450.0
72060.0,323.15,319.0286993732687,2.448671793270796,412.1301633833001,1450.0
72120.0,323.15,319.0281329076809,2.449473562720586,412.1867976150401,1450.0
72180.0,323.15,319.02763580341974,2.450270427197632,412.23649722592234,1450.0
72240.0,323.15,319.0271995435533,2.4510671891432056,412.2801137232061,1450.0
72300.0,323.15,319.0268168027839,2.4518635759477463,412.3183794769929,1450.0
72360.0,323.15,319.02648099189315,2.4526593842836504,412.35195326511445,1450.0
72420.0,323.15,319.02618623025836,2.453454577645344,412.381423021651,1450.0
72480.0,323.15,319.02592767642005,2.454249108539431,412.4072727870356,1450.0
72540.0,323.15,319.0257013317245,2.455043009327362,412.42990233942896,1450.0
72600.0,323.15,319.02550286462616,2.4558362693156837,412.44974473926527,1450.0
72660.0,323.15,319.0253288498042,2.4566288488202637,412.4671424431355,1450.0
72720.0,323.15,319.02517542101765,2.457420748343358,412.48248199135224,1450.0
72780.0,323.15,319.02504127720016,2.458211988458976,412.4958934618443,1450.0
72840.0,323.15,319.02492296185716,2.4590025603773213,412.50772242840463,1450.0
72900.0,323.15,319.02481940968875,2.4597924659662596,412.5180753994902,1450.0
72960.0,323.15,319.02472799587855,2.460581704771681,412.52721479908683,1450.0
73020.0,323.15,319.02464796152987,2.461370277268038,412.5352164995453,1450.0
73080.0,323.15,319.02457731892883,2.46215818366474,412.54227922948843,1450.0
73140.0,323.15,319.0245153975454,2.4629454232653165,412.54847002691884,1450.0
73200.0,323.15,319.02446079862926,2.4637319960831263,412.5539287361253,1450.0
73260.0,323.15,319.0244127109665,2.4645179018524628,412.5587364615395,1450.0
73320.0,323.15,319.0243703250382,2.465303140288547,412.56297413718136,1450.0
73380.0,323.15,319.02433295817417,2.4660877112809496,412.5667100155237,1450.0
73440.0,323.15,319.0243000953564,2.466871614701587,412.5699955868077,1450.0
73500.0,323.15,319.02427114405117,2.4676548505475755,412.57289009169875,1450.0
73560.0,323.15,319.0242455539114,2.468437418939586,412.57544855268674,1450.0
73620.0,323.15,319.02422294176796,2.469219319992761,412.5777092784441,1450.0
73680.0,323.15,319.02420295504834,2.4700005539266785,412.5797075184824,1450.0
73740.0,323.15,319.02418531302106,2.4707811208885166,412.58147133998585,1450.0
73800.0,323.15,319.0241698033778,2.4715610210514742,412.58302196951996,1450.0
73860.0,323.15,319.02415627570616,2.4723402548027402,412.5843744446548,1450.0
73920.0,323.15,319.0241446495326,2.473118822511867,412.5855368113299,1450.0
73980.0,323.15,319.0241346404849,2.4738967248841246,412.5865375004846,1450.0
74040.0,323.15,319.0241260199643,2.4746739621873135,412.5873993667472,1450.0
74100.0,323.15,319.0241186166615,2.475450534733813,412.5881395375536,1450.0
74160.0,323.15,319.0241122308517,2.4762264428917424,412.58877798096523,1450.0
74220.0,323.15,319.02410666280974,2.4770016870292193,412.58933466541663,1450.0
74280.0,323.15,319.0241018825869,2.477776267696637,412.58981258482027,1450.0
74340.0,323.15,319.02409785670756,2.4785501854406027,412.590215086138,1450.0
74400.0,323.15,319.0240942883343,2.4793234405249716,412.59057184668745,1450.0
74460.0,323.15,319.02409101576137,2.480096033358682,412.5908990334796,1450.0
74520.0,323.15,319.02408787728285,2.4808679643506695,412.5912128136488,1450.0
74580.0,323.15,319.0240852845524,2.4816392345038167,412.59147203093767,1450.0
74640.0,323.15,319.02408318033946,2.482409844335287,412.5916824072997,1450.0
74700.0,323.15,319.0240812906706,2.4831797941377176,412.5918713337558,1450.0
74760.0,323.15,319.0240795387596,2.483949084408014,412.59204648784225,1450.0
74820.0,323.15,319.0240778478213,2.4847177156430824,412.59221554597224,1450.0
74880.0,323.15,319.02407647312947,2.4854856886206793,412.5923529859646,1450.0
74940.0,323.15,319.0240752531435,2.4862530037660258,412.59247495877156,1450.0
75000.0,323.15,319.0240741165209,2.4870196615806317,412.5925885965245,1450.0
75060.0,323.15,319.02407302429305,2.487785662593388,412.592697796017,1450.0
75120.0,323.15,319.02407195375764,2.4885510073479407,412.5928048263786,1450.0
75180.0,323.15,319.0240710919824,2.4893156965782284,412.5928909853537,1450.0
75240.0,323.15,319.02407029990917,2.490079730722347,412.5929701753673,1450.0
75300.0,323.15,319.02406956273734,2.4908431103311104,412.5930438764371,1450.0
75360.0,323.15,319.02406886566695,2.4916058359553332,412.5931135679597,1450.0
75420.0,323.15,319.0240681963962,2.492367908146659,412.59318048013006,1450.0
75480.0,323.15,319.0240675491281,2.493129327459476,412.59324519268006,1450.0
75540.0,323.15,319.0240669501373,2.493890094473596,412.5933050789522,1450.0
75600.0,323.15,319.02406642568707,2.494653361350077,412.5933574933889,1450.0
75660.0,323.15,319.02406624263705,2.4976329461318443,412.5933757656393,1450.0
75720.0,323.15,319.0240660897777,2.500615794967461,412.5933910483841,1450.0
75780.0,323.15,319.02406595251017,2.5035966379044714,412.5934047722021,1450.0
75840.0,323.15,319.02406582944235,2.506575476073658,412.5934170762202,1450.0
75900.0,323.15,319.02406572177364,2.509551840197325,412.59342784092416,1450.0
75960.0,323.15,319.0240656217889,2.512526696140483,412.5934378372488,1450.0
76020.0,323.15,319.0240655313182,2.5154996846343565,412.5934468826072,1450.0
76080.0,323.15,319.0240654496084,2.518470858149681,412.59345505163765,1450.0
76140.0,323.15,319.0240653768844,2.521439824226324,412.5934623225474,1450.0
76200.0,323.15,319.0240653130299,2.524406785660468,412.59346870671084,1450.0
76260.0,323.15,319.0240652562489,2.5273715881606074,412.5934743836176,1450.0
76320.0,323.15,319.0240652061206,2.5303341955983925,412.5934793955235,1450.0
76380.0,323.15,319.0240651628205,2.5332946536363155,412.5934837245989,1450.0
76440.0,323.15,319.0240651213882,2.5362529021942937,412.59348786691527,1450.0
76500.0,323.15,319.02406508413486,2.5392089692663116,412.59349159153425,1450.0
76560.0,323.15,319.0240650510605,2.5421628548523683,412.59349489833,1450.0
76620.0,323.15,319.0240650221652,2.5451145589524646,412.5934977873033,1450.0
76680.0,323.15,319.0240649974489,2.5480640815666,412.59350025845333,1450.0
76740.0,323.15,319.0240649712411,2.551011493101808,412.5935028788264,1450.0
76800.0,323.15,319.0240649469819,2.553956750846018,412.59350530433227,1450.0
76860.0,323.15,319.0240649249385,2.55689985148406,412.5935075080884,1450.0
76920.0,323.15,319.0240649051104,2.5598407950159334,412.59350949059586,1450.0
76980.0,323.15,319.0240648874979,2.5627795814416383,412.5935112514778,1450.0
77040.0,323.15,319.0240648721007,2.565716210761175,412.59351279111024,1450.0
77100.0,323.15,319.0240648589194,2.5686506829745426,412.59351410886785,1450.0
77160.0,323.15,319.0240648479535,2.5715829980817424,412.59351520525183,1450.0
77220.0,323.15,319.02406483920316,2.5745131560827734,412.59351608013617,1450.0
77280.0,323.15,319.02406483266833,2.577441156977636,412.59351673352,1450.0
77340.0,323.15,319.0240648245429,2.580367033361797,412.5935175458938,1450.0
77400.0,323.15,319.0240648155787,2.5832907787961568,412.5935184421742,1450.0
77460.0,323.15,319.02406480773976,2.586212376461528,412.593519225914,1450.0
77520.0,323.15,319.0240648010259,2.58913182635791,412.5935198973634,1450.0
77580.0,323.15,319.0240647954375,2.592049128485303,412.59352045602304,1450.0
77640.0,323.15,319.02406479097425,2.5949642828437076,412.59352090226713,1450.0
77700.0,323.15,319.0240647876363,2.5978772894331237,412.5935212359716,1450.0
77760.0,323.15,319.0240647854234,2.600788148253551,412.5935214573856,1450.0
77820.0,323.15,319.02406478433585,2.603696859304989,412.593521566134,1450.0
77880.0,323.15,319.0240647843736,2.606603422587439,412.59352156234354,1450.0
77940.0,323.15,319.02406478382767,2.609507887680174,412.59352161707545,1450.0
78000.0,323.15,319.0240647802721,2.6124103249852166,412.59352197245784,1450.0
78060.0,323.15,319.0240647768649,2.615310642859928,412.5935223131968,1450.0
78120.0,323.15,319.0240647736062,2.618208841304308,412.5935226391691,1450.0
78180.0,323.15,319.0240647704963,2.6211049203183565,412.5935229499996,1450.0
78240.0,323.15,319.02406476753475,2.6239988799020746,412.59352324618845,1450.0
78300.0,323.15,319.0240647647217,2.6268907200554605,412.59352352760976,1450.0
78360.0,323.15,319.02406476205755,2.6297804407785152,412.59352379376503,1450.0
78420.0,323.15,319.02406475954155,2.6326680420712387,412.5935240455279,1450.0
78480.0,323.15,319.02406475717436,2.6355535239336314,412.5935242821489,1450.0
78540.0,323.15,319.02406475495565,2.6384368863656924,412.5935245040033,1450.0
78600.0,323.15,319.0240647528855,2.641318129367422,412.5935247109659,1450.0
78660.0,323.15,319.02406475096376,2.6441972529388207,412.5935249032869,1450.0
78720.0,323.15,319.0240647491907,2.6470742570798875,412.5935250805902,1450.0
78780.0,323.15,319.02406474756623,2.6499491417906236,412.59352524300186,1450.0
78840.0,323.15,319.02406474609035,2.6528219070710284,412.5935253905217,1450.0
78900.0,323.15,319.02406474476294,2.6556925529211015,412.5935255232749,1450.0
78960.0,323.15,319.024064743584,2.6585610793408434,412.5935256412605,1450.0
79020.0,323.15,319.02406474255366,2.661427486330254,412.5935257443553,1450.0
79080.0,323.15,319.0240647416719,2.6642917738893335,412.5935258325574,1450.0
79140.0,323.15,319.02406474093885,2.6671539420180816,412.5935259057428,1450.0
79200.0,323.15,319.02406474333446,2.6700318424556215,412.59352561779303,1450.0
79260.0,323.15,319.0240650270893,2.6769466236352235,412.5934972454502,1450.0
79320.0,323.15,319.02406526767567,2.6838563961922564,412.59347319175606,1450.0
79380.0,323.15,319.024065483048,2.6907627407980277,412.59345165883127,1450.0
79440.0,323.15,319.0240656757915,2.697665659106503,412.5934323884069,1450.0
79500.0,323.15,319.02406585237173,2.7045658759429507,412.5934147338883,1450.0
79560.0,323.15,319.02406601208014,2.7114628870497346,412.59339876642633,1450.0
79620.0,323.15,319.02406615729655,2.718357124248346,412.5933842476529,1450.0
79680.0,323.15,319.02406628712635,2.7252478217795058,412.593371267333,1450.0
79740.0,323.15,319.0240664019345,2.7321352919648216,412.593359788783,1450.0
79800.0,323.15,319.0240665042275,2.739019283623148,412.5933495616721,1450.0
79860.0,323.15,319.0240665943988,2.7458997573730253,412.59334054635116,1450.0
79920.0,323.15,319.02406667446854,2.7527767409863895,412.5933325410509,1450.0
79980.0,323.15,319.02406674901675,2.7596501727676555,412.5933250877122,1450.0
80040.0,323.15,319.0240668155939,2.766520085714376,412.5933184312304,1450.0
80100.0,323.15,319.02406687419995,2.7733864798265517,412.59331257173244,1450.0
80160.0,323.15,319.0240669248347,2.780249355104182,412.59330750934157,1450.0
80220.0,323.15,319.02406697170426,2.787108762320834,412.59330282326675,1450.0
80280.0,323.15,319.024067013664,2.793964687662507,412.59329862826723,1450.0
80340.0,323.15,319.02406704967854,2.8008171186251563,412.59329502756117,1450.0
80400.0,323.15,319.0240670797478,2.8076660552087835,412.5932920211513,1450.0
80460.0,323.15,319.0240671049027,2.8145115019488145,412.5932895062137,1450.0
80520.0,323.15,319.0240671329702,2.821353493270064,412.5932867000573,1450.0
80580.0,323.15,319.02406715844626,2.828192004964282,412.59328415297034,1450.0
80640.0,323.15,319.02406718133096,2.8350270370314674,412.593281864951,1450.0
80700.0,323.15,319.0240672016243,2.841858589471621,412.5932798359992,1450.0
80760.0,323.15,319.02406721932624,2.848686662284743,412.59327806611594,1450.0
80771.54414258082,323.15,319.0240672224348,2.850000000570013,412.5932777554139,1450.0
80771.54414258082,323.15,319.0240672224348,2.850000000570013,412.5932777554139,0.0
80771.54415188468,323.15,319.024067246535,2.8499999994299947,412.5932512582029,0.0
80771.54415188468,323.15,319.024067246535,2.8499999994299947,412.5932512582029,0.0
80820.0,323.15,319.15789650477024,2.8427857264138554,399.18384126659447,0.0
80880.0,323.15,319.30934072134113,2.8338392988235817,384.04190091730203,0.0
80940.0,323.15,319.44682947334087,2.8248802468158343,370.29520089974886,0.0
81000.0,323.15,319.57206401619254,2.815910641366033,357.77366386298485,0.0
81060.0,323.15,319.6864725282274,2.8069322284171387,346.3345110839176,0.0
81120.0,323.15,319.791269555518,2.7979464985259512,335.8563196325001,0.0
81180.0,323.15,319.8874939584568,2.788954731013649,326.2352297945084,0.0
81240.0,323.15,319.9760426097129,2.7799580334853933,317.3815758670743,0.0
81300.0,323.15,320.05769462909774,2.7709573704794574,309.2174642463724,0.0
81360.0,323.15,320.13312756153,2.76195358270716,301.67515568715197,0.0
81420.0,323.15,320.2029354667149,2.7529474086313988,294.69525733510727,0.0
81480.0,323.15,320.2676405483823,2.743939498433055,288.2255596416573,0.0
81540.0,323.15,320.3277034431325,2.7349304264148797,282.2200086856815,0.0
81600.0,323.15,320.38353187936997,2.72592070148659,276.6378392978589,0.0
81660.0,323.15,320.43548838914575,2.7169107765133798,271.4428053030007,0.0
81720.0,323.15,320.483897370923,2.707901056898661,266.60247348383604,0.0
81780.0,323.15,320.5290488063693,2.6988919051946234,262.0878503188244,0.0
81840.0,323.15,320.571203369333,2.6898836473226364,257.87287321763256,0.0
81900.0,323.15,320.6105962182359,2.680876577257224,253.934030517214,0.0
81960.0,323.15,320.64743870227556,2.671870959175847,250.25019071391316,0.0
82020.0,323.15,320.68192256286426,2.662867032598626,246.80218283397596,0.0
82080.0,323.15,320.71422178096617,2.6538650147033036,243.5726115892881,0.0
82140.0,323.15,320.74449446318175,2.6448651026617624,240.54566871741088,0.0
82200.0,323.15,320.77288505897997,2.635867476394079,237.70691148855994,0.0
82260.0,323.15,320.79952563248133,2.626872300161973,235.04313547942388,0.0
82320.0,323.15,320.8245368312543,2.617879723793272,232.54227767065086,0.0
82380.0,323.15,320.84802956642835,2.6088898847700914,230.19324854588444,0.0
82440.0,323.15,320.8701056021427,2.599902908985451,227.98587310009327,0.0
82500.0,323.15,320.8908585605902,2.590918911998244,225.91079038294097,0.0
82560.0,323.15,320.91037487609054,2.581938000233875,223.9593581242911,0.0
82620.0,323.15,320.9287343481472,2.572960271682658,222.1235974260951,0.0
82680.0,323.15,320.9460107246792,2.563985816638166,220.39613444311482,0.0
82740.0,323.15,320.96227242030415,2.5550147186017638,218.770128590963,0.0
82800.0,323.15,320.97758266006514,2.546049576302064,217.23925817172028,0.0
82860.0,323.15,320.9919756661221,2.5401720812595205,215.8001042022553,0.0
82920.0,323.15,321.005537399332,2.5343460351791904,214.44406853764448,0.0
82980.0,323.15,321.01830063596793,2.5285721905024285,213.1678739481617,0.0
83040.0,323.15,321.0303145295093,2.5228505693481433,211.9666057197474,0.0
83100.0,323.15,321.0416210395302,2.517181181310125,210.83606836379315,0.0
83160.0,323.15,321.05226334302046,2.5115640342879026,209.7719447007327,0.0
83220.0,323.15,321.0622847426436,2.505999134008888,208.76990494896228,0.0
83280.0,323.15,321.0717235705262,2.50048648228818,207.82611635025222,0.0
83340.0,323.15,321.08061467686167,2.4950260776835256,206.93709427925828,0.0
83400.0,323.15,321.0889904130832,2.4896179164021155,206.09960395338112,0.0
83460.0,323.15,321.09688132901846,2.484261992775996,205.31059073746053,0.0
83520.0,323.15,321.10431602453656,2.478958299109722,204.56719490832515,0.0
83580.0,323.15,321.11132149398594,2.4737068260905946,203.8667173661447,0.0
83640.0,323.15,321.11792297702885,2.4685075627085955,203.2066344103386,0.0
83700.0,323.15,321.1241439947666,2.4633604962634497,202.5845941688342,0.0
83760.0,323.15,321.13000679250575,2.4582656129298623,201.99837235527872,0.0
83820.0,323.15,321.13553202053816,2.453222897358228,201.44590414915112,0.0
83880.0,323.15,321.1407393080979,2.448232333385885,200.92522683682975,0.0
83940.0,323.15,321.14564685985323,2.443293903539702,200.4345201349719,0.0
84000.0,323.15,321.1502720462759,2.438407589744036,199.97204717864477,0.0
84060.0,323.15,321.1546309989812,2.433573372840258,199.53619496684323,0.0
84120.0,323.15,321.1587390934939,2.428791233166517,199.1254261062581,0.0
84180.0,323.15,321.16261062720804,2.4240611501693654,198.7383109980322,0.0
84240.0,323.15,321.1662591536279,2.4193831028146935,198.37349442873654,0.0
84300.0,323.15,321.1696974159178,2.414757069503553,198.0297022099712,0.0
84360.0,323.15,321.1729374214577,2.4101830281673378,197.70573372393105,0.0
84420.0,323.15,321.175990532355,2.4056609563776337,197.40045287645535,0.0
84480.0,323.15,321.1788673574802,2.4011908312127033,197.1127988827664,0.0
84496.10250256001,323.15,321.1796107238867,2.3999999995199954,197.03846961497078,0.0
84496.10250256001,323.15,321.1796107238867,2.3999999995199954,197.03846961497078,1450.0
84496.1025100759,323.15,321.1796107030985,2.4000000004801803,197.03849281984125,1450.0
84496.1025100759,323.15,321.1796107030985,2.4000000004801803,197.03849281984125,1450.0
84540.0,323.15,321.0252209945609,2.408294329850488,212.51210704908692,1450.0
84600.0,323.15,320.8278916191121,2.4196859409079634,232.2424129373471,1450.0
84660.0,323.15,320.6462178678319,2.4311407879958247,250.40720422105255,1450.0
84720.0,323.15,320.47980554513794,2.442658629151477,267.0459366863106,1450.0
84780.0,323.15,320.3280716847003,2.4542390266419156,282.21693505268445,1450.0
84840.0,323.15,320.19028333943976,2.4658813867680904,295.9935134343736,1450.0
84900.0,323.15,320.0656108677428,2.4775850115444245,308.4586482875761,1450.0
84960.0,323.15,319.9531614427778,2.489349133354482,319.7016295921213,1450.0
85020.0,323.15,319.8520224526282,2.5011729568513705,329.81372067073426,1450.0
85080.0,323.15,319.761277935839,2.513055676154187,338.8865154301895,1450.0
85140.0,323.15,319.6800313919385,2.5249964989190605,347.00965962850717,1450.0
85200.0,323.15,319.607420629017,2.5369946611813683,354.26936583498775,1450.0
85260.0,323.15,319.54262896313907,2.549049439073363,360.74729433341935,1450.0
85320.0,323.15,319.4848908380856,2.5611601548504352,366.5199918592749,1450.0
85380.0,323.15,319.4334953422073,2.573326180965731,371.6585404117281,1450.0
85440.0,323.15,319.3877879669082,2.5855469424617836,376.22838129991754,1450.0
85500.0,323.15,319.34716984367384,2.597821916670791,380.2893923199755,1450.0
85560.0,323.15,319.31109598891254,2.6101506319839873,383.8960629796082,1450.0
85620.0,323.15,319.27907271935175,2.6225326657056476,387.0977531875402,1450.0
85680.0,323.15,319.25065478665675,2.6349676416494106,389.93898008331246,1450.0
85740.0,323.15,319.2254419136214,2.647455227066219,392.45976409247083,1450.0
85800.0,323.15,319.2030757391779,2.6599951299808513,394.6959346719287,1450.0
85860.0,323.15,319.18323654462876,2.6725870962511036,396.6794576536467,1450.0
85920.0,323.15,319.1656391287018,2.6852309056887216,398.4388477183752,1450.0
85980.0,323.15,319.150028844402,2.697926368272584,399.9995645610255,1450.0
86040.0,323.15,319.13617991078485,2.71067332278011,401.3841818900621,1450.0
86100.0,323.15,319.1238914359198,2.7234716328653352,402.6127847877809,1450.0
86160.0,323.15,319.1129851899953,2.736321185025454,403.7031927382859,1450.0
86220.0,323.15,319.1033030408601,2.7492218860905644,404.6712157702451,1450.0
86280.0,323.15,319.09470503676863,2.762173661464832,405.5308462357919,1450.0
86340.0,323.15,319.08706727847294,2.7751764530296588,406.29447149680027,1450.0
86400.0,323.15,319.0802802566786,2.7882302175511593,406.97304027008147,1450.0
86400.0,323.15,319.0802802566786,2.7882302175511593,406.97304027008147,1450.0
