time,setpoint.y,gantry.x,gantry.theta,pid.y
0.0,10.0,0.0,0.0,300.0
0.01,10.0,0.0014975530828158516,-0.0014942104969904865,300.0
0.02,10.0,0.005980487961529918,-0.005951079726525236,300.0
0.03,10.0,0.0134343545631482,-0.013326363198243141,300.0
0.04,10.0,0.023844871390399935,-0.023568837189016662,300.0
0.05,10.0,0.03719790479957335,-0.03662093793730087,300.0
0.06,10.0,0.05347944425893451,-0.05241941070638717,300.0
0.07,10.0,0.07267557446017694,-0.07089594428612932,300.0
0.08,10.0,0.09477244515361882,-0.09197777111657307,300.0
0.09,10.0,0.11975623944836351,-0.11558821954708497,300.0
0.1,10.0,0.14761314179040183,-0.14164720180990223,300.0
0.11,10.0,0.17832930606039493,-0.17007163694371397,300.0
0.12,10.0,0.21189082412494364,-0.20077580915012358,300.0
0.13,10.0,0.24828369678524687,-0.23367164274124105,300.0
0.14,10.0,0.2874938061367359,-0.2686689189631579,300.0
0.15,10.0,0.32950689065339817,-0.30567540716768604,300.0
0.16,10.0,0.37430852820174537,-0.34459691174947066,300.0
0.17,10.0,0.4218841175985096,-0.3853372770694327,300.0
0.18,10.0,0.47221886508618394,-0.4277983227014172,300.0
0.19,10.0,0.5252977782508909,-0.4718796944260753,300.0
0.2,10.0,0.5811056646549989,-0.5174786596953257,300.0
0.21,10.0,0.639627134453291,-0.5644898329223367,300.0
0.22,10.0,0.7008466083515544,-0.6128048630397185,300.0
0.23,10.0,0.7647483324802726,-0.6623120592183015,300.0
0.24,10.0,0.8313163941022118,-0.712896018174119,300.0
0.25,10.0,0.9005347368207546,-0.7644372474182384,300.0
0.26,10.0,0.9723871979171835,-0.8168117361315096,300.0
0.27,10.0,1.0468575306038825,-0.8698905893899568,300.0
0.28,10.0,1.1239294360360645,-0.9235398001689029,300.0
0.29,10.0,1.2035866073946897,-0.9776202098734406,300.0
0.3,10.0,1.2858127681676987,-1.0319875234075466,300.0
0.31,10.0,1.3705917217541415,-1.0864930026427806,300.0
0.32,10.0,1.4579074030564845,-1.1409844267649583,300.0
0.33,10.0,1.5477439409746772,-1.1953075852495625,300.0
0.34,10.0,1.6400857174886616,-1.2493076240337662,300.0
0.35,10.0,1.7349174333120314,-1.3028308120453675,300.0
0.36,10.0,1.8322241902571745,-1.3557279468836057,300.0
0.37,10.0,1.9319915443132576,-1.4078562428966153,300.0
0.38,10.0,2.0342055552301836,-1.4590813600511991,300.0
0.39,10.0,2.1388528165448832,-1.5092789311246024,300.0
0.4,10.0,2.2459204631184755,-1.5583353276466323,300.0
0.41,10.0,2.355396159487708,-1.6061479263113296,300.0
0.42,10.0,2.4672680792297723,-1.652625155313519,300.0
0.43,10.0,2.5815248679216865,-1.697686034046204,300.0
0.44,10.0,2.6981555959026386,-1.7412594066230922,300.0
0.45,10.0,2.817149706337216,-1.7832830460642681,300.0
0.46,10.0,2.9384969624710076,-1.8237027495080709,300.0
0.47,10.0,3.0621873964226363,-1.8624714852901347,300.0
0.48,10.0,3.1882112605025634,-1.8995486011542158,300.0
0.49,10.0,3.3165589818028125,-1.9348990969031277,300.0
0.5,10.0,3.447221120821734,-1.9684929727392668,300.0
0.51,10.0,3.580188335255299,-2.000304673352207,300.0
0.52,10.0,3.715451351339197,-2.030312664704289,300.0
0.53,10.0,3.853000932521354,-2.0584989478411075,300.0
0.54,10.0,3.9927853176723933,-2.0848642714794496,230.63498135191185
0.55,10.0,4.134156314926806,-2.1096461089841254,124.4526938202307
0.56,10.0,4.27608899197081,-2.1332657774353696,34.32904385863003
0.57,10.0,4.417702781181115,-2.1561349209384546,-38.6658190871085
0.58,10.0,4.558284488686954,-2.1786336483286264,-96.06802845545326
0.59,10.0,4.6972784317026255,-2.2011023414813535,-140.2513489679136
0.6,10.0,4.834259392822056,-2.223841670742985,-173.60179134387045
0.61,10.0,4.968909945982418,-2.247114320663944,-198.25943275753116
0.62,10.0,5.1009989701594005,-2.271148346901903,-216.02278543519924
0.63,10.0,5.230363940782375,-2.2961411460828867,-228.36910919313868
0.64,10.0,5.356896405236157,-2.3222633088190614,-236.48453259494363
0.65,10.0,5.480529093008856,-2.3496622803971077,-241.29911358645813
0.66,10.0,5.601227484353548,-2.3784655567189126,-243.56411623111853
0.67,10.0,5.718982521631845,-2.4087833332231194,-243.86206926517025
0.68,10.0,5.833803283682183,-2.440710720447541,-242.64149957835298
0.69,10.0,5.94571410792136,-2.4743290452779885,-240.27813475046423
0.7,10.0,6.054750804222688,-2.509707399673174,-237.0402896660314
0.71,10.0,6.160956006902522,-2.5469032103823133,-233.1445035012498
0.72,10.0,6.264379192487365,-2.585962205325417,-228.77630732261173
0.73,10.0,6.365074376892335,-2.626919441540925,-224.05861294492297
0.74,10.0,6.463097756716592,-2.6697992916769935,-219.09268015875364
0.75,10.0,6.558507900386034,-2.714615247177011,-213.96990896225225
0.76,10.0,6.651364932930296,-2.761371252544811,-208.7454505930691
0.77,10.0,6.741728984091856,-2.8100619421734705,-203.4705451176494
0.78,10.0,6.829660595692651,-2.860673153665714,-198.18943019981816
0.79,10.0,6.915220265898657,-2.913183687215762,-192.92495314358644
0.8,10.0,6.998467773404178,-2.96756581263597,-187.7036120321086
0.81,10.0,7.079462398148508,-3.0237860772943326,-182.54931356208158
0.82,10.0,7.158262801372888,-3.0818069815925617,-177.4726262541892
0.83,10.0,7.234926501970837,-3.1415873844550997,-172.49053664486587
0.84,10.0,7.309510291002548,-3.2030834106032637,-167.61309816038852
0.85,10.0,7.382069933033815,-3.2662497030515723,-162.84440895191574
0.86,10.0,7.452659978999283,-3.331039170548897,-158.19452902961166
0.87,10.0,7.521334025212449,-3.3974036893954924,-153.66941169949087
0.88,10.0,7.588144509440144,-3.465294974832219,-149.27094346857893
0.89,10.0,7.653142643910847,-3.5346641355477746,-145.00363017397262
0.9,10.0,7.716378500736007,-3.60546192699531,-140.8693761846166
0.91,10.0,7.777900858155457,-3.677638842804236,-136.86900442455317
0.92,10.0,7.837757724940573,-3.751145100008719,-133.00295088805387
0.93,10.0,7.895995501600246,-3.8259302158834205,-129.27057453405723
0.94,10.0,7.952659930312375,-3.901943170447871,-125.67085318744375
0.95,10.0,8.007795184446703,-3.979131707964625,-122.20182309438587
0.96,10.0,8.06144418904434,-4.057441972056738,-118.86084375666246
0.97,10.0,8.113648620984051,-4.1368178635630946,-115.64468068366568
0.98,10.0,8.16444900456109,-4.217200555005143,-112.54962067195174
0.99,10.0,8.213884690465333,-4.298527682925299,-109.57151920096123
1.0,10.0,8.261993830422732,-4.3807325856773165,-106.70582465065604
1.01,10.0,8.308813470763727,-4.463743952440432,-103.94763153560132
1.02,10.0,8.354379535763375,-4.547485230808551,-101.29167660576059
1.03,10.0,8.398726751980211,-4.631873808510803,-98.73229151496855
1.04,10.0,8.441888665408532,-4.7168209904344955,-96.26334182173844
1.05,10.0,8.48389769037718,-4.802232445659117,-93.8781727313077
1.06,10.0,8.524785121217159,-4.888009065906272,-91.56954540556137
1.07,10.0,8.564581112099384,-4.974048098375543,-89.32960713948285
1.08,10.0,8.603314666832981,-5.060244701307577,-87.14995661854368
1.09,10.0,8.641013656515112,-5.146493693766917,-85.02184843697069
1.1,10.0,8.677704856160066,-5.232691082895667,-82.9365104690778
1.11,10.0,8.71341400001644,-5.318735315119661,-80.88554346719786
1.12,10.0,8.748165851661124,-5.404528144724267,-78.86131906759965
1.13,10.0,8.781984290577158,-5.489975060291058,-76.85730532395405
1.14,10.0,8.814892406445344,-5.574985422071342,-74.8683135010557
1.15,10.0,8.846912582547548,-5.659472694795042,-72.89071986156773
1.16,10.0,8.878066597491822,-5.743353866998173,-70.92243939576372
1.17,10.0,8.908375718641823,-5.826548720056773,-68.96278034855027
1.18,10.0,8.93786076260308,-5.908979886274727,-67.01244605019497
1.19,10.0,8.966542151787023,-5.990571875091437,-65.07310195249966
1.2,10.0,8.994439961063486,-6.071250800386598,-63.14722021478042
1.21,10.0,9.02157392906653,-6.150944144817107,-61.23782667634447
1.22,10.0,9.047963519233006,-6.229580388982065,-59.348414287120136
1.23,10.0,9.07362788942881,-6.307089061607184,-57.48264491717816
1.24,10.0,9.098585925050005,-6.3834005665604945,-55.64423029669422
1.25,10.0,9.122856233327331,-6.45844636876728,-53.83678655195246
1.26,10.0,9.146457116396522,-6.532159660816439,-52.06372199101361
1.27,10.0,9.169406600200428,-6.604475750697065,-50.328250541748616
1.28,10.0,9.191722410373822,-6.6753331647920255,-48.633362954309405
1.29,10.0,9.213421973103669,-6.74467504941986,-46.98192412807157
1.3,10.0,9.2345224401393,-6.8124503389281905,-45.376743091058074
1.31,10.0,9.255040672022494,-6.878615680918966,-43.82060908423614
1.32,10.0,9.274993261811186,-6.9431366209624406,-42.31633265376456
1.33,10.0,9.294396541400346,-7.005989014754904,-40.86671473111414
1.34,10.0,9.313266572688516,-7.067159668920047,-39.474365221754
1.35,10.0,9.331619127353958,-7.126645933581938,-38.14148698466187
1.36,10.0,9.349469644686968,-7.184454063519835,-36.869626595678255
1.37,10.0,9.366833229104486,-7.2405998811804855,-35.659565236505955
1.38,10.0,9.383724593285256,-7.295106102286387,-34.511184065704185
1.39,10.0,9.400158015991007,-7.348000344857691,-33.423437557698094
1.4,10.0,9.416147313390796,-7.3993136410901466,-32.394417954372045
1.41,10.0,9.43170582640383,-7.449079556316796,-31.42150566321436
1.42,10.0,9.446846417091326,-7.497333413544936,-30.501566150225017
1.43,10.0,9.461581461358715,-7.544111213103817,-29.631130674406165
1.44,10.0,9.475922850820162,-7.589448683444845,-28.806544883003028
1.45,10.0,9.489882013856445,-7.633381031681134,-28.024134130745892
1.46,10.0,9.503469926935718,-7.675942692513102,-27.280322769557984
1.47,10.0,9.516697149934231,-7.7171671889853615,-26.571667693911422
1.48,10.0,9.529573828682626,-7.757087236979104,-25.89498949860092
1.49,10.0,9.54210974143923,-7.795734283314222,-25.24729381407866
1.5,10.0,9.554314300348969,-7.833138617272356,-24.625848346371953
1.51,10.0,9.56619657903992,-7.8693294359660255,-24.028196066272045
1.52,10.0,9.577765324255214,-7.904334717904651,-23.45212828940845
1.53,10.0,9.58902898826557,-7.938181422281419,-22.895691967899523
1.54,10.0,9.59999574154916,-7.970895402556491,-22.357151284872373
1.55,10.0,9.61067348520528,-8.002501475522465,-21.834982092562086
1.56,10.0,9.62106987456297,-8.03302350228165,-21.327845688243315
1.57,10.0,9.631192329849966,-8.062484390113745,-20.834564933614786
1.58,10.0,9.641048042569896,-8.090906141925833,-20.354119957076904
1.59,10.0,9.650643992769309,-8.118309905148998,-19.8856227700457
1.6,10.0,9.659986959699092,-8.144716009468588,-19.428300777241105
1.61,10.0,9.669083526777978,-8.170143988626933,-18.981489231366027
1.62,10.0,9.677940092351799,-8.194612618413391,-18.54461521870786
1.63,10.0,9.686562884207143,-8.218139971086346,-18.117175619001046
1.64,10.0,9.69495796741668,-8.240743443661962,-17.698725396440466
1.65,10.0,9.703131224090264,-8.262439685870957,-17.288911294283793
1.66,10.0,9.711088396452778,-8.283244756866315,-16.8874035981259
1.67,10.0,9.718835071917876,-8.303174073833945,-16.493921736008957
1.68,10.0,9.726376692168596,-8.322242447213261,-16.108221163612995
1.69,10.0,9.733718562482407,-8.340464111539157,-15.73007880107258
1.7,10.0,9.74086584179478,-8.357852688163245,-15.359320815917272
1.71,10.0,9.747823568154987,-8.374421285249996,-14.995769465509625
1.72,10.0,9.75459664508462,-8.390182433004425,-14.639280301506517
1.73,10.0,9.761189848463614,-8.405148108930847,-14.289731845898444
1.74,10.0,9.76760784008456,-8.419329800139217,-13.946999432624125
1.75,10.0,9.773855156511038,-8.432738429872904,-13.610980747486792
1.76,10.0,9.779936225632298,-8.445384447324935,-13.28157141573439
1.77,10.0,9.785855362575886,-8.457277797863798,-12.958671380149724
1.78,10.0,9.791616775294072,-8.468427943654516,-12.642179159417793
1.79,10.0,9.79722456828265,-8.47884387401804,-12.331991175169932
1.8,10.0,9.802682739230034,-8.488534107685174,-12.02801753450234
1.81,10.0,9.807995191797273,-8.497506717726704,-11.730149655549539
1.82,10.0,9.813165724852736,-8.505769289245476,-11.438300183662548
1.83,10.0,9.818198041795869,-8.513328958894904,-11.152382902293908
1.84,10.0,9.823095753791899,-8.520192419316606,-10.872306805237528
1.85,10.0,9.827862373911486,-8.526365854377381,-10.597985687660127
1.86,10.0,9.832501327676386,-8.531855032982854,-10.329337856250234
1.87,10.0,9.837015956953998,-8.53666530592756,-10.06626094020946
1.88,10.0,9.8414095169981,-8.5408015756256,-9.808653178711268
1.89,10.0,9.845685180371914,-8.544268323658583,-9.556408732846805
1.9,10.0,9.849846041997907,-8.54706966118098,-9.309411849018119
1.91,10.0,9.853895119264976,-8.54920927112378,-9.067534544466966
1.92,10.0,9.857835344158175,-8.550690414622368,-8.830677226871913
1.93,10.0,9.861669578551028,-8.551515981158595,-8.598721921391004
1.94,10.0,9.865400606287741,-8.551688437345641,-8.371557757027148
1.95,10.0,9.869031129417925,-8.551209785160344,-8.149089184090414
1.96,10.0,9.872563781595135,-8.55008167068178,-7.9312229094445925
1.97,10.0,9.876001135572983,-8.548305388576413,-7.71782169680268
1.98,10.0,9.879345686630336,-8.545881793262751,-7.508779661180689
1.99,10.0,9.882599870103192,-8.542811410469334,-7.30396676476181
2.0,10.0,9.88576606342338,-8.539094456321326,-7.103230763882088
2.01,10.0,9.888846580000754,-8.53473075827805,-6.906414822423493
2.02,10.0,9.89184366389374,-8.529719818646024,-6.713401939540731
2.03,10.0,9.894759509992554,-8.524060831613745,-6.524031874524496
2.04,10.0,9.897596242856913,-8.517752607849486,-6.338179139935953
2.05,10.0,9.900355919806676,-8.510793580610937,-6.155745358039589
2.06,10.0,9.903040546488894,-8.503181903886395,-5.9766249676092045
2.07,10.0,9.905652082001815,-8.494915424378766,-5.800658871561112
2.08,10.0,9.908192417888198,-8.485991629810977,-5.627743627230508
2.09,10.0,9.910663405348375,-8.476407778096954,-5.457727108127088
2.1,10.0,9.913066850015124,-8.46616086748828,-5.290432730511775
2.11,10.0,9.915404505492745,-8.455247601519503,-5.125687469149817
2.12,10.0,9.917678072904124,-8.443664499353469,-4.963358917962289
2.13,10.0,9.919889217593616,-8.431407834770775,-4.8032577175464155
2.14,10.0,9.92203953919644,-8.418473604106854,-4.645273332803512
2.15,10.0,9.924130588875027,-8.404857589175503,-4.4893159172514885
2.16,10.0,9.926163877329254,-8.390555383298423,-4.3352861271172
2.17,10.0,9.92814087890612,-8.375562355715626,-4.183032622244951
2.18,10.0,9.930063011279634,-8.359873678182483,-4.0324831496517675
2.19,10.0,9.931931671026796,-8.343484419818463,-3.883478684598316
2.2,10.0,9.933748213944376,-8.326389473373126,-3.7358605329106425
2.21,10.0,9.935513958448073,-8.308583621806925,-3.5894756784875526
2.22,10.0,9.937230186571936,-8.290061650847223,-3.444210182734885
2.23,10.0,9.938898155126477,-8.270818215034915,-3.2998869946653784
2.24,10.0,9.940519059384593,-8.250847958312583,-3.156490511072363
2.25,10.0,9.942094071326068,-8.230145520920674,-3.0139794022436277
2.26,10.0,9.943624330530815,-8.208705530704526,-2.8723211431402618
2.27,10.0,9.945110952486166,-8.186522589102609,-2.7314359131918877
2.28,10.0,9.946555010017658,-8.163591378607292,-2.5913504604069537
2.29,10.0,9.94795756803322,-8.139906739092602,-2.4520161667818954
2.3,10.0,9.9493196563335,-8.115463541478798,-2.3134259091761855
2.31,10.0,9.950642288256228,-8.090256911684701,-2.1755775020593795
2.32,10.0,9.951926460525245,-8.064282294446075,-2.0384939388395367
2.33,10.0,9.953173152473706,-8.037535303400766,-1.9021834048498505
2.34,10.0,9.95438331177286,-8.010012091600181,-1.7668086448517357
2.35,10.0,9.955557882052377,-7.981709116446614,-1.632491977323543
2.36,10.0,9.956697785080907,-7.952623360661119,-1.4994366679714197
2.37,10.0,9.957803925281796,-7.922752355226035,-1.3679099409760767
2.38,10.0,9.958877196442051,-7.892094226072427,-1.2382408393294675
2.39,10.0,9.959918501846719,-7.860647868378625,-1.1106702953945486
2.4,10.0,9.960928723564336,-7.828412854871591,-0.9855814594755543
2.41,10.0,9.961908756673447,-7.795389816941364,-0.8633257686847529
2.42,10.0,9.962859503517972,-7.761580413830908,-0.7442604292815247
2.43,10.0,9.963781867298014,-7.726987339660157,-0.6287856333156441
2.44,10.0,9.964676746336032,-7.691614948425379,-0.5174643409645867
2.45,10.0,9.96554506207143,-7.655468730747556,-0.4107976858903619
2.46,10.0,9.966387723374073,-7.618555940950171,-0.309429628987111
2.47,10.0,9.967205646187235,-7.580885549331744,-0.21408591382454745
2.48,10.0,9.9679997586234,-7.542468319665752,-0.1255106319341941
2.49,10.0,9.968770995894149,-7.5033168848005785,-0.044271762498881984
2.5,10.0,9.969520297584307,-7.463446051510026,0.028861264419408172
2.51,10.0,9.970248625368693,-7.422872665401385,0.09330890394698699
2.52,10.0,9.97095695072548,-7.381615881360694,0.1485212871917838
2.53,10.0,9.971646243454778,-7.339697154833373,0.19398069883003188
2.54,10.0,9.972317473893682,-7.297140316348796,0.22924172129504328
2.55,10.0,9.972971608637035,-7.253971555662201,0.25394984571243384
2.56,10.0,9.973609587238242,-7.210219347816893,0.26780001881990323
2.57,10.0,9.974232337431864,-7.16591438740368,0.2706252536907865
2.58,10.0,9.974840747534826,-7.121089252575232,0.26237957045018057
2.59,10.0,9.975435682653643,-7.075778565509287,0.2431593134264851
2.6,10.0,9.976017973884693,-7.030018444885346,0.2132499487636359
2.61,10.0,9.97658840990881,-6.983846730298547,0.17305821539340194
2.62,10.0,9.977147741118836,-6.9373025449193335,0.1231359409652466
2.63,10.0,9.977696662609551,-6.890426297902859,0.06415765685895103
2.64,10.0,9.97823581157546,-6.843259454966326,-0.003141035387649538
2.65,10.0,9.978765766445155,-6.795844355629476,-0.07789885213101222
2.66,10.0,9.979287035808216,-6.7482240398021505,-0.1592058675978496
2.67,10.0,9.97980006749127,-6.70044212488634,-0.24605758256611487
2.68,10.0,9.980305245279737,-6.65254260416845,-0.33737008879813857
2.69,10.0,9.980802887332743,-6.604569850824171,-0.4320155263264205
2.7,10.0,9.981293255445218,-6.556568492915969,-0.528803830543211
2.71,10.0,9.9817765429528,-6.508583377182198,-0.6265303152578063
2.72,10.0,9.982252883893404,-6.460659609600219,-0.7239884286355949
2.73,10.0,9.982722347926163,-6.412842378544794,-0.8199624423645275
2.74,10.0,9.983184940993498,-6.365177070358729,-0.9132655918470398
2.75,10.0,9.983640612850799,-6.317709075316692,-1.0027169299508945
2.76,10.0,9.984089256133633,-6.270483828783757,-1.0871568902425661
2.77,10.0,9.984530714299957,-6.223546741384239,-1.1654691133401727
2.78,10.0,9.98496478775178,-6.176943148345676,-1.236570542235901
2.79,10.0,9.985391234047261,-6.130718306192409,-1.2994582682400022
2.8,10.0,9.985809778609655,-6.084917341048489,-1.353213932106529
2.81,10.0,9.986220114399817,-6.039585154176869,-1.3970194573209795
2.82,10.0,9.986621909963329,-5.994766399373802,-1.4301886674585393
2.83,10.0,9.987014816950307,-5.950505273022244,-1.4521523552874225
2.84,10.0,9.987398475216443,-5.906845442616096,-1.4624877836609675
2.85,10.0,9.987772524444113,-5.863829839800604,-1.4609164544834785
2.86,10.0,9.988136611689262,-5.821500476167302,-1.4473106454595959
2.87,10.0,9.988490398500177,-5.779898305797478,-1.421712266873154
2.88,10.0,9.988833572453801,-5.739062968434687,-1.3843303245573635
2.89,10.0,9.989165849162731,-5.699032657995112,-1.3355450128606572
2.9,10.0,9.989486983427467,-5.659843872906704,-1.2759132399536854
2.91,10.0,9.989796771581242,-5.621531239976436,-1.2061384045523802
2.92,10.0,9.990095058715646,-5.584127291077869,-1.1270750985050286
2.93,10.0,9.99038174127004,-5.547662335578704,-1.0396828710879795
2.94,10.0,9.990656771642895,-5.5121642334034995,-0.9450116951887768
2.95,10.0,9.990920160779226,-5.477658383801985,-0.8441960335422714
2.96,10.0,9.991171981022793,-5.444167521357356,-0.7384133808948299
2.97,10.0,9.991412354569546,-5.41171193311956,-0.6288433991070708
2.98,10.0,9.991641466604436,-5.380309100009385,-0.5166632163431588
2.99,10.0,9.991859539241814,-5.349974292998664,-0.40299517301423116
3.0,10.0,9.992066847677593,-5.320720124019231,-0.28889967935375616
3.01,10.0,9.992263698754952,-5.292557135091081,-0.1753630969525135
3.02,10.0,9.992450436534586,-5.265493576568967,-0.06326841218826118
3.03,10.0,9.992627431108527,-5.2395357958239925,0.04659092877116322
3.04,10.0,9.992795074996728,-5.214688274075,0.15353332747435067
3.05,10.0,9.992953776809534,-5.190953846518033,0.2569852582883434
3.06,10.0,9.993103955157004,-5.168333896333992,0.35646760983696835
3.07,10.0,9.993246033896716,-5.146828470957993,0.4516167138082712
3.08,10.0,9.993380438618546,-5.126436489264516,0.5421409130108303
3.09,10.0,9.993507590427013,-5.107155880077691,0.6278453591162734
3.1,10.0,9.993627907163468,-5.088983684288797,0.7085931842602706
3.11,10.0,9.993741796326036,-5.071916231338852,0.7843176392929307
3.12,10.0,9.993849657018462,-5.055949196722376,0.8549995742923486
3.13,10.0,9.993951875630179,-5.04107773785573,0.9206671191471538
3.14,10.0,9.99404882513348,-5.027296587070832,0.9813833090939645
3.15,10.0,9.994140865279633,-5.014600090259194,1.0372423648724767
3.16,10.0,9.994228339237965,-5.002982358982802,1.0883584854222277
3.17,10.0,9.994311576918486,-4.992437230136508,1.1348646278568908
3.18,10.0,9.994390891336133,-4.982958418647061,1.1769024618089319
3.19,10.0,9.994466582062588,-4.974539470389717,1.2146232530837742
3.2,10.0,9.994538932903975,-4.967173872449846,1.2481797441781413
3.21,10.0,9.994608214070228,-4.96085503226811,1.2777273800655964
3.22,10.0,9.994674681631315,-4.955576327889926,1.3034195452452448
3.23,10.0,9.994738578305247,-4.951331130081561,1.3254056708551822
3.24,10.0,9.99480013431603,-4.948112790633018,1.3438309868190925
3.25,10.0,9.994859567473258,-4.945914696490516,1.3588322797119905
3.26,10.0,9.994917084624056,-4.9447302232001125,1.3705401417632157
3.27,10.0,9.994972881674046,-4.94455278492561,1.3790750692493012
3.28,10.0,9.995027144881572,-4.945375789359169,1.3845500185286075
3.29,10.0,9.995080051138245,-4.947192663431405,1.3870676575888745
3.3,10.0,9.995131768883656,-4.949996822776253,1.3867220203479975
3.31,10.0,9.995182458592998,-4.9537816650615,1.3835974569974678
3.32,10.0,9.995232273540166,-4.958540561064928,1.377768825545092
3.33,10.0,9.995281360256106,-4.9642668141267166,1.3693021892129709
3.34,10.0,9.995329859293477,-4.970953666105485,1.358254254235837
3.35,10.0,9.995377905570415,-4.978594237405576,1.3446741246852696
3.36,10.0,9.995425628967554,-4.987181521985044,1.3286028685123816
3.37,10.0,9.995473154362237,-4.996708314122844,1.3100759485900961
3.38,10.0,9.995520602652155,-5.007167221860575,1.2891220566398598
3.39,10.0,9.995568090913356,-5.018550611381895,1.265764789262054
3.4,10.0,9.99561573218407,-5.030850565231538,1.2400233244054328
3.41,10.0,9.995663636941156,-5.044058871799807,1.2119128233866392
3.42,10.0,9.995711912993198,-5.058166982004447,1.181445271397061
3.43,10.0,9.995760664039985,-5.0731658698129465,1.1486347491030635
3.44,10.0,9.995809986482318,-5.089045793032474,1.1135069521984626
3.45,10.0,9.995859979792348,-5.10579682666078,1.0760758149981828
3.46,10.0,9.995910738832231,-5.123408369476574,1.0363638255224163
3.47,10.0,9.995962349467316,-5.14186902440657,0.994409938687213
3.48,10.0,9.99601489665544,-5.1611667794631355,0.9502570112641904
3.49,10.0,9.996068463881134,-5.1812889406278435,0.9039543821704779
3.5,10.0,9.996123124538506,-5.202221879716843,0.8555746373562907
3.51,10.0,9.996178943431804,-5.223951024748268,0.8052125702045916
3.52,10.0,9.996235986759295,-5.246461008532267,0.7529691098955607
3.53,10.0,9.99629429797639,-5.269735395522761,0.6989891965278328
3.54,10.0,9.996353921815173,-5.2937567126210325,0.6434306995788865
3.55,10.0,9.996414888468816,-5.31850648133944,0.5864834213299783
3.56,10.0,9.996477214647667,-5.343965246069136,0.5283668576676042
3.57,10.0,9.996540906196818,-5.370112308035528,0.46933484030865946
3.58,10.0,9.996605953656466,-5.3969261672090285,0.4096658023868758
3.59,10.0,9.99667233287905,-5.424384021380708,0.349679883116941
3.6,10.0,9.996740001911466,-5.452462170224359,0.2897217888276973
3.61,10.0,9.996808901767837,-5.481135756553189,0.23017588918496257
3.62,10.0,9.996878954175262,-5.510379004847093,0.17144824852287188
3.63,10.0,9.996950060597902,-5.540165160669943,0.11397198046274148
3.64,10.0,9.997022101896228,-5.570466460940484,0.058210155647268946
3.65,10.0,9.997094938209859,-5.6012542874475715,0.004642502188801911
3.66,10.0,9.997168406863981,-5.632499118666193,-0.04623058180850359
3.67,10.0,9.997242331061196,-5.664171040027176,-0.0939406224839816
3.68,10.0,9.99731650788369,-5.6962392103080575,-0.13799343784793972
3.69,10.0,9.997390725009696,-5.72867245214117,-0.17792636634842052
3.7,10.0,9.997464748671794,-5.76143906007553,-0.21329208097225694
3.71,10.0,9.997538333439,-5.794506883415175,-0.24366856810321447
3.72,10.0,9.997611222204345,-5.827843413610134,-0.2686667414383732
3.73,10.0,9.997683146095932,-5.86141588010022,-0.2879387652961145
3.74,10.0,9.997753831585293,-5.895191181729118,-0.30117809544304164
3.75,10.0,9.997822996948448,-5.929136095014448,-0.3081319314292146
3.76,10.0,9.99789036491253,-5.963217280596838,-0.30859566663902016
3.77,10.0,9.99795565453849,-5.997401315847963,-0.30243010390177893
3.78,10.0,9.99801858885142,-6.0316547910665586,-0.2895511714103207
3.79,10.0,9.998078896901074,-6.065944356981617,-0.2699458311788694
3.8,10.0,9.998136319902137,-6.100236705863505,-0.24365489360806714
3.81,10.0,9.99819061389032,-6.134498629607538,-0.21077650396815906
3.82,10.0,9.998241547041188,-6.1686970852876,-0.17147198127565222
3.83,10.0,9.998288901389024,-6.202799031952476,-0.1259217930345523
3.84,10.0,9.998332482561201,-6.2367717317054625,-0.0743805461318583
3.85,10.0,9.998372117113215,-6.270582800709424,-0.017160781260002422
3.86,10.0,9.998407656073264,-6.3042000444151105,0.0453881798348601
3.87,10.0,9.998438960690143,-6.337591304871485,0.11290793987834591
3.88,10.0,9.998465919407545,-6.370724766421884,0.18499845468570797
3.89,10.0,9.99848844988299,-6.403569090599658,0.2612230036247703
3.9,10.0,9.998506499174162,-6.4360934354019115,0.341115646965962
3.91,10.0,9.998520034135842,-6.4682672306004445,0.42420351367989173
3.92,10.0,9.998529034520306,-6.500060358887595,0.5100165304457362
3.93,10.0,9.998533515385517,-6.531443266678872,0.5980654373455635
3.94,10.0,9.998533518937247,-6.562386886606526,0.6878546138503308
3.95,10.0,9.998529109074001,-6.592862733423166,0.778898415885119
3.96,10.0,9.998520360662853,-6.622842964077358,0.8707146353310125
3.97,10.0,9.99850737155626,-6.652300377533758,0.9628327166304801
3.98,10.0,9.998490265384321,-6.681208526998425,1.0547938763556028
3.99,10.0,9.998469189728743,-6.709541795624503,1.1461535380644778
4.0,10.0,9.998444301760385,-6.737275353845798,1.2364890657358112
4.01,10.0,9.998415755444041,-6.764385296510605,1.3253924358887053
4.02,10.0,9.99838372976071,-6.790848661057482,1.4124842404665854
4.03,10.0,9.998348434832987,-6.8166435237177225,1.4974049143748838
4.04,10.0,9.998310079122849,-6.84174901364816,1.5798253451341946
4.05,10.0,9.99826887882203,-6.866145284174611,1.6594419478794564
4.06,10.0,9.998225061073242,-6.889813636376488,1.735982144790844
4.07,10.0,9.998178857294958,-6.912736482205355,1.8092057881548387
4.08,10.0,9.998130495323027,-6.9348973092815696,1.8789058679253923
4.09,10.0,9.998080208723142,-6.956280830385799,1.944909924770183
4.1,10.0,9.998028234539516,-6.976872799736721,2.0070743427887794
4.11,10.0,9.997974802548223,-6.996660216963825,2.065295855331925
4.12,10.0,9.997920142390296,-7.015631259213379,2.119498287997101
4.13,10.0,9.997864477653088,-7.033775294277551,2.1696444071221643
4.14,10.0,9.997808030074163,-7.051082617638046,2.2157210454611405
4.15,10.0,9.997751015405715,-7.067544627652998,2.2577459328083327
4.16,10.0,9.997693639806057,-7.08315389793761,2.2957654418254076
4.17,10.0,9.997636098621642,-7.097904091737579,2.32984787151861
4.18,10.0,9.997578579184202,-7.111789829470746,2.3600869580586696
4.19,10.0,9.997521259919289,-7.124806476674351,2.3865870394807356
4.2,10.0,9.997464304923328,-7.136950489680291,2.4094751369887097
4.21,10.0,9.997407871801743,-7.148219031126137,2.42889027718678
4.22,10.0,9.997352103045479,-7.15861009860908,2.4449826147001135
4.23,10.0,9.997297132047917,-7.168122515357084,2.4579101265638297
4.24,10.0,9.997243080600276,-7.176755847939833,2.467836459773956
4.25,10.0,9.99719005892683,-7.184510366833207,2.4749274434643294
4.26,10.0,9.997138167729618,-7.191387095063919,2.479346788054566
4.27,10.0,9.997087495819283,-7.197387685239709,2.4812563394168015
4.28,10.0,9.997038124525604,-7.202514384722432,2.48081334580766
4.29,10.0,9.996990123747098,-7.206770073469252,2.4781652269350705
4.3,10.0,9.996943557351942,-7.210158161481393,2.4734568144794933
4.31,10.0,9.996898479783875,-7.212682588485708,2.4668179457489945
4.32,10.0,9.996854939507449,-7.214347876710071,2.4583720980520547
4.33,10.0,9.9968129788804,-7.215159067471102,2.4482317869517383
4.34,10.0,9.996772634186192,-7.215121649377724,2.436494986264484
4.35,10.0,9.996733936721608,-7.214241591934744,2.42324714746062
4.36,10.0,9.996696913858369,-7.2125253440503485,2.4085596140147496
4.37,10.0,9.996661590862203,-7.209980030861724,2.392496845929527
4.38,10.0,9.9966279897548,-7.206613143691344,2.375104746396085
4.39,10.0,9.99659612993795,-7.202432568490539,2.3564197425033853
4.4,10.0,9.996566030194183,-7.197446716901559,2.3364640183639023
4.41,10.0,9.996537707966162,-7.191664535002162,2.315251857218136
4.42,10.0,9.996511180221306,-7.18509548175857,2.292788554778836
4.43,10.0,9.996486464663313,-7.177749441751229,2.269066617299118
4.44,10.0,9.99646358018648,-7.169636770666025,2.2440678760712407
4.45,10.0,9.996442546756986,-7.1607683495813115,2.217766894819942
4.46,10.0,9.996423383684354,-7.151155685407358,2.190134540267756
4.47,10.0,9.996406113673933,-7.140810736393854,2.1611318287219126
4.48,10.0,9.996390759504147,-7.1297459896835,2.130717676872404
4.49,10.0,9.996377346300036,-7.117974498351012,2.0988464190907705
4.5,10.0,9.996365900587667,-7.105509803573443,2.0654709754810066
4.51,10.0,9.996356450507443,-7.092365942598185,2.030543970182399
4.52,10.0,9.996349026292565,-7.0785575477037606,1.9940177197689066
4.53,10.0,9.996343659636526,-7.064099886715612,1.9558455835352786
4.54,10.0,9.996340384282583,-7.049008708647063,1.9159843875658082
4.55,10.0,9.996339233304512,-7.033300176035156,1.8743975818498668
4.56,10.0,9.996340242305552,-7.0169910854573265,1.831053073833258
4.57,10.0,9.996343444528167,-7.0000987372390675,1.7859252563202088
4.58,10.0,9.996348873652884,-6.982640940706481,1.7389974073063093
4.59,10.0,9.996356563836729,-6.9646360258885345,1.6902616758679243
4.6,10.0,9.996366549253791,-6.946102842688659,1.6397201011457923
4.61,10.0,9.996378861333593,-6.927060719745961,1.5873860896568233
4.62,10.0,9.996393526853879,-6.907529397791721,1.5332833269726034
4.63,10.0,9.996410572030426,-6.88752912668364,1.4774491089394828
4.64,10.0,9.996430019765345,-6.867080452067122,1.4199294075147169
4.65,10.0,9.996451888465028,-6.846204374449365,1.3607854256493732
4.66,10.0,9.996476192633647,-6.824922319372624,1.3000909197616628
4.67,10.0,9.996502941922543,-6.803256061271803,1.2379333595578228
4.68,10.0,9.996532140795363,-6.781227616238416,1.1744122190665807
4.69,10.0,9.996563788122852,-6.758859204935475,1.1096387591351
4.7,10.0,9.99659787651705,-6.73617342306917,1.0437380688156985
4.71,10.0,9.996634391805609,-6.713193282127122,0.9768432955404946
4.72,10.0,9.996673312800146,-6.689941899510574,0.9091014917788319
4.73,10.0,9.99671461142362,-6.666442250130621,0.8406703282940308
4.74,10.0,9.996758251312672,-6.642717640523922,0.7717178425303145
4.75,10.0,9.996804189183512,-6.618791828914884,0.7024154691930105
4.76,10.0,9.996852373443025,-6.59468869809085,0.6329426358295236
4.77,10.0,9.996902743931559,-6.570431881774842,0.5634902294140136
4.78,10.0,9.996955231913223,-6.546044672391248,0.49426043399723896
4.79,10.0,9.997009760810831,-6.521550842107727,0.4254544460614711
4.8,10.0,9.99706624984124,-6.49697510572612,0.3572607063862723
4.81,10.0,9.99712460787027,-6.472341633326335,0.28987949786657596
4.82,10.0,9.997184730404149,-6.447673021643217,0.22353678373637087
4.83,10.0,9.997246507366405,-6.422992611636086,0.1584459966410945
4.84,10.0,9.997309826471891,-6.398324587422577,0.09480141468917047
4.85,10.0,9.997374568573692,-6.373693124966974,0.03279244120178548
4.86,10.0,9.997440606966462,-6.349121894840782,-0.027388808311447077
4.87,10.0,9.997507810630959,-6.324634409104627,-0.08555521601403404
4.88,10.0,9.997576043794131,-6.300254441554509,-0.14153471467077794
4.89,10.0,9.997645161442843,-6.276004707249201,-0.1951483688188549
4.9,10.0,9.997715016223715,-6.2519080461949805,-0.24623250865439017
4.91,10.0,9.997785459176757,-6.227987394794107,-0.29464276441444603
4.92,10.0,9.997856335097207,-6.204264946459013,-0.3402379608838535
4.93,10.0,9.99792748838395,-6.180762829675238,-0.382893330898755
4.94,10.0,9.997998761848415,-6.15750288862224,-0.4224993354487623
4.95,10.0,9.998069998523977,-6.134506718702786,-0.4589671643931772
4.96,10.0,9.998141044859318,-6.11179581396587,-0.4922346071756183
4.97,10.0,9.998211747368796,-6.089391284381198,-0.5222558399187927
4.98,10.0,9.998281952934374,-6.067313537077812,-0.5489926972277077
4.99,10.0,9.998351513831482,-6.045582888229156,-0.572439577434922
5.0,10.0,9.998420291529298,-6.024219467250717,-0.5926070919784485
5.01,10.0,9.998488151088171,-6.003242857805464,-0.6095274494456469
5.02,10.0,9.998554958584819,-5.982671801664662,-0.6232419939477991
5.03,10.0,9.998620584327757,-5.962524328769675,-0.6338060412870266
5.04,10.0,9.998684910828604,-5.942818248009657,-0.6412999775854566
5.05,10.0,9.998747834413706,-5.923571228759856,-0.6458310296542396
5.06,10.0,9.998809255036955,-5.9047999507176145,-0.6475150839181463
5.07,10.0,9.998869077575627,-5.88652046506073,-0.6464787002786232
5.08,10.0,9.998927221591247,-5.868748398619987,-0.6428718379241405
5.09,10.0,9.998983617195483,-5.851498584543491,-0.6368525936299119
5.1,10.0,9.999038204734326,-5.834785233980614,-0.6285941638148216
5.11,10.0,9.999090932121344,-5.818621852427764,-0.6182741652298955
5.12,10.0,9.999141756295227,-5.8030212137474075,-0.6060754746720671
5.13,10.0,9.999190646125943,-5.78799537430636,-0.5921887528443905
5.14,10.0,9.999237579805891,-5.773555752472925,-0.5768067748953424
5.15,10.0,9.99928254530921,-5.7597129376258245,-0.5601232511234372
5.16,10.0,9.999325542167124,-5.746476754332719,-0.5423371462092543
5.17,10.0,9.999366579576618,-5.733856273565299,-0.5236434262120785
5.18,10.0,9.999405673724825,-5.721859957946217,-0.5042341097533788
5.19,10.0,9.99944285176907,-5.710495458871343,-0.4842980976552578
5.2,10.0,9.99947814751809,-5.699769713430886,-0.46401902119799954
5.21,10.0,9.999511601429246,-5.689688944073181,-0.4435736772193757
5.22,10.0,9.999543262519639,-5.680258627963304,-0.4231302677355797
5.23,10.0,9.999573187361303,-5.671483447285014,-0.40284734055156657
5.24,10.0,9.99960143753827,-5.663367394552742,-0.38287269477028796
5.25,10.0,9.999628075402027,-5.655913861648223,-0.36334864680615686
5.26,10.0,9.999653170031646,-5.649125449194116,-0.34440208388834126
5.27,10.0,9.999676797839593,-5.6430039894296655,-0.3261507870504466
5.28,10.0,9.999699037323547,-5.637550633595441,-0.3086997440506984
5.29,10.0,9.999719966092018,-5.632765982662761,-0.2921445251867331
5.3,10.0,9.99973966042227,-5.628650095888832,-0.2765710482609356
5.31,10.0,9.999758201526099,-5.625202262186912,-0.26205159808641865
5.32,10.0,9.999775676943724,-5.622420979960758,-0.24864684134511839
5.33,10.0,9.999792169953011,-5.620304264160113,-0.23640662320514155
5.34,10.0,9.99980776293091,-5.618849555770162,-0.22537314111178192
5.35,10.0,9.999822540140215,-5.618053612559576,-0.21557560439584023
5.36,10.0,9.999836581090385,-5.61791272805624,-0.20703479944333125
5.37,10.0,9.999849963386374,-5.6184226300850195,-0.19976172521051494
5.38,10.0,9.999862764702533,-5.6195784040270285,-0.19375728550956417
5.39,10.0,9.999875062474153,-5.621374496038731,-0.18901250313681262
5.4,10.0,9.999886927859066,-5.623804932004003,-0.18551049213522108
5.41,10.0,9.999898424917511,-5.626863383593398,-0.18322801403494332
5.42,10.0,9.999909616502181,-5.630542886186203,-0.18213230158000873
5.43,10.0,9.999920570985559,-5.634835576411812,-0.18218074583203323
5.44,10.0,9.999931347917844,-5.639733269678208,-0.183324636521848
5.45,10.0,9.999941997529685,-5.645227526394651,-0.1855101104501442
5.46,10.0,9.999952566384977,-5.651309376790062,-0.18867652205370045
5.47,10.0,9.999963099042958,-5.657969268524081,-0.19275597046270493
5.48,10.0,9.999973636791635,-5.66519713449053,-0.1976738766996871
5.49,10.0,9.999984212751276,-5.672982564215344,-0.2033511188771991
5.5,10.0,9.999994854574963,-5.681314668150138,-0.20970315874267453
5.51,10.0,10.000005585191825,-5.69018210650403,-0.21664010159345748
5.52,10.0,10.00001642609651,-5.699572998613778,-0.2240662620155522
5.53,10.0,10.000027391714243,-5.709475056550744,-0.23188174501123726
5.54,10.0,10.000038491964071,-5.719875550697806,-0.23998247323450334
5.55,10.0,10.0000497265897,-5.730761545788847,-0.24826367392394444
5.56,10.0,10.000061093797761,-5.742119531751442,-0.2566149534575045
5.57,10.0,10.000072585969571,-5.753935650945292,-0.26492409044696563
5.58,10.0,10.000084193087494,-5.766195601275666,-0.2730764006140901
5.59,10.0,10.00009589658003,-5.778884790450144,-0.28095591406561665
5.6,10.0,10.000107672176048,-5.79198836364618,-0.28844755174045233
5.61,10.0,10.00011948909173,-5.805491219859932,-0.2954373380102704
5.62,10.0,10.000131312158414,-5.819377874900201,-0.30181016390802495
5.63,10.0,10.000143105554104,-5.833632455663494,-0.30745195152166055
5.64,10.0,10.000154827679083,-5.848238845540044,-0.3122507012922347
5.65,10.0,10.000166431303487,-5.863180697317616,-0.3160970786169369
5.66,10.0,10.000177864462387,-5.878441597681013,-0.31888912076797726
5.67,10.0,10.00018907246133,-5.894004779414277,-0.3205263965038746
5.68,10.0,10.000199996942245,-5.909853307913561,-0.3209141881781372
5.69,10.0,10.000210581037267,-5.925969906740888,-0.3199606764052212
5.7,10.0,10.00022076161177,-5.942337257616091,-0.31758278975196474
5.71,10.0,10.00023047457435,-5.95893787224622,-0.31370410507692037
5.72,10.0,10.000239652871294,-5.975754307861581,-0.30825862221660927
5.73,10.0,10.000248229228477,-5.992768859043647,-0.30118666823678214
5.74,10.0,10.000256135987886,-6.009963738589942,-0.29243654474571196
5.75,10.0,10.000263306703145,-6.027320993759916,-0.28196267270224934
5.76,10.0,10.000269673303844,-6.044822713175324,-0.26973286766130666
5.77,10.0,10.000275168675566,-6.062451000938049,-0.25572414258534404
5.78,10.0,10.000279726650147,-6.08018798294424,-0.23992426125371905
5.79,10.0,10.000283282815237,-6.0980157346075705,-0.2223317008344303
5.8,10.0,10.000285775614564,-6.115916230755548,-0.20294874067198262
5.81,10.0,10.000287145676898,-6.1338715323686985,-0.18179053646388224
5.82,10.0,10.000287336552244,-6.1518637584711895,-0.1588833530334864
5.83,10.0,10.000286294250044,-6.169875255122361,-0.1342634222407451
5.84,10.0,10.000283969465737,-6.187888320615653,-0.10797656733500371
5.85,10.0,10.000280316702433,-6.205885397407214,-0.08007802117708344
5.86,10.0,10.000275293903043,-6.223848859204261,-0.050622748863402664
5.87,10.0,10.000268864684864,-6.2417613634497,-0.01968210992319211
5.88,10.0,10.000260997146023,-6.259605688237233,0.012667033681508816
5.89,10.0,10.000251663714767,-6.277364908978206,0.04633862713806819
5.9,10.0,10.00024084329004,-6.29502216289705,0.0812409863798784
5.91,10.0,10.000228519051214,-6.312560760003054,0.1172789923818095
5.92,10.0,10.00021467866556,-6.329964127847547,0.1543564039858935
5.93,10.0,10.00019931698131,-6.3472160137609555,0.1923675706674865
5.94,10.0,10.000182433562884,-6.3643004667677054,0.23120214819995177
5.95,10.0,10.000164033764076,-6.38120180807699,0.27074604020402226
5.96,10.0,10.000144129160951,-6.397904584082359,0.3108836415837852
5.97,10.0,10.000122733944119,-6.41439348405631,0.3515036023255951
5.98,10.0,10.000099869233093,-6.430653572446794,0.392490507322567
5.99,10.0,10.000075561551446,-6.446670214391165,0.43372907456819
6.0,10.0,10.000049842466355,-6.462429288623263,0.47509675321104605
6.01,10.0,10.000022748715201,-6.477916857559486,0.516478391980897
6.02,10.0,9.999994321655668,-6.493119382893691,0.5577584817602298
6.03,10.0,9.99996460379986,-6.50802349815696,0.5988301059834545
6.04,10.0,9.999933644965944,-6.522616379390769,0.6395839400007088
6.05,10.0,9.999901498235259,-6.536885575033097,0.6799136875826988
6.06,10.0,9.99986822140312,-6.5508191717356254,0.7197098033277576
6.07,10.0,9.999833875123713,-6.564405556077475,0.7588732269087692
6.08,10.0,9.999798522009685,-6.577633495064895,0.7973094820506121
6.09,10.0,9.999762226119302,-6.590492104785189,0.834931508155913
6.1,10.0,9.999725055779148,-6.602971055724124,0.8716546157780894
6.11,10.0,9.999687082039616,-6.615060522339295,0.9073946622650089
6.12,10.0,9.999648377774452,-6.626751138727121,0.9420734985688672
6.13,10.0,9.999609016967407,-6.638033973751569,0.9756206733738748
6.14,10.0,9.999569074431387,-6.648900518406171,1.0079687687432637
6.15,10.0,9.99952862682677,-6.659342831650667,1.0390560095537045
6.16,10.0,9.99948775111113,-6.669353419078985,1.0688267768127324
6.17,10.0,9.999446524541078,-6.678925271649673,1.0972316219548484
6.18,10.0,9.999405024611985,-6.688051894810933,1.1242263082602948
6.19,10.0,9.999363329047535,-6.6967272460416805,1.149769987139216
6.2,10.0,9.999321514777911,-6.704945809104114,1.1738296619802926
6.21,10.0,9.999279658244598,-6.71270255815905,1.1963763967392453
6.22,10.0,9.999237835037858,-6.719992969622721,1.217385724636769
6.23,10.0,9.999196119483695,-6.726813024206405,1.2368391348790975
6.24,10.0,9.999154585838873,-6.733159160243219,1.2547191192404865
6.25,10.0,9.999113306143325,-6.739028346237563,1.2710143470801696
6.26,10.0,9.999072351198027,-6.744418039440473,1.2857164889952037
6.27,10.0,9.99903179014162,-6.749326197102246,1.2988207677627484
6.28,10.0,9.998991690215428,-6.7537512723978645,1.3103252159756504
6.29,10.0,9.998952117849488,-6.7576921449581535,1.3202323697565355
6.3,10.0,9.998913136957347,-6.7611482099192575,1.328546970134745
6.31,10.0,9.998874809500284,-6.764119338594198,1.3352765384285967
6.32,10.0,9.998837195158252,-6.766605896338036,1.340430673954264
6.33,10.0,9.998800351527137,-6.768608702342021,1.3440218038236056
6.34,10.0,9.998764334806141,-6.7701289752952585,1.3460645502760635
6.35,10.0,9.998729198679005,-6.771168403910951,1.346575403270215
6.36,10.0,9.998694994482204,-6.771729133861433,1.345572202147047
6.37,10.0,9.998661771166727,-6.771813797259044,1.3430726393079293
6.38,10.0,9.998629575487557,-6.771425420567146,1.3390963925875967
6.39,10.0,9.99859845257663,-6.77056744399492,1.3336649929786941
6.4,10.0,9.99856844532753,-6.769243731702645,1.3268006202569478
6.41,10.0,9.998539594197851,-6.767458573126279,1.3185256868200637
6.42,10.0,9.998511937291891,-6.765216663513755,1.3088639047096278
6.43,10.0,9.998485510755431,-6.762523093945469,1.2978392357082043
6.44,10.0,9.998460348910799,-6.759383329351768,1.2854772793408675
6.45,10.0,9.998436484155176,-6.755803208054227,1.2718046788798314
6.46,10.0,9.998413946588702,-6.751788951231184,1.2568482552413875
6.47,10.0,9.998392763666864,-6.747347171500979,1.2406349400694312
6.48,10.0,9.998372961266993,-6.742484818460923,1.223192875061699
6.49,10.0,9.998354563300325,-6.73720918164139,1.2045513643524612
6.5,10.0,9.998337591902986,-6.731527874194271,1.184741098398545
6.51,10.0,9.99832206695489,-6.725448856614777,1.1637929365630921
6.52,10.0,9.998308005693524,-6.7189804371051665,1.14173820451138
6.53,10.0,9.998295423822645,-6.712131216765336,1.1186096025616807
6.54,10.0,9.998284334753443,-6.704910115300744,1.0944404890179984
6.55,10.0,9.998274749750705,-6.697326356610733,1.069265032795367
6.56,10.0,9.998266677916257,-6.689389461590647,1.0431182097905296
6.57,10.0,9.998260128283857,-6.6811090411484315,1.016042319710593
6.58,10.0,9.998255105793357,-6.672495168363052,0.9880746014415391
6.59,10.0,9.998251614056915,-6.663558107982962,0.959255822588826
6.6,10.0,9.998249654809735,-6.654308359630526,0.929628631191861
6.61,10.0,9.998249227876377,-6.644756652225114,0.8992374990359365
6.62,10.0,9.998250327188451,-6.634914016932426,0.8681232057005531
6.63,10.0,9.998252948371238,-6.624791619153225,0.8363335663167946
6.64,10.0,9.998257084221288,-6.614400842721365,0.803917157712922
6.65,10.0,9.998262724924114,-6.603753275374737,0.770923699232812
6.66,10.0,9.998269858298876,-6.592860659910893,0.7374043691865673
6.67,10.0,9.998278469624958,-6.581734837811702,0.7034114854072441
6.68,10.0,9.998288542238791,-6.570387929789529,0.6690000356465415
6.69,10.0,9.998300056964661,-6.558832157665801,0.6342264067693794
6.7,10.0,9.998312992241532,-6.547079880347479,0.5991487862962155
6.71,10.0,9.998327324746409,-6.535143468931543,0.5638217001099135
6.72,10.0,9.998343028395752,-6.523035468157558,0.5283043230595239
6.73,10.0,9.998360074517054,-6.510768551272512,0.4926588530077391
6.74,10.0,9.998378432192569,-6.498355444505328,0.4569474230198458
6.75,10.0,9.998398068406733,-6.4858089397133485,0.42123207229829984
6.76,10.0,9.998418950299573,-6.473141854566184,0.3855651354631329
6.77,10.0,9.99844103945996,-6.460367091116142,0.3500132484577888
6.78,10.0,9.998464296432708,-6.447497568126329,0.314638220698737
6.79,10.0,9.998488679535003,-6.4345462237349516,0.27950193940693474
6.8,10.0,9.998514146992688,-6.421526041492609,0.24466311385964912
6.81,10.0,9.998540655026149,-6.408450004014649,0.21017998397107085
6.82,10.0,9.998568155843639,-6.395331044978584,0.17611316415976597
6.83,10.0,9.998596600840319,-6.382182094154602,0.14252082343459582
6.84,10.0,9.998625939603913,-6.3690160474950135,0.10946003933465487
6.85,10.0,9.998656124290841,-6.355845778270921,0.07698410486668517
6.86,10.0,9.99868710066944,-6.342684078801701,0.04514759854680561
6.87,10.0,9.998718814800148,-6.329543683585921,0.014002349991610319
6.88,10.0,9.998751211485963,-6.316437249590669,-0.016401802996075077
6.89,10.0,9.998784235848616,-6.303377319009269,-0.04601913731569307
6.9,10.0,9.998817833582157,-6.290376304930737,-0.07480846338101066
6.91,10.0,9.998851946296401,-6.27744655975434,-0.10272728629172245
6.92,10.0,9.998886516348994,-6.264600283702261,-0.12973805847508313
6.93,10.0,9.998921485579205,-6.251849536100334,-0.15580666148519962
6.94,10.0,9.998956799705166,-6.239206200871828,-0.18090359434611192
6.95,10.0,9.998992400794632,-6.2266820149783335,-0.20500250252501484
6.96,10.0,9.99902823126668,-6.2142885360011695,-0.2280812780092647
6.97,10.0,9.999064234447387,-6.202037127910691,-0.2501223912762286
6.98,10.0,9.999100354909261,-6.189938974149531,-0.2711107961899475
6.99,10.0,9.999136540356792,-6.178005117921761,-0.2910289657541182
7.0,10.0,9.999172736038561,-6.166246277233525,-0.30987431648871844
7.01,10.0,9.999208889781338,-6.154672980078779,-0.3276448119579737
7.02,10.0,9.99924495084333,-6.143295513335784,-0.34434308221339627
7.03,10.0,9.99928086977039,-6.132124001020958,-0.3599671322859228
7.04,10.0,9.999316599008033,-6.1211682718528735,-0.3745232964783699
7.05,10.0,9.999352093075029,-6.11043784903856,-0.3880262881148857
7.06,10.0,9.999387308490117,-6.099942008860581,-0.40049198386012375
7.07,10.0,9.999422203742792,-6.089689747891943,-0.41193955006154104
7.08,10.0,9.999456736101974,-6.0796898205272045,-0.42238299921824696
7.09,10.0,9.999490869675403,-6.069950617272904,-0.4318511020602336
7.1,10.0,9.99952456943777,-6.060480241634075,-0.4403719361860854
7.11,10.0,9.99955780297136,-6.051286477839482,-0.4479768731824664
7.12,10.0,9.999590538403577,-6.042376808031831,-0.45469604896493077
7.13,10.0,9.999622746058042,-6.033758384248313,-0.4605613927001694
7.14,10.0,9.999654401680429,-6.025437981230257,-0.4656128615725661
7.15,10.0,9.999685482523573,-6.017422036164985,-0.4698901405921093
7.16,10.0,9.999715968713115,-6.009716624141698,-0.47343509086928637
7.17,10.0,9.999745837501829,-6.002327682713593,-0.47627798391829235
7.18,10.0,9.999775075096407,-5.995260534257668,-0.47846472828645403
7.19,10.0,9.999803668674444,-5.988520199942833,-0.48003788503967126
7.2,10.0,9.999831607973007,-5.98211133121173,-0.48104001067475044
7.21,10.0,9.999858881826176,-5.976038387478629,-0.48150999642251713
7.22,10.0,9.999885484531738,-5.970305301548289,-0.481489467508761
7.23,10.0,9.999911412941504,-5.964915626170697,-0.4810194364382756
7.24,10.0,9.999936665956556,-5.959872555861363,-0.4801394836003162
7.25,10.0,9.999961240344017,-5.955179049327718,-0.4788880430853435
7.26,10.0,9.99998513699597,-5.950837620824528,-0.47730205565366973
7.27,10.0,10.000008360481722,-5.94685035013183,-0.4754166991557201
7.28,10.0,10.000030916008495,-5.943218977010426,-0.47326514734474706
7.29,10.0,10.00005280799758,-5.939944931282397,-0.47088094291542854
7.3,10.0,10.000074042201323,-5.937029269230916,-0.46829544544543383
7.31,10.0,10.000094627798159,-5.934472610614741,-0.46553530253222847
7.32,10.0,10.00011457391925,-5.932275231570279,-0.4626257419069685
7.33,10.0,10.000133890299496,-5.930437081351761,-0.45959142729237784
7.34,10.0,10.000152587207909,-5.928957774013726,-0.4564559092938656
7.35,10.0,10.000170676028905,-5.927836479346802,-0.45323645753235214
7.36,10.0,10.00018816841275,-5.9270720352706014,-0.4499490452370217
7.37,10.0,10.000205076477098,-5.926662962562273,-0.44660794381252805
7.38,10.0,10.000221412800725,-5.926607513056691,-0.44322683336590885
7.39,10.0,10.000237189761197,-5.926903454560872,-0.4398129654513314
7.4,10.0,10.000252419885719,-5.927548262361173,-0.4363720554754283
7.41,10.0,10.00026711552486,-5.928539098132789,-0.43290770634053244
7.42,10.0,10.000281288471458,-5.929872908662757,-0.4294243332791481
7.43,10.0,10.000294950555256,-5.931546163295777,-0.4259187524782353
7.44,10.0,10.000308112944884,-5.933555070005456,-0.42238678832393856
7.45,10.0,10.000320786152987,-5.9358955535928555,-0.4188238082011933
7.46,10.0,10.000332979917841,-5.938563248559774,-0.41522379499355855
7.47,10.0,10.000344703109455,-5.94155345466884,-0.4115754998421197
7.48,10.0,10.000355963567818,-5.944861195958232,-0.4078666908113194
7.49,10.0,10.000366769457948,-5.948481246861699,-0.4040863149873686
7.5,10.0,10.000377126931793,-5.952408082117144,-0.4002194756229961
7.51,10.0,10.000387040861328,-5.956635903358936,-0.3962494281947926
7.52,10.0,10.00039651524037,-5.961158657165962,-0.3921585142911855
7.53,10.0,10.000405555054984,-5.965970086764355,-0.38792905592638216
7.54,10.0,10.000414161694959,-5.971063632563101,-0.3835408645050974
7.55,10.0,10.000422336160355,-5.976432515488447,-0.37897324284596634
7.56,10.0,10.000430078769032,-5.9820697421177265,-0.37420503412337214
7.57,10.0,10.000437389494879,-5.987968123401135,-0.36921501414489855
7.58,10.0,10.000444265865498,-5.994120219800327,-0.3639806065765649
7.59,10.0,10.000450704735263,-6.000518403269821,-0.3584792616972343
7.6,10.0,10.000456702697688,-6.00715487332256,-0.3526893241606352
7.61,10.0,10.000462255033073,-6.014021639246559,-0.34658899935992976
7.62,10.0,10.000467355545453,-6.021110524433574,-0.34015633873000595
7.63,10.0,10.000471997234664,-6.028413191470861,-0.3333701825810479
7.64,10.0,10.000476173801738,-6.035921169190517,-0.3262106677554084
7.65,10.0,10.000479876415676,-6.043625815373503,-0.3186582652416315
7.66,10.0,10.000483095941071,-6.051518356562622,-0.31069473164861
7.67,10.0,10.000485822834543,-6.059589894187836,-0.30230293572060923
7.68,10.0,10.000488048083351,-6.067831424201044,-0.29346656961993134
7.69,10.0,10.000489760660725,-6.076233814972795,-0.2841716086513745
7.7,10.0,10.00049094961561,-6.084787840767222,-0.2744054632880153
7.71,10.0,10.000491604276132,-6.093484193569148,-0.2641566850081927
7.72,10.0,10.000491713918503,-6.10231348696817,-0.2534155449326302
7.73,10.0,10.000491267038594,-6.111266254702975,-0.242175038339551
7.74,10.0,10.000490252405124,-6.120332973147356,-0.23042998142821983
7.75,10.0,10.000488659503732,-6.129504075066837,-0.21817600122526906
7.76,10.0,10.000486477565318,-6.138769945763147,-0.2054120137023204
7.77,10.0,10.000483696164311,-6.148120939017743,-0.19213920737152645
7.78,10.0,10.000480305381567,-6.157547387098493,-0.17836081791694447
7.79,10.0,10.000476296045989,-6.167039608897217,-0.1640805729049295
7.8,10.0,10.00047165936197,-6.176587920864233,-0.14930675057953285
7.81,10.0,10.000466387349382,-6.186182645528977,-0.1340493304815987
7.82,10.0,10.000460472807658,-6.195814118461943,-0.11831977181892775
7.83,10.0,10.000453909400552,-6.2054726971094984,-0.10213083003611989
7.84,10.0,10.000446691878,-6.215148778065701,-0.08549942990164505
7.85,10.0,10.000438816052927,-6.224832799261722,-0.06844407549153292
7.86,10.0,10.0004302785427,-6.234515242986917,-0.050983602445667686
7.87,10.0,10.000421077349792,-6.244186655890022,-0.033139723819699235
7.88,10.0,10.000411211898339,-6.253837657135971,-0.014936756877398122
7.89,10.0,10.000400682899446,-6.263458942936353,0.003599484076068027
7.9,10.0,10.000389491502606,-6.273041280668297,0.0224438268359064
7.91,10.0,10.000377641328019,-6.282575550419188,0.041566903977880876
7.92,10.0,10.000365137158026,-6.292052731056989,0.06093865368911647
7.93,10.0,10.000351985018101,-6.301463909326843,0.08052802798570713
7.94,10.0,10.000338191696745,-6.310800279598821,0.10030387677056646
7.95,10.0,10.000323766578559,-6.320053182358481,0.12023237630120359
7.96,10.0,10.000308720245762,-6.329214088572759,0.14027928497725067
7.97,10.0,10.00029306410927,-6.338274599517943,0.16041022666029314
7.98,10.0,10.000276811088833,-6.347226467384299,0.18059018856506592
7.99,10.0,10.000259976242969,-6.356061614927721,0.20078306737832702
8.0,10.0,10.000242575881796,-6.364772126304426,0.2209526501289532
8.01,10.0,10.000224626530223,-6.37335023009371,0.24106310185480445
8.02,10.0,10.000206147233628,-6.381788359228215,0.26107800538176446
8.03,10.0,10.000187158252254,-6.390079128973685,0.2809611112109571
8.04,10.0,10.000167680968687,-6.398215341321227,0.3006764196175275
8.05,10.0,10.000147737030044,-6.406189967655892,0.32018825929636247
8.06,10.0,10.000127350538541,-6.4139962189078465,0.33946145827156915
8.07,10.0,10.00010654636547,-6.421627505056117,0.35846144821842985
8.08,10.0,10.000085350074654,-6.429077435849935,0.3771541444149885
8.09,10.0,10.000063787947244,-6.436339829651198,0.39550610622652527
8.1,10.0,10.000041887921403,-6.443408757561266,0.4134852040884827
8.11,10.0,10.000019678571705,-6.450278511946863,0.43106020224726993
8.12,10.0,9.999997188672294,-6.456943584951081,0.4482002027521167
8.13,10.0,9.999974448087203,-6.463398728268654,0.46487593181812176
8.14,10.0,9.999951487449552,-6.469638943492862,0.4810595191554799
8.15,10.0,9.999928337850111,-6.47565947180319,0.4967242542620723
8.16,10.0,9.999905030349149,-6.481455752763782,0.5118435226354526
8.17,10.0,9.999881596988565,-6.487023535067091,0.5263935158996925
8.18,10.0,9.999858069952055,-6.49235880515054,0.5403514404015385
8.19,10.0,9.999834481610602,-6.49745779293006,0.5536956299458415
8.2,10.0,9.999810864375167,-6.5023169581821785,0.5664051801670424
8.21,10.0,9.999787250941214,-6.5069330677746136,0.5784618385733836
8.22,10.0,9.999763673946525,-6.511303136869198,0.5898485171715683
8.23,10.0,9.999740165977721,-6.515424411463567,0.6005488939036014
8.24,10.0,9.999716759486775,-6.519294408826658,0.6105483271385619
8.25,10.0,9.999693486713364,-6.522910934506209,0.6198342273715934
8.26,10.0,9.999670379619094,-6.526272051598329,0.6283953237392189
8.27,10.0,9.999647470049338,-6.529376031401298,0.6362206746119564
8.28,10.0,9.999624789231477,-6.532221468068468,0.6433019865181471
8.29,10.0,9.999602367979252,-6.534807207760486,0.6496321556814092
8.3,10.0,9.999580236647189,-6.537132351532194,0.6552053525959399
8.31,10.0,9.999558425295888,-6.539196221614842,0.6600164559544368
8.32,10.0,9.999536963001058,-6.540998456858505,0.664062630765174
8.33,10.0,9.999515878272408,-6.542538939765035,0.6673421024826269
8.34,10.0,9.999495199100156,-6.543817788521207,0.6698541317302028
8.35,10.0,9.99947495279774,-6.544835368028575,0.6715991393243248
8.36,10.0,9.999455165591845,-6.545592330077879,0.6725791868420206
8.37,10.0,9.99943586295831,-6.54608956750823,0.6727974057001493
8.38,10.0,9.999417069902648,-6.546328181828783,0.6722577978109452
8.39,10.0,9.99939881022113,-6.546309550543704,0.6709657335308488
8.4,10.0,9.999381106737099,-6.546035297377983,0.6689277107732872
8.41,10.0,9.999363981375437,-6.5455072789136075,0.6661512574232049
8.42,10.0,9.99934745552255,-6.54472754553855,0.6626447993197571
8.43,10.0,9.999331549015116,-6.543698429499111,0.6584179381377521
8.44,10.0,9.999316280809824,-6.542422476697621,0.6534811982730907
8.45,10.0,9.999301668936003,-6.540902445443842,0.6478460518808348
8.46,10.0,9.999287730546554,-6.539141295927417,0.641524889095133
8.47,10.0,9.999274481346195,-6.53714223646344,0.6345309871154838
8.48,10.0,9.999261936043768,-6.534908676372317,0.6268784805622531
8.49,10.0,9.999250108482562,-6.532444208044494,0.6185823892704925
8.5,10.0,9.999239011276797,-6.529752634399506,0.6096585203523531
8.51,10.0,9.9992286557713,-6.526837966687433,0.600123435483615
8.52,10.0,9.999219052210307,-6.523704403100735,0.5899944600546687
8.53,10.0,9.999210210059955,-6.520356292980815,0.5792897423894144
8.54,10.0,9.999202137213986,-6.516798204370939,0.5680280340801509
8.55,10.0,9.99919484052163,-6.513034869277288,0.5562287965190792
8.56,10.0,9.999188325717219,-6.509071184427997,0.5439121476462643
8.57,10.0,9.99918259757493,-6.504912191413583,0.5310988487664047
8.58,10.0,9.999177659406902,-6.500563116135058,0.5178102364658687
8.59,10.0,9.999173513445408,-6.496029328399933,0.5040682290625891
8.6,10.0,9.999170160898048,-6.491316332377112,0.489895250438804
8.61,10.0,9.999167601832058,-6.4864297702987255,0.4753142298917806
8.62,10.0,9.999165834999461,-6.481375431026962,0.46034861714886954
8.63,10.0,9.999164858055039,-6.476159226299543,0.4450222997917307
8.64,10.0,9.999164667773643,-6.4707871710807225,0.4293594163498364
8.65,10.0,9.999165259578724,-6.465265409920968,0.413384614863095
8.66,10.0,9.999166627786192,-6.459600194550962,0.39712287407675606
8.67,10.0,9.999168765652737,-6.453797875491501,0.3805994344334026
8.68,10.0,9.999171665617602,-6.447864884205076,0.3638395559874231
8.69,10.0,9.999175318718395,-6.441807757271174,0.3468689907093789
8.7,10.0,9.999179715037464,-6.435633107628955,0.3297135705093001
8.71,10.0,9.999184843742091,-6.429347618925167,0.31239913263438274
8.72,10.0,9.999190693110373,-6.422958038626739,0.2949514672661276
8.73,10.0,9.999197250188352,-6.416471184229988,0.2773966110301701
8.74,10.0,9.999204501141323,-6.409893924815957,0.25976048897017634
8.75,10.0,9.999212431463837,-6.403233171458991,0.24206871197126387
8.76,10.0,9.999221025616185,-6.396495879138253,0.2243468602983515
8.77,10.0,9.999230267109063,-6.389689038688294,0.20662038130941396
8.78,10.0,9.999240138669014,-6.382819667093264,0.1889144203659574
8.79,10.0,9.99925062262197,-6.375894797367181,0.17125354709247909
8.8,10.0,9.999261700103308,-6.3689214810359065,0.15366223903181403
8.81,10.0,9.999273351663467,-6.361906774914911,0.13616445091660076
8.82,10.0,9.999285557262697,-6.354857735815612,0.11878361976512064
8.83,10.0,9.999298296455947,-6.347781413590985,0.10154256039749798
8.84,10.0,9.999311547885227,-6.34068484516562,0.08446358921134278
8.85,10.0,9.99932528976016,-6.333575047160988,0.06756832284456016
8.86,10.0,9.999339499987995,-6.32645901127596,0.05087769464706726
8.87,10.0,9.999354156026069,-6.3193436958463485,0.03441187071581869
8.88,10.0,9.99936923478955,-6.31223601791658,0.018190175467031056
8.89,10.0,9.99938471291623,-6.305142848615535,0.002231072163701331
8.9,10.0,9.999400567025539,-6.2980710129820405,-0.013447631212216815
8.91,10.0,9.99941677326163,-6.2910272708600745,-0.02882930626496194
8.92,10.0,9.999433307637998,-6.284018317739735,-0.04389827312134681
8.93,10.0,9.99945014608054,-6.277050779148437,-0.0586398016547674
8.94,10.0,9.999467264590608,-6.270131211502872,-0.07303982852569513
8.95,10.0,9.999484638979174,-6.263266076841157,-0.08708583999426273
8.96,10.0,9.999502245156378,-6.256461750737425,-0.10076627635225571
8.97,10.0,9.999520059146676,-6.24972451911563,-0.11407042196937867
8.98,10.0,9.999538057134087,-6.243060570440175,-0.12698851201555666
8.99,10.0,9.999556215466203,-6.236475976772786,-0.1395123510279921
9.0,10.0,9.999574510754487,-6.229976700808872,-0.15163473811931905
9.01,10.0,9.999592919837754,-6.2235686019418806,-0.16334897128086456
9.02,10.0,9.999611419940996,-6.217257407203734,-0.17464988072345272
9.03,10.0,9.999629988690325,-6.211048713039932,-0.1855335128357254
9.04,10.0,9.999648604126799,-6.204947985490993,-0.1959968908445877
9.05,10.0,9.999667244534862,-6.198960575007652,-0.20603723439601634
9.06,10.0,9.999685888965379,-6.193091664131938,-0.2156537945830364
9.07,10.0,9.999704516939813,-6.187346295809107,-0.22484653477694744
9.08,10.0,9.99972310845815,-6.181729368766238,-0.23361615552364962
9.09,10.0,9.999741643940173,-6.176245639896866,-0.24196383782790337
9.1,10.0,9.999760104744338,-6.170899684044881,-0.24989238694487875
9.11,10.0,9.99977847279706,-6.165695919398574,-0.2574052188221899
9.12,10.0,9.999796730415548,-6.16063861579037,-0.2645060600773655
9.13,10.0,9.999814860689982,-6.1557318675315535,-0.2711995032219931
9.14,10.0,9.999832847604877,-6.150979583225333,-0.277491124427179
9.15,10.0,9.999850675807178,-6.146385498583328,-0.28338700981798653
9.16,10.0,9.9998683301021,-6.141953205561416,-0.28889315407048827
9.17,10.0,9.99988579662073,-6.137686076615564,-0.2940167321009802
9.18,10.0,9.999903062086418,-6.133587308463384,-0.2987651867107156
9.19,10.0,9.999920113861755,-6.129659916999336,-0.3031462685034114
9.2,10.0,9.99993693961635,-6.125906756463319,-0.3071677459603495
9.21,10.0,9.999953528313915,-6.122330453347048,-0.31083804015711874
9.22,10.0,9.99996986946302,-6.118933452487964,-0.3141656363497584
9.23,10.0,9.999985953020214,-6.115718022658613,-0.31715908315345637
9.24,10.0,10.00000176954689,-6.112686243303594,-0.3198269791243134
9.25,10.0,10.000017310614911,-6.109839973840014,-0.32217802760348035
9.26,10.0,10.000032568336703,-6.107180884325048,-0.3242208497692848
9.27,10.0,10.00004753502337,-6.1047104821113285,-0.3259640584358759
9.28,10.0,10.000062203930096,-6.1024300495851875,-0.3274160552293643
9.29,10.0,10.000076568909254,-6.100340669785557,-0.32858503940037664
9.3,10.0,10.000090624300045,-6.098443233835287,-0.32947899911253264
9.31,10.0,10.000104364585047,-6.09673847349351,-0.3301059498873911
9.32,10.0,10.000117785200086,-6.095226878244375,-0.33047322505298765
9.33,10.0,10.000130881910703,-6.093908754696771,-0.33058790719545544
9.34,10.0,10.000143650810708,-6.092784230018091,-0.3304569030856582
9.35,10.0,10.000156088251867,-6.091853258623836,-0.33008698704095685
9.36,10.0,10.00016819122044,-6.091115565032243,-0.329484024681281
9.37,10.0,10.000179956949266,-6.090570695934961,-0.3286536001663935
9.38,10.0,10.000191382991074,-6.090218006368227,-0.3276007961661801
9.39,10.0,10.000202467169085,-6.090056677177961,-0.3263304834163975
9.4,10.0,10.000213207539677,-6.090085723681925,-0.3248474416164479
9.41,10.0,10.000223602456176,-6.090303930876248,-0.3231550786784909
9.42,10.0,10.000233650456787,-6.090709916398416,-0.3212565878106283
9.43,10.0,10.000243350262588,-6.0913021135647964,-0.3191545804878452
9.44,10.0,10.000252700678285,-6.092078811298218,-0.3168518092020194
9.45,10.0,10.000261700491512,-6.0930381948629115,-0.3143519067559527
9.46,10.0,10.000270348821983,-6.094178144628763,-0.31165547198494686
9.47,10.0,10.00027864474738,-6.095496423871033,-0.30876363729668427
9.48,10.0,10.000286587373173,-6.096990627770707,-0.3056770431931477
9.49,10.0,10.000294175928195,-6.098658216720116,-0.3023964344899075
9.5,10.0,10.000301409969952,-6.100496577417384,-0.29892379106446326
9.51,10.0,10.00030828846891,-6.102502800054188,-0.29525799866866137
9.52,10.0,10.000314810566408,-6.104673879365175,-0.2913986709235743
9.53,10.0,10.000320975330242,-6.107006661827497,-0.2873450895837541
9.54,10.0,10.000326781963295,-6.109497868302257,-0.2830966240899857
9.55,10.0,10.000332230535353,-6.112144161213168,-0.278654070687677
9.56,10.0,10.000337319587148,-6.114941945469277,-0.2740154925669361
9.57,10.0,10.000342048127106,-6.117887543322678,-0.26917978300827977
9.58,10.0,10.000346415058727,-6.120977150504323,-0.2641457114738979
9.59,10.0,10.000350419377517,-6.124206851878646,-0.2589121638051487
9.6,10.0,10.000354061340287,-6.127572692695896,-0.25347937431760215
9.61,10.0,10.00035733920098,-6.131070496345204,-0.24784563740194787
9.62,10.0,10.00036025187054,-6.134696020836117,-0.24201005913871343
9.63,10.0,10.000362798184895,-6.1384449213362835,-0.2359718507288469
9.64,10.0,10.000364977028946,-6.142312761497568,-0.22973043692098033
9.65,10.0,10.000366788666332,-6.146295092290598,-0.2232862664074114
9.66,10.0,10.000368231411981,-6.150387270094196,-0.2166389109625295
9.67,10.0,10.000369304285861,-6.154584609656394,-0.2097886464686857
9.68,10.0,10.00037000630372,-6.1588823487682856,-0.2027360766042904
9.69,10.0,10.000370336534303,-6.163275655679113,-0.19548216588905995
9.7,10.0,10.000370295452425,-6.167759705031707,-0.18802819873223403
9.71,10.0,10.000369881824588,-6.172329517565387,-0.18037599690412998
9.72,10.0,10.000369095149326,-6.176980093546584,-0.1725278151087225
9.73,10.0,10.000367935022785,-6.18170638361023,-0.16448641423208432
9.74,10.0,10.000366401147792,-6.18650329362558,-0.15625509847276672
9.75,10.0,10.000364494564625,-6.1913657375972475,-0.14783647461678504
9.76,10.0,10.0003622150035,-6.19628853808433,-0.13923526461075011
9.77,10.0,10.000359562929752,-6.201266511119801,-0.1304562145772075
9.78,10.0,10.000356539029223,-6.206294450488953,-0.12150467807758164
9.79,10.0,10.000353144223041,-6.21136713282054,-0.11238664673808552
9.8,10.0,10.000349380335129,-6.216479337338969,-0.1031067773016904
9.81,10.0,10.00034524874605,-6.221625820420989,-0.09367260306131567
9.82,10.0,10.000340751371166,-6.226801342320013,-0.08409160695566813
9.83,10.0,10.000335890492433,-6.2320006681617155,-0.07437181495974178
9.84,10.0,10.000330668751927,-6.237218572568598,-0.06452189328952362
9.85,10.0,10.000325089179233,-6.242449839318175,-0.05454897908159875
9.86,10.0,10.000319155193912,-6.2476892775731505,-0.044463055365625295
9.87,10.0,10.000312870635126,-6.25293172007753,-0.034274204958231524
9.88,10.0,10.000306239779702,-6.258172029005152,-0.023992885316739432
9.89,10.0,10.000299267360566,-6.2634051015804735,-0.013630113962091878
9.9,10.0,10.000291958077009,-6.268625855961698,-0.0031954615015655774
9.91,10.0,10.000284317571703,-6.2738292727018115,0.007299154844564143
9.92,10.0,10.00027635192827,-6.279010380151272,0.017841528811768675
9.93,10.0,10.000268067656243,-6.284164258327874,0.028419294570019654
9.94,10.0,10.000259471773383,-6.289286046476276,0.03901967182666152
9.95,10.0,10.00025057101532,-6.294370915190965,0.04963111403065498
9.96,10.0,10.000241373269208,-6.299414129347442,0.06024043116699579
9.97,10.0,10.000231886981728,-6.304411028324648,0.07083403462824406
9.98,10.0,10.000222120952182,-6.309357021950057,0.08139839798639914
9.99,10.0,10.000212084492109,-6.314247601412076,0.09191977289282643
10.0,10.0,10.000201786517822,-6.319078298960489,0.10238534054496806
10.01,10.0,10.000191237044273,-6.323844765653759,0.11278140051426852
10.02,10.0,10.000180446787807,-6.3285427561417595,0.12309389288454323
10.03,10.0,10.000169426703335,-6.3331681102250705,0.1333090016114865
10.04,10.0,10.000158188214957,-6.337716768503047,0.14341290208529978
10.05,10.0,10.000146742323603,-6.342184724112512,0.15339235021646372
10.06,10.0,10.000135100910958,-6.346568103793014,0.1632338966341886
10.07,10.0,10.000123276665787,-6.350863167832289,0.17292396311955596
10.08,10.0,10.000111282378123,-6.3550662727905625,0.1824493152081364
10.09,10.0,10.000099131221395,-6.359173892397044,0.19179691569815585
10.1,10.0,10.000086835832318,-6.363182550149103,0.20095401240052574
10.11,10.0,10.000074409460629,-6.3670889133897886,0.20990810361703008
10.12,10.0,10.000061866269746,-6.370889821145734,0.2186469538592566
10.13,10.0,10.000049220311796,-6.37458220854389,0.22715868746194007
10.14,10.0,10.000036485884761,-6.378163139056038,0.2354318008516431
10.15,10.0,10.000023677468654,-6.381629799307363,0.2434548619337441
10.16,10.0,10.000010809763308,-6.384979511156524,0.25121689052482943
10.17,10.0,9.999997897716073,-6.388209742057799,0.2587076709270487
10.18,10.0,9.999984956433103,-6.391318095643281,0.2659172848314842
10.19,10.0,9.999972001190239,-6.394302319224794,0.27283631085183246
10.2,10.0,9.99995904656196,-6.397160214976718,0.27945556448324527
10.21,10.0,9.999946107057335,-6.399889713008876,0.285766349278197
10.22,10.0,9.999933198332906,-6.40248900642022,0.29176090416037936
10.23,10.0,9.999920335499304,-6.404956374138486,0.29743186407953914
10.24,10.0,9.999907533633374,-6.407290240689611,0.3027724688248087
10.25,10.0,9.99989480753894,-6.409489096113887,0.30777588217018753
10.26,10.0,9.999882171812091,-6.411551532582564,0.31243551596110664
10.27,10.0,9.999869641282135,-6.413476425025864,0.3167465968044591
10.28,10.0,9.999857230444603,-6.415262725406484,0.32070440134428524
10.29,10.0,9.999844953599746,-6.416909527407338,0.32430482279861805
10.3,10.0,9.99983282518665,-6.4184160984798035,0.32754397700052573
10.31,10.0,9.99982085975841,-6.4197818810507234,0.33041821653047376
10.32,10.0,9.999809070829803,-6.421006396834805,0.33292542484441656
10.33,10.0,9.999797472024701,-6.422089348774156,0.33506369870741626
10.34,10.0,9.999786076705382,-6.423030592521522,0.3368317548256894
10.35,10.0,9.999774897755737,-6.423830025694382,0.3382287807386648
10.36,10.0,9.999763947448802,-6.424487525670476,0.3392543539369426
10.37,10.0,9.999753238267434,-6.42500343640696,0.3399091451418405
10.38,10.0,9.99974278206737,-6.42537810049643,0.34019425957741517
10.39,10.0,9.999732590286946,-6.425611994061063,0.3401114373407128
10.4,10.0,9.999722674356567,-6.425705772342511,0.33966231638831085
10.41,10.0,9.999713046250871,-6.42566033046033,0.33884745092887125
10.42,10.0,9.999703715859377,-6.425476525937485,0.3376707761205625
10.43,10.0,9.999694693335243,-6.425155430456453,0.3361355506614292
10.44,10.0,9.999685988408965,-6.424698258955178,0.33424549548359117
10.45,10.0,9.999677610096546,-6.424106262371281,0.3320051017297603
10.46,10.0,9.999669566014674,-6.423380467162222,0.3294203904081242
10.47,10.0,9.999661864675627,-6.42252257656894,0.3264962466411423
10.48,10.0,9.99965451345931,-6.421534186472925,0.32323872341358206
10.49,10.0,9.999647519147217,-6.420417000098992,0.31965440022869734
10.5,10.0,9.999640888414365,-6.419172891233954,0.3157500336048796
10.51,10.0,9.999634629939855,-6.417804174334501,0.3115311101844489
10.52,10.0,9.999628748142275,-6.416312804119998,0.3070060754542111
10.53,10.0,9.999623248392126,-6.4147010421656185,0.3021827852901346
10.54,10.0,9.999618135580116,-6.412971274238386,0.29706945989001154
10.55,10.0,9.999613413858144,-6.4111259404828225,0.2916747549459964
10.56,10.0,9.999609084797942,-6.409167033182046,0.2860083601486762
10.57,10.0,9.99960515217324,-6.407097404609919,0.2800793914771672
10.58,10.0,9.999601618061545,-6.404919702686556,0.2738976745547514
10.59,10.0,9.999598483872695,-6.402636653037835,0.26747338742575016
10.6,10.0,9.999595750519644,-6.400251069601289,0.2608168990276762
10.61,10.0,9.999593421102821,-6.397766058812389,0.2539365766743911
10.62,10.0,9.999591494427335,-6.3951845177926305,0.24684400095425052
10.63,10.0,9.99958997010944,-6.392509525072868,0.239549816425986
10.64,10.0,9.99958884721558,-6.389744233232356,0.23206480736775656
10.65,10.0,9.999588124752952,-6.386891881887732,0.22440005875054894
10.66,10.0,9.999587801288497,-6.383955783007632,0.2165667914982548
10.67,10.0,9.999587874317836,-6.380939298288931,0.20857610540764054
10.68,10.0,9.999588341137729,-6.377845864270384,0.2004392818041067
10.69,10.0,9.999589198575983,-6.374678981168983,0.19216766021367088
10.7,10.0,9.999590442784841,-6.3714420840602015,0.18377355003034584
10.71,10.0,9.999592069688088,-6.368138802662378,0.17526827878497875
10.72,10.0,9.999594074663726,-6.364772766694489,0.1666635884671416
10.73,10.0,9.999596452625665,-6.361347648434297,0.15797128431262597
10.74,10.0,9.999599197969665,-6.357867119936678,0.14920298248752228
10.75,10.0,9.999602304582739,-6.35433485300235,0.14037011544822292
10.76,10.0,9.99960576600952,-6.3507546244070205,0.13148452918629686
10.77,10.0,9.99960957528762,-6.3471301991170295,0.1225578309600097
10.78,10.0,9.99961372500026,-6.343465359249139,0.11360155775051924
10.79,10.0,9.99961820807167,-6.339763922815813,0.10462662828354848
10.8,10.0,9.999623016277184,-6.336029696353605,0.0956443226043924
10.81,10.0,9.999628141146598,-6.332266496791832,0.08666566201914445
10.82,10.0,9.999633573911192,-6.328478145653908,0.07770142868016224
10.83,10.0,9.99963930578476,-6.324668487622408,0.06876222284641904
10.84,10.0,9.99964532828836,-6.320841409447569,0.0598584748478946
10.85,10.0,9.999651631657454,-6.317000719329537,0.051000243498482714
10.86,10.0,9.999658206316987,-6.313150249525597,0.04219735618821077
10.87,10.0,9.999665042493877,-6.309293823433786,0.033459341346515514
10.88,10.0,9.999672129435996,-6.305435167446332,0.02479593704818034
10.89,10.0,9.999679456768796,-6.301578049298391,0.016216184393969824
10.9,10.0,9.999687013972336,-6.2977262172605615,0.007728764729969473
10.91,10.0,9.999694790181781,-6.29388337360914,-0.0006578762780991843
10.92,10.0,9.999702774709919,-6.290053217441896,-0.00893560658862358
10.93,10.0,9.99971095808923,-6.2862395300075296,-0.017096542663854464
10.94,10.0,9.999719328876747,-6.282445892069832,-0.025133318467816662
10.95,10.0,9.999727876361288,-6.278675913839681,-0.03303888959341042
10.96,10.0,9.999736589866055,-6.274933169244554,-0.04080660582398732
10.97,10.0,9.99974545695304,-6.271221022541074,-0.048429538861161636
10.98,10.0,9.99975446598776,-6.267542862970283,-0.05590145298779192
10.99,10.0,9.999763605993198,-6.263902085727679,-0.06321675582144845
11.0,10.0,9.999772865378725,-6.260301967664997,-0.07037002274969062
11.01,10.0,9.999782232880014,-6.256745758758883,-0.07735616621461272
11.02,10.0,9.999791700495257,-6.2532370135270225,-0.08417021931716723
11.03,10.0,9.999801256191482,-6.249778748720753,-0.09080789795007774
11.04,10.0,9.999810889701106,-6.246374102922075,-0.0972651665168342
11.05,10.0,9.999820591040057,-6.2430261610519,-0.10353835778876544
11.06,10.0,9.999830347896633,-6.239737689644373,-0.10962423198739923
11.07,10.0,9.999840148384852,-6.236511405910045,-0.11551992462057153
11.08,10.0,9.999849982859777,-6.233350153459669,-0.1212229141304324
11.09,10.0,9.999859840542413,-6.230256561564203,-0.1267310962695296
11.1,10.0,9.999869710752243,-6.227233167787704,-0.1320427263539997
11.11,10.0,9.99987958564636,-6.224282824329819,-0.1371553042243109
11.12,10.0,9.99988945422556,-6.221407793682729,-0.1420680262521365
11.13,10.0,9.999899306887134,-6.218610427174232,-0.14677992942407805
11.14,10.0,9.999909134274592,-6.215892987571552,-0.15129036535142387
11.15,10.0,9.999918927193884,-6.213257662354429,-0.15559862720650008
11.16,10.0,9.999928676687512,-6.210706554146947,-0.15970413766424185
11.17,10.0,9.999938374234196,-6.208241652973842,-0.16360708105069188
11.18,10.0,9.99994801155272,-6.205864865800087,-0.16730763251050915
11.19,10.0,9.999957580685734,-6.203578005556354,-0.17080617968375764
11.2,10.0,9.999967072343093,-6.201382743601191,-0.1741031517247058
11.21,10.0,9.999976479274041,-6.199280700523223,-0.17719932774058988
11.22,10.0,9.999985793965337,-6.197273380853649,-0.1800956045502702
11.23,10.0,9.999995009092679,-6.1953621835208565,-0.18279302638149209
11.24,10.0,10.000004117728237,-6.193548412745252,-0.18529285883563698
11.25,10.0,10.000013113378216,-6.191833278723856,-0.18759659388161304
11.26,10.0,10.000021989503415,-6.190217858931741,-0.1897056721652494
11.27,10.0,10.000030740001742,-6.188703132695584,-0.19162173268690366
11.28,10.0,10.000039359079265,-6.187289969192868,-0.1933465268665851
11.29,10.0,10.0000478397872,-6.185979156887104,-0.19488148502577649
11.3,10.0,10.000056176698687,-6.184771345702525,-0.1962284733916997
11.31,10.0,10.000064364464842,-6.183667076057107,-0.19738936563930623
11.32,10.0,10.000072397761672,-6.182666778579164,-0.19836601512780216
11.33,10.0,10.000080271520613,-6.181770815193089,-0.19916034479043188
11.34,10.0,10.000087981029074,-6.1809795439366395,-0.19977441679752392
11.35,10.0,10.000095521493959,-6.1802930504005475,-0.20021007830202012
11.36,10.0,10.000102888416182,-6.179711382649705,-0.20046924671849675
11.37,10.0,10.000110077482626,-6.179234486562182,-0.20055381459333155
11.38,10.0,10.000117084935782,-6.178862132039941,-0.20046609769975715
11.39,10.0,10.000123906981269,-6.178594030139329,-0.20020809511334478
11.4,10.0,10.000130539967275,-6.178429797022983,-0.19978170245599594
11.41,10.0,10.000136980536098,-6.178368923444786,-0.19918889029880232
11.42,10.0,10.000143225466157,-6.178410831605063,-0.19843166602500956
11.43,10.0,10.000149271363249,-6.178555034301577,-0.1975123086433811
11.44,10.0,10.000155115537455,-6.178800681995728,-0.19643267373558368
11.45,10.0,10.000160755283702,-6.1791469339951774,-0.1951947508252801
11.46,10.0,10.000166188070187,-6.17959286095281,-0.19380050863507486
11.47,10.0,10.000171411456162,-6.1801373899402385,-0.1922518386845744
11.48,10.0,10.000176423188778,-6.180779378070571,-0.19055061720705452
11.49,10.0,10.00018122121129,-6.181517622461299,-0.18869870899793928
11.5,10.0,10.000185803589037,-6.182350811206514,-0.1866979161249604
11.51,10.0,10.000190168519577,-6.183277549233578,-0.18455001453703607
11.52,10.0,10.000194314213092,-6.184296424699742,-0.18225699980880172
11.53,10.0,10.00019823915963,-6.18540585494475,-0.17982049045771883
11.54,10.0,10.000201941912376,-6.1866042082197374,-0.1772421844429582
11.55,10.0,10.00020542113722,-6.187889773694309,-0.17452373700834756
11.56,10.0,10.000208675662233,-6.189260768907016,-0.17166751304539057
11.57,10.0,10.000211704424098,-6.190715336041994,-0.16867592879681115
11.58,10.0,10.000214506407177,-6.192251537405306,-0.16555069261829397
11.59,10.0,10.000217080722587,-6.193867366084154,-0.162293962793396
11.6,10.0,10.000219426581328,-6.195560745244953,-0.1589079808915658
11.61,10.0,10.00022154383051,-6.197329601776922,-0.15539469194182187
11.62,10.0,10.00022343180641,-6.199171715687554,-0.1517565767470262
11.63,10.0,10.000225090187527,-6.201084835958547,-0.14799604367925007
11.64,10.0,10.000226518775063,-6.203066653501749,-0.14411559309388575
11.65,10.0,10.000227717427537,-6.205114812031642,-0.14011754139388982
11.66,10.0,10.000228686079321,-6.207226907625863,-0.136004111128123
11.67,10.0,10.000229424883043,-6.2094004715789675,-0.1317780598919468
11.68,10.0,10.00022993405096,-6.211632993850898,-0.12744199874024864
11.69,10.0,10.000230213899995,-6.213921919048583,-0.12299859698985277
11.7,10.0,10.000230265436691,-6.21626470466234,-0.11845139890662008
11.71,10.0,10.000230089216334,-6.218658714816543,-0.11380324191300188
11.72,10.0,10.0002296860774,-6.221101292758726,-0.10905728020361115
11.73,10.0,10.000229057045626,-6.223589754200496,-0.10421685542676888
11.74,10.0,10.00022820330027,-6.2261213914491265,-0.09928555992343191
11.75,10.0,10.000227126175947,-6.228693478883359,-0.09426730558330182
11.76,10.0,10.000225827175358,-6.231303257066978,-0.08916591216489135
11.77,10.0,10.000224307963427,-6.233947953171215,-0.08398551093862189
11.78,10.0,10.000222570372964,-6.236624778919264,-0.07873044401942891
11.79,10.0,10.000220616191012,-6.239330902537213,-0.07340424116217703
11.8,10.0,10.000218447538655,-6.24206350547756,-0.06801142699417914
11.81,10.0,10.00021606669514,-6.24481975976448,-0.06255667812099172
11.82,10.0,10.000213476065642,-6.247596825861331,-0.05704466512547219
11.83,10.0,10.000210678290696,-6.250391867585895,-0.05148006272508816
11.84,10.0,10.000207676408495,-6.253202071155946,-0.045867265664620294
11.85,10.0,10.00020447329947,-6.256024591107582,-0.04021136951795612
11.86,10.0,10.000201072164995,-6.258856601577031,-0.03451732911834007
11.87,10.0,10.000197476401523,-6.26169528598582,-0.028790182427852015
11.88,10.0,10.000193689248572,-6.264537801425266,-0.023035611302379078
11.89,10.0,10.000189714319852,-6.2673813386241655,-0.01725909870358669
11.9,10.0,10.000185555505613,-6.270223113864295,-0.011466085178833615
11.91,10.0,10.0001812167738,-6.273060349942536,-0.00566228624424156
11.92,10.0,10.000176702339758,-6.275890300558601,0.0001464412404173776
11.93,10.0,10.000172017097162,-6.278710317954087,0.005954079555240077
11.94,10.0,10.000167165485065,-6.281517684148772,0.011754495662080922
11.95,10.0,10.000162152400097,-6.284309751326937,0.017541401204198587
11.96,10.0,10.00015698296027,-6.287083908628883,0.02330836049634305
11.97,10.0,10.000151661806262,-6.289837492207875,0.029050066090931748
11.98,10.0,10.00014619391282,-6.292567895271671,0.03476087239724657
11.99,10.0,10.000140584887834,-6.29527261027035,0.04043425853227252
12.0,10.0,10.000134840204458,-6.297949129797143,0.04606423019360979
12.01,10.0,10.000128965520807,-6.3005949926927745,0.05164484890749649
12.02,10.0,10.000122967598454,-6.30320792757237,0.05717026082908602
12.03,10.0,10.00011685221116,-6.305785534869104,0.06263468466427059
12.04,10.0,10.000110625744366,-6.308325534775896,0.06803244945130299
12.05,10.0,10.000104294783698,-6.310825706847017,0.07335800522014288
12.06,10.0,10.000097865632716,-6.313283832592963,0.07860480556556534
12.07,10.0,10.000091344651194,-6.315697740486244,0.0837661072712221
12.08,10.0,10.000084738925386,-6.3180653923891335,0.0888365434219856
12.09,10.0,10.00007805538973,-6.3203847767292975,0.09381008243054187
12.1,10.0,10.000071301095621,-6.3226539448210355,0.0986806637167674
12.11,10.0,10.000064482427168,-6.324870876144105,0.10344398531518387
12.12,10.0,10.000057606693874,-6.327033761219094,0.10809382596635811
12.13,10.0,10.00005068096531,-6.329140799926683,0.112624708162018
12.14,10.0,10.000043712328443,-6.331190249774773,0.11703129062304327
12.15,10.0,10.000036708328226,-6.333180494690876,0.1213089443809578
12.16,10.0,10.000029676942043,-6.335110043957052,0.12545374393846342
12.17,10.0,10.000022625351821,-6.336977351694926,0.12946085555251463
12.18,10.0,10.000015561191319,-6.338781005785216,0.13332622652174317
12.19,10.0,10.000008492178427,-6.340519675739454,0.13704612045444567
12.2,10.0,10.000001424503195,-6.342191846969262,0.14061568869994912
12.21,10.0,9.999994365845232,-6.343796326188154,0.14403171647581284
12.22,10.0,9.99998732357696,-6.34533194490412,0.1472910279876462
12.23,10.0,9.999980304850128,-6.346797576606987,0.15039058861027624
12.24,10.0,9.999973317246607,-6.348192241181195,0.15332668848931463
12.25,10.0,9.999966369294139,-6.349515186775579,0.15609399438154478
12.26,10.0,9.999959467847317,-6.35076548970186,0.15869024955163458
12.27,10.0,9.999952620436819,-6.351942418203308,0.1611120223863803
12.28,10.0,9.99994583461189,-6.353045333937081,0.16335587256636633
12.29,10.0,9.999939116819524,-6.354073475929287,0.16542244264999534
12.3,10.0,9.999932474258603,-6.355026324833233,0.16730963825030273
12.31,10.0,9.999925914150149,-6.355903463167841,0.16901528518339176
12.32,10.0,9.999919443406947,-6.356704513462013,0.17053832224919557
12.33,10.0,9.999913068584473,-6.357429114598202,0.17187768326551509
12.34,10.0,9.999906796172857,-6.358077003043276,0.17303287104696638
12.35,10.0,9.999900632584554,-6.358648013013042,0.17400398220933502
12.36,10.0,9.999894583970562,-6.359142030969136,0.17479142305578213
12.37,10.0,9.99988865661546,-6.3595590547793535,0.17539415746483522
12.38,10.0,9.999882856609009,-6.359899154413993,0.17581143020470666
12.39,10.0,9.9998771895662,-6.360162438612531,0.17604422564472852
12.4,10.0,9.99987166105488,-6.360349108851689,0.17609287092985793
12.41,10.0,9.999866276598144,-6.360459447151334,0.17595820979412263
12.42,10.0,9.99986104160711,-6.360493814253463,0.17564142051268827
12.43,10.0,9.999855961100888,-6.360452640659865,0.1751432453911939
12.44,10.0,9.999851040005563,-6.360336437101627,0.17446482236954317
12.45,10.0,9.99984628301288,-6.360145768135926,0.17360801723949912
12.46,10.0,9.999841694559198,-6.359881244073211,0.17257562403485852
12.47,10.0,9.999837278972445,-6.359543597915799,0.17136944557315303
12.48,10.0,9.999833040323624,-6.359133612770777,0.16999210151017896
12.49,10.0,9.999828982427399,-6.358652127529958,0.16844630627146928
12.5,10.0,9.999825108785895,-6.358100015205867,0.16673453048927162
12.51,10.0,9.999821422766162,-6.357478259823306,0.1648602991761351
12.52,10.0,9.99981792743633,-6.356787889386436,0.16282710147157706
12.53,10.0,9.999814625625254,-6.356029990688357,0.16063847596280384
12.54,10.0,9.999811520006556,-6.355205701854936,0.15829725074236464
12.55,10.0,9.999808612844141,-6.354316227866013,0.15580759222929458
12.56,10.0,9.999805906182354,-6.353362825901256,0.15317336404495624
12.57,10.0,9.999803401815752,-6.352346807811891,0.15039856817062344
12.58,10.0,9.999801101521982,-6.351269541697158,0.14748757890925904
12.59,10.0,9.999799006512662,-6.350132443914398,0.14444456623762306
12.6,10.0,9.999797117842352,-6.348936982809932,0.14127391276959203
12.61,10.0,9.999795436305579,-6.347684675837612,0.1379801082873965
12.62,10.0,9.999793962629294,-6.34637707641997,0.13456831237417283
12.63,10.0,9.999792697071467,-6.345015796864873,0.13104317386143075
12.64,10.0,9.99979163971227,-6.343602489233781,0.1274096827392063
12.65,10.0,9.99979079038074,-6.3421388483414125,0.1236729522960038
12.66,10.0,9.999790148721464,-6.340626587837473,0.11983797245386583
12.67,10.0,9.999789714068589,-6.339067481055646,0.11591006507082893
12.68,10.0,9.99978948552836,-6.337463331768122,0.11189457950288878
12.69,10.0,9.99978946196593,-6.33581597712344,0.10779693687185327
12.7,10.0,9.999789642062074,-6.33412727232275,0.10362230838678274
12.71,10.0,9.999790024214862,-6.332399113317295,0.09937615800064337
12.72,10.0,9.999790606589881,-6.330633422861383,0.09506396146802655
12.73,10.0,9.99979138712631,-6.328832147457337,0.09069117020585273
12.74,10.0,9.999792363630318,-6.326997252620733,0.08626328899618901
12.75,10.0,9.999793533634072,-6.32513072734456,0.08178578938899483
12.76,10.0,9.999794894432805,-6.323234580587496,0.07726411778874812
12.77,10.0,9.99979644313032,-6.321310837382336,0.07270370895656232
12.78,10.0,9.999798176714096,-6.319361536831917,0.0681100754679635
12.79,10.0,9.99980009195387,-6.317388731135799,0.06348867285351315
12.8,10.0,9.99980218538143,-6.31539448382748,0.05884486138967948
12.81,10.0,9.999804453376022,-6.3133808669837945,0.05418399572021447
12.82,10.0,9.999806892191971,-6.311349958455957,0.049511380171401435
12.83,10.0,9.999809497925886,-6.309303840626212,0.04483226317328522
12.84,10.0,9.999812266466753,-6.307244599511318,0.04015183280271491
12.85,10.0,9.999815193577428,-6.305174321202093,0.035475204853768476
12.86,10.0,9.99981827489918,-6.303095089625678,0.030807411110420763
12.87,10.0,9.999821505954042,-6.301008984630176,0.026153392412787704
12.88,10.0,9.999824882102473,-6.298918081454953,0.021518003745850306
12.89,10.0,9.999828398600553,-6.296824447113489,0.016905993215570764
12.9,10.0,9.999832050604327,-6.294730139313647,0.01232203054416664
12.91,10.0,9.999835833184756,-6.292637204752388,0.007770721127218633
12.92,10.0,9.999839741287007,-6.290547675060227,0.003256472533764057
12.93,10.0,9.999843769780584,-6.288463566581571,-0.0012163983744951368
12.94,10.0,9.999847913462485,-6.286386879125353,-0.005643675858887462
12.95,10.0,9.999852167080462,-6.284319596569425,-0.010021195724800008
12.96,10.0,9.999856525288497,-6.282263676326975,-0.014345033298976337
12.97,10.0,9.99986098269734,-6.280221054432526,-0.018611358197323985
12.98,10.0,9.999865533872974,-6.278193642919046,-0.022816466109453495
12.99,10.0,9.9998701733552,-6.276183333686332,-0.026956721938032543
13.0,10.0,9.999874895637715,-6.274191981849672,-0.03102872169083351
13.01,10.0,9.999879695197452,-6.272221415353567,-0.035029173583296394
13.02,10.0,9.999884566495773,-6.270273430849007,-0.03895492634202019
13.03,10.0,9.999889503973028,-6.268349800900428,-0.042802874775263386
13.04,10.0,9.999894502085395,-6.266452252299001,-0.046570178742633986
13.05,10.0,9.999899555290826,-6.264582479150069,-0.05025410497933773
13.06,10.0,9.999904658062068,-6.262742137410725,-0.053852070317838535
13.07,10.0,9.99990980484973,-6.260932855917422,-0.057361502575556556
13.08,10.0,9.999914990178713,-6.259156209218759,-0.060780125117026795
13.09,10.0,9.999920208591178,-6.257413734365212,-0.06410575432192633
13.1,10.0,9.99992545466971,-6.255706924722119,-0.06733635106755846
13.11,10.0,9.999930722990518,-6.2540372416253325,-0.0704699212392352
13.12,10.0,9.999936008228941,-6.252406088635821,-0.07350470075105224
13.13,10.0,9.999941305106272,-6.250814824752709,-0.0764390435525539
13.14,10.0,9.9999466084027,-6.2492647614007755,-0.07927143377066088
13.15,10.0,9.999951912913282,-6.247757173184306,-0.08200042560505073
13.16,10.0,9.999957213541181,-6.24629327549999,-0.08462474934351974
13.17,10.0,9.999962505266568,-6.244874232183151,-0.08714326511379626
13.18,10.0,9.999967783142319,-6.243501156680401,-0.0895549494188212
13.19,10.0,9.999973042255847,-6.2421751210304235,-0.09185884970643086
13.2,10.0,9.999978277804193,-6.240897138366444,-0.09405415527571497
13.21,10.0,9.999983485090642,-6.239668163805252,-0.09614018710777401
13.22,10.0,9.999988659500517,-6.238489100206409,-0.09811636504336438
13.23,10.0,9.999993796471523,-6.237360804902077,-0.09998218213164026
13.24,10.0,9.99999889154585,-6.236284077900548,-0.10173723910749956
13.25,10.0,10.000003940397916,-6.235259655640296,-0.1033812607791042
13.26,10.0,10.000008938789287,-6.234288221302552,-0.10491405451285092
13.27,10.0,10.000013882551068,-6.233370409162801,-0.10633550812218652
13.28,10.0,10.00001876760937,-6.232506798693813,-0.10764559394843677
13.29,10.0,10.000023590042018,-6.231697901335178,-0.10884438307249727
13.3,10.0,10.000028346016654,-6.2309441751212296,-0.10993202121640355
13.31,10.0,10.000033031785836,-6.230246026667453,-0.11090873342376548
13.32,10.0,10.000037643688078,-6.229603811063379,-0.11177482097926959
13.33,10.0,10.00004217822388,-6.229017812116118,-0.11253065413094877
13.34,10.0,10.000046631985546,-6.22848826090836,-0.11317667293914903
13.35,10.0,10.000051001653079,-6.228015338711799,-0.11371339003319228
13.36,10.0,10.000055283968422,-6.227599185649815,-0.11414139493408422
13.37,10.0,10.000059475860203,-6.227239860455844,-0.11446131808686015
13.38,10.0,10.00006357433708,-6.226937375419114,-0.11467385689887419
13.39,10.0,10.000067576517896,-6.22669168687264,-0.11477976478805463
13.4,10.0,10.00007147963252,-6.226502695214826,-0.11477984862686802
13.41,10.0,10.00007528102266,-6.226370244931095,-0.11467496560378215
13.42,10.0,10.000078978142696,-6.226294124615504,-0.11446602059447666
13.43,10.0,10.000082568564798,-6.226274068071386,-0.11415398271736432
13.44,10.0,10.00008604999966,-6.22630975933224,-0.11373997327980383
13.45,10.0,10.00008942023463,-6.226400816934775,-0.11322497736542599
13.46,10.0,10.000092677190203,-6.22654680792557,-0.11261009449004537
13.47,10.0,10.000095818904898,-6.226747243874589,-0.11189646309615522
13.48,10.0,10.000098843536174,-6.227001580919321,-0.11108525820666484
13.49,10.0,10.000101749361345,-6.227309219808886,-0.11017768893309529
13.5,10.0,10.000104534778496,-6.22766950594818,-0.10917499602012609
13.51,10.0,10.000107197746756,-6.228081973029283,-0.10807890785830411
13.52,10.0,10.000109736942795,-6.228545841000896,-0.10689069324096762
13.53,10.0,10.00011215111933,-6.229060295220592,-0.10561168392129729
13.54,10.0,10.000114439024891,-6.22962452176542,-0.10424333893106465
13.55,10.0,10.000116599513017,-6.230237660423395,-0.10278715327574736
13.56,10.0,10.000118631541916,-6.23089880528781,-0.10124465672845467
13.57,10.0,10.00012053417411,-6.231607005351563,-0.09961741236886272
13.58,10.0,10.00012230657903,-6.232361311953037,-0.09790724150679075
13.59,10.0,10.000123948030764,-6.233160749324336,-0.09611607689142794
13.6,10.0,10.000125457900843,-6.2340042055495095,-0.09424543222883754
13.61,10.0,10.000126835666876,-6.234890576357802,-0.0922970921913858
13.62,10.0,10.00012808090922,-6.235818718290769,-0.09027288205961097
13.63,10.0,10.00012919331063,-6.236787449471306,-0.08817466680726543
13.64,10.0,10.000130172655936,-6.237795550372669,-0.0860043509875218
13.65,10.0,10.000131018799602,-6.238841958597399,-0.08376428019306141
13.66,10.0,10.00013173173096,-6.239925373179684,-0.08145641836788682
13.67,10.0,10.00013231153814,-6.241044471567952,-0.07908279615981034
13.68,10.0,10.00013275840266,-6.242197940719801,-0.0766455722198793
13.69,10.0,10.000133072605308,-6.243384440583456,-0.07414695635859321
13.7,10.0,10.000133254525705,-6.244602605264066,-0.07158920923583412
13.71,10.0,10.000133304659139,-6.24585105638446,-0.06897462526162412
13.72,10.0,10.000133223695919,-6.247128460662025,-0.06630545311719796
13.73,10.0,10.00013301226671,-6.248433351221949,-0.0635841511498499
13.74,10.0,10.000132671167867,-6.2497642884433455,-0.060813161028017364
13.75,10.0,10.000132201296365,-6.251119815387191,-0.05799497293469246
13.76,10.0,10.00013160364963,-6.252498459132361,-0.05513212537712464
13.77,10.0,10.000130879337547,-6.253898736220715,-0.052227182602939126
13.78,10.0,10.000130029624291,-6.255319168194348,-0.04928265424253785
13.79,10.0,10.000129055786756,-6.2567582351326125,-0.046301264388028396
13.8,10.0,10.00012795924012,-6.258214419484419,-0.0432857127000819
13.81,10.0,10.000126741501965,-6.2596861953364265,-0.04023874213327037
13.82,10.0,10.000125404192307,-6.261172029811414,-0.03716313865668129
13.83,10.0,10.000123949015826,-6.262670387522771,-0.03406172066047698
13.84,10.0,10.000122377717217,-6.264179739653231,-0.03093731278781841
13.85,10.0,10.000120692247005,-6.2656985368523355,-0.027792841658197898
13.86,10.0,10.00011889461157,-6.267225236417918,-0.024631248462843452
13.87,10.0,10.00011698691597,-6.268758296337643,-0.02145551375724343
13.88,10.0,10.000114971363693,-6.270296176732841,-0.018268656732313003
13.89,10.0,10.000112850224236,-6.271837347677173,-0.015073670545850772
13.9,10.0,10.000110625775838,-6.273380301934663,-0.011873407816329076
13.91,10.0,10.00010830054899,-6.2749235081169115,-0.008671067353679354
13.92,10.0,10.000105877100252,-6.276465456884553,-0.005469742107714393
13.93,10.0,10.000103358077057,-6.278004649505784,-0.002272548727650335
13.94,10.0,10.000100746217026,-6.2795395993878,0.000917373726453452
13.95,10.0,10.000098044310153,-6.281068833577896,0.004096974747199715
13.96,10.0,10.00009525515427,-6.2825908942590685,0.007263422790454804
13.97,10.0,10.000092381784535,-6.28410434046945,0.010413428336164737
13.98,10.0,10.000089427252998,-6.2856077494542415,0.013543892929598615
13.99,10.0,10.00008639469189,-6.28709971824939,0.016651721867810602
14.0,10.0,10.000083287312457,-6.288578865212633,0.01973382725282421
14.01,10.0,10.000080108348202,-6.290043819930929,0.022787205431169008
14.02,10.0,10.000076861014596,-6.291493216586026,0.02580899360488402
14.03,10.0,10.000073548791667,-6.292925754742585,0.02879608721721548
14.04,10.0,10.000070175142302,-6.294340142287137,0.03174552352926033
14.05,10.0,10.000066743593885,-6.295735114244726,0.03465437161620072
14.06,10.0,10.000063257736507,-6.297109434181014,0.037519736454537295
14.07,10.0,10.000059721130148,-6.29846187381281,0.04033878255990658
14.08,10.0,10.000056137274788,-6.299791207679052,0.04310874394029243
14.09,10.0,10.000052509990278,-6.301096305875305,0.045826842171933835
14.1,10.0,10.000048843021421,-6.302376041365643,0.04849037776003369
14.11,10.0,10.000045140153901,-6.303629319553857,0.051096707624723806
14.12,10.0,10.000041405211595,-6.304855079467752,0.0536432490179837
14.13,10.0,10.00003764201664,-6.306052291493231,0.05612748949978365
14.14,10.0,10.000033854387482,-6.307219958627833,0.0585469909120102
14.15,10.0,10.000030046264214,-6.308357129510372,0.06089937008429698
14.16,10.0,10.000026221567449,-6.3094628867935745,0.06318232748297757
14.17,10.0,10.00002238423778,-6.310536352227438,0.06539364326229306
14.18,10.0,10.000018538232771,-6.311576687812237,0.06753118115225962
14.19,10.0,10.000014687406338,-6.312583059841384,0.06959289268417854
14.2,10.0,10.00001083554095,-6.313554651155386,0.07157682025453362
14.21,10.0,10.000006986672624,-6.314490765833081,0.07348110138950265
14.22,10.0,10.000003144711627,-6.315390711581045,0.07530397278200153
14.23,10.0,9.999999313556133,-6.316253837703094,0.07704377359783815
14.24,10.0,9.999995497088216,-6.317079535945409,0.07869894954096801
14.25,10.0,9.999991699088989,-6.317867198504009,0.08026796900599831
14.26,10.0,9.999987923278203,-6.318616241954687,0.08174937395005809
14.27,10.0,9.999984173491175,-6.319326203940741,0.08314198048507444
14.28,10.0,9.999980453451656,-6.3199966258105515,0.08444464013959034
14.29,10.0,9.999976766838477,-6.320627090880183,0.08565632042918281
14.3,10.0,9.99997311728094,-6.321217224951658,0.08677610809373738
14.31,10.0,9.999969508426169,-6.3217667020906925,0.08780309984748771
14.32,10.0,9.999965943880738,-6.322275241215531,0.08873648964212336
14.33,10.0,9.999962427079629,-6.322742597373161,0.08957576870247046
14.34,10.0,9.999958961452599,-6.323168574756073,0.09032046241600923
14.35,10.0,9.999955550364163,-6.3235530231686825,0.0909702195617134
14.36,10.0,9.999952197109486,-6.323895838582705,0.0915248147437428
14.37,10.0,9.999948904862364,-6.324196882009724,0.09198396925288162
14.38,10.0,9.999945676715674,-6.324456055996169,0.0923475221734933
14.39,10.0,9.999942515741294,-6.324673414322302,0.09261567549326016
14.4,10.0,9.999939424888243,-6.324848995891184,0.09278862579799896
14.41,10.0,9.999936407011152,-6.324982880826046,0.09286669032353449
14.42,10.0,9.999933464865865,-6.3250751904908915,0.09285030777830514
14.43,10.0,9.999930601246977,-6.325126097292982,0.09273988096165037
14.44,10.0,9.99992781882853,-6.325135814030662,0.09253595110572871
14.45,10.0,9.999925120022763,-6.325104584485287,0.09223935234687301
14.46,10.0,9.999922507223179,-6.325032700494371,0.09185093578412871
14.47,10.0,9.99991998271497,-6.324920496103207,0.09137166579190992
14.48,10.0,9.99991754867143,-6.324768347645171,0.09080262091493743
14.49,10.0,9.999915207164326,-6.324576565707741,0.09014484814314172
14.5,10.0,9.999912960143188,-6.324345528711574,0.08939954288113403
14.51,10.0,9.999910809423007,-6.324075751350451,0.08856814063860745
14.52,10.0,9.99990875670121,-6.323767724816498,0.08765210236781862
14.53,10.0,9.999906803546743,-6.323421974042328,0.08665299217166764
14.54,10.0,9.999904951396635,-6.323039057164438,0.08557247600713379
14.55,10.0,9.9999032018108,-6.3226196063067786,0.08441209371977632
14.56,10.0,9.999901556116372,-6.322164270699955,0.08317356884305113
14.57,10.0,9.999900015317715,-6.321673702302298,0.08185888398979752
14.58,10.0,9.999898580413541,-6.321148606550464,0.08046999791627073
14.59,10.0,9.99989725227339,-6.320589722617395,0.0790089505919143
14.6,10.0,9.999896031635547,-6.31999782309689,0.07747786138624549
14.61,10.0,9.999894919190249,-6.3193735840670255,0.07587870546733314
14.62,10.0,9.999893915451398,-6.318717776577762,0.07421363983838053
14.63,10.0,9.999893020748742,-6.318031275010123,0.07248501696812423
14.64,10.0,9.999892235313416,-6.3173149236227815,0.07069515461875406
14.65,10.0,9.999891559241128,-6.316569589009521,0.06884642452452557
14.66,10.0,9.999890992490508,-6.315796159131171,0.06694124919864934
14.67,10.0,9.999890535228243,-6.3149956234247355,0.06498205413655521
14.68,10.0,9.999890187277753,-6.314168943331951,0.06297133637445704
14.69,10.0,9.999889948178621,-6.3133170656080395,0.06091165328827165
14.7,10.0,9.999889817473829,-6.312440988892947,0.058805582078110694
14.71,10.0,9.999889794585016,-6.311541733974133,0.05665573329447242
14.72,10.0,9.999889878812507,-6.310620343203455,0.054464747029555075
14.73,10.0,9.99989006940579,-6.309677743958605,0.052235289856630264
14.74,10.0,9.999890365445008,-6.308714976569533,0.049970051875992794
14.75,10.0,9.99989076586895,-6.307733139702996,0.047671743849201524
14.76,10.0,9.999891269521333,-6.306733300566739,0.04534309333927168
14.77,10.0,9.999891875129128,-6.305716536089765,0.04298684187122064
14.78,10.0,9.99989258130285,-6.304683931729085,0.04060574192843013
14.79,10.0,9.99989338690228,-6.303636604055193,0.03820233658982078
14.8,10.0,9.99989429039059,-6.30257565750884,0.035779340216486544
14.81,10.0,9.999895290053887,-6.301502197472557,0.03333950450724464
14.82,10.0,9.99989638418213,-6.300417340833448,0.030885508893781416
14.83,10.0,9.999897570973145,-6.29932220852253,0.028420014018550186
14.84,10.0,9.999898848534489,-6.298217924422559,0.025945657784465604
14.85,10.0,9.999900215056417,-6.297105644989423,0.023465164601648197
14.86,10.0,9.99990166849738,-6.295986501375757,0.020981131810633907
14.87,10.0,9.999903206720356,-6.294861622474723,0.018496114474738343
14.88,10.0,9.999904827553872,-6.293732144447581,0.016012660753439954
14.89,10.0,9.999906528755623,-6.292599202766937,0.013533282181618873
14.9,10.0,9.999908308015026,-6.2914639312484635,0.011060450159682336
14.91,10.0,9.999910162931954,-6.290327411230597,0.008596765154131769
14.92,10.0,9.999912091065074,-6.289190766469417,0.006144620624100157
14.93,10.0,9.9999140899116,-6.28805511445063,0.0037063649842212013
14.94,10.0,9.999916156904888,-6.286921555015106,0.0012843337852056352
14.95,10.0,9.999918289421403,-6.285791178690552,-0.0011191857751937304
14.96,10.0,9.999920484783214,-6.284665065532068,-0.003501958441799173
14.97,10.0,9.999922740528868,-6.283544322972577,-0.0058616709570300796
14.98,10.0,9.999925053881261,-6.282430006976132,-0.008196198978054334
14.99,10.0,9.999927422049593,-6.2813231644027905,-0.010503462037102888
15.0,10.0,9.999929842253849,-6.280224835047523,-0.01278141593855564
15.01,10.0,9.999932311686356,-6.2791360445372595,-0.015028075866624496
15.02,10.0,9.999934827515222,-6.278057803313862,-0.017241518847456783
15.03,10.0,9.999937386832945,-6.276991067477934,-0.019419838268126315
15.04,10.0,9.999939986772524,-6.275936816148706,-0.02156124496350588
15.05,10.0,9.99994262444166,-6.274896002286487,-0.023664009019329045
15.06,10.0,9.999945296928166,-6.273869553034358,-0.02572646439649999
15.07,10.0,9.99994800130999,-6.272858373301765,-0.02774701655647191
15.08,10.0,9.999950734658496,-6.271863344614729,-0.02972414546440643
15.09,10.0,9.999953494193196,-6.270885424013906,-0.03165608206883995
15.1,10.0,9.999956276964697,-6.26992543139184,-0.03354149862248336
15.11,10.0,9.999959080070001,-6.268984188364358,-0.03537905581736512
15.12,10.0,9.99996190063376,-6.2680625026067425,-0.03716745209714185
15.13,10.0,9.999964735797736,-6.267161157590743,-0.038905455758641516
15.14,10.0,9.999967582724537,-6.266280911767345,-0.04059190601717007
15.15,10.0,9.999970438372706,-6.265422473990359,-0.04222553391406773
15.16,10.0,9.999973299996524,-6.264586554238163,-0.0438053552152848
15.17,10.0,9.999976164800534,-6.2637738265130265,-0.045330395847357714
15.18,10.0,9.999979029999814,-6.262984933896895,-0.04679973761024888
15.19,10.0,9.99998189283827,-6.2622204892433775,-0.04821253128397757
15.2,10.0,9.999984750591654,-6.261481074285007,-0.04956799701586866
15.21,10.0,9.999987600566858,-6.2607673752143365,-0.05086520032407109
15.22,10.0,9.999990440113212,-6.2600798787199,-0.052103551775768434
15.23,10.0,9.99999326661939,-6.259419095789801,-0.053282437871182385
15.24,10.0,9.999996077517695,-6.2587855140487045,-0.05440129853858864
15.25,10.0,9.999998870287229,-6.2581795917162735,-0.055459636251486366
15.26,10.0,10.000001642456915,-6.257601757129652,-0.056457016292137195
15.27,10.0,10.000004391302785,-6.257052368449688,-0.05739301855491877
15.28,10.0,10.000007114544664,-6.25653180352594,-0.05826734643163032
15.29,10.0,10.000009809811647,-6.256040389411539,-0.05907974234926684
15.3,10.0,10.00001247477727,-6.255578419096443,-0.0598300086795288
15.31,10.0,10.000015107166645,-6.255146151568976,-0.060518008138704664
15.32,10.0,10.000017704758353,-6.254743812272543,-0.06114366188189536
15.33,10.0,10.00002026534815,-6.254371751430662,-0.0617066272323746
15.34,10.0,10.00002278684036,-6.254030074017914,-0.062207045770917485
15.35,10.0,10.000025267178621,-6.2537189345620465,-0.06264494501367429
15.36,10.0,10.000027704367215,-6.253438457025638,-0.0630203990214736
15.37,10.0,10.000030096473097,-6.253188734671728,-0.06333352789495708
15.38,10.0,10.000032441621252,-6.252969828679276,-0.06358450144787994
15.39,10.0,10.000034737791852,-6.252781729481303,-0.06377369497391164
15.4,10.0,10.000036983316944,-6.252624449667971,-0.06390130937978986
15.41,10.0,10.000039176481776,-6.252497948491519,-0.06396767696966198
15.42,10.0,10.000041315635368,-6.252402152151364,-0.06397317708324718
15.43,10.0,10.0000433991919,-6.252336953539431,-0.06391823582776107
15.44,10.0,10.00004542562217,-6.252302220378464,-0.06380332375849068
15.45,10.0,10.000047393299013,-6.2522979270413,-0.06362892992922847
15.46,10.0,10.000049300892167,-6.252323821035904,-0.06339562506058755
15.47,10.0,10.000051147046374,-6.252379696538238,-0.06310400859007126
15.48,10.0,10.00005293047096,-6.252465319439195,-0.06275472253050215
15.49,10.0,10.000054649940664,-6.252580427539336,-0.062348450523154936
15.5,10.0,10.000056304300026,-6.252724729121678,-0.06188591650363147
15.51,10.0,10.000057892499044,-6.252897887198548,-0.06136787435420888
15.52,10.0,10.000059413501525,-6.253099562068474,-0.06079513226353521
15.53,10.0,10.000060866363112,-6.253329376163899,-0.060168531468436134
15.54,10.0,10.000062250210904,-6.253586923961464,-0.05948895112219043
15.55,10.0,10.00006356424442,-6.253871772116966,-0.058757307441486974
15.56,10.0,10.000064807712274,-6.254183472758182,-0.05797453616628316
15.57,10.0,10.000065979750781,-6.25452165155452,-0.057141478940736
15.58,10.0,10.000067079843364,-6.254885759586709,-0.05625920163285225
15.59,10.0,10.00006810743239,-6.255275284215389,-0.05532872288166885
15.6,10.0,10.000069062027956,-6.25568969082998,-0.054351088216348084
15.61,10.0,10.000069943208173,-6.256128423351401,-0.05332736895929767
15.62,10.0,10.000070750606069,-6.256590908584265,-0.052258697104870314
15.63,10.0,10.000071483846536,-6.257076574907321,-0.05114643371811178
15.64,10.0,10.000072142739121,-6.257584797497689,-0.049991651900870675
15.65,10.0,10.000072727111782,-6.258114946656303,-0.048795581872689814
15.66,10.0,10.000073236857725,-6.258666374946243,-0.04755948519115063
15.67,10.0,10.000073671935393,-6.259238417781765,-0.04628465424840237
15.68,10.0,10.000074032374114,-6.259830392378164,-0.044972415709626554
15.69,10.0,10.000074318293255,-6.260441592785756,-0.04362414276466964
15.7,10.0,10.0000745298384,-6.261071308976111,-0.04224121255164343
15.71,10.0,10.00007466723774,-6.261718811085098,-0.04082504311233578
15.72,10.0,10.000074730786157,-6.262383354612691,-0.03937708258450282
15.73,10.0,10.000074720845308,-6.263064180981421,-0.037898808608859906
15.74,10.0,10.00007463782181,-6.263760528821601,-0.03639167048671382
15.75,10.0,10.000074482114243,-6.264471660484796,-0.03485694879227851
15.76,10.0,10.000074254311832,-6.265196765495222,-0.033296278628424575
15.77,10.0,10.00007395501482,-6.265935048996758,-0.03171117562348756
15.78,10.0,10.000073584885763,-6.2666857072671505,-0.030103170202439022
15.79,10.0,10.000073144649306,-6.267447928447219,-0.028473806931838944
15.8,10.0,10.000072635077425,-6.268220900506932,-0.02682467581029813
15.81,10.0,10.00007205696479,-6.269003824161191,-0.025157466529190594
15.82,10.0,10.000071411235098,-6.269795860345899,-0.023473725158097564
15.83,10.0,10.000070698841714,-6.270596180468734,-0.021775078224529964
15.84,10.0,10.000069920795967,-6.271403952869525,-0.02006316636263885
15.85,10.0,10.000069078166698,-6.2722183436496985,-0.018339643601534943
15.86,10.0,10.000068172062578,-6.2730385182587405,-0.01660617084144815
15.87,10.0,10.000067203612577,-6.2738636431612775,-0.014864408340232626
15.88,10.0,10.000066174069431,-6.274692882102718,-0.013116050737889993
15.89,10.0,10.000065084709505,-6.275525401316359,-0.011362791885879412
15.9,10.0,10.00006393686142,-6.276360369076016,-0.009606334274552104
15.91,10.0,10.000062731905388,-6.277196956534725,-0.007848388054649796
15.92,10.0,10.000061471259604,-6.278034336341814,-0.0060906193283498805
15.93,10.0,10.000060156371278,-6.27887168205749,-0.004334616468442527
15.94,10.0,10.000058788780144,-6.2797081800027605,-0.00258214201706301
15.95,10.0,10.000057370054005,-6.280543019150254,-0.0008348807634426594
15.96,10.0,10.000055901806915,-6.281375395199253,0.0009054870810190664
15.97,10.0,10.000054385698379,-6.282204511390144,0.002637287250006056
15.98,10.0,10.000052823396263,-6.2830295779633385,0.004358901660676314
15.99,10.0,10.00005121656662,-6.283849812624174,0.006068782809431746
16.0,10.0,10.000049567020735,-6.284664446879144,0.007765255048352869
16.01,10.0,10.00004787656103,-6.28547272112471,0.009446723124093108
16.02,10.0,10.000046147026241,-6.286273887179754,0.011111611713815514
16.03,10.0,10.000044380290253,-6.287067209086673,0.012758367338917234
16.04,10.0,10.000042578208376,-6.287851953696548,0.014385406832933371
16.05,10.0,10.000040742619467,-6.288627392114838,0.015991123178762737
16.06,10.0,10.000038875520124,-6.289392834562556,0.017574063475538783
16.07,10.0,10.000036978872409,-6.290147594050871,0.019132738394470557
16.08,10.0,10.000035054660968,-6.290890998509654,0.02066568327134538
16.09,10.0,10.000033104891434,-6.29162239149707,0.02217145885095685
16.1,10.0,10.000031131598114,-6.292341132726425,0.02364865654705696
16.11,10.0,10.000029136839224,-6.293046598837156,0.02509589846420656
16.12,10.0,10.000027122669977,-6.293738184598872,0.026511829969952418
16.13,10.0,10.000025091170226,-6.2944153030484,0.027895131328981547
16.14,10.0,10.00002304443373,-6.295077386377389,0.029244515997895883
16.15,10.0,10.000020984566584,-6.295723886640408,0.03055873227494134
16.16,10.0,10.000018913628203,-6.296354255144803,0.03183664592283128
16.17,10.0,10.000016833662553,-6.296967955325202,0.033077195429277034
16.18,10.0,10.000014746820987,-6.297564509584395,0.03427921664610404
16.19,10.0,10.000012655205454,-6.29814344242251,0.035441664471034764
16.2,10.0,10.000010560916218,-6.298704299430379,0.03656354470881436
16.21,10.0,10.000008466049891,-6.299246647836892,0.03764391571620012
16.22,10.0,10.000006372674068,-6.299770054489676,0.03868180625647527
16.23,10.0,10.000004282843452,-6.300274103889591,0.03967628274324196
16.24,10.0,10.0000021986374,-6.300758436946724,0.040626594774898696
16.25,10.0,10.000000122103623,-6.301222699054574,0.04153198045534564
16.26,10.0,9.999998055273883,-6.301666557712116,0.04239173219015813
16.27,10.0,9.999996000161813,-6.302089702913739,0.04320519866243618
16.28,10.0,9.999993958774136,-6.302491849092274,0.04397168871093794
16.29,10.0,9.999991933095762,-6.302872734027009,0.044690565689555393
16.3,10.0,9.999989925070565,-6.303232117246126,0.04536137315782669
16.31,10.0,9.999987936625857,-6.303569783515577,0.045983642533980455
16.32,10.0,9.999985969661314,-6.303885542191801,0.046556959582328895
16.33,10.0,9.99998402604692,-6.304179227621728,0.047080965056426755
16.34,10.0,9.999982107610208,-6.304450655067333,0.04755534468583219
16.35,10.0,9.999980216146065,-6.304699670598741,0.04797984255010722
16.36,10.0,9.999978353424492,-6.304926192133166,0.04835427095265677
16.37,10.0,9.99997652117027,-6.305130134082273,0.048678493625073184
16.38,10.0,9.99997472106723,-6.30531143395751,0.0489524323271383
16.39,10.0,9.999972954756101,-6.305470052501402,0.04917606810226881
16.4,10.0,9.999971223872196,-6.305605975197078,0.049349444207795634
16.41,10.0,9.999969529993344,-6.30571921067097,0.049472664038161446
16.42,10.0,9.999967874614386,-6.305809790014502,0.04954589017721974
16.43,10.0,9.999966259202473,-6.305877768903831,0.04956934887880956
16.44,10.0,9.999964685174268,-6.305923227015756,0.04954332958272906
16.45,10.0,9.999963153894043,-6.3059462681668075,0.049468185589827685
16.46,10.0,9.999961666696896,-6.305946961234887,0.04934413823373199
16.47,10.0,9.999960224852144,-6.305925422082372,0.04917154930881456
16.48,10.0,9.99995882955402,-6.3058818311439,0.0489509798555835
16.49,10.0,9.999957481950137,-6.305816361971734,0.04868295305940435
16.5,10.0,9.999956183128123,-6.3057292083850545,0.04836804482020031
16.51,10.0,9.999954934113855,-6.305620584294922,0.04800688334826071
16.52,10.0,9.999953735956652,-6.30549073911582,0.047600008553652706
16.53,10.0,9.999952589597424,-6.3053399342804735,0.04714808201561094
16.54,10.0,9.999951495864273,-6.305168442590583,0.04665189064656937
16.55,10.0,9.9999504555575,-6.304976563596917,0.046112206626387126
16.56,10.0,9.999949469413112,-6.304764617200867,0.04552984293196326
16.57,10.0,9.999948538101492,-6.30453294355723,0.04490565242855048
16.58,10.0,9.999947662302395,-6.304281832984562,0.044240588552153404
16.59,10.0,9.999946842581508,-6.304011637807909,0.043535605919404446
16.6,10.0,9.999946079405097,-6.30372275761441,0.042791672122948696
16.61,10.0,9.99994537320023,-6.303415582705811,0.042009816628285145
16.62,10.0,9.999944724326904,-6.303090518337236,0.041191108223454335
16.63,10.0,9.99994413307706,-6.302747984290358,0.04033665441444619
16.64,10.0,9.999943599793282,-6.302388448783066,0.0394475663621759
16.65,10.0,9.99994312466509,-6.302012369880722,0.03852501667776195
16.66,10.0,9.999942707779176,-6.301620209755855,0.03757022359230966
16.67,10.0,9.999942349194042,-6.301212455961407,0.03658442871680548
16.68,10.0,9.999942048903026,-6.300789610680293,0.03556890701482263
16.69,10.0,9.999941806833876,-6.300352190451458,0.0345249657149982
16.7,10.0,9.999941622934719,-6.299900643149557,0.033453647585172386
16.71,10.0,9.99994149701974,-6.299435495033338,0.032356257084581175
16.72,10.0,9.999941428823002,-6.298957298533756,0.03123417349074802
16.73,10.0,9.99994141803877,-6.298466592907939,0.03008871094964895
16.74,10.0,9.999941464298846,-6.297963925279715,0.028921193153964263
16.75,10.0,9.999941567172467,-6.297449850016636,0.027732951670899404
16.76,10.0,9.999941726289158,-6.2969249847194995,0.02652536394809544
16.77,10.0,9.99994194111002,-6.296389904306258,0.0252997763262377
16.78,10.0,9.999942211027351,-6.295845186324862,0.024057535423113497
16.79,10.0,9.999942535404617,-6.295291428747885,0.022799998028206134
16.8,10.0,9.999942913549539,-6.294729237008485,0.021528520912919204
16.81,10.0,9.999943344714511,-6.294159223604093,0.02024445870300366
16.82,10.0,9.999943828181538,-6.293581926940028,0.018949441285436505
16.83,10.0,9.999944363099237,-6.292997967055633,0.017644832087991617
16.84,10.0,9.999944948566164,-6.292407966015255,0.016332000000614556
16.85,10.0,9.999945583647266,-6.291812532178819,0.015012370458243765
16.86,10.0,9.999946267358954,-6.2912122744600865,0.013687372987417772
16.87,10.0,9.999946998669838,-6.290607801622915,0.012358440219717036
16.88,10.0,9.999947776664037,-6.289999752210423,0.011026731985617572
16.89,10.0,9.999948600216594,-6.289388732546745,0.009693685059958893
16.9,10.0,9.999949468179173,-6.2887753508813695,0.008360699142976973
16.91,10.0,9.999950379391262,-6.288160218660932,0.007029118404529484
16.92,10.0,9.99995133265691,-6.287543945302812,0.005700271237524063
16.93,10.0,9.99995232674605,-6.286927137602433,0.004375468303396805
16.94,10.0,9.9999533603511,-6.286310399267733,0.003055879971889157
16.95,10.0,9.99995443218057,-6.285694330064012,0.0017427838775884615
16.96,10.0,9.99995554090301,-6.285079525384396,0.00043740793379952805
16.97,10.0,9.999956685150654,-6.284466575650539,-0.0008590652005633463
16.98,10.0,9.99995786352593,-6.283856065705143,-0.0021454857740230322
16.99,10.0,9.99995907460265,-6.28324857421969,-0.0034207396441319586
17.0,10.0,9.999960317091272,-6.282644688239724,-0.004683277978114873
17.01,10.0,9.999961589491766,-6.282044970466196,-0.005932121635739727
17.02,10.0,9.999962890327586,-6.281449980135544,-0.007166193836348846
17.03,10.0,9.999964218120523,-6.280860270001964,-0.00838439776857286
17.04,10.0,9.999965571377624,-6.280276384428233,-0.00958566046596913
17.05,10.0,9.99996694859287,-6.2796988588434255,-0.010768932925860699
17.06,10.0,9.999968348249622,-6.279128221891222,-0.011933147172264603
17.07,10.0,9.999969768820758,-6.278564989030631,-0.013077312609842184
17.08,10.0,9.999971208771502,-6.27800966615019,-0.014200448873813085
17.09,10.0,9.99997266656093,-6.2774627483225,-0.015301597861433883
17.1,10.0,9.999974140643655,-6.276924719101338,-0.016379827281037592
17.11,10.0,9.999975629471512,-6.2763960499878815,-0.017434230876934034
17.12,10.0,9.99997713145712,-6.275877203080584,-0.018464196581789317
17.13,10.0,9.99997864506063,-6.275368623448614,-0.01946881154190567
17.14,10.0,9.999980168727957,-6.274870743892515,-0.02044730725861844
17.15,10.0,9.99998170090607,-6.27438398327715,-0.021398964678860353
17.16,10.0,9.999983240046014,-6.273908745889219,-0.022323105957909626
17.17,10.0,9.99998478460451,-6.27344542091311,-0.023219095783005073
17.18,10.0,9.999986333041281,-6.272994425272696,-0.024086157791374237
17.19,10.0,9.999987883830352,-6.272556104419545,-0.02492379671058292
17.2,10.0,9.999989435454072,-6.272130808731949,-0.025731471573961082
17.21,10.0,9.999990986406639,-6.2717188737055904,-0.026508679921613
17.22,10.0,9.999992535195693,-6.271320618988182,-0.02725496022463618
17.23,10.0,9.99999408034368,-6.27093634812039,-0.027969889098222147
17.24,10.0,9.999995620363903,-6.2705663619920085,-0.028652659775015722
17.25,10.0,9.999997153821731,-6.270210926068929,-0.029303069353364835
17.26,10.0,9.99999867928843,-6.2698702959275305,-0.02992072964353035
17.27,10.0,10.000000195355595,-6.269544709868408,-0.03050528052699465
17.28,10.0,10.000001700636691,-6.269234388558375,-0.031056390163419583
17.29,10.0,10.000003193766704,-6.2689395368315655,-0.031573757256376206
17.3,10.0,10.00000467335365,-6.268660402367656,-0.0320571994460407
17.31,10.0,10.000006138101577,-6.2683971319219065,-0.03250643788407248
17.32,10.0,10.000007586713467,-6.268149887359429,-0.0329212713580156
17.33,10.0,10.00000901791949,-6.267918813729433,-0.03330152847903689
17.34,10.0,10.000010430478355,-6.26770403909373,-0.03364706762025592
17.35,10.0,10.000011823174368,-6.267505674058616,-0.03395779648802112
17.36,10.0,10.0000131947561,-6.267323807276714,-0.03423395698113206
17.37,10.0,10.000014544096983,-6.267158516268532,-0.034475400490950756
17.38,10.0,10.000015870065559,-6.267009858200302,-0.03468218451183626
17.39,10.0,10.000017171562629,-6.266877872184372,-0.03485440936827443
17.4,10.0,10.000018447522404,-6.266762579092809,-0.03499221941571097
17.41,10.0,10.000019696906318,-6.266663987875572,-0.035095762234426744
17.42,10.0,10.00002091863646,-6.266582155640345,-0.03516480622012959
17.43,10.0,10.000022111778033,-6.266517026073746,-0.03519976822742292
17.44,10.0,10.000023275388827,-6.2664685642398785,-0.035200855549769636
17.45,10.0,10.000024408562084,-6.2664367192504535,-0.03516830308001433
17.46,10.0,10.000025510427395,-6.266421424307636,-0.03510237312518612
17.47,10.0,10.000026580147116,-6.266422593806898,-0.035003327828762254
17.48,10.0,10.000027616889117,-6.266440104722025,-0.03487126177849207
17.49,10.0,10.00002861990789,-6.266473849840793,-0.03470657808685077
17.5,10.0,10.000029588477155,-6.266523692538046,-0.034509582169062976
17.51,10.0,10.000030521909652,-6.266589479376111,-0.03428059339043578
17.52,10.0,10.000031419557926,-6.266671040068276,-0.03401994407494219
17.53,10.0,10.000032280799429,-6.2667682011430585,-0.0337280473924793
17.54,10.0,10.00003310496689,-6.2668808475857825,-0.0334057085324427
17.55,10.0,10.000033891565598,-6.267008733090829,-0.03305316258345666
17.56,10.0,10.000034640086291,-6.267151644628262,-0.03267090691176627
17.57,10.0,10.000035350058477,-6.267309356348126,-0.03225946646856913
17.58,10.0,10.000036021050851,-6.267481629842468,-0.03181939397605196
17.59,10.0,10.000036652670929,-6.267668205524224,-0.03135130234374167
17.6,10.0,10.00003724456284,-6.267868774190701,-0.03085596722266065
17.61,10.0,10.000037796416537,-6.268083074291292,-0.03033397996935052
17.62,10.0,10.000038307960425,-6.268310806184906,-0.02978605586182763
17.63,10.0,10.000038778963969,-6.26855165669605,-0.029212947084395584
17.64,10.0,10.000039209238121,-6.2688052992151375,-0.0286154440840184
17.65,10.0,10.000039598612956,-6.269071417189171,-0.027994196189722362
17.66,10.0,10.000039946885728,-6.269349758052061,-0.027349299022446344
17.67,10.0,10.000040254021005,-6.269639927947699,-0.02668187308025463
17.68,10.0,10.000040519969621,-6.269941578398841,-0.025992631012745328
17.69,10.0,10.000040744720877,-6.270254353162005,-0.025282287815699016
17.7,10.0,10.000040928302575,-6.270577888692355,-0.024551558534377536
17.71,10.0,10.000041070788642,-6.270911794073363,-0.02380120646450036
17.72,10.0,10.000041172311219,-6.271255618784312,-0.023032120484943425
17.73,10.0,10.000041233006632,-6.271608999938829,-0.022244956058021202
17.74,10.0,10.000041253065936,-6.271971525685042,-0.02144046655164745
17.75,10.0,10.0000412327204,-6.272342775230085,-0.020619405321075437
17.76,10.0,10.00004117224165,-6.272722319025858,-0.01978252405872779
17.77,10.0,10.000041071893294,-6.273109754679075,-0.018930781160451465
17.78,10.0,10.000040931880955,-6.273504744050246,-0.0180655570326325
17.79,10.0,10.000040752636721,-6.2739068040962405,-0.017187424375956193
17.8,10.0,10.000040534545269,-6.274315508836873,-0.01629733096264143
17.81,10.0,10.000040278024068,-6.274730430578775,-0.015396251973503083
17.82,10.0,10.00003998352297,-6.275151140530682,-0.014485191573588626
17.83,10.0,10.00003965155196,-6.275577171154064,-0.013565063867254364
17.84,10.0,10.0000392826971,-6.276007994536467,-0.01263662421635179
17.85,10.0,10.000038877484268,-6.276443207393477,-0.011701049172159889
17.86,10.0,10.000038436514552,-6.276882347320527,-0.010759359281089278
17.87,10.0,10.000037960423562,-6.277324948020714,-0.009812591130948628
17.88,10.0,10.000037449881322,-6.277770539508499,-0.008861797791939996
17.89,10.0,10.000036905529193,-6.278218700127453,-0.007907683329326476
17.9,10.0,10.000036327966628,-6.27866906753859,-0.006950526556601198
17.91,10.0,10.000035718000255,-6.27912113378914,-0.005991626841061484
17.92,10.0,10.000035076383623,-6.279574459644919,-0.005031794905267789
17.93,10.0,10.000034403895299,-6.2800286103954575,-0.004071806496951602
17.94,10.0,10.000033701338126,-6.2804831565609085,-0.0031123987420071803
17.95,10.0,10.000032969582715,-6.280937612711492,-0.002154655773957171
17.96,10.0,10.000032209562065,-6.281391444680752,-0.0011999642994004623
17.97,10.0,10.000031422127613,-6.281844270612128,-0.00024874948339697646
17.98,10.0,10.00003060820585,-6.282295641536453,0.0006981436516454165
17.99,10.0,10.000029768749437,-6.282745109414023,0.0016398777859074655
18.0,10.0,10.00002890473686,-6.283192227294597,0.002575623255729898
18.01,10.0,10.000028017079048,-6.2836366111614135,0.0035042284505162474
18.02,10.0,10.000027106653624,-6.2840779171497125,0.004424342649252625
18.03,10.0,10.000026174548509,-6.284515679955354,0.005335281554160128
18.04,10.0,10.000025221776287,-6.284949502147651,0.006236015698583966
18.05,10.0,10.000024249362816,-6.285378995354205,0.007125485833582426
18.06,10.0,10.000023258346097,-6.285803780920178,0.008002601088632166
18.07,10.0,10.000022249802546,-6.286223446316857,0.00886701686610138
18.08,10.0,10.000021224829398,-6.286637572434716,0.009718663070975506
18.09,10.0,10.000020184486448,-6.287045826820213,0.01055610645090721
18.1,10.0,10.000019129867185,-6.287447847355252,0.011378614017582368
18.11,10.0,10.00001806207468,-6.287843280188647,0.012185492159934787
18.12,10.0,10.000016982220687,-6.2882317800655,0.012976090035781693
18.13,10.0,10.000015891425756,-6.288613016672694,0.013749823574584392
18.14,10.0,10.000014790817518,-6.288986670142281,0.014506162289915445
18.15,10.0,10.000013681528133,-6.289352421573075,0.015244599242942882
18.16,10.0,10.000012564695687,-6.289709967047106,0.015964701245197346
18.17,10.0,10.000011441462576,-6.290059013488251,0.016666096402491937
18.18,10.0,10.000010312974561,-6.290399279033145,0.017348478447448357
18.19,10.0,10.000009180341193,-6.290730464499381,0.01801047198039428
18.2,10.0,10.00000804467277,-6.291052282029926,0.0186507493231724
18.21,10.0,10.000006907126892,-6.291364490847316,0.019269426084739635
18.22,10.0,10.00000576883199,-6.291666841233831,0.019865845508198084
18.23,10.0,10.00000463091183,-6.291959093860236,0.02043932826084914
18.24,10.0,10.000003494484382,-6.29224101997133,0.020989168459095035
18.25,10.0,10.000002360660677,-6.2925124015715035,0.021514629911703432
18.26,10.0,10.000001230548921,-6.292773055189443,0.022016501923281213
18.27,10.0,10.000000105243933,-6.293022789763802,0.02249429763952174
18.28,10.0,9.999998985829029,-6.293261420470887,0.022947152746720514
18.29,10.0,9.999997873377865,-6.293488782210369,0.02337470115457016
18.3,10.0,9.999996768951728,-6.29370472278907,0.02377660814437307
18.31,10.0,9.999995673598411,-6.293909103186161,0.024152571988795498
18.32,10.0,9.999994588351088,-6.2941017978183496,0.024502325353002896
18.33,10.0,9.999993514252457,-6.294282651010371,0.02482613294595947
18.34,10.0,9.99999245229732,-6.2944515748595204,0.02512368725232371
18.35,10.0,9.999991403471519,-6.29460848006326,0.025394896516611698
18.36,10.0,9.999990368744653,-6.294753286848981,0.025639765610159494
18.37,10.0,9.999989349066974,-6.294885928669077,0.025858358728057154
18.38,10.0,9.99998834536833,-6.2950063523700495,0.02605080170410747
18.39,10.0,9.999987358557332,-6.295114516015099,0.026217137184258502
18.4,10.0,9.999986389522823,-6.295210364703343,0.026355795621207597
18.41,10.0,9.999985439125856,-6.295293897613981,0.026467803998866054
18.42,10.0,9.999984508204589,-6.295365110981612,0.026553190894686614
18.43,10.0,9.999983597571507,-6.295424014386579,0.026612003597299348
18.44,10.0,9.999982708012391,-6.29547063086659,0.026644306525623836
18.45,10.0,9.999981840285246,-6.295504997028294,0.026650180339938632
18.46,10.0,9.999980995139241,-6.295527144465382,0.026629713429808088
18.47,10.0,9.999980173332382,-6.295537082370765,0.026582993688486566
18.48,10.0,9.999979375510542,-6.295534909690445,0.026510152750446353
18.49,10.0,9.999978602325879,-6.2955207035927865,0.026411319774938994
18.5,10.0,9.999977854399818,-6.2954945531722295,0.026286634169918846
18.51,10.0,9.99997713232215,-6.295456559422486,0.02613624422404643
18.52,10.0,9.99997643665011,-6.295406835209737,0.02596030606637224
18.53,10.0,9.999975767963976,-6.295345489102437,0.025759618775175665
18.54,10.0,9.999975126813505,-6.295272640388516,0.025535030121967346
18.55,10.0,9.99997451363052,-6.2951884437517425,0.025286462735539965
18.56,10.0,9.999973928858974,-6.295093051832404,0.02501438676828881
18.57,10.0,9.999973372909524,-6.294986627920941,0.024719317366950284
18.58,10.0,9.999972846158823,-6.294869345863514,0.024401816742360846
18.59,10.0,9.999972348948873,-6.294741389967591,0.024062495146688977
18.6,10.0,9.999971881654842,-6.294602927689308,0.02370139490888494
18.61,10.0,9.999971444565643,-6.294454156716942,0.02331906287554711
18.62,10.0,9.999971037909736,-6.294295294355994,0.022916313239733057
18.63,10.0,9.999970661905621,-6.294126557106952,0.02249376744653734
18.64,10.0,9.999970316736896,-6.293948170206258,0.022052074832003048
18.65,10.0,9.999970002551802,-6.293760367454958,0.02159191178160446
18.66,10.0,9.999969719462703,-6.2935633910473285,0.021113982381713168
18.67,10.0,9.999969467647558,-6.293357472360211,0.020617846731248765
18.68,10.0,9.999969247127211,-6.29314287329059,0.020104473656235917
18.69,10.0,9.99996905791338,-6.292919858351424,0.01957453490247988
18.7,10.0,9.999968899994826,-6.2926886969923554,0.019028558407180124
18.71,10.0,9.999968773325529,-6.29244966554669,0.018467058270594253
18.72,10.0,9.999968677824423,-6.292203047020443,0.017890532111063062
18.73,10.0,9.999968613382917,-6.291949129492451,0.017299525658370642
18.74,10.0,9.999968580006884,-6.291688180542599,0.016695857819650304
18.75,10.0,9.999968577447417,-6.29142051281636,0.016079434014160662
18.76,10.0,9.999968605510835,-6.29114642850157,0.015450921100247232
18.77,10.0,9.999968663971634,-6.290866234587622,0.01481099588612788
18.78,10.0,9.999968752572507,-6.290580242602421,0.01416034498627334
18.79,10.0,9.999968871024368,-6.290288768349339,0.013499664641367266
18.8,10.0,9.99996901903637,-6.289992127548574,0.012829790246645961
18.81,10.0,9.999969196362802,-6.289690629172998,0.01215189879811082
18.82,10.0,9.999969402578413,-6.289384605864306,0.011466538285331932
18.83,10.0,9.999969637294361,-6.289074384190714,0.010774559857887226
18.84,10.0,9.999969900094154,-6.28876029312908,0.01007684154102258
18.85,10.0,9.999970190533949,-6.288442663767096,0.009374288802897566
18.86,10.0,9.99997050814282,-6.288121829005481,0.008667835740906321
18.87,10.0,9.99997085245502,-6.28779811701572,0.007957747297105603
18.88,10.0,9.999971222987297,-6.287471855425734,0.007244121856158763
18.89,10.0,9.99997161917385,-6.287143383770399,0.006528319071821511
18.9,10.0,9.999972040454157,-6.286813036106934,0.005811048420879261
18.91,10.0,9.999972486244316,-6.286481146359756,0.005093002106560707
18.92,10.0,9.999972955937494,-6.2861480479942315,0.004374852370939817
18.93,10.0,9.999973448904338,-6.285814073690423,0.0036572495720874794
18.94,10.0,9.999973964554671,-6.285479553216087,0.002940887994431887
18.95,10.0,9.999974502238258,-6.285144816028898,0.0022263931537582493
18.96,10.0,9.999975061253231,-6.284810190715576,0.0015143280413182306
18.97,10.0,9.999975640905122,-6.284476002942485,0.0008052565838371877
18.98,10.0,9.999976240482052,-6.284142575871424,9.971301571936979e-05
18.99,10.0,9.99997685925533,-6.283810229827951,-0.0006017999213893434
19.0,10.0,9.999977496480057,-6.283479281969729,-0.001298812961051301
19.01,10.0,9.999978151481193,-6.283150050412643,-0.0019894360325786124
19.02,10.0,9.99997882347334,-6.2828228444670025,-0.002673441553941447
19.03,10.0,9.99997951167267,-6.2824979701123524,-0.0033503696793296157
19.04,10.0,9.999980215297146,-6.28217572964594,-0.004019536684396065
19.05,10.0,9.999980933554625,-6.281856420699108,-0.004680249845576441
19.06,10.0,9.999981665643652,-6.281540335915397,-0.005331806303580428
19.07,10.0,9.999982410754848,-6.281227762920919,-0.005973508252279474
19.08,10.0,9.999983168099112,-6.280918997567666,-0.006605423710669044
19.09,10.0,9.999983936840744,-6.280614310124427,-0.007226504444879479
19.1,10.0,9.999984716154248,-6.280313972671258,-0.00783614150121489
19.11,10.0,9.999985505209576,-6.280018251086069,-0.008433731883303968
19.12,10.0,9.999986303172982,-6.279727404747988,-0.009018679026145237
19.13,10.0,9.999987109207858,-6.27944168624071,-0.00959039283322486
19.14,10.0,9.999987922473718,-6.279161344638518,-0.010148524997840969
19.15,10.0,9.999988742122616,-6.278886633753218,-0.01069353020366209
19.16,10.0,9.999989567317558,-6.278617777969088,-0.011224443165336322
19.17,10.0,9.99999039721698,-6.278355003488991,-0.011740949292409042
19.18,10.0,9.999991230980381,-6.27809852879934,-0.012242778395604701
19.19,10.0,9.999992067769158,-6.277848564408958,-0.012729707432175705
19.2,10.0,9.999992906747426,-6.277605312587941,-0.01320156299640466
19.21,10.0,9.999993747089439,-6.277368976083676,-0.013657672301209175
19.22,10.0,9.999994587977328,-6.277139753651532,-0.014097124397735642
19.23,10.0,9.999995428584523,-6.276917816119196,-0.014520226916565227
19.24,10.0,9.999996268097844,-6.276703335069185,-0.014926730551830542
19.25,10.0,9.999997105711499,-6.276496473256401,-0.015316404615799337
19.26,10.0,9.999997940627905,-6.276297384391719,-0.015689036144459875
19.27,10.0,9.999998772058586,-6.27610621292557,-0.016044430459659576
19.28,10.0,9.999999599214902,-6.275923110206562,-0.016381952552996508
19.29,10.0,10.00000042132414,-6.275748209585047,-0.0167012171042791
19.3,10.0,10.000001237631942,-6.275581623665491,-0.01700215939118894
19.31,10.0,10.000002047391122,-6.2754234635827615,-0.01728448954899098
19.32,10.0,10.000002849867359,-6.275273830981506,-0.017547911005353817
19.33,10.0,10.000003644340003,-6.275132817852294,-0.017792118526093276
19.34,10.0,10.000004430102909,-6.275000506367737,-0.018016796588561482
19.35,10.0,10.000005206402655,-6.274876993835921,-0.018222961075212776
19.36,10.0,10.000005972567477,-6.274762341142872,-0.018410209113377287
19.37,10.0,10.000006727937,-6.27465660110927,-0.01857824264687638
19.38,10.0,10.000007471854756,-6.274559821657284,-0.018727044739424506
19.39,10.0,10.000008203680556,-6.274472041021051,-0.018856630908964635
19.4,10.0,10.000008922791151,-6.2743932876406605,-0.01896705009002767
19.41,10.0,10.000009628580923,-6.274323580056113,-0.019058386251482533
19.42,10.0,10.000010320403455,-6.274262961615036,-0.019130666320949414
19.43,10.0,10.000010997712737,-6.2742114176089725,-0.01918408408538279
19.44,10.0,10.000011659949811,-6.274168942320555,-0.01921882084962772
19.45,10.0,10.00001230657413,-6.274135520859749,-0.01923509577324465
19.46,10.0,10.00001293706446,-6.274111128921732,-0.01923316745004796
19.47,10.0,10.00001355091946,-6.274095732742012,-0.019213335159506385
19.48,10.0,10.000014147653147,-6.274089294144572,-0.0191756612193084
19.49,10.0,10.00001472677757,-6.274091788370318,-0.019118994351657592
19.5,10.0,10.000015287865358,-6.274103142206803,-0.019044354589890435
19.51,10.0,10.000015830494124,-6.274123289979633,-0.018951867586751155
19.52,10.0,10.000016354263316,-6.274152157284735,-0.018841653903791538
19.53,10.0,10.000016858794707,-6.274189661003874,-0.01871382655911646
19.54,10.0,10.000017343732942,-6.274235709320186,-0.018568489485550906
19.55,10.0,10.000017808717347,-6.274290212189126,-0.018405985924502762
19.56,10.0,10.00001825338746,-6.274353079528117,-0.01822685270099343
19.57,10.0,10.000018677479382,-6.274424186310402,-0.018030980629664725
19.58,10.0,10.000019080717273,-6.274503412308069,-0.01781856520891114
19.59,10.0,10.000019462848226,-6.274590629589786,-0.017589804548594462
19.6,10.0,10.000019823642615,-6.27468570259372,-0.017344898462883725
19.61,10.0,10.000020162894463,-6.274788488200427,-0.017084047854383937
19.62,10.0,10.000020480369704,-6.274898850732741,-0.016808189951088244
19.63,10.0,10.000020775878124,-6.2750166415198425,-0.016517986696300894
19.64,10.0,10.000021049298372,-6.2751416919058,-0.01621347581578551
19.65,10.0,10.00002130050269,-6.275273834989829,-0.015895137944655885
19.66,10.0,10.000021529385878,-6.275412897507933,-0.015563492616613463
19.67,10.0,10.000021735865465,-6.275558699957077,-0.01521909987462996
19.68,10.0,10.00002191988189,-6.2757110567193735,-0.014862562136516922
19.69,10.0,10.000022081365499,-6.275869794322773,-0.014493431978684173
19.7,10.0,10.00002222030212,-6.276034715831819,-0.014112369897332453
19.71,10.0,10.000022336701564,-6.276205618268833,-0.01372010209073014
19.72,10.0,10.000022430588494,-6.276382297847684,-0.013317114744648686
19.73,10.0,10.000022502010054,-6.276564546009877,-0.012903901971541003
19.74,10.0,10.000022551036004,-6.276752149592776,-0.012480965651258936
19.75,10.0,10.000022577758774,-6.2769448909978385,-0.012048813742313473
19.76,10.0,10.00002258223938,-6.277142567205378,-0.011607128394806383
19.77,10.0,10.000022564633747,-6.277344946066958,-0.011156701482538466
19.78,10.0,10.000022525094604,-6.277551800607748,-0.010697927223097885
19.79,10.0,10.000022463794446,-6.2777629012420375,-0.010231152094663054
19.8,10.0,10.000022380927332,-6.277978015363039,-0.009756700139142727
19.81,10.0,10.000022276708862,-6.278196907545715,-0.009274870221387848
19.82,10.0,10.000022151363797,-6.278419341410695,-0.008786152802524181
19.83,10.0,10.000022005062377,-6.278645088369094,-0.00829235386127231
19.84,10.0,10.000021838118952,-6.278873901183768,-0.007793079964500297
19.85,10.0,10.0000216508162,-6.279105537749524,-0.007288844518796869
19.86,10.0,10.000021443455468,-6.2793397545420016,-0.006780174834494063
19.87,10.0,10.000021216356616,-6.279576306844921,-0.0062676133117153645
19.88,10.0,10.000020969857822,-6.279814948977348,-0.0057517181894265156
19.89,10.0,10.00002070429689,-6.280055436691641,-0.005233069634617851
19.9,10.0,10.000020420007809,-6.28029752778662,-0.0047122720540096015
19.91,10.0,10.000020117397906,-6.280540973256845,-0.004189931868736524
19.92,10.0,10.000019796864635,-6.280785527264396,-0.003666682965182037
19.93,10.0,10.000019458821065,-6.281030944354125,-0.0031431800636567957
19.94,10.0,10.000019103695578,-6.281276979694119,-0.0026200995175601934
19.95,10.0,10.000018731931583,-6.281523389316202,-0.0020981403310097718
19.96,10.0,10.000018343976201,-6.28176993095026,-0.0015771244394925665
19.97,10.0,10.000017940293448,-6.28201636353795,-0.0010570996767793762
19.98,10.0,10.000017521373126,-6.282262446979007,-0.0005390907087162028
19.99,10.0,10.000017087711282,-6.282507943408378,-2.3527314555392767e-05
20.0,10.0,10.000016639816863,-6.282752617062566,0.0004891870843036165
20.0,10.0,10.000016639816863,-6.282752617062566,0.0004891870843036165
