time,setpoint.y,gantry.x,gantry.theta,pid.y
0.0,10.0,0.0,0.0,300.0
0.01,10.0,0.0014975530698723614,-0.0014942104615682098,300.0
0.02,10.0,0.005980487948831232,-0.005951079683747184,300.0
0.03,10.0,0.013434354550601386,-0.013326363148784503,300.0
0.04,10.0,0.023844871377977576,-0.023568837132485476,300.0
0.05,10.0,0.037197904787504746,-0.03662093787517732,300.0
0.06,10.0,0.05347944424710237,-0.05241941064084552,300.0
0.07,10.0,0.07267557444783745,-0.0708959441892674,300.0
0.08,10.0,0.09477244514169152,-0.09197777099675745,300.0
0.09,10.0,0.11975623954308523,-0.11558821802525286,300.0
0.1,10.0,0.1476131421248498,-0.14164719759585304,300.0
0.11,10.0,0.1783293065928948,-0.17007163143781856,300.0
0.12,10.0,0.21189082482341937,-0.20077580314499685,300.0
0.13,10.0,0.2482836973326524,-0.23367164098296347,300.0
0.14,10.0,0.28749380579350575,-0.26866892650016366,300.0
0.15,10.0,0.32950689087447016,-0.3056754164637155,300.0
0.16,10.0,0.37430852946977383,-0.3445969216240283,300.0
0.17,10.0,0.4218841181012001,-0.38533728254403843,300.0
0.18,10.0,0.472218862217592,-0.4277982847748066,300.0
0.19,10.0,0.5252977745943268,-0.47187957605789616,300.0
0.2,10.0,0.5811056636510085,-0.5174783779453979,300.0
0.21,10.0,0.6396271420889093,-0.5644892837903427,300.0
0.22,10.0,0.7008466316069811,-0.6128039727073478,300.0
0.23,10.0,0.7647483758441392,-0.6623107839211603,300.0
0.24,10.0,0.8313164593808056,-0.7128943385292782,300.0
0.25,10.0,0.9005348285973019,-0.7644351402680123,300.0
0.26,10.0,0.9723873132091855,-0.8168092454902082,300.0
0.27,10.0,1.0468576669559206,-0.8698877735747034,300.0
0.28,10.0,1.1239295952757173,-0.9235366915555138,300.0
0.29,10.0,1.2035867893396592,-0.9776168319840276,300.0
0.3,10.0,1.2858129789723611,-1.031983959860071,300.0
0.31,10.0,1.3705919627552066,-1.086489443136295,300.0
0.32,10.0,1.4579076767933083,-1.1409810201247141,300.0
0.33,10.0,1.5477442444455134,-1.1953042083815544,300.0
0.34,10.0,1.6400860452612414,-1.2493039876012155,300.0
0.35,10.0,1.7349177877503157,-1.3028270466481722,300.0
0.36,10.0,1.8322245699818471,-1.3557241385897625,300.0
0.37,10.0,1.931991949709231,-1.4078523932419291,300.0
0.38,10.0,2.0342059886758865,-1.4590774935130981,300.0
0.39,10.0,2.1388532819780277,-1.5092751337813495,300.0
0.4,10.0,2.2459209524558554,-1.558331333278255,300.0
0.41,10.0,2.355396667988917,-1.606143603500475,300.0
0.42,10.0,2.467268602022191,-1.652620385425552,300.0
0.43,10.0,2.5815254119358513,-1.697681044469238,300.0
0.44,10.0,2.698156168877334,-1.7412544375357806,300.0
0.45,10.0,2.817150307716032,-1.783278088752948,300.0
0.46,10.0,2.9384992271617216,-1.8236965123191133,293.4341643584539
0.47,10.0,3.0620742586724035,-1.8624914835864612,247.50913631203753
0.48,10.0,3.1874768641844238,-1.8997209086645206,204.17554703890164
0.49,10.0,3.3142733990954,-1.9354766656683715,164.3471819797394
0.5,10.0,3.44207224014369,-1.9698644902076936,128.14927066768064
0.51,10.0,3.570515848008683,-2.0029991115390064,95.45487077007556
0.52,10.0,3.6992837906393223,-2.035001086872333,66.02790618976974
0.53,10.0,3.828088194908525,-2.0659943614232965,39.60478838233871
0.54,10.0,3.9566722873653246,-2.0961044426145627,15.924471257827918
0.55,10.0,4.0848067296265755,-2.125456937632385,-5.252696595052839
0.56,10.0,4.212287542908557,-2.1541765759707157,-24.150428546715375
0.57,10.0,4.338933908902167,-2.1823864897020386,-40.97518867083454
0.58,10.0,4.464585967662773,-2.2102076140908737,-55.91521267931989
0.59,10.0,4.589102715440282,-2.2377581963133295,-69.14181755768118
0.6,10.0,4.712360374148679,-2.2651535823820677,-80.81232547046352
0.61,10.0,4.834251132172929,-2.2925061757131235,-91.07122705358438
0.62,10.0,4.954681305170007,-2.319925047572526,-100.0492065166618
0.63,10.0,5.0735699134363275,-2.3475157913407503,-107.86384743350254
0.64,10.0,5.190847441489556,-2.3753804698414043,-114.62271553652045
0.65,10.0,5.306454909385243,-2.4036176734180477,-120.42568005814246
0.66,10.0,5.420343126738659,-2.432322605508196,-125.36564276489162
0.67,10.0,5.532471803408477,-2.461586986945047,-129.5252327706512
0.68,10.0,5.642808155909609,-2.491498675340457,-132.9756784537758
0.69,10.0,5.751325680615132,-2.522141322645664,-135.7835733447315
0.7,10.0,5.8580040337731925,-2.5535945724461344,-138.01251565266261
0.71,10.0,5.962829044658723,-2.58593416337662,-139.72247118420853
0.72,10.0,6.065792301623509,-2.6192318058148913,-140.9658754590132
0.73,10.0,6.166890140220647,-2.6535546880611496,-141.78491819402825
0.74,10.0,6.266121756213452,-2.688964487061837,-142.21692511898596
0.75,10.0,6.363488794670168,-2.7255169056316335,-142.3049154978562
0.76,10.0,6.4589973219029035,-2.76326249884684,-142.0914531309262
0.77,10.0,6.552657030013546,-2.80224663064968,-141.60624587925975
0.78,10.0,6.644480187050703,-2.842508953064124,-140.87373387924913
0.79,10.0,6.734480631202967,-2.8840827938510785,-139.9196226066814
0.8,10.0,6.822673920486799,-2.926995130503913,-138.77144839136486
0.81,10.0,6.909077832258194,-2.971267207550054,-137.45262759996194
0.82,10.0,6.993712115690883,-3.016914968798959,-135.9812696897618
0.83,10.0,7.076597588655256,-3.063948786335355,-134.37592661505255
0.84,10.0,7.157755970030734,-3.11237363090826,-132.6559255946238
0.85,10.0,7.237210312499746,-3.1621898359543934,-130.83751368637093
0.86,10.0,7.314985029945553,-3.213393838574115,-128.93334405040355
0.87,10.0,7.391105155030705,-3.2659781691150394,-126.95703787004288
0.88,10.0,7.465596000180795,-3.3199314236507806,-124.92350618563592
0.89,10.0,7.538483674394431,-3.3752390911621633,-122.84437556352475
0.9,10.0,7.609795292459801,-3.4318844626337257,-120.72815862878315
0.91,10.0,7.679558281827384,-3.489848513035569,-118.58505050438873
0.92,10.0,7.747799950048117,-3.549109515052635,-116.42616050271818
0.93,10.0,7.814547965859017,-3.6096436744283613,-114.25961346314193
0.94,10.0,7.879830454800118,-3.6714257933717653,-112.09226111916792
0.95,10.0,7.943675789471245,-3.7344292737776765,-109.93070672706358
0.96,10.0,8.006112206246932,-3.7986256564918417,-107.78176219103307
0.97,10.0,8.067167800789429,-3.863984562121837,-105.65136856756982
0.98,10.0,8.126870706944457,-3.9304739679834113,-103.54420780897033
0.99,10.0,8.185248970568876,-3.99806005384316,-101.4645828192431
1.0,10.0,8.24233047661823,-4.066706977843055,-99.41633099718877
1.01,10.0,8.298142866891492,-4.13637655874393,-97.4027833248897
1.02,10.0,8.352713487473668,-4.207027911500405,-95.42666198581378
1.03,10.0,8.406069358935474,-4.278617073925144,-93.49011131805105
1.04,10.0,8.458237144219785,-4.351096625222098,-91.59478157804438
1.05,10.0,8.509243106476708,-4.424415195726559,-89.74187834073143
1.06,10.0,8.559113068171007,-4.498516974394796,-87.93216674422604
1.07,10.0,8.607872380455529,-4.573341362789632,-86.16595894909307
1.08,10.0,8.655545886881596,-4.648822655589452,-84.4431128427413
1.09,10.0,8.70215789141971,-4.724889955881069,-82.76302847062726
1.1,10.0,8.747732121367807,-4.801467283109991,-81.12464077997117
1.11,10.0,8.792291689349975,-4.878473957777158,-79.52640301292121
1.12,10.0,8.835859055054645,-4.955825285975388,-77.96627049878293
1.13,10.0,8.878455990228016,-5.0334335268527095,-76.4417047371561
1.14,10.0,8.920103550284272,-5.111209022059401,-74.94971824546025
1.15,10.0,8.960822055859943,-5.189061377252967,-73.48695886872878
1.16,10.0,9.00063108792263,-5.266900564941924,-72.04982791288995
1.17,10.0,9.039549498416346,-5.344637845789229,-70.63462309483839
1.18,10.0,9.07759543652669,-5.422186451622512,-69.23769233736203
1.19,10.0,9.114786388780788,-5.499462019443336,-67.85558200015117
1.2,10.0,9.151139229963636,-5.576382801502214,-66.485165319207
1.21,10.0,9.186670281349068,-5.652869693836653,-65.12374185771137
1.22,10.0,9.221395372580623,-5.728846136092728,-63.76910565632079
1.23,10.0,9.255329904629164,-5.804237919547612,-62.41958316799156
1.24,10.0,9.288488911047668,-5.878972935670766,-61.07404051188513
1.25,10.0,9.320887115077275,-5.952980915471409,-59.73186981115276
1.26,10.0,9.352538981575556,-6.026193170999054,-58.392954944768576
1.27,10.0,9.383458762467011,-6.098542368238672,-57.057622602585326
1.28,10.0,9.41366053516295,-6.169962351799668,-55.72658402030015
1.29,10.0,9.44315823387431,-6.240388039419222,-54.40087223240087
1.3,10.0,9.471965674142817,-6.309755403398754,-53.081779028015944
1.31,10.0,9.500096571243866,-6.378001556055812,-51.770795250945554
1.32,10.0,9.527564553359456,-6.445064956485157,-50.46955759392279
1.33,10.0,9.554383170612095,-6.510885755521097,-49.17980450981463
1.34,10.0,9.580565901404974,-6.575406275752313,-47.90334178308328
1.35,10.0,9.606126156357151,-6.638571663159537,-46.64202056885239
1.36,10.0,9.631077281865077,-6.700330671276177,-45.39772474441304
1.37,10.0,9.655432563201394,-6.760636541368302,-44.17236416113144
1.38,10.0,9.67920522824058,-6.819447921445436,-42.96786906002947
1.39,10.0,9.702408448159876,-6.876729759768471,-41.7861816926239
1.4,10.0,9.725055337767932,-6.932454113743679,-40.629242966488306
1.41,10.0,9.747158949534283,-6.986600588147513,-39.498954353589085
1.42,10.0,9.76873226520656,-7.039156665781327,-38.39712630966366
1.43,10.0,9.789788177823999,-7.090117426337678,-37.32541376403333
1.44,10.0,9.810339471340376,-7.139485197922791,-36.28525260421051
1.45,10.0,9.83039878773688,-7.187268511435606,-35.277788623331475
1.46,10.0,9.849978596359145,-7.233481239341023,-34.303840411468485
1.47,10.0,9.869091162014605,-7.2781415928732365,-33.36387666616571
1.48,10.0,9.887748514701311,-7.321271131189953,-32.45801756685296
1.49,10.0,9.90596242167475,-7.362893837614811,-31.58604668654354
1.5,10.0,9.923744366110867,-7.4030353528752455,-30.74745797954654
1.51,10.0,9.94110553034658,-7.441722346234077,-29.941493535639154
1.52,10.0,9.958056783557769,-7.478981984834136,-29.16718905122397
1.53,10.0,9.974608674706912,-7.514841531271209,-28.423419761493307
1.54,10.0,9.990771427706282,-7.549327993350727,-27.70894411779932
1.55,10.0,10.006554944075877,-7.58246794687237,-27.022441955227322
1.56,10.0,10.021968805143091,-7.614287340482554,-26.36254713597947
1.57,10.0,10.037022277704244,-7.644811380313598,-25.727875618005967
1.58,10.0,10.051724321707455,-7.674064457310931,-25.117047516129603
1.59,10.0,10.06608359853643,-7.702070087552273,-24.52870673023199
1.6,10.0,10.080108481756413,-7.728850905873313,-23.961531833087705
1.61,10.0,10.09380706700845,-7.754428643717639,-23.41424772871774
1.62,10.0,10.10718718287975,-7.778824131910474,-22.885633099201513
1.63,10.0,10.120256401925195,-7.802057311761698,-22.374525139281488
1.64,10.0,10.13302205162626,-7.8241472481171055,-21.879823410938826
1.65,10.0,10.145491225327454,-7.845112152939835,-21.40049002136587
1.66,10.0,10.157670792728206,-7.864969403654506,-20.93555053153004
1.67,10.0,10.169567410169659,-7.883735565899739,-20.48409322043601
1.68,10.0,10.181187530501047,-7.901426416633893,-20.045267549519394
1.69,10.0,10.192537412359577,-7.918056966689377,-19.618282032672894
1.7,10.0,10.203623128758576,-7.933641483392215,-19.202401156713123
1.71,10.0,10.214450576823992,-7.948193512888545,-18.796944068109468
1.72,10.0,10.22502548583603,-7.961725900355678,-18.401282398640674
1.73,10.0,10.235353427287269,-7.974250814931636,-18.014837597493667
1.74,10.0,10.245439815078113,-7.985779762884106,-17.6370726902325
1.75,10.0,10.255289917766918,-7.996323612902412,-17.267492431998022
1.76,10.0,10.264908867984149,-8.005892616808115,-16.90564285291083
1.77,10.0,10.274301656363779,-8.014496408077221,-16.5511053727554
1.78,10.0,10.283473154952915,-8.022144052203224,-16.203493706982997
1.79,10.0,10.29242810463674,-8.02884402928638,-15.862453191695636
1.8,10.0,10.30117112972898,-8.034604267617109,-15.527656584728192
1.81,10.0,10.309706745628874,-8.039432165051497,-15.198801279537676
1.82,10.0,10.318039348128591,-8.043334580324853,-14.875611766511753
1.83,10.0,10.32617323836817,-8.046317879036723,-14.557829616891553
1.84,10.0,10.334112608955904,-8.048387928276597,-14.245218883124238
1.85,10.0,10.341861555571025,-8.049550119279406,-13.937560711032205
1.86,10.0,10.349424082865813,-8.049809385344357,-13.634650495192474
1.87,10.0,10.356804096388567,-8.049170215998176,-13.336301933735925
1.88,10.0,10.364005420812468,-8.047636671943016,-13.042337565075044
1.89,10.0,10.37103178978725,-8.045212406790936,-12.752595046824752
1.9,10.0,10.377886854279366,-8.041900680322163,-12.466922395168183
1.91,10.0,10.384574187149024,-8.037704374856943,-12.185175703186559
1.92,10.0,10.391097277551255,-8.032626026803975,-11.907224846900036
1.93,10.0,10.397459543507402,-8.026667823119332,-11.632943637948586
1.94,10.0,10.403664325964717,-8.019831647368571,-11.36221742646962
1.95,10.0,10.409714894228577,-8.012119086400817,-11.094939097088314
1.96,10.0,10.415614449335445,-8.003531446761496,-10.831007352257913
1.97,10.0,10.421366121963624,-7.994069814518972,-10.570332550803208
1.98,10.0,10.426972979404418,-7.983735023755328,-10.31282862699144
1.99,10.0,10.432438023897387,-7.9725277404559085,-10.058420265063205
2.0,10.0,10.43776419596301,-7.960448462399398,-9.807040050740795
2.01,10.0,10.442954376960515,-7.947497536489329,-9.558627472371924
2.02,10.0,10.448011389815044,-7.933675256776626,-9.313134985065346
2.03,10.0,10.452938002198529,-7.918981801088552,-9.070521022385584
2.04,10.0,10.457736928247314,-7.903417364895569,-8.830757410027154
2.05,10.0,10.462410830581486,-7.886982155352796,-8.593827358720468
2.06,10.0,10.466962322392042,-7.869676411367127,-8.359725002905165
2.07,10.0,10.471393971032773,-7.8515005599760705,-8.128461723604488
2.08,10.0,10.475708297954277,-7.8324551051316105,-7.9000603425180245
2.09,10.0,10.479907783721073,-7.812540838575473,-7.6745621328142875
2.1,10.0,10.483994869223592,-7.791758826781709,-7.452025836372513
2.11,10.0,10.487971957491204,-7.770110434061329,-7.232527743277807
2.12,10.0,10.491841419562855,-7.747597563697778,-7.016166472596289
2.13,10.0,10.495605592653536,-7.7242224834629285,-6.803060432075739
2.14,10.0,10.499266786938655,-7.69998813516992,-6.5933511945367655
2.15,10.0,10.502827286795908,-7.674898119014016,-6.387204282708275
2.16,10.0,10.506289352669636,-7.648956721104078,-6.184809952227894
2.17,10.0,10.509655226627045,-7.62216923653484,-5.9863809781971185
2.18,10.0,10.512927132216014,-7.594541758142111,-5.792159193609599
2.19,10.0,10.516107278655895,-7.5660815430849055,-5.602406925330776
2.2,10.0,10.519197863383267,-7.536797018120782,-5.417411051471785
2.21,10.0,10.522201074487073,-7.506697819467374,-5.237485149755166
2.22,10.0,10.525119089343018,-7.4757950709007694,-5.062949513733038
2.23,10.0,10.52795408343412,-7.444101305095295,-4.89415673670284
2.24,10.0,10.53070822265839,-7.411630652619219,-4.731459200256616
2.25,10.0,10.533383668888746,-7.378398929517912,-4.575217317375689
2.26,10.0,10.535982584213063,-7.344423726420521,-4.425804339837157
2.27,10.0,10.538507113908782,-7.309724305266167,-4.283565557486924
2.28,10.0,10.540959410833727,-7.27432199705101,-4.148858601841031
2.29,10.0,10.543341602562679,-7.238239705182979,-4.0219958087573175
2.3,10.0,10.545655816366075,-7.201502459121421,-3.903274601595637
2.31,10.0,10.547904148852451,-7.1641367163692475,-3.792944499079489
2.32,10.0,10.55008868149994,-7.126170881221993,-3.6912110304693684
2.33,10.0,10.552211471460538,-7.087635035558074,-3.5982364620602567
2.34,10.0,10.554274547864951,-7.048560969516498,-3.514123071648754
2.35,10.0,10.556279894824476,-7.008981674986823,-3.438910895184719
2.36,10.0,10.558229455575894,-6.9689315632238085,-3.37257159345814
2.37,10.0,10.56012512756708,-6.928446317052668,-3.3150167794016348
2.38,10.0,10.561968753695439,-6.887562709626082,-3.266085967736764
2.39,10.0,10.563762114933052,-6.846318329702766,-3.225557839812282
2.4,10.0,10.56550692596403,-6.804751521187263,-3.193145615592421
2.41,10.0,10.567204834143295,-6.762901408052774,-3.168495681300854
2.42,10.0,10.568857411724515,-6.720807653057417,-3.1511920303683496
2.43,10.0,10.570466152687613,-6.678510332288755,-3.140766254078443
2.44,10.0,10.572032469165576,-6.6360498580150225,-3.1366989476720253
2.45,10.0,10.5735576893687,-6.593466972964393,-3.1384178833889464
2.46,10.0,10.57504305508348,-6.550802650205528,-3.1453079701292346
2.47,10.0,10.57648971865011,-6.5080979800886904,-3.1567153183531307
2.48,10.0,10.577898743110294,-6.465394179478783,-3.1719534481332925
2.49,10.0,10.579271099564323,-6.422732520403659,-3.190304388426089
2.5,10.0,10.580607668971252,-6.380154342532526,-3.2110264576554943
2.51,10.0,10.581909240010734,-6.337700939050262,-3.2333609749742003
2.52,10.0,10.58317651316272,-6.295413599048185,-3.256539262506566
2.53,10.0,10.584410098436072,-6.253333515475301,-3.279786538484018
2.54,10.0,10.585610522074399,-6.211501797406218,-3.3023324042720734
2.55,10.0,10.58677822488628,-6.169959394173558,-3.3234160534014308
2.56,10.0,10.587913571894038,-6.128747074759337,-3.342298283135216
2.57,10.0,10.589016849939346,-6.087905363958543,-3.3582643654540814
2.58,10.0,10.590088280478778,-6.047474464045317,-3.3706373316520466
2.59,10.0,10.59112801776608,-6.007494233510946,-3.3787824629800305
2.6,10.0,10.592136164283074,-5.968004045695946,-3.3821190131730745
2.61,10.0,10.593112768478393,-5.929042767414143,-3.380124810976989
2.62,10.0,10.594057842094864,-5.890648549070182,-3.372344704994058
2.63,10.0,10.594971359248223,-5.852858853976531,-3.3583981283914746
2.64,10.0,10.5958532742242,-5.8157101923296635,-3.337981554272101
2.65,10.0,10.59670352134168,-5.779238130607352,-3.3108782121454734
2.66,10.0,10.597522031537126,-5.743476999174339,-3.2769524402162133
2.67,10.0,10.598308734969782,-5.708459924259481,-3.2361635383010903
2.68,10.0,10.599063574237777,-5.6742185639679885,-3.1885498589389805
2.69,10.0,10.599786509565849,-5.640783064649897,-3.134246174045531
2.7,10.0,10.60047752643808,-5.608181887712176,-3.073456813110008
2.71,10.0,10.601136645143976,-5.5764417233541455,-3.006476907272768
2.72,10.0,10.601763920928963,-5.545587475099744,-2.9336561087648523
2.73,10.0,10.602359457445987,-5.515642039526123,-2.855420966187218
2.74,10.0,10.602923398497374,-5.48662648080421,-2.772234054354948
2.75,10.0,10.603455945746955,-5.458559740193202,-2.684614005137888
2.76,10.0,10.603957342685263,-5.431459001772481,-2.5930973426179467
2.77,10.0,10.604427894501866,-5.40533929878496,-2.498250929659971
2.78,10.0,10.604867946508714,-5.380214008380484,-2.400644329049774
2.79,10.0,10.605277904403039,-5.356094474753556,-2.3008508732417123
2.8,10.0,10.605658210589356,-5.332990551811015,-2.1994358279666404
2.81,10.0,10.606009361830289,-5.310910253740526,-2.096944585043591
2.82,10.0,10.606331887858962,-5.289860230013709,-1.9939058431790304
2.83,10.0,10.606626363181629,-5.269845577181468,-1.8908120480269712
2.84,10.0,10.606893386550945,-5.250870255845465,-1.7881399282791524
2.85,10.0,10.607133591848221,-5.232936935199354,-1.686318816612463
2.86,10.0,10.607347635802395,-5.216047219085568,-1.585754662153903
2.87,10.0,10.607536197445677,-5.2002017249917465,-1.4868088557846466
2.88,10.0,10.607699974527453,-5.185400110195505,-1.3898173905588127
2.89,10.0,10.607839677987451,-5.171641273192416,-1.2950722627170173
2.9,10.0,10.607956027787687,-5.158923432182086,-1.202828815827102
2.91,10.0,10.608049751968558,-5.147244128242214,-1.1133113217724961
2.92,10.0,10.608121582345905,-5.136600324390078,-1.0267155203048723
2.93,10.0,10.608172251904566,-5.126988480313339,-0.9432076209921973
2.94,10.0,10.608202491578835,-5.118404613129324,-0.862929260689981
2.95,10.0,10.608213027870109,-5.1108443751112755,-0.7859928235551177
2.96,10.0,10.608204580086616,-5.104303095162399,-0.7124899764174053
2.97,10.0,10.608177863619236,-5.098775688283357,-0.642495773680297
2.98,10.0,10.60813358183984,-5.094256868302614,-0.57606461542305
2.99,10.0,10.60807242681707,-5.090741125839741,-0.5132312925389844
3.0,10.0,10.607995080230575,-5.088222679387851,-0.4540195617592726
3.01,10.0,10.60790221464264,-5.086695431987855,-0.39844398303671014
3.02,10.0,10.607794485864463,-5.086153183037212,-0.3465048164280269
3.03,10.0,10.607672534905062,-5.086589560747447,-0.29819262718111617
3.04,10.0,10.607536991853536,-5.087997897514774,-0.25349189014814577
3.05,10.0,10.607388471086914,-5.090371359060873,-0.2123803631161838
3.06,10.0,10.607227571247357,-5.093702930877371,-0.17483033696952255
3.07,10.0,10.607054876307272,-5.097985377419165,-0.1408106006911769
3.08,10.0,10.60687095830261,-5.103211137512565,-0.11028549965613799
3.09,10.0,10.606676372776631,-5.109372454520059,-0.08321759572360854
3.1,10.0,10.60647165906049,-5.11646134312112,-0.05956632080166813
3.11,10.0,10.606257343803629,-5.124469460771615,-0.03928955465267414
3.12,10.0,10.606033940899131,-5.133388076109596,-0.022342650543937026
3.13,10.0,10.605801946975719,-5.143208203795911,-0.00867962208981865
3.14,10.0,10.605561843573318,-5.153920504180687,0.0017472269345990554
3.15,10.0,10.60531410178102,-5.1655150613552525,0.008988478876915451
3.16,10.0,10.60505917759485,-5.177981546741071,0.013096398657680197
3.17,10.0,10.60479750928746,-5.191309260976062,0.014126490255057078
3.18,10.0,10.604529522671527,-5.205486909302471,0.012137238910774784
3.19,10.0,10.604255632226078,-5.220502455626678,0.007192797411454066
3.2,10.0,10.603976235245755,-5.236343374183869,-0.0006384592212178575
3.21,10.0,10.60369171040577,-5.252996634804383,-0.01128164787392194
3.22,10.0,10.603402424741612,-5.27044832260527,-0.024654177752998052
3.23,10.0,10.60310873124068,-5.288683660506385,-0.04066401097314731
3.24,10.0,10.602810960548227,-5.307687403947835,-0.05920998303245817
3.25,10.0,10.602509424994766,-5.327443553695145,-0.08017972214368285
3.26,10.0,10.602204423957339,-5.3479349050888345,-0.1034467795137104
3.27,10.0,10.601896235496515,-5.369143513147192,-0.1288711799066622
3.28,10.0,10.601585111870216,-5.391050870783942,-0.15629843440832225
3.29,10.0,10.601271285819914,-5.413637435132382,-0.18555725320201155
3.3,10.0,10.600954966623213,-5.436882777327983,-0.2164595028793581
3.31,10.0,10.600636337818672,-5.460765663607721,-0.24879901307345698
3.32,10.0,10.600315557184175,-5.485263979994785,-0.28235148370162655
3.33,10.0,10.599992755384726,-5.5103547495562015,-0.31687443195588294
3.34,10.0,10.599668034865227,-5.536014143195908,-0.3521073956575851
3.35,10.0,10.599341468016458,-5.562217592248258,-0.38777359654278243
3.36,10.0,10.599013096457645,-5.588939740896314,-0.4235791379119558
3.37,10.0,10.598682931411378,-5.6161545350996285,-0.4592180840155162
3.38,10.0,10.598350951249659,-5.643835236791442,-0.49437018336936234
3.39,10.0,10.59801710289539,-5.671954561290112,-0.5287082548763173
3.4,10.0,10.597681300482359,-5.700484626666116,-0.561896313816046
3.41,10.0,10.597343428452172,-5.729397029099294,-0.5935967231700232
3.42,10.0,10.597003339124829,-5.758662934055311,-0.6234705373593545
3.43,10.0,10.59666085582322,-5.788253134708734,-0.6511836082296316
3.44,10.0,10.596315774176162,-5.81813803507642,-0.6764081820155852
3.45,10.0,10.595967863640277,-5.848287733101035,-0.698827588867351
3.46,10.0,10.595616869703385,-5.878672137762184,-0.7181402529235772
3.47,10.0,10.59526251491589,-5.909260957858099,-0.7340626654728197
3.48,10.0,10.594904505105665,-5.940023699576926,-0.7463318070145153
3.49,10.0,10.594542528005663,-5.970929802388184,-0.7547099585588732
3.5,10.0,10.59417625922071,-6.001948689898734,-0.758986315094047
3.51,10.0,10.593805363714567,-6.033049738147615,-0.7589799660051089
3.52,10.0,10.593429501389295,-6.0642022781279215,-0.7545394600217978
3.53,10.0,10.593048327882268,-6.095375762133842,-0.7455479263086193
3.54,10.0,10.592661499313099,-6.126539763543768,-0.7319225026595202
3.55,10.0,10.592268675782933,-6.157663883438042,-0.7136131608821046
3.56,10.0,10.591869524612008,-6.188717852212853,-0.6906049466001285
3.57,10.0,10.59146372266065,-6.219671690571243,-0.6629177211399426
3.58,10.0,10.591050960591796,-6.250495589755327,-0.6306066873509799
3.59,10.0,10.5906309446771,-6.281159852626533,-0.5937550965422034
3.6,10.0,10.590203400612522,-6.3116351087637,-0.5524809623295077
3.61,10.0,10.589768074761677,-6.341892401464873,-0.5069325424331073
3.62,10.0,10.589324737456373,-6.371902984339575,-0.45728531767503533
3.63,10.0,10.588873183258212,-6.401638335776473,-0.4037367067831603
3.64,10.0,10.588413234950867,-6.431070489821457,-0.34651185274763385
3.65,10.0,10.587944744242892,-6.46017199327928,-0.2858585370371056
3.66,10.0,10.587467590354315,-6.488915582456235,-0.2220375345694574
3.67,10.0,10.586981683552358,-6.5172744674592336,-0.15532557404730518
3.68,10.0,10.586486966666559,-6.5452227232832065,-0.0860193451104152
3.69,10.0,10.585983414335047,-6.572734857640976,-0.014424002355189813
3.7,10.0,10.585471027439281,-6.599785644551772,0.05915477396461988
3.71,10.0,10.584949841373154,-6.626350684758017,0.13440156148270077
3.72,10.0,10.584419924326733,-6.6524065333387385,0.21099206322272934
3.73,10.0,10.583881372806198,-6.677930265554132,0.2886056000071804
3.74,10.0,10.583334310362808,-6.702899691429192,0.3669236369501405
3.75,10.0,10.582778891997645,-6.727293526244953,0.4456292386074292
3.76,10.0,10.582215300513276,-6.751091316648182,0.5244117151866767
3.77,10.0,10.581643739975132,-6.774273366251574,0.6029704905945099
3.78,10.0,10.581064439527953,-6.79682087062787,0.681015755738521
3.79,10.0,10.580477654026948,-6.818716088472824,0.7582655167158414
3.8,10.0,10.57988365766247,-6.839942161764416,0.834453447381664
3.81,10.0,10.579282738143448,-6.860483053069948,0.9093291572518645
3.82,10.0,10.57867520366161,-6.8803238300928875,0.9826567003149336
3.83,10.0,10.578061381376491,-6.899450710412911,1.0542128135576405
3.84,10.0,10.577441606950734,-6.917850773291894,1.123795475301387
3.85,10.0,10.576816223799685,-6.935511996522615,1.191223038638931
3.86,10.0,10.57618558720111,-6.952423444276499,1.2563298696763532
3.87,10.0,10.575550057946762,-6.968575119252878,1.3189703940706359
3.88,10.0,10.574910000587991,-6.983958008814349,1.3790193605559011
3.89,10.0,10.57426578223441,-6.998564061248766,1.4363715466627038
3.9,10.0,10.573617772127571,-7.012386132885749,1.4909371461008085
3.91,10.0,10.572966337781379,-7.0254180287499475,1.5426466724713759
3.92,10.0,10.572311842568974,-7.037654427210532,1.5914485691884845
3.93,10.0,10.571654646498153,-7.049090881786542,1.6373074240691565
3.94,10.0,10.570995105199678,-7.059723749424714,1.6802018383800075
3.95,10.0,10.57033356523128,-7.069550213477641,1.720126924972778
3.96,10.0,10.569670363813772,-7.078568230260934,1.7570919059325067
3.97,10.0,10.569005831996018,-7.086776497775955,1.791115936230689
3.98,10.0,10.5683402906722,-7.094174433570923,1.8222290144619269
3.99,10.0,10.567674047420905,-7.100762168312656,1.8504720188457906
4.0,10.0,10.567007399195521,-7.106540498740989,1.8758931981898463
4.01,10.0,10.566340635928164,-7.111510877552266,1.8985452943883239
4.02,10.0,10.565674033138087,-7.1156753861764965,1.918487220526556
4.03,10.0,10.565007851716503,-7.119036721131116,1.9357833329003338
4.04,10.0,10.564342343831397,-7.121598170341036,1.9504989904549461
4.05,10.0,10.563677753876817,-7.123363607194572,1.9626998414191945
4.06,10.0,10.563014309598566,-7.124337455778609,1.9724537983164776
4.07,10.0,10.56235222560087,-7.124524681514838,1.9798288808079558
4.08,10.0,10.561691713422348,-7.1239308174944505,1.9848894017043595
4.09,10.0,10.56103297354245,-7.122561918867042,1.9876973431399563
4.1,10.0,10.560376190981923,-7.120424543816789,1.9883140636678611
4.11,10.0,10.55972154405298,-7.117525768886516,1.9867961263769498
4.12,10.0,10.559069204890413,-7.113873208682557,1.9831968040158419
4.13,10.0,10.558419335299977,-7.10947496317945,1.977564933080247
4.14,10.0,10.557772089571687,-7.10433962982736,1.9699446590134073
4.15,10.0,10.557127616522331,-7.098476323387102,1.9603754476819937
4.16,10.0,10.556486060479337,-7.091894681555149,1.9488922940043292
4.17,10.0,10.555847559539565,-7.084604813116732,1.9355256303569845
4.18,10.0,10.555212246257579,-7.07661733173513,1.9203015230668097
4.19,10.0,10.554580247956805,-7.067943357471648,1.9032412296733838
4.2,10.0,10.553951688290535,-7.0585945194185395,1.8843633502690924
4.21,10.0,10.553326687054613,-7.048582956539789,1.8636834845592745
4.22,10.0,10.552705356752705,-7.037921297171854,1.8412109592082917
4.23,10.0,10.552087811541316,-7.026622654838625,1.8169556475072959
4.24,10.0,10.55147416347463,-7.014700634755927,1.7909252468267383
4.25,10.0,10.550864514986822,-7.0021693645409275,1.7631203516344058
4.26,10.0,10.550258974187727,-6.9890434012235945,1.7335508070224854
4.27,10.0,10.549657647191767,-6.975337785420501,1.7022259431779077
4.28,10.0,10.549060631745425,-6.961068094409866,1.6691447885181478
4.29,10.0,10.5484680247767,-6.946250288039176,1.6343181820092187
4.3,10.0,10.547879920579739,-6.930900808471439,1.5977562270313168
4.31,10.0,10.547296411152276,-6.915036625188919,1.5594632836903397
4.32,10.0,10.54671758168624,-6.898674924722393,1.519465324380425
4.33,10.0,10.546143517685984,-6.881833547018922,1.4777740093607363
4.34,10.0,10.5455742987209,-6.864530635233692,1.4344123728542222
4.35,10.0,10.54500999600884,-6.846784531231109,1.3894185301693458
4.36,10.0,10.544450682163857,-6.828614242961195,1.342821500229693
4.37,10.0,10.543896417152416,-6.81003881676366,1.2946667013269018
4.38,10.0,10.54334726064737,-6.79107785984314,1.2449995948231578
4.39,10.0,10.54280326276591,-6.771751169513286,1.1938746008447403
4.4,10.0,10.542264464683907,-6.75207875868911,1.141354390293598
4.41,10.0,10.54173090461633,-6.732081083643087,1.087505408403059
4.42,10.0,10.541202604954904,-6.711778551849274,1.0324053469596048
4.43,10.0,10.540679586913514,-6.691192084351427,0.9761357044421519
4.44,10.0,10.540161856386987,-6.670342560298315,0.9187871656966031
4.45,10.0,10.539649411498582,-6.649251118651118,0.8604573953774572
4.46,10.0,10.539142241205406,-6.627939094798715,0.8012506336953873
4.47,10.0,10.538640318984266,-6.606427752782963,0.7412778696830244
4.48,10.0,10.53814361319538,-6.584738736795563,0.6806578067484512
4.49,10.0,10.537652073750555,-6.562893442737377,0.619512146142343
4.5,10.0,10.53716564412061,-6.540913612691668,0.557971833947942
4.51,10.0,10.536684253582303,-6.518820917703926,0.49617123348710734
4.52,10.0,10.536207817682106,-6.496636972592159,0.4342479684834242
4.53,10.0,10.535736240941434,-6.474383498520966,0.3723459356473384
4.54,10.0,10.53526941516428,-6.452082121687448,0.31060959718231196
4.55,10.0,10.534807218472567,-6.429754440803523,0.2491877077653264
4.56,10.0,10.534349518005587,-6.407422007040911,0.18822966961323928
4.57,10.0,10.533896168029624,-6.385106284018714,0.12788601601299732
4.58,10.0,10.533447010543211,-6.362828632739146,0.06830744570010872
4.59,10.0,10.533001877551875,-6.340610317855429,0.009643151810520223
4.6,10.0,10.532560588062712,-6.318472461209043,-0.047958537187412276
4.61,10.0,10.532122952730074,-6.29643603565577,-0.10435312263011554
4.62,10.0,10.531688770451137,-6.274521851147102,-0.1593988461585525
4.63,10.0,10.531257831785064,-6.25275052481046,-0.21295894978151786
4.64,10.0,10.53082991906556,-6.231142463160405,-0.26490237876750555
4.65,10.0,10.530404805847494,-6.209717851852985,-0.315104232112299
4.66,10.0,10.529982260722853,-6.188496621466112,-0.3634470795417677
4.67,10.0,10.529562044543292,-6.167498441078943,-0.40982179614069736
4.68,10.0,10.529143914962965,-6.146742689529508,-0.45412780374087625
4.69,10.0,10.528727625256428,-6.126248439361938,-0.49627453759544693
4.7,10.0,10.52831292593493,-6.106034435323042,-0.5361817710797219
4.71,10.0,10.527899567056089,-6.086119071423734,-0.5737795122862366
4.72,10.0,10.527487297212483,-6.066520376123816,-0.6090103809862679
4.73,10.0,10.527075867080343,-6.047255980670357,-0.6418270155546395
4.74,10.0,10.526665028600616,-6.028343110097758,-0.6721959616039204
4.75,10.0,10.526254537308022,-6.0097985538753855,-0.7000950258907022
4.76,10.0,10.525844153248359,-5.991638646637071,-0.7255142869958746
4.77,10.0,10.525433641860603,-5.973879250211299,-0.748457450242352
4.78,10.0,10.525022775149912,-5.956535734249075,-0.7689383104568517
4.79,10.0,10.524611333107078,-5.93962295014686,-0.7869853192271776
4.8,10.0,10.524199103825682,-5.92315522687396,-0.8026363185977345
4.81,10.0,10.523785885427476,-5.907146338027076,-0.8159417919272212
4.82,10.0,10.523371486377874,-5.891609493638721,-0.8269630060455118
4.83,10.0,10.522955725659358,-5.876557334064899,-0.835769933357982
4.84,10.0,10.522538435358532,-5.862001887922618,-0.8424442115580941
4.85,10.0,10.522119458056775,-5.847954606541707,-0.8470735586215792
4.86,10.0,10.521698651182568,-5.834426296558811,-0.8497558186226843
4.87,10.0,10.521275884223643,-5.821427157143866,-0.850594625490805
4.88,10.0,10.520851040211507,-5.808966754392408,-0.8496995771961391
4.89,10.0,10.520424017020522,-5.797053998624315,-0.8471862502728698
4.9,10.0,10.51999472433298,-5.785697186995199,-0.8431731897912158
4.91,10.0,10.519563088083018,-5.774903932008671,-0.837783249654235
4.92,10.0,10.519129045705286,-5.7646812321997025,-0.8311408511714973
4.93,10.0,10.51869254963509,-5.755035413921579,-0.8233719840519083
4.94,10.0,10.51825356525764,-5.745972160627801,-0.8146031303705268
4.95,10.0,10.517812069512512,-5.737496531830128,-0.8049603475137683
4.96,10.0,10.517368053909857,-5.7296129118130485,-0.7945681750576892
4.97,10.0,10.51692152139906,-5.722325056163205,-0.7835492509926159
4.98,10.0,10.516472485044801,-5.715636109344728,-0.7720241663662506
4.99,10.0,10.516020971650182,-5.70954854435679,-0.7601087106313127
5.0,10.0,10.515567017736087,-5.704064222889009,-0.747914881429887
5.01,10.0,10.51511066541121,-5.6991844570757415,-0.7355522261263108
5.02,10.0,10.514651970868997,-5.694909872603726,-0.7231220602421811
5.03,10.0,10.514190997386173,-5.691240515575363,-0.7107204844061545
5.04,10.0,10.513727811725946,-5.688175903844132,-0.6984420075833828
5.05,10.0,10.513262491603752,-5.685714909936548,-0.6863697399942161
5.06,10.0,10.512795119595863,-5.683855851193431,-0.6745809822256437
5.07,10.0,10.512325781800966,-5.682596504527354,-0.6631507075834335
5.08,10.0,10.511854570132849,-5.6819340726231795,-0.6521425650097967
5.09,10.0,10.511381579865496,-5.681865216306885,-0.6416135528995177
5.1,10.0,10.510906908457272,-5.682386073559101,-0.6316175738892085
5.11,10.0,10.510430655941715,-5.683492244042345,-0.6221972235022211
5.12,10.0,10.509952923543185,-5.685178812517606,-0.6133891458557592
5.13,10.0,10.509473813356093,-5.6874403525988235,-0.6052243974057401
5.14,10.0,10.508993427018158,-5.6902709385856705,-0.597724727190224
5.15,10.0,10.508511865600205,-5.693664151640873,-0.5909057364956549
5.16,10.0,10.50802922896455,-5.697613088720694,-0.5847768346171289
5.17,10.0,10.507545614363174,-5.702110372090696,-0.5793389701757388
5.18,10.0,10.507061116838807,-5.707148158812871,-0.5745875143675754
5.19,10.0,10.506575828174704,-5.712718149025586,-0.5705114172655268
5.2,10.0,10.506089835649718,-5.718811593189006,-0.567092162257758
5.21,10.0,10.505603223261575,-5.725419306306255,-0.5643062671265362
5.22,10.0,10.50511606956379,-5.732531672250924,-0.5621237597545257
5.23,10.0,10.504628447259268,-5.740138653316267,-0.5605085095589182
5.24,10.0,10.504140425144929,-5.74822981091355,-0.5594199682109018
5.25,10.0,10.503652064194556,-5.756794298524991,-0.5588113857563997
5.26,10.0,10.503163419167004,-5.765820882213881,-0.5586311927402932
5.27,10.0,10.502674539703348,-5.775297964574725,-0.558824027675902
5.28,10.0,10.50218546647598,-5.785213566450017,-0.5593291802794944
5.29,10.0,10.501696233530739,-5.795555361385766,-0.5600823259501304
5.3,10.0,10.501206868741928,-5.806310696588834,-0.5610163342995946
5.31,10.0,10.500717390490818,-5.8174665714783895,-0.5620597706636286
5.32,10.0,10.500227810493088,-5.8290096831936875,-0.5631390742650204
5.33,10.0,10.49973813347989,-5.840926437840653,-0.5641788551741911
5.34,10.0,10.499248354642345,-5.853202937247524,-0.5651008917636018
5.35,10.0,10.498758463068226,-5.865825028777228,-0.5658264444646761
5.36,10.0,10.498268440125427,-5.8787783036978345,-0.5662759036931355
5.37,10.0,10.497778258277348,-5.892048100361491,-0.5663686958023426
5.38,10.0,10.497287884991975,-5.905619551439787,-0.5660252827793917
5.39,10.0,10.496797279294107,-5.919477570587839,-0.565166374685794
5.4,10.0,10.496306392782483,-5.933606874646727,-0.5637137388759719
5.41,10.0,10.495815173434128,-5.947992022201239,-0.5615915211459459
5.42,10.0,10.49532356036268,-5.962617395401557,-0.5587255997603
5.43,10.0,10.494831487642577,-5.977467237191807,-0.5550447785483215
5.44,10.0,10.494338886200994,-5.992525672804272,-0.5504811964114635
5.45,10.0,10.49384567973895,-6.00777670712721,-0.5449707510898021
5.46,10.0,10.493351788673206,-6.023204254837475,-0.5384534986363905
5.47,10.0,10.49285713110706,-6.038792156491695,-0.5308738209476536
5.48,10.0,10.492361620096244,-6.0545241882317855,-0.5221817111319229
5.49,10.0,10.491865167324466,-6.0703840827549715,-0.5123320548415276
5.5,10.0,10.491367683152903,-6.08635554451086,-0.5012851463770858
5.51,10.0,10.490869075459154,-6.10242226669997,-0.48900824624751493
5.52,10.0,10.490369252598141,-6.118567943634723,-0.47547365343859305
5.53,10.0,10.489868122864088,-6.1347762898235905,-0.46066037381920033
5.54,10.0,10.489365594748552,-6.151031057400984,-0.4445549414095291
5.55,10.0,10.488861578782295,-6.167316042607338,-0.427148512414111
5.56,10.0,10.488355987148722,-6.183615112113275,-0.40844047153393603
5.57,10.0,10.487848734656469,-6.199912214392023,-0.3884372437704888
5.58,10.0,10.487339739277159,-6.216191385477622,-0.367149426058452
5.59,10.0,10.486828922943946,-6.232436780524154,-0.34459683698965726
5.6,10.0,10.486316211899645,-6.2486326777375965,-0.3208050940715639
5.61,10.0,10.485801536654185,-6.2647634887155625,-0.29580415708084473
5.62,10.0,10.485284833903448,-6.280813787338663,-0.2696325497808534
5.63,10.0,10.484766045721136,-6.29676831251431,-0.24233360492553224
5.64,10.0,10.484245119689998,-6.312611981538444,-0.21395496922802693
5.65,10.0,10.48372201124277,-6.328329915099001,-0.1845515364989705
5.66,10.0,10.48319668174719,-6.343907439599625,-0.15418182943853598
5.67,10.0,10.482669099457478,-6.359330104057898,-0.12290851490689914
5.68,10.0,10.48213924140426,-6.374583700388594,-0.09079972067640085
5.69,10.0,10.481607090605761,-6.389654264923303,-0.05792600631666556
5.7,10.0,10.48107263846853,-6.404528100189532,-0.024361625119783348
5.71,10.0,10.480535885271395,-6.41919178931444,0.009815695493371024
5.72,10.0,10.479996836896115,-6.433632195174939,0.044526860039463045
5.73,10.0,10.47945550915957,-6.447836490828599,0.07968995434504222
5.74,10.0,10.47891192585273,-6.461792163570798,0.1152215151541851
5.75,10.0,10.478366116370335,-6.475487014341071,0.15103739353406898
5.76,10.0,10.47781812041915,-6.488909194991347,0.1870522406170938
5.77,10.0,10.477267984648241,-6.502047201497204,0.22318049333903645
5.78,10.0,10.476715761552724,-6.514889876631528,0.25933663256898765
5.79,10.0,10.476161513099246,-6.527426448832301,0.29543566802413324
5.8,10.0,10.475605307305566,-6.539646516453872,0.33139331381159387
5.81,10.0,10.475047218046644,-6.551540056120459,0.36712624267170657
5.82,10.0,10.474487327344052,-6.563097459194301,0.40255306747201214
5.83,10.0,10.473925722224624,-6.574309505668187,0.4375937424812433
5.84,10.0,10.473362495387311,-6.58516738523812,0.4721702484343968
5.85,10.0,10.472797746030523,-6.595662723166257,0.5062074810938944
5.86,10.0,10.47223157727613,-6.6057875443314975,0.5396320246413033
5.87,10.0,10.471664097452834,-6.615534315663928,0.5723736951550569
5.88,10.0,10.471095419613823,-6.62489595000322,0.6043656948096645
5.89,10.0,10.470525659725768,-6.633865763272759,0.6355429974297291
5.9,10.0,10.469954938130797,-6.6424375468481,0.6658450994583838
5.91,10.0,10.469383378146718,-6.650605532782866,0.695214697420135
5.92,10.0,10.468811105362484,-6.65836436863967,0.723596723123487
5.93,10.0,10.4682382481593,-6.665709187736385,0.7509410334581581
5.94,10.0,10.467664936709628,-6.672635560999728,0.7772005730126343
5.95,10.0,10.46709130265367,-6.679139485801265,0.8023309611980096
5.96,10.0,10.466517478848877,-6.6852174426844755,0.8262926348482811
5.97,10.0,10.465943598986069,-6.690866343701016,0.849048922366701
5.98,10.0,10.46536979727614,-6.696083535896298,0.8705661884681106
5.99,10.0,10.464796207797365,-6.700866838343947,0.8908151884212003
6.0,10.0,10.464222964698005,-6.705214491562925,0.9097692813049418
6.01,10.0,10.463650201561443,-6.709125176960329,0.9274051173580364
6.02,10.0,10.463078050805118,-6.71259802998837,0.9437030933304671
6.03,10.0,10.462506644345687,-6.715632594801037,0.9586459153978293
6.04,10.0,10.46193611233174,-6.718228858629826,0.9722196603607127
6.05,10.0,10.46136658308332,-6.720387239863327,0.9844134193647189
6.06,10.0,10.46079818397339,-6.722108552059495,0.9952183917434914
6.07,10.0,10.460231039394618,-6.723394048036823,1.0046289435655273
6.08,10.0,10.459665271671785,-6.724245385121104,1.012641787037464
6.09,10.0,10.459101001419114,-6.72466460942884,1.019255764915382
6.1,10.0,10.458538345733983,-6.724654184607263,1.024472219569085
6.11,10.0,10.457977419277087,-6.7242169603022335,1.0282945497564127
6.12,10.0,10.45741833431414,-6.723356163381915,1.0307281558304808
6.13,10.0,10.456861199304264,-6.722075414636052,1.0317803557868652
6.14,10.0,10.456306119994444,-6.720378700726337,1.031460339546987
6.15,10.0,10.455753199094978,-6.718270371356812,1.0297790757585235
6.16,10.0,10.455202535410583,-6.715755145330843,1.0267490313410788
6.17,10.0,10.454654224804852,-6.712838085462264,1.0223844657237944
6.18,10.0,10.454108359545499,-6.709524601258929,1.016701105002002
6.19,10.0,10.453565028010816,-6.705820445403513,1.0097159574046826
6.2,10.0,10.45302431541699,-6.701731690763369,1.0014478245600014
6.21,10.0,10.452486302945251,-6.697264739064986,0.9919166063469609
6.22,10.0,10.45195106795286,-6.692426307447935,0.9811434864318445
6.23,10.0,10.45141868434182,-6.687223408870724,0.9691514073015455
6.24,10.0,10.450889221768872,-6.68166336414396,0.9559641543421264
6.25,10.0,10.450362746067608,-6.675753779373262,0.9416069442110029
6.26,10.0,10.449839319351717,-6.669502527315801,0.9261067608116651
6.27,10.0,10.449318999448467,-6.6629177648314295,0.9094913811047469
6.28,10.0,10.448801840191896,-6.656007906900086,0.8917900015995022
6.29,10.0,10.448287891288874,-6.648781622218799,0.8730330695663655
6.3,10.0,10.447777198266397,-6.641247824694174,0.8532522655497692
6.31,10.0,10.447269802349822,-6.63341566010106,0.8324803725272192
6.32,10.0,10.446765740475032,-6.6252945021145235,0.8107513647663058
6.33,10.0,10.446265045290609,-6.616893947644429,0.7881004805443359
6.34,10.0,10.445767745008958,-6.608223801594726,0.7645640465874601
6.35,10.0,10.445273863383925,-6.5992940704797585,0.740179510538999
6.36,10.0,10.444783419656673,-6.590114953815584,0.7149854208750135
6.37,10.0,10.444296431054205,-6.580696659893171,0.6890250721988789
6.38,10.0,10.443812907411925,-6.5710497633993485,0.6623388422909926
6.39,10.0,10.443332854831166,-6.56118494145323,0.6349695014504286
6.4,10.0,10.44285627499476,-6.551113008360608,0.6069612875253911
6.41,10.0,10.442383164992908,-6.540844915259803,0.5783597137522358
6.42,10.0,10.441913517592656,-6.530391714011982,0.5492108291217717
6.43,10.0,10.441447321667768,-6.519764507337573,0.5195600927698552
6.44,10.0,10.440984560085287,-6.5089746170940606,0.4894573651337124
6.45,10.0,10.440525211581805,-6.498033410350348,0.4589523039211132
6.46,10.0,10.44006925018018,-6.486952336421881,0.42809567522098835
6.47,10.0,10.43961664584853,-6.475742897844373,0.39693815792182185
6.48,10.0,10.439167367274807,-6.464416563632699,0.36552553003016186
6.49,10.0,10.438721373398401,-6.452984989258802,0.33391308304317757
6.5,10.0,10.438278620525697,-6.441459811484009,0.30215338421375826
6.51,10.0,10.437839060352848,-6.429852691252105,0.270299589384309
6.52,10.0,10.437402640384708,-6.41817530280233,0.23840482126035756
6.53,10.0,10.436969308566455,-6.406439321003934,0.2065159356754478
6.54,10.0,10.436539001724894,-6.39465641552569,0.17468885554620073
6.55,10.0,10.436111654830661,-6.382838236215591,0.14297616850434025
6.56,10.0,10.435687198531582,-6.370996403432041,0.1114303491492814
6.57,10.0,10.435265564813273,-6.359142503171554,0.08009935158328307
6.58,10.0,10.434846682882435,-6.347288072074767,0.04902968975666244
6.59,10.0,10.434430471324998,-6.335444578576095,0.018272370406761773
6.6,10.0,10.434016848671286,-6.323623423108755,-0.012125270257984155
6.61,10.0,10.433605730170989,-6.3118359240338675,-0.04211716913044583
6.62,10.0,10.433197031667579,-6.3000933169086295,-0.07165794428716765
6.63,10.0,10.432790662083242,-6.288406723923069,-0.10070451875490338
6.64,10.0,10.432386528742285,-6.276787156963428,-0.1292152466067913
6.65,10.0,10.431984536524048,-6.265245504513727,-0.15715023964974684
6.66,10.0,10.431584591248495,-6.253792535567772,-0.18447217456718246
6.67,10.0,10.43118660177868,-6.242438897699348,-0.21114680400860575
6.68,10.0,10.430790466267279,-6.231195046049014,-0.23714048579538005
6.69,10.0,10.430396085398124,-6.2200712899268105,-0.26242278823428045
6.7,10.0,10.430003358889117,-6.209077766485491,-0.2869659481382234
6.71,10.0,10.429612187872857,-6.198224452614593,-0.31074290273740335
6.72,10.0,10.429222471482724,-6.187521117941652,-0.3337309846958876
6.73,10.0,10.428834108517638,-6.176977329450418,-0.3559106538132859
6.74,10.0,10.428446998266853,-6.166602447562178,-0.37726504947418604
6.75,10.0,10.428061041257244,-6.1564056265572225,-0.39777969774789135
6.76,10.0,10.427676142808563,-6.146395857484923,-0.4174396886429754
6.77,10.0,10.427292203767795,-6.136581807190667,-0.43623825249703874
6.78,10.0,10.42690912856733,-6.1269719328329275,-0.45416993372051273
6.79,10.0,10.42652682340939,-6.11757443938467,-0.47123254300291606
6.8,10.0,10.426145195054577,-6.108397316553921,-0.48742248107804276
6.81,10.0,10.425764152846732,-6.099448275186443,-0.502740446543485
6.82,10.0,10.425383609530217,-6.09073472117631,-0.517193269352286
6.83,10.0,10.425003479944742,-6.082263795295374,-0.5307889334295206
6.84,10.0,10.42462368177162,-6.074042352384441,-0.543538093646557
6.85,10.0,10.42424413416683,-6.066077081200414,-0.5554466532595264
6.86,10.0,10.423864761588245,-6.058374212795536,-0.566532205644922
6.87,10.0,10.423485491324147,-6.050939727864419,-0.5768115370030431
6.88,10.0,10.42310625443671,-6.04377929356639,-0.5863038188561003
6.89,10.0,10.422726982534684,-6.03689833473575,-0.5950267025064226
6.9,10.0,10.422347609287485,-6.0303019974246155,-0.6029977061890701
6.91,10.0,10.42196807783792,-6.023994978502816,-0.6102421876406332
6.92,10.0,10.421588332918466,-6.017981702603509,-0.6167842400218886
6.93,10.0,10.421208320806347,-6.012266314868794,-0.6226479296151242
6.94,10.0,10.42082798714754,-6.006852722789432,-0.6278559738295613
6.95,10.0,10.420447288990065,-6.001744348625202,-0.6324357545138088
6.96,10.0,10.420066184263257,-5.996944341212949,-0.6364136882583153
6.97,10.0,10.41968463370575,-5.992455537407185,-0.6398166339208613
6.98,10.0,10.419302597403037,-5.9882805405592725,-0.6426719032774999
6.99,10.0,10.418920044821029,-5.984421484392024,-0.6450066407222872
7.0,10.0,10.41853694682183,-5.980880216886892,-0.6468480457246972
7.01,10.0,10.418153277664903,-5.977658252941334,-0.6482230871414121
7.02,10.0,10.417769013668783,-5.974756819704258,-0.6491579779572003
7.03,10.0,10.417384136266584,-5.9721767464751485,-0.649678858619609
7.04,10.0,10.416998629716533,-5.969918543689534,-0.6498110103672685
7.05,10.0,10.416612481687745,-5.967982380188366,-0.6495788592427258
7.06,10.0,10.416225672560763,-5.966368345318654,-0.6490055648070303
7.07,10.0,10.41583819657495,-5.9650759248979695,-0.6481133659231331
7.08,10.0,10.415450046607754,-5.964104374922255,-0.6469230620652207
7.09,10.0,10.415061217694053,-5.963452632677069,-0.6454539400426516
7.1,10.0,10.4146717064568,-5.963119357999789,-0.6437262148753238
7.11,10.0,10.414281511873572,-5.963102861319499,-0.6417563316205213
7.12,10.0,10.413890634676306,-5.963401144376335,-0.639559288779
7.13,10.0,10.41349907722658,-5.964011901738414,-0.6371485188032127
7.14,10.0,10.413106838655253,-5.9649326562341365,-0.6345371365617192
7.15,10.0,10.412713921645272,-5.9661605613632345,-0.6317354869510501
7.16,10.0,10.412320330659185,-5.967692450232397,-0.6287515750593808
7.17,10.0,10.41192606959449,-5.969524900977417,-0.6255916890264483
7.18,10.0,10.411531143105826,-5.971654264089497,-0.6222636484147133
7.19,10.0,10.411135555840563,-5.974076612789116,-0.6187729224759932
7.2,10.0,10.41073931196906,-5.976787721251439,-0.6151207258513223
7.21,10.0,10.410342415574101,-5.97978312403746,-0.6113078798840537
7.22,10.0,10.409944872429605,-5.983058110150525,-0.6073351376362792
7.23,10.0,10.409546688900248,-5.986607724432375,-0.6032024595516816
7.24,10.0,10.409147868049692,-5.9904267588386135,-0.5989061448135411
7.25,10.0,10.408748413714768,-5.994509772595783,-0.5944420820249192
7.26,10.0,10.408348328575933,-5.998851116097754,-0.5898048843439634
7.27,10.0,10.40794761372159,-6.003444948969332,-0.5849879529721287
7.28,10.0,10.407546270508984,-6.008285158564896,-0.5799832058410219
7.29,10.0,10.407144298584532,-6.013365444972235,-0.5747813666330375
7.3,10.0,10.406741697381024,-6.018679319232085,-0.5693729049574596
7.31,10.0,10.406338468716504,-6.0242201440311085,-0.5637504502131474
7.32,10.0,10.405934608236148,-6.029981032775978,-0.557901506365118
7.33,10.0,10.405530112220596,-6.035954943717993,-0.5518145253197106
7.34,10.0,10.405124976041005,-6.042134677605719,-0.545477712016841
7.35,10.0,10.404719196802429,-6.048512988385978,-0.5388814307021983
7.36,10.0,10.404312766852101,-6.0550823456682625,-0.5320128248366105
7.37,10.0,10.403905678634734,-6.061835129745648,-0.5248601087182507
7.38,10.0,10.403497923399328,-6.0687635906908435,-0.5174115874851042
7.39,10.0,10.403089491992484,-6.075859804286674,-0.5096548070611
7.4,10.0,10.402680373100441,-6.0831157865520336,-0.5015786300553637
7.41,10.0,10.402270554460422,-6.090523423685099,-0.49317190604544603
7.42,10.0,10.401860022509865,-6.098074499113148,-0.4844239336063474
7.43,10.0,10.401448768457199,-6.105760792848274,-0.4753257629747232
7.44,10.0,10.40103677712937,-6.113573921986255,-0.46586811389289906
7.45,10.0,10.400624033682432,-6.1215054496783665,-0.4560428040063753
7.46,10.0,10.400210522986836,-6.129546884007581,-0.44584273774678795
7.47,10.0,10.39979623358758,-6.13768966508596,-0.43526144377104536
7.48,10.0,10.39938115109546,-6.1459251980294125,-0.42429396798701724
7.49,10.0,10.398965260565518,-6.154244853116164,-0.4129367179745964
7.5,10.0,10.398548547911185,-6.162639969466252,-0.40118741967371996
7.51,10.0,10.398130998055862,-6.171101869643396,-0.3890442663435234
7.52,10.0,10.397712596472324,-6.179621864032368,-0.37650724663694746
7.53,10.0,10.397293329551946,-6.188191258547156,-0.36357847904623863
7.54,10.0,10.396873183631921,-6.19680136615907,-0.3502614068713177
7.55,10.0,10.396452147867903,-6.205443509994425,-0.33655993680328233
7.56,10.0,10.396030212801842,-6.214109034593629,-0.32247932576298854
7.57,10.0,10.395607367309461,-6.222789320094453,-0.308027921902295
7.58,10.0,10.395183602709116,-6.231475783491834,-0.2932151321889176
7.59,10.0,10.394758911345612,-6.24015988783758,-0.27805078223508506
7.6,10.0,10.394333286657757,-6.248833150358068,-0.26254488745172555
7.61,10.0,10.393906724327731,-6.257487155109934,-0.246711710541212
7.62,10.0,10.3934792214398,-6.2661135572850135,-0.23056593229797517
7.63,10.0,10.3930507766621,-6.274704090255511,-0.2141236584719559
7.64,10.0,10.392621389995377,-6.283250569691421,-0.19740227192763626
7.65,10.0,10.392191064226788,-6.291744916773703,-0.18042101281078882
7.66,10.0,10.391759803931386,-6.3001791539433,-0.16320051123268176
7.67,10.0,10.391327615558962,-6.30854540904694,-0.145762278440694
7.68,10.0,10.390894505835346,-6.316835884894062,-0.12812536660766494
7.69,10.0,10.390460486150243,-6.32504296375695,-0.11031471060253928
7.7,10.0,10.390025569320418,-6.333159140003203,-0.0923545910592587
7.71,10.0,10.389589770496361,-6.34117704614818,-0.0742702078499482
7.72,10.0,10.389153106240016,-6.349089438142936,-0.056086200712877954
7.73,10.0,10.38871559674651,-6.3568892500298615,-0.037829623696728376
7.74,10.0,10.388277264345795,-6.3645695665195285,-0.01952764994213574
7.75,10.0,10.387838133977978,-6.372123639114342,-0.0012080721786249526
7.76,10.0,10.387398228741255,-6.379544801973668,0.017102693778552336
7.77,10.0,10.386957578520542,-6.386826651960171,0.03537602332379031
7.78,10.0,10.386516214433005,-6.393962942239975,0.05358354988645608
7.79,10.0,10.386074169796082,-6.400947607613472,0.07169684845894952
7.8,10.0,10.385631479201095,-6.407774764542538,0.08968706843716134
7.81,10.0,10.385188180369093,-6.414438733269155,0.10752563986608177
7.82,10.0,10.3847443133613,-6.420934037031145,0.12518408501459444
7.83,10.0,10.384299920394193,-6.427255406512488,0.14263403434287447
7.84,10.0,10.383855042430376,-6.433397698755245,0.1598481913789147
7.85,10.0,10.38340972378578,-6.439356017403317,0.17679933993340402
7.86,10.0,10.38296401201789,-6.445125715859695,0.19346045287534075
7.87,10.0,10.382517955461589,-6.450702342077559,0.20980535047402782
7.88,10.0,10.382071604134351,-6.456081668431744,0.22580799627547776
7.89,10.0,10.381625009656567,-6.4612596944763245,0.2414430637174112
7.9,10.0,10.381178225168167,-6.466232649420964,0.2566865758198178
7.91,10.0,10.380731305314663,-6.470996999794094,0.27151518471508407
7.92,10.0,10.380284304333182,-6.475549379935979,0.28590585728071627
7.93,10.0,10.379837276141266,-6.479886602294432,0.2998360085005203
7.94,10.0,10.37939027870784,-6.484005837373462,0.31328514758746717
7.95,10.0,10.378943369433957,-6.487904437503864,0.3262333483386701
7.96,10.0,10.378496606884594,-6.491580000880542,0.33866145910269285
7.97,10.0,10.378050051308943,-6.495030385725406,0.35055080119392734
7.98,10.0,10.377603761886853,-6.498253663390723,0.3618847587898415
7.99,10.0,10.377157798939143,-6.501248164042758,0.37264750130817337
8.0,10.0,10.376712222554763,-6.5040124276628575,0.3828242875083916
8.01,10.0,10.376267090016816,-6.50654505552606,0.39240111341704687
8.02,10.0,10.375822462361933,-6.508845117568303,0.4013658359422809
8.03,10.0,10.375378398965914,-6.510911830985632,0.4097073612696853
8.04,10.0,10.374934959006323,-6.512744649989634,0.41741579390082517
8.05,10.0,10.37449220404559,-6.514343336823196,0.42448099247792825
8.06,10.0,10.374050191939308,-6.515707805982937,0.43089586989277073
8.07,10.0,10.373608981200277,-6.5168382417961395,0.43665397523030514
8.08,10.0,10.373168629764095,-6.517735069631897,0.44175013743151936
8.09,10.0,10.372729193939618,-6.518398727355022,0.4461776398349411
8.1,10.0,10.372290730167359,-6.518830114078345,0.44993380044397924
8.11,10.0,10.371853293615619,-6.51903027615093,0.4530160859074268
8.12,10.0,10.371416938359957,-6.519000475052579,0.4554229647777852
8.13,10.0,10.370981717687648,-6.518742221174004,0.45715488122751324
8.14,10.0,10.370547683303425,-6.5182572170291815,0.4582126298201743
8.15,10.0,10.370114885576779,-6.517547384251493,0.4585981856294712
8.16,10.0,10.369683373458175,-6.516614863955893,0.4583147537885983
8.17,10.0,10.369253195321397,-6.51546186681367,0.4573658673462315
8.18,10.0,10.368824397476715,-6.514090875547667,0.45575652239573117
8.19,10.0,10.368397024322844,-6.512504606085377,0.4534929720759324
8.2,10.0,10.367971118764137,-6.510705929651573,0.45058230356223117
8.21,10.0,10.367546722430777,-6.508697957876317,0.44703236428765525
8.22,10.0,10.36712387508395,-6.506483984145543,0.44285198498206046
8.23,10.0,10.36670261420776,-6.50406744519018,0.4380511168798922
8.24,10.0,10.366282975533391,-6.501451983703461,0.43264054061387736
8.25,10.0,10.365864993672938,-6.498641329628015,0.42663112610648213
8.26,10.0,10.365448701744608,-6.495639328835825,0.42003408556579647
8.27,10.0,10.365034129573768,-6.492450120258778,0.41286250461075724
8.28,10.0,10.364621305530306,-6.489077933986658,0.40512960899290196
8.29,10.0,10.364210255906105,-6.48552718810532,0.39684993452869666
8.3,10.0,10.363801004853885,-6.481802515085432,0.3880397970774432
8.31,10.0,10.363393574391468,-6.477908582087043,0.37871443406979655
8.32,10.0,10.362987984300087,-6.473850245061961,0.3688905371174531
8.33,10.0,10.362584252588244,-6.469632452873286,0.3585852952818671
8.34,10.0,10.36218239681966,-6.465260109210919,0.34781571514319687
8.35,10.0,10.361782430026404,-6.460738463250089,0.33660056775852176
8.36,10.0,10.361384363965032,-6.456072783282656,0.32495877343925184
8.37,10.0,10.360988208138165,-6.451268453985689,0.3129097493465576
8.38,10.0,10.360593969018993,-6.446331129238953,0.3004729796991459
8.39,10.0,10.360201651760802,-6.441266360460084,0.2876689196193869
8.4,10.0,10.359811258848293,-6.436079870401432,0.2745182575493086
8.41,10.0,10.359422790430001,-6.430777475760611,0.2610420557056745
8.42,10.0,10.359036247514183,-6.425364834008262,0.2472605374643546
8.43,10.0,10.358651625443214,-6.419847940503013,0.23319543270926957
8.44,10.0,10.358268918611945,-6.414232757815894,0.21886820821666664
8.45,10.0,10.357888119289987,-6.4085253001051345,0.2043004557301522
8.46,10.0,10.357509218604637,-6.402731705981038,0.1895153640185825
8.47,10.0,10.357132204790673,-6.396858089107396,0.174534960087807
8.48,10.0,10.356757064217561,-6.390910614667386,0.15938164980005975
8.49,10.0,10.356383781343263,-6.384895488538043,0.1440780967754245
8.5,10.0,10.35601233863753,-6.378818939797325,0.12864643385887753
8.51,10.0,10.35564271662691,-6.372687223609258,0.1131092158365874
8.52,10.0,10.355274893901749,-6.366506612779684,0.09748909259064487
8.53,10.0,10.354908847124838,-6.360283389815332,0.08180853950159328
8.54,10.0,10.354544552406214,-6.354023856555984,0.06608885875397963
8.55,10.0,10.35418198381157,-6.347734312252579,0.05035134751952608
8.56,10.0,10.353821112938618,-6.341421043024946,0.03461761343726977
8.57,10.0,10.353461910227402,-6.335090329796878,0.018908506652727475
8.58,10.0,10.35310434479732,-6.328748408009945,0.003244859798085642
8.59,10.0,10.352748384359405,-6.322401478422355,-0.012352809634314177
8.6,10.0,10.352393994911633,-6.316055745307272,-0.027865002346918466
8.61,10.0,10.352041141205405,-6.309717357289159,-0.043272501444732825
8.62,10.0,10.351689787418778,-6.303392435774825,-0.05855607673619723
8.63,10.0,10.35133989746592,-6.2970870751357495,-0.07369632870527631
8.64,10.0,10.350991432602212,-6.290807275442539,-0.08867560852361756
8.65,10.0,10.350644353799309,-6.284558994163411,-0.10347627689356376
8.66,10.0,10.35029862112816,-6.278348114891311,-0.11808164374053032
8.67,10.0,10.349954193744754,-6.272180422928024,-0.13247682275249684
8.68,10.0,10.349611030254657,-6.266061661159152,-0.14664602972803475
8.69,10.0,10.349269088542759,-6.25999747258446,-0.16057490057045687
8.7,10.0,10.348928326088123,-6.253993421766702,-0.17424990681382102
8.71,10.0,10.348588701092394,-6.248055071021417,-0.18765826554698695
8.72,10.0,10.348250169989228,-6.242187774494122,-0.20078831765395488
8.73,10.0,10.347912689514226,-6.23639682774619,-0.21362931583906875
8.74,10.0,10.347576216255684,-6.230687421104467,-0.22617144022098135
8.75,10.0,10.347240705998058,-6.225064580886837,-0.23840304565963422
8.76,10.0,10.34690611535855,-6.219533276523315,-0.25031651761897145
8.77,10.0,10.346572400729128,-6.214098332742009,-0.2619040121491025
8.78,10.0,10.346239518643126,-6.208764444813664,-0.2731585440969555
8.79,10.0,10.345907426507399,-6.203536310016639,-0.2840720482074932
8.8,10.0,10.345576081467975,-6.198418367236194,-0.29463901935558034
8.81,10.0,10.345245441264943,-6.193414954195399,-0.30485420687149034
8.82,10.0,10.344915464210423,-6.188530280583725,-0.3147129298373521
8.83,10.0,10.344586108220119,-6.183768351464492,-0.3242134513474184
8.84,10.0,10.344257332536095,-6.179133068930641,-0.33335330795669904
8.85,10.0,10.343929097146454,-6.1746281851532565,-0.3421307914280982
8.86,10.0,10.343601362628512,-6.170257282753249,-0.35054548376148453
8.87,10.0,10.34327409011613,-6.166023901941244,-0.35859615573553594
8.88,10.0,10.342947241690258,-6.161931384066725,-0.3662830024465311
8.89,10.0,10.342620780468154,-6.157982858863895,-0.37360778018280527
8.9,10.0,10.342294670479989,-6.154181333129751,-0.3805724624578106
8.91,10.0,10.34196887610287,-6.1505296011293975,-0.3871783899240846
8.92,10.0,10.341643362648568,-6.147030280965647,-0.39342724425630493
8.93,10.0,10.341318097191499,-6.143685868963009,-0.3993224773248789
8.94,10.0,10.340993047573653,-6.140498657366744,-0.40486728522537785
8.95,10.0,10.34066818219109,-6.1374708474846695,-0.41006495569633383
8.96,10.0,10.340343470024296,-6.134604549148655,-0.4149188170708875
8.97,10.0,10.340018882244943,-6.1319015343006065,-0.4194328032018957
8.98,10.0,10.339694390703997,-6.129363477020579,-0.4236108009013533
8.99,10.0,10.339369968173552,-6.126991845885164,-0.42745798624561004
9.0,10.0,10.339045588059122,-6.1247878511139096,-0.430982444234675
9.01,10.0,10.338721225668698,-6.122752643739324,-0.4341886860830746
9.02,10.0,10.338396857174736,-6.120887141293457,-0.43708317329040813
9.03,10.0,10.338072459532523,-6.119192117681775,-0.43967201608772744
9.04,10.0,10.337748008825697,-6.117668397731372,-0.4419574997339426
9.05,10.0,10.337423484632849,-6.116316343636472,-0.4439471041811638
9.06,10.0,10.337098866597117,-6.11513625836257,-0.4456463453922739
9.07,10.0,10.33677413535802,-6.114128269324164,-0.4470606017687233
9.08,10.0,10.336449273261234,-6.113292140598229,-0.4481955163189886
9.09,10.0,10.336124262804141,-6.112627680565357,-0.4490559508174403
9.1,10.0,10.33579908778929,-6.112134437448945,-0.44964667178472695
9.11,10.0,10.335473733033465,-6.111811774683417,-0.4499721125563019
9.12,10.0,10.33514818047384,-6.111659237906072,-0.45003783150027576
9.13,10.0,10.33482241667329,-6.111675843513958,-0.44984755442801205
9.14,10.0,10.334496427676351,-6.111860563934192,-0.4494051172969158
9.15,10.0,10.334170199999749,-6.112212232518957,-0.4487140319987146
9.16,10.0,10.333843723476374,-6.112729302522124,-0.4477824091745424
9.17,10.0,10.333516986513846,-6.113410244801224,-0.446614530612778
9.18,10.0,10.333189978355465,-6.114253356788415,-0.4452149321576826
9.19,10.0,10.332862689349191,-6.115256738938364,-0.44358892780794257
9.2,10.0,10.332535107625917,-6.116418571401044,-0.44173636372726577
9.21,10.0,10.332207223158232,-6.117736774100505,-0.43965939459294123
9.22,10.0,10.331879027248357,-6.119209048568894,-0.43736155224282136
9.23,10.0,10.331550510747965,-6.120833025688791,-0.4348443980880985
9.24,10.0,10.331221665982081,-6.122606163501707,-0.43211125499912484
9.25,10.0,10.330892485541623,-6.124525793321793,-0.42916493055766924
9.26,10.0,10.330562961287342,-6.126589158066096,-0.42600584695973076
9.27,10.0,10.330233085896776,-6.1287933569471615,-0.4226350603080222
9.28,10.0,10.32990285227386,-6.1311353713168675,-0.41905466200505437
9.29,10.0,10.329572253532532,-6.133612066357777,-0.41526744793561843
9.3,10.0,10.32924128307403,-6.136220184767202,-0.4112739929270477
9.31,10.0,10.328909934445695,-6.138956359118948,-0.4070757779987435
9.32,10.0,10.328578201838774,-6.141817120230675,-0.4026743522616023
9.33,10.0,10.328246080498994,-6.144798907403694,-0.3980713956983566
9.34,10.0,10.327913564554972,-6.147898035046507,-0.3932685947600083
9.35,10.0,10.327580648910205,-6.151110727937116,-0.3882678127152497
9.36,10.0,10.327247328710897,-6.154433123407115,-0.3830708302117829
9.37,10.0,10.326913599331997,-6.157861369104018,-0.3776763195370947
9.38,10.0,10.326579456377681,-6.161391415190497,-0.3720866948502701
9.39,10.0,10.326244895664287,-6.165019178087524,-0.36630295407317526
9.4,10.0,10.325909913212692,-6.168740503932082,-0.36032599389441966
9.41,10.0,10.325574505492648,-6.172551163997546,-0.35415829484291095
9.42,10.0,10.325238668977963,-6.176446874313716,-0.34780101576110045
9.43,10.0,10.324902400355134,-6.180423292341043,-0.3412554410684212
9.44,10.0,10.324565696539452,-6.1844760204040785,-0.3345231454883084
9.45,10.0,10.324228555152343,-6.188600642930563,-0.3276073966373856
9.46,10.0,10.323890974066117,-6.1927927027126675,-0.3205117842859835
9.47,10.0,10.323552950955264,-6.197047677573513,-0.31323887016782326
9.48,10.0,10.323214483996113,-6.201361028571087,-0.30579238240718
9.49,10.0,10.322875571951545,-6.205728177841751,-0.29817590122089044
9.5,10.0,10.32253621456693,-6.21014449678262,-0.29039204973317023
9.51,10.0,10.32219641096994,-6.2146053791476445,-0.2824460413527907
9.52,10.0,10.321856161083058,-6.219106185988297,-0.27434265277036296
9.53,10.0,10.321515465290402,-6.223642268245773,-0.26608693145486306
9.54,10.0,10.321174325109093,-6.228209010978908,-0.2576812948001015
9.55,10.0,10.32083274179249,-6.232801751701117,-0.24913184872210703
9.56,10.0,10.320490717409553,-6.237415849443719,-0.24044366800228723
9.57,10.0,10.320148254598733,-6.242046673136378,-0.23162198515125265
9.58,10.0,10.319805356889562,-6.24668957141497,-0.2226750053317188
9.59,10.0,10.319462028237561,-6.251339934665413,-0.2136092656936981
9.6,10.0,10.319118273254793,-6.2559931755041776,-0.204431587497921
9.61,10.0,10.31877409730028,-6.260644725689454,-0.19514970014400745
9.62,10.0,10.318429506217864,-6.2652900619490755,-0.18577183038420042
9.63,10.0,10.318084506535888,-6.269924698826867,-0.17630673802810204
9.64,10.0,10.317739105791242,-6.274544173248835,-0.16676375918521735
9.65,10.0,10.317393312156106,-6.27914407550279,-0.15715280586940317
9.66,10.0,10.317047134567545,-6.283720034279728,-0.1474832346948025
9.67,10.0,10.316700582720259,-6.288267700094718,-0.1377617069211743
9.68,10.0,10.316353667189263,-6.292782823282408,-0.12799967947807378
9.69,10.0,10.316006399365973,-6.297261196190552,-0.11820706632860833
9.7,10.0,10.315658791478905,-6.301698674191642,-0.10839390133114613
9.71,10.0,10.315310855552317,-6.306091184814294,-0.0985696725426255
9.72,10.0,10.31496260563925,-6.3104347215420535,-0.08874461967314495
9.73,10.0,10.314614056199416,-6.314725355664284,-0.07892872041840349
9.74,10.0,10.314265222523257,-6.318959238545691,-0.06913190349857246
9.75,10.0,10.31391612052484,-6.323132561214535,-0.059367650655036464
9.76,10.0,10.313566767088798,-6.327241627640949,-0.04964733101417451
9.77,10.0,10.313217179969461,-6.331282836117334,-0.03998202710394061
9.78,10.0,10.31286737772274,-6.335252667369202,-0.030383811625012136
9.79,10.0,10.312517379146296,-6.3391476882194375,-0.02086392599020037
9.8,10.0,10.312167203595774,-6.342964559296989,-0.01143339143400901
9.81,10.0,10.311816871968757,-6.346700051641138,-0.0021049092022815685
9.82,10.0,10.311466405542173,-6.350351034708018,0.00710938294523622
9.83,10.0,10.311115826272257,-6.353914473482225,0.01619819525852506
9.84,10.0,10.310765156674547,-6.357387403438987,0.025153559250150614
9.85,10.0,10.310414420162445,-6.360767020620303,0.03396334042840987
9.86,10.0,10.310063640753839,-6.3640506130823855,0.04261747708813246
9.87,10.0,10.30971284313811,-6.3672355828039855,0.05110639146181928
9.88,10.0,10.309362050959898,-6.370319408314395,0.05941724044876473
9.89,10.0,10.3090112902561,-6.373299728673766,0.06754167036835668
9.9,10.0,10.308660586922985,-6.376174286869603,0.07547024441939332
9.91,10.0,10.308309967316037,-6.378940946986057,0.08319386403801676
9.92,10.0,10.307959458121235,-6.381597662323105,0.09070081373403482
9.93,10.0,10.307609086482804,-6.384142527706507,0.09798111660737696
9.94,10.0,10.307258879944756,-6.3865737712121815,0.10502562850562658
9.95,10.0,10.30690886637159,-6.388889739117994,0.11182454442228273
9.96,10.0,10.306559073436805,-6.391088881296455,0.11837017024936003
9.97,10.0,10.306209528741018,-6.393169760051397,0.12465629424253422
9.98,10.0,10.305860260832045,-6.395131101798035,0.1306737683489061
9.99,10.0,10.305511298029401,-6.396971744451279,0.13641531517983552
10.0,10.0,10.305162668781477,-6.3986906485901756,0.14187449935576346
10.01,10.0,10.304814401843833,-6.400286877040463,0.1470469965574397
10.02,10.0,10.30446652563484,-6.401759656462075,0.15192721050997715
10.03,10.0,10.304119068686344,-6.4031083297814275,0.1565110822106348
10.04,10.0,10.303772059478806,-6.404332369982001,0.16079541823092303
10.05,10.0,10.303425525396133,-6.405431302448383,0.16477065828286896
10.06,10.0,10.303079494667003,-6.406404859971216,0.1684352160997724
10.07,10.0,10.302733994959349,-6.40725287701706,0.17178564362321502
10.08,10.0,10.302389053613169,-6.4079753116327645,0.17481863021057187
10.09,10.0,10.302044698005451,-6.408572236442354,0.17753065749880026
10.1,10.0,10.301700954984172,-6.4090438536680985,0.17991865959741915
10.11,10.0,10.301357850857817,-6.409390494257848,0.18197995872059014
10.12,10.0,10.301015411608448,-6.409612610617112,0.18371190909848245
10.13,10.0,10.30067366276213,-6.409710744893654,0.1851145824592395
10.14,10.0,10.300332629348242,-6.409685529953462,0.18619066845556098
10.15,10.0,10.299992335828806,-6.409537778785167,0.1869387805568845
10.16,10.0,10.299652806089192,-6.4092683929145835,0.1873602591635315
10.17,10.0,10.29931406340696,-6.408878388679098,0.1874569561563053
10.18,10.0,10.298976130498481,-6.408368901272868,0.18722978811590352
10.19,10.0,10.298639029256352,-6.407741170881853,0.18668261611251502
10.2,10.0,10.298302780886363,-6.4069965519631005,0.18581924240552983
10.21,10.0,10.29796740582275,-6.406136509680816,0.18464422670757763
10.22,10.0,10.297632924163526,-6.405162525230328,0.1831550462360445
10.23,10.0,10.297299354732717,-6.404076272803515,0.18135703170986073
10.24,10.0,10.296966715623407,-6.402879503600457,0.1792537406140715
10.25,10.0,10.296635024078451,-6.401574060875691,0.17684831699359638
10.26,10.0,10.296304296689309,-6.400161892773467,0.17414687595490452
10.27,10.0,10.295974549049225,-6.3986450379631945,0.17115468898145814
10.28,10.0,10.295645795681754,-6.397025622231248,0.16787566899731665
10.29,10.0,10.295318050224058,-6.395305865211722,0.16431490921147596
10.3,10.0,10.294991325665952,-6.393488044438724,0.16047969786774807
10.31,10.0,10.294665634414605,-6.3915744851682925,0.15638004091191604
10.32,10.0,10.294340987157698,-6.389567658039271,0.152022381924807
10.33,10.0,10.29401739390739,-6.387470081010471,0.14741566821070506
10.34,10.0,10.293694863694315,-6.385284347401387,0.14256887446092126
10.35,10.0,10.293373404648452,-6.383013147878768,0.1374855012081424
10.36,10.0,10.293053023739544,-6.3806592082078994,0.13217702972201995
10.37,10.0,10.292733726946306,-6.3782253331016365,0.1266525007332433
10.38,10.0,10.29241551919044,-6.375714391874159,0.1209211894231057
10.39,10.0,10.292098405294762,-6.373129239319347,0.1149879854945306
10.4,10.0,10.291782388181572,-6.370472853780199,0.10886176758368027
10.41,10.0,10.291467469916363,-6.367748251290013,0.10255038048236997
10.42,10.0,10.291153651625569,-6.364958488328956,0.096060913809219
10.43,10.0,10.290840933533532,-6.362106690577145,0.0894057258859915
10.44,10.0,10.290529314828461,-6.359196021002506,0.08259606072676551
10.45,10.0,10.290218793607698,-6.356229665780941,0.07563958182924235
10.46,10.0,10.28990936699309,-6.353210858500865,0.06854631660138288
10.47,10.0,10.289601031500853,-6.350142844387655,0.06132697302489287
10.48,10.0,10.289293783297612,-6.347028862700212,0.05399317698472217
10.49,10.0,10.288987616568276,-6.3438722368603635,0.04655616675553631
10.5,10.0,10.288682525019544,-6.340676285675647,0.03902804909544155
10.51,10.0,10.288378501448944,-6.3374443484248575,0.03142058857134611
10.52,10.0,10.288075537525604,-6.334179828699002,0.023736337400002583
10.53,10.0,10.287773624324945,-6.33088608216262,0.015989099874836654
10.54,10.0,10.28747275193484,-6.327566496543587,0.008188268205734595
10.55,10.0,10.287172909565733,-6.324224467291022,0.00034276709730196586
10.56,10.0,10.28687408684002,-6.320863336135295,-0.007537702645520561
10.57,10.0,10.286576271547132,-6.31748649080614,-0.015445052855672436
10.58,10.0,10.286279450852689,-6.314097307251704,-0.023371647129218687
10.59,10.0,10.28598361136318,-6.3106991440427285,-0.031310315774344843
10.6,10.0,10.285688738841964,-6.3072953819914,-0.03924809940396656
10.61,10.0,10.285394818396512,-6.303889385128798,-0.047172434252875206
10.62,10.0,10.285101834624188,-6.300484470560331,-0.05507579945796515
10.63,10.0,10.284809771414427,-6.297083951923586,-0.06294761514750125
10.64,10.0,10.284518612424245,-6.293691105632015,-0.07077853746495677
10.65,10.0,10.284228341502859,-6.290309151585097,-0.07856219542188292
10.66,10.0,10.283938940867934,-6.286941324444449,-0.08628694751500543
10.67,10.0,10.283650392767857,-6.283590804491816,-0.09394311257182952
10.68,10.0,10.28336267900482,-6.280260736716296,-0.10152154833658145
10.69,10.0,10.283075780016507,-6.276954297417067,-0.10902242765507175
10.7,10.0,10.282789676999123,-6.273674536682252,-0.11643596912610299
10.71,10.0,10.28250435035813,-6.270424491484546,-0.1237570306335094
10.72,10.0,10.282219780133058,-6.267207153307433,-0.1309815004650856
10.73,10.0,10.28193594732863,-6.264025428297637,-0.13809844189237808
10.74,10.0,10.28165283174336,-6.2608821967626485,-0.1451035305914008
10.75,10.0,10.281370413006199,-6.2577802816759585,-0.15199298962850083
10.76,10.0,10.28108867081575,-6.2547224398004655,-0.15876237216217604
10.77,10.0,10.280807584155628,-6.251711405333507,-0.1654032134100447
10.78,10.0,10.280527131843973,-6.248749853755853,-0.17190649993962825
10.79,10.0,10.28024729324956,-6.245840354930268,-0.17826727143135557
10.8,10.0,10.279968047350815,-6.242985433160101,-0.1844779595457151
10.81,10.0,10.279689373372127,-6.24018753709412,-0.1905336877576005
10.82,10.0,10.27941125128875,-6.237449024822962,-0.19643739192681497
10.83,10.0,10.279133660075765,-6.234772208137616,-0.2021804079340157
10.84,10.0,10.278856579268218,-6.232159309952517,-0.2077590678308905
10.85,10.0,10.278579988519985,-6.229612475387126,-0.21317036381907606
10.86,10.0,10.278303865722968,-6.2271338534437275,-0.2184151940016612
10.87,10.0,10.278028191104763,-6.224725415949946,-0.22349165499105972
10.88,10.0,10.277752944233956,-6.222389088188896,-0.2284001420478834
10.89,10.0,10.277478104804397,-6.220126713456246,-0.23314215819259854
10.9,10.0,10.277203653934675,-6.2179400359872625,-0.23770818039765018
10.91,10.0,10.276929572148731,-6.215830723491064,-0.24209717682869414
10.92,10.0,10.276655840161299,-6.213800356212407,-0.24630937574943257
10.93,10.0,10.276382439275695,-6.211850420619339,-0.2503427306121653
10.94,10.0,10.27610935012861,-6.209982349095711,-0.2541949469924649
10.95,10.0,10.275836553375042,-6.208197494362155,-0.2578633601702034
10.96,10.0,10.27556403125139,-6.206497071996254,-0.2613447539164131
10.97,10.0,10.275291765686118,-6.204882228363985,-0.26463540934290286
10.98,10.0,10.275019739175313,-6.203354016696916,-0.2677346731081345
10.99,10.0,10.274747935419501,-6.201913392400328,-0.2706530979432449
11.0,10.0,10.27447633732528,-6.2005612234309995,-0.27338595206129224
11.01,10.0,10.274204928705046,-6.1992982795268174,-0.2759353283349819
11.02,10.0,10.273933693828688,-6.198125234318852,-0.2783042668415927
11.03,10.0,10.273662614834956,-6.19704274509021,-0.28048924252757956
11.04,10.0,10.273391677105842,-6.19605128591138,-0.2824958520513148
11.05,10.0,10.273120865342728,-6.195151268751573,-0.28432741129390404
11.06,10.0,10.272850164556647,-6.194343012395732,-0.28598786977473534
11.07,10.0,10.272579561535428,-6.193626745622813,-0.2874702706942198
11.08,10.0,10.272309042645807,-6.193002601465773,-0.28877409369062335
11.09,10.0,10.272038594429977,-6.19247061827148,-0.28990057511693035
11.1,10.0,10.271768204248273,-6.192030740872648,-0.2908476663332671
11.11,10.0,10.271497858785384,-6.191682847053375,-0.29161756275446127
11.12,10.0,10.2712275445494,-6.19142673637261,-0.2922144714946464
11.13,10.0,10.27095725013572,-6.191262079057758,-0.29263465499781205
11.14,10.0,10.270686963690821,-6.191188473499279,-0.2928774817478583
11.15,10.0,10.270416674004183,-6.191205432457741,-0.2929446323533842
11.16,10.0,10.27014637156239,-6.191312392528643,-0.2928478392023237
11.17,10.0,10.269876045469113,-6.191508688073634,-0.29258650714247914
11.18,10.0,10.269605685953419,-6.19179357318444,-0.29216604763062204
11.19,10.0,10.269335283716329,-6.1921662164708495,-0.2915931781307437
11.2,10.0,10.26906482779602,-6.192625746337625,-0.2908558227870808
11.21,10.0,10.26879430984184,-6.193171162471495,-0.2899634657639467
11.22,10.0,10.268523721090254,-6.193801399682053,-0.28891866379310027
11.23,10.0,10.268253053038498,-6.194515314549945,-0.2877234382739715
11.24,10.0,10.267982298126554,-6.195311716416438,-0.28637726418899234
11.25,10.0,10.267711448800291,-6.196189325577202,-0.28488009789034496
11.26,10.0,10.267440497631453,-6.19714678026567,-0.2832318742749296
11.27,10.0,10.267169437700831,-6.19818265578517,-0.2814311249710535
11.28,10.0,10.266898262349377,-6.1992954569038226,-0.2794813135894927
11.29,10.0,10.266626965190737,-6.200483619502547,-0.27738983358691804
11.3,10.0,10.266355540314702,-6.201745515719014,-0.27515414976492014
11.31,10.0,10.266083982070715,-6.203079451402315,-0.2727762170068786
11.32,10.0,10.265812285158544,-6.204483677207407,-0.2702588681505631
11.33,10.0,10.265540444758038,-6.205956426105576,-0.2676080858233254
11.34,10.0,10.26526845617288,-6.207495818749003,-0.2648271791616974
11.35,10.0,10.264996315110691,-6.2090999418724495,-0.26192156029646174
11.36,10.0,10.26472401760796,-6.210766830112205,-0.25889760453059907
11.37,10.0,10.264451559851404,-6.212494463838622,-0.2557460193783898
11.38,10.0,10.264178938518977,-6.214280779017564,-0.2524741558668646
11.39,10.0,10.263906150549962,-6.216123663855886,-0.24908454776705735
11.4,10.0,10.2636331931822,-6.218020961631016,-0.24557861221447386
11.41,10.0,10.263360064160985,-6.219970504266504,-0.24195814146712902
11.42,10.0,10.263086761473067,-6.221970073824681,-0.23822399952776863
11.43,10.0,10.26281328333693,-6.224017403362424,-0.23437600855264495
11.44,10.0,10.262539628356631,-6.226110202910087,-0.23041359460067223
11.45,10.0,10.262265795360834,-6.228246145579601,-0.22634181466484904
11.46,10.0,10.261991783390233,-6.230422869049516,-0.22217209098979218
11.47,10.0,10.261717591996486,-6.232637999235858,-0.21790368879069089
11.48,10.0,10.261443220946175,-6.234889131588309,-0.21354197402202235
11.49,10.0,10.26116867036459,-6.2371738441133475,-0.20909235774758095
11.5,10.0,10.260893941095134,-6.23948972767393,-0.20455473382464984
11.51,10.0,10.260619033798305,-6.2418343184342495,-0.199937695524242
11.52,10.0,10.260343949656534,-6.24420515497989,-0.19524755188996767
11.53,10.0,10.260068690193563,-6.24659976669189,-0.19049123967012171
11.54,10.0,10.259793257448717,-6.2490156490375215,-0.18566095434867158
11.55,10.0,10.259517653659945,-6.251450316984355,-0.18076285665060876
11.56,10.0,10.25924188146453,-6.253901276088422,-0.17579933266755354
11.57,10.0,10.258965943881813,-6.256366028246429,-0.17077081053971632
11.58,10.0,10.258689844244643,-6.258842096038274,-0.16568469680280717
11.59,10.0,10.258413586275944,-6.261327001482087,-0.16054586101495527
11.6,10.0,10.258137174111074,-6.263818262487845,-0.15535417397787477
11.61,10.0,10.257860612243006,-6.266313414511984,-0.15011209033844608
11.62,10.0,10.257583905446113,-6.268809994545838,-0.1448262854610478
11.63,10.0,10.257307058734087,-6.271305538358826,-0.1395096224282577
11.64,10.0,10.257030077720803,-6.273797625611108,-0.13416575689704313
11.65,10.0,10.256752968285872,-6.276283842368746,-0.12880369943805903
11.66,10.0,10.25647573667783,-6.278761797059652,-0.12343195628861015
11.67,10.0,10.256198389586997,-6.2812291433348815,-0.11804265922970636
11.68,10.0,10.255920933975052,-6.283683533994622,-0.11264929812596147
11.69,10.0,10.255643377207269,-6.2861226606749,-0.10725776769157669
11.7,10.0,10.255365727019706,-6.288544246764491,-0.10187378155947258
11.71,10.0,10.255087991562846,-6.290946009113792,-0.09649588833156031
11.72,10.0,10.25481017932655,-6.293325733651871,-0.09112780368747586
11.73,10.0,10.25453229918408,-6.295681236737345,-0.08577136580820532
11.74,10.0,10.254254360392883,-6.29801036800776,-0.080426527906309
11.75,10.0,10.253976372209193,-6.300311025516468,-0.07510498279649269
11.76,10.0,10.25369834428019,-6.302581148189687,-0.06981662228832342
11.77,10.0,10.253420286863744,-6.304818712521388,-0.06456191193782157
11.78,10.0,10.25314221038548,-6.307021745554908,-0.05934699927528708
11.79,10.0,10.252864125571396,-6.309188308713315,-0.05417897229032409
11.8,10.0,10.252586043434656,-6.311316487545174,-0.0490661364799605
11.81,10.0,10.252307975309966,-6.313404458381935,-0.04401720751221028
11.82,10.0,10.252029932811936,-6.315450432127995,-0.03904223608174284
11.83,10.0,10.251751927824314,-6.317452672772463,-0.03415061055111046
11.84,10.0,10.251473972310468,-6.319409508479803,-0.02932798426047345
11.85,10.0,10.25119607871888,-6.321319312266997,-0.024588284990938014
11.86,10.0,10.25091825966379,-6.323180519732318,-0.019934254852731037
11.87,10.0,10.250640527997147,-6.324991626779818,-0.015367374632970332
11.88,10.0,10.250362896795414,-6.326751145992938,-0.010894797851126903
11.89,10.0,10.25008537936055,-6.328457686332197,-0.006517015052716069
11.9,10.0,10.249807989207573,-6.330109916227501,-0.002233737950983361
11.91,10.0,10.249530740056,-6.3317065604653475,0.0019554970123047966
11.92,10.0,10.24925364530643,-6.333246408701449,0.006039007203730851
11.93,10.0,10.248976718478758,-6.334728315116059,0.010004498279883034
11.94,10.0,10.248699973660365,-6.33615119803381,0.013850852584206041
11.95,10.0,10.248423424779439,-6.337514043750097,0.017569762086549368
11.96,10.0,10.24814708594593,-6.3388158931732095,0.021155831704172012
11.97,10.0,10.247870971605773,-6.340055824875318,0.024612228668785097
11.98,10.0,10.247595095826568,-6.341233029964981,0.027926959648076455
11.99,10.0,10.24731947288909,-6.342346748906363,0.031093309163171323
12.0,10.0,10.247044117092447,-6.343396289640903,0.03410525077896276
12.01,10.0,10.246769042396478,-6.344381026582474,0.03697843249584487
12.02,10.0,10.246494263149721,-6.345300405086713,0.03970502545942223
12.03,10.0,10.246219793519254,-6.346153939374303,0.042287659134303546
12.04,10.0,10.245945647614978,-6.346941213956177,0.04473104817532736
12.05,10.0,10.24567183959512,-6.347661843792999,0.047020899003408
12.06,10.0,10.245398383449876,-6.348315541170588,0.049158909289818364
12.07,10.0,10.245125293068112,-6.348902088734259,0.05114844155889653
12.08,10.0,10.244852582249157,-6.349421330708447,0.0529897562022521
12.09,10.0,10.244580264260334,-6.349873175893922,0.05467592269015453
12.1,10.0,10.244308352104316,-6.350257600139141,0.056197776236082575
12.11,10.0,10.244036859009997,-6.350574650619317,0.05755283832272706
12.12,10.0,10.243765797741176,-6.350824440554148,0.058733272314897444
12.13,10.0,10.243495181039936,-6.351007141170277,0.05973692534367947
12.14,10.0,10.243225022097418,-6.351122963070595,0.06058154115862813
12.15,10.0,10.242955332839827,-6.351172220379196,0.06125528418848214
12.16,10.0,10.242686125341796,-6.351155276397588,0.061758430741343684
12.17,10.0,10.24241741141853,-6.351072557623212,0.062092389493471956
12.18,10.0,10.242149202081356,-6.350924542178973,0.06226497415382504
12.19,10.0,10.241881508631211,-6.3507117828083555,0.06227987457505879
12.2,10.0,10.241614341825818,-6.350434889219102,0.06214471146744405
12.21,10.0,10.241347712068704,-6.350094531990851,0.06186923309157155
12.22,10.0,10.24108162967672,-6.349691416155861,0.061436407142427374
12.23,10.0,10.240816104423129,-6.34922632077895,0.06084746405429531
12.24,10.0,10.240551145662067,-6.348700085569094,0.060107589956911234
12.25,10.0,10.240286762416707,-6.3481136008032,0.05921533058577788
12.26,10.0,10.240022963103813,-6.347467804652034,0.05817105387135024
12.27,10.0,10.239759755623494,-6.346763685671742,0.056975114738729626
12.28,10.0,10.239497147688128,-6.346002292936729,0.055622263405136874
12.29,10.0,10.2392351464013,-6.345184722213094,0.0541078325105091
12.3,10.0,10.238973758661372,-6.3443121147389405,0.052433350344146756
12.31,10.0,10.238712991939584,-6.343385645258565,0.050626736544322704
12.32,10.0,10.238452851852385,-6.342406554329534,0.04868067446986579
12.33,10.0,10.238193344139868,-6.341376119780135,0.046603443114608734
12.34,10.0,10.237934474134216,-6.340295662830705,0.04440568475067819
12.35,10.0,10.237676245903529,-6.339166525895332,0.04207790033320835
12.36,10.0,10.237418663968894,-6.337990113729255,0.03963659901345595
12.37,10.0,10.237161732046872,-6.336767861350839,0.037091085916111766
12.38,10.0,10.236905453346177,-6.335501240223117,0.03445171564695926
12.39,10.0,10.236649830981765,-6.334191752054429,0.03170472901357746
12.4,10.0,10.236394867354393,-6.332840934443657,0.028848788697439343
12.41,10.0,10.23614056426525,-6.331450358043577,0.025887517478794475
12.42,10.0,10.23588692312456,-6.330021622640108,0.022816412715651158
12.43,10.0,10.235633944830553,-6.328556347011864,0.01964246880437459
12.44,10.0,10.235381629770808,-6.327056170099404,0.016380002219265055
12.45,10.0,10.235129977864275,-6.325522770021566,0.013020325864849802
12.46,10.0,10.234878988505743,-6.323957840277713,0.009564157049386068
12.47,10.0,10.234628660813424,-6.322363096324981,0.006016601200598881
12.48,10.0,10.234378994488901,-6.320740280289747,0.002403538584951903
12.49,10.0,10.234129987428892,-6.319091141576849,-0.001273357890569926
12.5,10.0,10.233881637651027,-6.317417449489811,-0.005000098709438294
12.51,10.0,10.233633942796935,-6.315720987874073,-0.008759626712617319
12.52,10.0,10.233386899011151,-6.314003522290716,-0.012579607585123664
12.53,10.0,10.233140503161781,-6.312266859482411,-0.016438029672015908
12.54,10.0,10.23289475132551,-6.310512803668604,-0.020327754495271133
12.55,10.0,10.232649639091216,-6.308743163066222,-0.024243687150286686
12.56,10.0,10.232405162109133,-6.306959767934957,-0.028190564393773876
12.57,10.0,10.23216131539208,-6.305164443080621,-0.03217128351519838
12.58,10.0,10.231918093353572,-6.3033590074079,-0.03618775255178841
12.59,10.0,10.231675490162086,-6.3015452850767915,-0.04024711229368627
12.6,10.0,10.231433499706974,-6.2997250851114925,-0.04433889555245152
12.61,10.0,10.231192115603791,-6.297900199910259,-0.048435528945902195
12.62,10.0,10.230951330944821,-6.296072439637448,-0.052547265660525255
12.63,10.0,10.23071113856607,-6.294243593888032,-0.056666795469237474
12.64,10.0,10.23047153108891,-6.292415446858481,-0.06078542063067527
12.65,10.0,10.230232501463824,-6.2905898086075585,-0.06489537539447898
12.66,10.0,10.22999404161203,-6.288768428019506,-0.06898293540804401
12.67,10.0,10.229756143520387,-6.286953058344901,-0.0730334057199733
12.68,10.0,10.229518798976125,-6.285145438145016,-0.07702952320230594
12.69,10.0,10.229281998398005,-6.283347244879071,-0.0810088071572479
12.7,10.0,10.229045733097013,-6.281560178390296,-0.08495438169744185
12.71,10.0,10.228809993849206,-6.27978590470832,-0.08886487062500725
12.72,10.0,10.228574771106048,-6.278026061874516,-0.09274477983925733
12.73,10.0,10.228340055608816,-6.276282303184976,-0.09658653744577705
12.74,10.0,10.22810583772326,-6.274556242939657,-0.10038967242017449
12.75,10.0,10.227872107352633,-6.272849447337911,-0.10416376436373165
12.76,10.0,10.227638854416272,-6.271163469526544,-0.10791552095719625
12.77,10.0,10.227406068830373,-6.2694998162219155,-0.1116346842213205
12.78,10.0,10.227173740561906,-6.267859940903437,-0.11528856856022651
12.79,10.0,10.226941859196549,-6.266245303610499,-0.11888378216120321
12.8,10.0,10.22671041438246,-6.264657310705983,-0.12240686980086402
12.81,10.0,10.22647939569338,-6.263097339353025,-0.12584550873557987
12.82,10.0,10.226248792411697,-6.261566803536986,-0.12922242638775172
12.83,10.0,10.226018594110517,-6.260066988973601,-0.13251226715997788
12.84,10.0,10.22578879023102,-6.258599178630998,-0.1357056447285614
12.85,10.0,10.2255593702105,-6.257164618970776,-0.13879252441052659
12.86,10.0,10.225330322731727,-6.255764456404205,-0.14180484952040473
12.87,10.0,10.225101637132934,-6.254399850588151,-0.14473883510396135
12.88,10.0,10.224873302597791,-6.253071906020393,-0.147600902039716
12.89,10.0,10.224645308214996,-6.25178167480763,-0.1504051809960183
12.9,10.0,10.224417643495636,-6.2505302235055815,-0.15313264999583964
12.91,10.0,10.224190297887588,-6.249318562393162,-0.15577296887592595
12.92,10.0,10.223963260584634,-6.248147616190667,-0.15834151866617985
12.93,10.0,10.223736521012473,-6.247018289937282,-0.1608395109282248
12.94,10.0,10.223510068816633,-6.2459314207994225,-0.16325905536637375
12.95,10.0,10.223283893965768,-6.244887761339579,-0.16557746631227355
12.96,10.0,10.223057986222866,-6.243888077665533,-0.1677905440133669
12.97,10.0,10.222832335660483,-6.242933057822451,-0.16988147766295514
12.98,10.0,10.22260693241342,-6.242023346224726,-0.17183551140008868
12.99,10.0,10.222381765409997,-6.241159649298949,-0.17370613281150593
13.0,10.0,10.222156825333819,-6.240342489556793,-0.1754621971036996
13.01,10.0,10.22193210238285,-6.239572392030842,-0.177104457801597
13.02,10.0,10.221707586850245,-6.23884983621002,-0.1786359794151844
13.03,10.0,10.221483269398613,-6.238175172301726,-0.18006658542753984
13.04,10.0,10.221259140587456,-6.23754876774773,-0.18140603589753956
13.05,10.0,10.221035191127461,-6.23697092963924,-0.18266817412912895
13.06,10.0,10.220811411897662,-6.2364419002417915,-0.18387149485005772
13.07,10.0,10.220587794076707,-6.235961943646215,-0.1849909214222989
13.08,10.0,10.220364329004374,-6.23553127069929,-0.1860034501796375
13.09,10.0,10.220141008074721,-6.2351499801539525,-0.1869238840252465
13.1,10.0,10.219917822939182,-6.234818158695175,-0.18774348871819502
13.11,10.0,10.219694765605436,-6.234535817829582,-0.18845667465277716
13.12,10.0,10.219471828613361,-6.2343028608167845,-0.18906831688671177
13.13,10.0,10.219249004298385,-6.23411923298148,-0.1895582003305969
13.14,10.0,10.219026285463805,-6.233984788899972,-0.18991166013379113
13.15,10.0,10.218803665067444,-6.2338993372107705,-0.1901157687865318
13.16,10.0,10.218581133883493,-6.233862786107781,-0.1902379572908317
13.17,10.0,10.218358685669264,-6.233874822590575,-0.1902530637251978
13.18,10.0,10.218136313281935,-6.233935153946279,-0.1901737473575289
13.19,10.0,10.217914009657008,-6.234043447198903,-0.19001793404203893
13.2,10.0,10.217691769570564,-6.234199224140802,-0.18976384416811065
13.21,10.0,10.217469586663238,-6.234402039306961,-0.18942684351483186
13.22,10.0,10.217247454782266,-6.2346514001009625,-0.18902527612978837
13.23,10.0,10.21702536827892,-6.234946749295364,-0.18857315236090333
13.24,10.0,10.216803321341477,-6.235287566254185,-0.18804785942491975
13.25,10.0,10.216581308344121,-6.2356732990127,-0.18742008365259988
13.26,10.0,10.216359324324065,-6.23610327076642,-0.18669504446787855
13.27,10.0,10.216137364324547,-6.236576812792595,-0.18585364287014183
13.28,10.0,10.215915423831854,-6.2370931886554635,-0.18489145755017633
13.29,10.0,10.215693499144104,-6.23765153802474,-0.18385252005844643
13.3,10.0,10.215471586026945,-6.238251089274194,-0.18270211119812574
13.31,10.0,10.215249680875068,-6.238890978923448,-0.1814350283546795
13.32,10.0,10.21502778030581,-6.239570306438271,-0.1800480773572084
13.33,10.0,10.214805877938982,-6.2402883149283435,-0.1785909685983551
13.34,10.0,10.214583971225236,-6.241044009649999,-0.17705952823527715
13.35,10.0,10.214362056367488,-6.241836442677345,-0.1754757567311187
13.36,10.0,10.21414012958283,-6.242664642835546,-0.17386839019931832
13.37,10.0,10.213918190388236,-6.243527492258841,-0.1721878271509958
13.38,10.0,10.21369623633645,-6.2444239266210655,-0.17044277024269006
13.39,10.0,10.213474264931648,-6.2453528635596465,-0.1686506811410462
13.4,10.0,10.213252274618169,-6.246313166190108,-0.1668122721060903
13.41,10.0,10.213030262910888,-6.247303752815043,-0.16491577569185134
13.42,10.0,10.212808227201911,-6.2483235449546255,-0.16294228002464894
13.43,10.0,10.212586166709004,-6.249371339608814,-0.16087945329019027
13.44,10.0,10.212364080089166,-6.2504459691935725,-0.15870341666199517
13.45,10.0,10.212141966534697,-6.251546217701884,-0.15641082113489002
13.46,10.0,10.211919826621639,-6.25267073705775,-0.15408066642068574
13.47,10.0,10.211697659571845,-6.25381832250215,-0.1516745605924652
13.48,10.0,10.211475465533784,-6.254987685552806,-0.1492030033110816
13.49,10.0,10.211253244954682,-6.256177516787738,-0.1466814609074958
13.5,10.0,10.211030994702632,-6.257386692186779,-0.14410614496041552
13.51,10.0,10.210808716017524,-6.258613852504329,-0.14150561079415924
13.52,10.0,10.210586408664208,-6.259857713972362,-0.13890391564912496
13.53,10.0,10.21036407237373,-6.261116992708594,-0.13633049155487775
13.54,10.0,10.21014171121661,-6.262390270190055,-0.13372534275883874
13.55,10.0,10.209919327016953,-6.263676199377469,-0.13108144581022474
13.56,10.0,10.209696921053652,-6.264973453246405,-0.12840778162421973
13.57,10.0,10.209474496007102,-6.266280665686341,-0.12568705316578255
13.58,10.0,10.209252052724526,-6.267596542763241,-0.12292270309559061
13.59,10.0,10.209029591149305,-6.268919831727134,-0.1201272847650725
13.6,10.0,10.208807114796565,-6.270249165848791,-0.11726830297450475
13.61,10.0,10.208584625758983,-6.271583240837847,-0.11432762604797908
13.62,10.0,10.208362126620894,-6.272920734107812,-0.11130665718096022
13.63,10.0,10.208139621860594,-6.274260209261369,-0.10829896144852347
13.64,10.0,10.207917113739184,-6.275600399185371,-0.10528109976467581
13.65,10.0,10.207694605624429,-6.276939978578692,-0.10228346923549703
13.66,10.0,10.207472101112241,-6.278277625061196,-0.0993463576411302
13.67,10.0,10.207249603637406,-6.279612105844758,-0.09636850082440329
13.68,10.0,10.20702711725558,-6.280942107475301,-0.09341081360177528
13.69,10.0,10.20680464609462,-6.282266357471223,-0.09048299920625302
13.7,10.0,10.206582194476805,-6.28358359879299,-0.08759088190636977
13.71,10.0,10.20635976749728,-6.284892582224713,-0.08470949881428957
13.72,10.0,10.206137370228591,-6.286192078507181,-0.08182266479383937
13.73,10.0,10.205915007824292,-6.287480878343011,-0.07891733853372118
13.74,10.0,10.205692685865012,-6.288757789131048,-0.07596579890997202
13.75,10.0,10.20547040915863,-6.290021642036606,-0.07298797061984086
13.76,10.0,10.205248181892571,-6.291271292759852,-0.07004301362453713
13.77,10.0,10.205026010172247,-6.292505613617486,-0.0670955194420575
13.78,10.0,10.204803899371944,-6.293723504509661,-0.06415431723626774
13.79,10.0,10.204581855070847,-6.294923884077209,-0.06123221644687504
13.8,10.0,10.20435988384782,-6.296105659070497,-0.0583439974741049
13.81,10.0,10.204137991107826,-6.297267810354814,-0.055514128785231875
13.82,10.0,10.203916182787287,-6.2984093264988745,-0.052771773658958576
13.83,10.0,10.203694464896282,-6.29952922236074,-0.05015288490573777
13.84,10.0,10.20347284463004,-6.300626546763569,-0.04755158866897924
13.85,10.0,10.203251328211248,-6.30170037032812,-0.045007643991966884
13.86,10.0,10.203029922314432,-6.302749795047836,-0.04251608665638118
13.87,10.0,10.2028086338249,-6.303773953754786,-0.04005903169416225
13.88,10.0,10.202587469883975,-6.304771992465312,-0.03764758722380357
13.89,10.0,10.202366437786107,-6.305743094701812,-0.035273703370356735
13.9,10.0,10.202145544979096,-6.3066864833671765,-0.032907369296862665
13.91,10.0,10.201924799133975,-6.307601407457108,-0.030524440838794575
13.92,10.0,10.20170420697739,-6.308487151432367,-0.028146828902655407
13.93,10.0,10.201483774128494,-6.309343036383146,-0.025849678674398024
13.94,10.0,10.201263508486258,-6.310168410576284,-0.023610369300674172
13.95,10.0,10.201043416890455,-6.310962660116687,-0.021457183913995426
13.96,10.0,10.200823506331352,-6.311725203987872,-0.019414517214063398
13.97,10.0,10.200603785647088,-6.3124554776645665,-0.01742236430959032
13.98,10.0,10.200384261232427,-6.313152976247619,-0.015539279017706686
13.99,10.0,10.200164940364019,-6.313817221896617,-0.013784806741309996
14.0,10.0,10.19994583032929,-6.314447772971157,-0.012180551233626602
14.01,10.0,10.199726938917618,-6.315044220104393,-0.010637547555893523
14.02,10.0,10.199508273499207,-6.3156061949649525,-0.009165289987012937
14.03,10.0,10.199289841587529,-6.316133365690241,-0.007742874861075499
14.04,10.0,10.199071650782473,-6.316625437883324,-0.006331182100633992
14.05,10.0,10.198853708171331,-6.317082139715737,-0.0049760235082487725
14.06,10.0,10.198636020984782,-6.31750324036414,-0.003695322232116105
14.07,10.0,10.198418596773287,-6.317888555265874,-0.0024481255073331987
14.08,10.0,10.198201442859476,-6.318237931474495,-0.0012271650352797536
14.09,10.0,10.197984565592604,-6.318551249998588,-6.266175511537853e-05
14.1,10.0,10.197767970243008,-6.318828423636752,0.0009746407639887877
14.11,10.0,10.197551664273407,-6.319069408598121,0.0018997149063300078
14.12,10.0,10.197335654074992,-6.319274194356009,0.0026864546776379505
14.13,10.0,10.197119946068202,-6.319442804350343,0.003319946249251249
14.14,10.0,10.19690454787584,-6.319575280032141,0.003914482440336542
14.15,10.0,10.19668946528407,-6.31967172219665,0.004407843635566788
14.16,10.0,10.196474704646686,-6.319732258283167,0.0048031634625078645
14.17,10.0,10.196260272251124,-6.31975705099796,0.00510514965196629
14.18,10.0,10.196046173739015,-6.319746287515899,0.005329042849528953
14.19,10.0,10.195832415239138,-6.319700200594117,0.005483099898665245
14.2,10.0,10.195619002708105,-6.319619056284922,0.005578787617691816
14.21,10.0,10.19540594195564,-6.319503154407185,0.005630391856370487
14.22,10.0,10.195193237612207,-6.319352805888711,0.0056080118712005245
14.23,10.0,10.194980894460494,-6.319168361760386,0.005493985838205706
14.24,10.0,10.194768917950688,-6.318950224376251,0.005304726039303098
14.25,10.0,10.194557312923067,-6.318698819597562,0.005036586511971475
14.26,10.0,10.194346083843024,-6.318414591629812,0.004686866966644665
14.27,10.0,10.194135234682856,-6.318097994739979,0.004254936025889222
14.28,10.0,10.193924769851025,-6.317749558366531,0.003733401449244944
14.29,10.0,10.193714693319444,-6.317369825972176,0.003116402618332792
14.3,10.0,10.193505008875883,-6.316959367264064,0.002400613493062309
14.31,10.0,10.19329572017766,-6.3165187177554625,0.0016247026793627661
14.32,10.0,10.193086830620116,-6.3160485267644155,0.0007727058459945368
14.33,10.0,10.192878343438982,-6.315549442230407,-0.00015077171997823768
14.34,10.0,10.192670261683611,-6.315022140841259,-0.0011402248057352793
14.35,10.0,10.19246258786572,-6.314467281433756,-0.0021965357349800207
14.36,10.0,10.192255324559515,-6.313885584611184,-0.0033145232765776633
14.37,10.0,10.192048474106398,-6.3132777935655415,-0.0044890696156394405
14.38,10.0,10.19184203857392,-6.312644668633197,-0.005715971677325626
14.39,10.0,10.19163601968466,-6.311986968337956,-0.006998032654681463
14.4,10.0,10.191430418905233,-6.311305469324828,-0.008339276118735306
14.41,10.0,10.191225237541197,-6.310600987591981,-0.009738788128537568
14.42,10.0,10.191020476578528,-6.309874344034907,-0.011200514165267794
14.43,10.0,10.190816136878713,-6.309126383489453,-0.012723784390606507
14.44,10.0,10.190612219379275,-6.308357986358846,-0.014294560664092959
14.45,10.0,10.190408724263277,-6.3075700170848545,-0.01592140435390821
14.46,10.0,10.190205651673125,-6.306763367217247,-0.017604458766960818
14.47,10.0,10.190003001530746,-6.305938941045092,-0.019343166911853338
14.48,10.0,10.189800773875472,-6.30509761688028,-0.021120949521824972
14.49,10.0,10.189598968138274,-6.304240327980036,-0.02293793930222998
14.5,10.0,10.18939758368638,-6.30336800057925,-0.02478631964148592
14.51,10.0,10.18919661968869,-6.302481568317076,-0.026656348896484605
14.52,10.0,10.188996074872433,-6.301582003733202,-0.028560136634413258
14.53,10.0,10.188795947927536,-6.3006702642137675,-0.03049245162479375
14.54,10.0,10.188596237344669,-6.299747312739632,-0.032446587209458144
14.55,10.0,10.188396941358588,-6.29881412472428,-0.03441998802501045
14.56,10.0,10.188198058000223,-6.297871657347312,-0.036414557153370275
14.57,10.0,10.187999585087226,-6.296920865855708,-0.038434133195091036
14.58,10.0,10.187801520206193,-6.2959627345226625,-0.0404796958657303
14.59,10.0,10.187603860736521,-6.294998234132746,-0.042555956183012
14.6,10.0,10.187406603930492,-6.294028344431615,-0.04466168132531578
14.61,10.0,10.187209747083436,-6.29305407403921,-0.0467745072672936
14.62,10.0,10.187013286960088,-6.292076387810968,-0.04890314399088824
14.63,10.0,10.186817220282373,-6.2910962662741445,-0.05104340885414338
14.64,10.0,10.18662154360882,-6.2901146876738405,-0.05318994194050841
14.65,10.0,10.186426253625562,-6.2891325722812805,-0.055340080229305144
14.66,10.0,10.186231346557085,-6.288150895634001,-0.05748529035910144
14.67,10.0,10.186036818611099,-6.287170603318635,-0.059617217506132025
14.68,10.0,10.185842665875128,-6.286192630967944,-0.06172598505277849
14.69,10.0,10.185648883795427,-6.285217948590376,-0.06382718434529311
14.7,10.0,10.185455467995533,-6.28424748933039,-0.06592010630635325
14.71,10.0,10.18526241402751,-6.283282170306911,-0.0680007553092854
14.72,10.0,10.185069717178129,-6.2823229087055115,-0.07007203854297561
14.73,10.0,10.18487737286878,-6.281370588239226,-0.07213183970300774
14.74,10.0,10.184685376511373,-6.280426070196376,-0.07417665282385633
14.75,10.0,10.184493723006845,-6.279490233438952,-0.0762136270341709
14.76,10.0,10.184302407337816,-6.278563925771397,-0.07824686240235312
14.77,10.0,10.184111424396724,-6.277647990671723,-0.0802748800686639
14.78,10.0,10.18392076898717,-6.276743303013062,-0.08227233857111038
14.79,10.0,10.18373043584834,-6.275850657010382,-0.08424523313383103
14.8,10.0,10.183540419647777,-6.2749708567489995,-0.08618535844242281
14.81,10.0,10.183350714992148,-6.274104691430623,-0.08808209696764813
14.82,10.0,10.18316131669545,-6.273252870690107,-0.08995384040199683
14.83,10.0,10.182972219260837,-6.2724161532237,-0.09178395421775143
14.84,10.0,10.182783417269462,-6.271595252444916,-0.09356684539805604
14.85,10.0,10.182594905297519,-6.270790858129246,-0.09529675529197634
14.86,10.0,10.182406677134244,-6.2700036895868205,-0.0969866676033262
14.87,10.0,10.182218726926445,-6.269234417048315,-0.0986410021968207
14.88,10.0,10.18203104896487,-6.268483675810102,-0.10026101117083108
14.89,10.0,10.18184363727452,-6.267752093769774,-0.10185489563748051
14.9,10.0,10.181656486355438,-6.267040253487404,-0.10341731764322049
14.91,10.0,10.181469591038175,-6.266348698307906,-0.1049338659411303
14.92,10.0,10.181282945278415,-6.265677986314207,-0.10641651497168025
14.93,10.0,10.181096543460576,-6.265028631150827,-0.10786577722554824
14.94,10.0,10.180910379900991,-6.264401132023009,-0.10927894475654121
14.95,10.0,10.180724448382241,-6.263796024000761,-0.11063971996762678
14.96,10.0,10.180538743474447,-6.263213736693813,-0.11194617051234834
14.97,10.0,10.180353259488474,-6.262654706878258,-0.11318789649400296
14.98,10.0,10.180167990757749,-6.262119348640594,-0.11435169238512266
14.99,10.0,10.179982932081973,-6.261607986373952,-0.11547258532977578
15.0,10.0,10.17979807787376,-6.261120985273368,-0.1165333894985432
15.01,10.0,10.179613422751574,-6.26065866160889,-0.11753317316431389
15.02,10.0,10.179428961432505,-6.260221299605219,-0.11847395719930809
15.03,10.0,10.179244687836567,-6.2598092109769325,-0.1193595757069974
15.04,10.0,10.179060596280038,-6.259422656552681,-0.12019585223974216
15.05,10.0,10.178876681430124,-6.2590618490489724,-0.12099083615403972
15.06,10.0,10.178692937693867,-6.258726992904472,-0.12175506591251661
15.07,10.0,10.178509360231828,-6.258418243763911,-0.12248174190218686
15.08,10.0,10.178325944960811,-6.258135708369732,-0.1231467524174148
15.09,10.0,10.178142686467938,-6.257879511499095,-0.1237623422405254
15.1,10.0,10.177959580118065,-6.257649728299168,-0.12432308831750705
15.11,10.0,10.177776621216443,-6.257446415361612,-0.12482336247286163
15.12,10.0,10.177593803747737,-6.257269672683833,-0.125268710205531
15.13,10.0,10.177411123643763,-6.257119484032377,-0.12564573400885726
15.14,10.0,10.177228576221177,-6.256995842578957,-0.1259453952620353
15.15,10.0,10.17704615684892,-6.256898718500899,-0.12615672352751872
15.16,10.0,10.176863861864637,-6.256827991758448,-0.12631879856568018
15.17,10.0,10.176681686837437,-6.256783580089375,-0.12642219963037293
15.18,10.0,10.17649962767585,-6.256765357697372,-0.1264718517726391
15.19,10.0,10.176317680481842,-6.2567731661848685,-0.12647874176849028
15.2,10.0,10.176135840604374,-6.256806873966202,-0.1264342286231872
15.21,10.0,10.175954103740946,-6.2568663079992035,-0.12633869643721418
15.22,10.0,10.175772466111328,-6.256951243112627,-0.12620626048898576
15.23,10.0,10.175590923672146,-6.257061450869904,-0.12604471898007663
15.24,10.0,10.175409473277314,-6.257196659128956,-0.12584773901111923
15.25,10.0,10.175228112951222,-6.257356545191068,-0.12559006979040443
15.26,10.0,10.175046838969324,-6.257540813590059,-0.1252773480509024
15.27,10.0,10.17486564865281,-6.2577491223917905,-0.12489819340770847
15.28,10.0,10.174684539278955,-6.257981113332318,-0.12444315192324229
15.29,10.0,10.174503505798382,-6.258236478849875,-0.1239466551182562
15.3,10.0,10.174322546371496,-6.258514801025033,-0.12338494537053046
15.31,10.0,10.174141658088876,-6.258815676862845,-0.12275481822473022
15.32,10.0,10.173960838067597,-6.25913868675533,-0.12205333759414305
15.33,10.0,10.173780085159235,-6.259483331956141,-0.12130683641167161
15.34,10.0,10.173599396810658,-6.259849150504268,-0.12051851089212295
15.35,10.0,10.173418770887997,-6.260235650429432,-0.11969936870028297
15.36,10.0,10.17323820557684,-6.26064231378126,-0.11886686830682702
15.37,10.0,10.173057698317567,-6.261068649458105,-0.11800178459122401
15.38,10.0,10.172877246821656,-6.261514141862852,-0.11709309684749769
15.39,10.0,10.172696849505446,-6.261978229257769,-0.11615720203644919
15.4,10.0,10.172516504490462,-6.262460355197725,-0.11519395200360982
15.41,10.0,10.172336210782365,-6.2629599320391565,-0.11419857016166057
15.42,10.0,10.17215596883977,-6.263476328181232,-0.11315946476469074
15.43,10.0,10.171975777151424,-6.2640089498162475,-0.1120691364788442
15.44,10.0,10.171795635372085,-6.2645571673908425,-0.11091357047028039
15.45,10.0,10.171615543154168,-6.265120342313928,-0.10968118731795462
15.46,10.0,10.171435496837049,-6.265697888734095,-0.10842998604226484
15.47,10.0,10.171255497058278,-6.266289133505772,-0.10713326095076292
15.48,10.0,10.17107554295243,-6.266893423984552,-0.10579723535779362
15.49,10.0,10.170895633619347,-6.267510101501097,-0.10443131855565824
15.5,10.0,10.170715770788656,-6.2681384499949795,-0.10303502544274457
15.51,10.0,10.170535954113925,-6.26877778834495,-0.1016220078507799
15.52,10.0,10.170356183610332,-6.269427423425431,-0.10020811629351467
15.53,10.0,10.170176459798952,-6.270086647876273,-0.0988110097785242
15.54,10.0,10.169996782344485,-6.270754779747042,-0.09740762791235547
15.55,10.0,10.169817151074986,-6.271431131596653,-0.09597553690908711
15.56,10.0,10.169637566813998,-6.272114985408046,-0.09452663380456183
15.57,10.0,10.169458029983039,-6.272805636640669,-0.09305000107256767
15.58,10.0,10.169278541750586,-6.2735023666951175,-0.09154220133366087
15.59,10.0,10.16909910481044,-6.274204427754051,-0.09002051535622435
15.6,10.0,10.16891971991428,-6.274911114757917,-0.08846169852297958
15.61,10.0,10.168740388932209,-6.275621703409185,-0.08685525399554894
15.62,10.0,10.168561113792029,-6.276335470368645,-0.08519272606966943
15.63,10.0,10.168381892478553,-6.277051736588492,-0.08353501038196143
15.64,10.0,10.168202727825841,-6.27776977412453,-0.08186504995867416
15.65,10.0,10.168023620902588,-6.278488877363964,-0.08019899659512486
15.66,10.0,10.167844572668855,-6.279208345984919,-0.07855861243603401
15.67,10.0,10.167665587489536,-6.279927452701646,-0.0769120428268999
15.68,10.0,10.167486667211401,-6.280645499452381,-0.07527417350415622
15.69,10.0,10.167307813795652,-6.281361793400704,-0.07366230044755984
15.7,10.0,10.167129029939145,-6.282075641788619,-0.0720858161941873
15.71,10.0,10.166950317223268,-6.282786371977262,-0.07052662675774135
15.72,10.0,10.166771677183602,-6.283493320559544,-0.06896019493477423
15.73,10.0,10.16659311283572,-6.284195817531052,-0.06738575290927162
15.74,10.0,10.16641462655816,-6.284893209925678,-0.06578328766665997
15.75,10.0,10.166236221277268,-6.285584848793298,-0.0641498438872592
15.76,10.0,10.166057901337373,-6.286270079003031,-0.06253801893836863
15.77,10.0,10.165879669295805,-6.286948279994266,-0.06091330722535293
15.78,10.0,10.165701528658717,-6.287618832254967,-0.05927552927925639
15.79,10.0,10.165523483030654,-6.288281127360086,-0.05762713807921038
15.8,10.0,10.165345532110766,-6.2889345771721885,-0.056000019656726074
15.81,10.0,10.165167680155674,-6.289578596133246,-0.054400161854874174
15.82,10.0,10.164989929687081,-6.290212615405127,-0.0528495324017646
15.83,10.0,10.164812283052047,-6.290836080060464,-0.051376223168487556
15.84,10.0,10.164634746364001,-6.2914484443168215,-0.04992557853779589
15.85,10.0,10.164457323206204,-6.292049180664808,-0.04850203642223727
15.86,10.0,10.16428001687687,-6.2926377774038205,-0.0471184747287392
15.87,10.0,10.164102831611162,-6.293213737566394,-0.04576861644828556
15.88,10.0,10.163925770185077,-6.293776573428047,-0.04444627296530612
15.89,10.0,10.163748834939245,-6.294325811064394,-0.04314217427390998
15.9,10.0,10.163572030365852,-6.294861001168594,-0.04183675880190041
15.91,10.0,10.163395359953007,-6.295381706870621,-0.04050780438168111
15.92,10.0,10.163218827539508,-6.295887510662355,-0.03915305872160779
15.93,10.0,10.16304243825706,-6.296378021061681,-0.03784952465577707
15.94,10.0,10.162866195486602,-6.29685285318858,-0.036564070152332206
15.95,10.0,10.162690103376852,-6.297311645746577,-0.03531106017514141
15.96,10.0,10.162514166159381,-6.29775405696012,-0.03411078461109973
15.97,10.0,10.162338385507963,-6.298179734588013,-0.03293792742237933
15.98,10.0,10.162162765934035,-6.298588378634959,-0.03182899292826091
15.99,10.0,10.161987310818125,-6.298979696047235,-0.03080450835624271
16.0,10.0,10.161812023671184,-6.299353411399491,-0.029876106092761034
16.01,10.0,10.161636909744876,-6.299709261239699,-0.02897329443854524
16.02,10.0,10.16146197210188,-6.300047008412974,-0.02811983902946613
16.03,10.0,10.161287214611383,-6.300366431411146,-0.027298122766084898
16.04,10.0,10.161112641189616,-6.300667331876441,-0.026497225228114818
16.05,10.0,10.160938255804442,-6.3009495405289,-0.025730294053112335
16.06,10.0,10.160764062490452,-6.301212894963107,-0.02496290796653433
16.07,10.0,10.160590065348531,-6.301457258965924,-0.024172816458474244
16.08,10.0,10.160416267727236,-6.301682504123604,-0.023382908159034876
16.09,10.0,10.16024267248024,-6.301888514337111,-0.022646055758261063
16.1,10.0,10.160069283442398,-6.30207521050179,-0.021957411432210083
16.11,10.0,10.159896103823035,-6.3022425241777515,-0.021350228525768067
16.12,10.0,10.159723137414959,-6.302390423506052,-0.02080548341512989
16.13,10.0,10.159550387721657,-6.302518892765343,-0.02032455496011254
16.14,10.0,10.159377857774874,-6.30262792842503,-0.01994414392916477
16.15,10.0,10.159205550745318,-6.302717554152188,-0.019684827814579364
16.16,10.0,10.159033471081175,-6.30278777270643,-0.019442960067049597
16.17,10.0,10.158861622095838,-6.302838640326173,-0.019218463073674474
16.18,10.0,10.15869000715154,-6.302870231182534,-0.019001679349281986
16.19,10.0,10.158518629759357,-6.302882633205257,-0.018764089897608027
16.2,10.0,10.158347491346868,-6.3028759439719035,-0.018600467051084646
16.21,10.0,10.158176595648753,-6.302850289825681,-0.01845933979825798
16.22,10.0,10.15800594551067,-6.302805811958697,-0.01833920034279002
16.23,10.0,10.157835543630002,-6.302742669178687,-0.0182442647973331
16.24,10.0,10.157665392257327,-6.302661034292562,-0.018209030627249767
16.25,10.0,10.157495493994402,-6.3025611037735665,-0.018232631785568998
16.26,10.0,10.157325851170413,-6.302443090204781,-0.0183301511814018
16.27,10.0,10.157156466174905,-6.302307217731355,-0.018498436372378357
16.28,10.0,10.156987341607032,-6.302153716381633,-0.018697894380567348
16.29,10.0,10.156818479464318,-6.3019828529365824,-0.018951452445700845
16.3,10.0,10.156649881860007,-6.301794903633332,-0.01925705148615986
16.31,10.0,10.156481550903187,-6.301590152705912,-0.01960476175966086
16.32,10.0,10.156313488653218,-6.301368897698366,-0.019980860423427504
16.33,10.0,10.15614569699263,-6.301131464280735,-0.020379202114296557
16.34,10.0,10.155978177776445,-6.300878188841202,-0.020787859141373044
16.35,10.0,10.155810932161678,-6.300609401856113,-0.021227109115242726
16.36,10.0,10.155643961449565,-6.30032545733375,-0.021703703592294676
16.37,10.0,10.155477267129122,-6.300026734336581,-0.022208503892342968
16.38,10.0,10.15531085038462,-6.299713619763266,-0.02274322356688474
16.39,10.0,10.155144712191895,-6.299386498582326,-0.023314374016599082
16.4,10.0,10.1549788534598,-6.299045779898821,-0.023926910883149688
16.41,10.0,10.154813274962612,-6.2986918845014594,-0.024587269167918535
16.42,10.0,10.154647977334353,-6.298325242749235,-0.025303457816928443
16.43,10.0,10.154482961541238,-6.29794627200381,-0.02604706101805432
16.44,10.0,10.154318227979967,-6.297555422867693,-0.02682624345928808
16.45,10.0,10.1541537771227,-6.2971531454788385,-0.02763343507188809
16.46,10.0,10.153989609332429,-6.296739899967359,-0.028460563119783622
16.47,10.0,10.153825724689352,-6.296316172165167,-0.02931489028346368
16.48,10.0,10.153662123415103,-6.295882434654139,-0.030180303683438492
16.49,10.0,10.153498805555962,-6.295439175565099,-0.031046215459630044
16.5,10.0,10.153335770917025,-6.294986882278221,-0.031912908470877355
16.51,10.0,10.153173018885331,-6.294526030783116,-0.03280688255021014
16.52,10.0,10.153010549122781,-6.2940571255124835,-0.03372068582813137
16.53,10.0,10.152848360971719,-6.293580664472878,-0.03466451104060031
16.54,10.0,10.152686453783875,-6.293097167099263,-0.03563674890953861
16.55,10.0,10.152524826853535,-6.292607166922846,-0.03663007602360224
16.56,10.0,10.152363479107454,-6.2921111776630045,-0.03765985696541563
16.57,10.0,10.152202409435954,-6.291609729371365,-0.038733727604788104
16.58,10.0,10.152041617145137,-6.291103319612103,-0.03983083875774396
16.59,10.0,10.151881101335231,-6.290592456460798,-0.040935371158570266
16.6,10.0,10.151720860809936,-6.290077664652887,-0.042041407739984216
16.61,10.0,10.151560894509217,-6.289559455401062,-0.04312956640755328
16.62,10.0,10.151401200430202,-6.289038402253971,-0.04422351375136868
16.63,10.0,10.151241777161736,-6.288515032655332,-0.045309878107133716
16.64,10.0,10.151082623159116,-6.2879898790047815,-0.0463760398129196
16.65,10.0,10.150923736658275,-6.287463483327684,-0.047415135661118324
16.66,10.0,10.15076511585011,-6.286936278171006,-0.048465349285557124
16.67,10.0,10.150606758720574,-6.2864088049623,-0.04952414797309457
16.68,10.0,10.150448663158452,-6.285881557295902,-0.05061025098133243
16.69,10.0,10.150290826943788,-6.285355037021554,-0.051738118439416336
16.7,10.0,10.15013324784588,-6.284829856721997,-0.05285813352137403
16.71,10.0,10.14997592338217,-6.284306493267341,-0.05400034229935535
16.72,10.0,10.149818850998376,-6.283785474839863,-0.05516531174520045
16.73,10.0,10.149662028550907,-6.28326728256878,-0.05634372988424641
16.74,10.0,10.149505454919886,-6.282752291381761,-0.05750710415415172
16.75,10.0,10.149349127582157,-6.282241007315224,-0.05864226714214782
16.76,10.0,10.14919304470717,-6.281733863758635,-0.05972070663494344
16.77,10.0,10.149037202996851,-6.281231383996415,-0.060754425011031454
16.78,10.0,10.148881598296434,-6.280734139660731,-0.0617776800099179
16.79,10.0,10.148726228336562,-6.2802425649192,-0.06276514559719581
16.8,10.0,10.148571089713164,-6.279757160705377,-0.0637219708470238
16.81,10.0,10.148416180766983,-6.279278231671714,-0.06466279170125144
16.82,10.0,10.148261499236611,-6.278806122391154,-0.06560757361678604
16.83,10.0,10.148107041943652,-6.27834124807001,-0.0665817851981485
16.84,10.0,10.14795280633479,-6.277883937491469,-0.06762052936636653
16.85,10.0,10.147798788478232,-6.277434784007059,-0.06863863459769215
16.86,10.0,10.147644985485417,-6.276994156808697,-0.06964199364735402
16.87,10.0,10.14749139435135,-6.27656243637146,-0.070625013523125
16.88,10.0,10.147338011849957,-6.276140036823174,-0.07156039922187762
16.89,10.0,10.147184835745662,-6.275727180584757,-0.07249477261931148
16.9,10.0,10.147031862710863,-6.275324284054581,-0.07338404693332246
16.91,10.0,10.146879089815416,-6.274931683552892,-0.07420952413385518
16.92,10.0,10.146726513953846,-6.274549706749741,-0.07496153022194685
16.93,10.0,10.14657413071391,-6.2741786975686615,-0.075704331679328
16.94,10.0,10.1464219370918,-6.273818954452687,-0.07642171451650093
16.95,10.0,10.146269929417494,-6.273470776511516,-0.07713568192857778
16.96,10.0,10.146118104537708,-6.273134424967907,-0.07785435482030811
16.97,10.0,10.145966460552199,-6.2728100933386735,-0.07854709042876928
16.98,10.0,10.145814993776101,-6.27249802626163,-0.07925080022654551
16.99,10.0,10.145663701347049,-6.27219841598929,-0.07998002961683826
17.0,10.0,10.145512579981016,-6.271911511617375,-0.08071219305541488
17.01,10.0,10.145361626210033,-6.271637585918827,-0.0814021375833387
17.02,10.0,10.145210837333947,-6.271376797983233,-0.08204508558665946
17.03,10.0,10.145060210389579,-6.271129345186293,-0.08260523878411163
17.04,10.0,10.144909742694718,-6.2708953319404594,-0.08311946406882109
17.05,10.0,10.14475943157617,-6.270674872470456,-0.08359849702769884
17.06,10.0,10.144609274344132,-6.270468102446337,-0.08401551445084099
17.07,10.0,10.144459268475185,-6.270275113421769,-0.08436870544292807
17.08,10.0,10.144309409896827,-6.270096055754347,-0.08469709424084781
17.09,10.0,10.144159695936334,-6.269931001059761,-0.08500555978762492
17.1,10.0,10.144010123816388,-6.269780010398539,-0.08530609677288181
17.11,10.0,10.143860690584702,-6.269643139563335,-0.08561692668309906
17.12,10.0,10.14371139370594,-6.269520469520488,-0.08588042267589069
17.13,10.0,10.143562230162784,-6.269412023679148,-0.08612998900727975
17.14,10.0,10.143413197113222,-6.269317828383593,-0.08636803978164531
17.15,10.0,10.14326429189694,-6.269237891880835,-0.08659205771786072
17.16,10.0,10.14311551280102,-6.2691721781316145,-0.08677424478944573
17.17,10.0,10.14296685695564,-6.269120678781841,-0.0869174450413821
17.18,10.0,10.142818321990598,-6.269083356506213,-0.08701112176132675
17.19,10.0,10.142669905407558,-6.2690601645994875,-0.08705674929314533
17.2,10.0,10.142521604440413,-6.26905105041628,-0.08707771795432295
17.21,10.0,10.142373416919998,-6.269055934070873,-0.08705799997328478
17.22,10.0,10.14222534049902,-6.269074727529298,-0.08699712529163994
17.23,10.0,10.142077373001051,-6.26910732337473,-0.08690313983295006
17.24,10.0,10.141929512329858,-6.269153598806148,-0.08678718410190767
17.25,10.0,10.141781756266136,-6.269213424602346,-0.08665133945319115
17.26,10.0,10.141634102715846,-6.26928665417049,-0.0865034764432493
17.27,10.0,10.141486549833127,-6.269373146136437,-0.08633052390301765
17.28,10.0,10.141339095744563,-6.269472737583236,-0.08612933702163916
17.29,10.0,10.141191738553522,-6.269585244469862,-0.08590621456906211
17.3,10.0,10.141044476483085,-6.269710475506385,-0.08566089429181734
17.31,10.0,10.140897308167524,-6.269848234016626,-0.08538540924363813
17.32,10.0,10.140750232016739,-6.269998304713801,-0.08507749895813399
17.33,10.0,10.140603246550825,-6.270160460661834,-0.08473354987445303
17.34,10.0,10.140456350402902,-6.270334463845343,-0.08434878832917736
17.35,10.0,10.140309541911392,-6.2705200846557405,-0.0839397370780195
17.36,10.0,10.140162819848502,-6.270717062283213,-0.083501719158944
17.37,10.0,10.140016182894774,-6.270925133285122,-0.0830395093628633
17.38,10.0,10.139869629812239,-6.27114402609263,-0.08255763374269742
17.39,10.0,10.139723159687714,-6.271373467144808,-0.08204814809644434
17.4,10.0,10.139576771331178,-6.271613167199714,-0.08152100786175032
17.41,10.0,10.13943046373127,-6.271862832446337,-0.08098115155258867
17.42,10.0,10.139284236020464,-6.272122157639508,-0.08042832696662927
17.43,10.0,10.13913808755938,-6.272390821808204,-0.07985084665033382
17.44,10.0,10.138992017582435,-6.272668508472672,-0.07925205170076888
17.45,10.0,10.138846025506824,-6.272954888798364,-0.07862731258533495
17.46,10.0,10.138700110756574,-6.273249635006614,-0.07797809043799342
17.47,10.0,10.138554272807578,-6.273552416965143,-0.07730824874079945
17.48,10.0,10.13840851134373,-6.273862888985798,-0.07661105307354754
17.49,10.0,10.138262826085993,-6.274180705436136,-0.07588356824366915
17.5,10.0,10.13811721663063,-6.274505500858095,-0.07513546368021107
17.51,10.0,10.137971682700915,-6.274836909117757,-0.07437367927864358
17.52,10.0,10.137826224164154,-6.275174565070855,-0.07360144424473347
17.53,10.0,10.137680840877996,-6.275518093514473,-0.07282773262897457
17.54,10.0,10.137535533004508,-6.275867147833524,-0.07204088808951692
17.55,10.0,10.137390300572752,-6.276221353375642,-0.0712473245347307
17.56,10.0,10.137245143696413,-6.276580336558528,-0.07045219507013467
17.57,10.0,10.13710006259224,-6.276943726132707,-0.06965788613637569
17.58,10.0,10.13695505784017,-6.277311101171627,-0.0688496904598992
17.59,10.0,10.136810129825609,-6.2776820888888905,-0.068027945744225
17.6,10.0,10.136665279143077,-6.278056295209724,-0.06718465589147549
17.61,10.0,10.136520506406107,-6.278433331509504,-0.06631419915236725
17.62,10.0,10.136375811788879,-6.278812860913268,-0.06543875816721245
17.63,10.0,10.136231196147046,-6.279194486598342,-0.06454586347925284
17.64,10.0,10.136086660158067,-6.279577838247017,-0.06363615918361054
17.65,10.0,10.135942204588032,-6.279962524605636,-0.06271439692106506
17.66,10.0,10.13579783033986,-6.280348108050265,-0.06179256091347529
17.67,10.0,10.135653538218188,-6.280734218872252,-0.06087762150820453
17.68,10.0,10.135509329125144,-6.281120457073638,-0.05998266617527248
17.69,10.0,10.13536520403391,-6.281506473843418,-0.05910143346887686
17.7,10.0,10.135221163973378,-6.28189194700938,-0.0582186524229531
17.71,10.0,10.135077209980988,-6.282276496693545,-0.05734507331735994
17.72,10.0,10.134933343152097,-6.282659782539022,-0.05647752248207327
17.73,10.0,10.134789565222436,-6.283041370569916,-0.05561186096226978
17.74,10.0,10.134645877855695,-6.283420860710067,-0.05474062885996478
17.75,10.0,10.134502282609875,-6.283797893895991,-0.053852572661928555
17.76,10.0,10.134358781360568,-6.284172078128486,-0.05293343999833189
17.77,10.0,10.13421537414679,-6.2845432003811394,-0.05201730391195225
17.78,10.0,10.13407206251417,-6.284910917956105,-0.05110011266773018
17.79,10.0,10.133928847802656,-6.285274916713698,-0.050183925511502636
17.8,10.0,10.13378573110953,-6.285634913337235,-0.04927892157509772
17.81,10.0,10.133642715961138,-6.28599035399693,-0.04838189092987122
17.82,10.0,10.133499803349231,-6.286340980538157,-0.04751083724826488
17.83,10.0,10.133356995280232,-6.286686424957568,-0.046680915756025954
17.84,10.0,10.133214293682975,-6.287026350732182,-0.045899506239449384
17.85,10.0,10.13307169932862,-6.287360655292422,-0.0451140446595959
17.86,10.0,10.132929214499745,-6.2876889720684,-0.04433948604461113
17.87,10.0,10.132786840945954,-6.288011053121099,-0.04355993299761218
17.88,10.0,10.132644580552663,-6.288326623945973,-0.04277232606086523
17.89,10.0,10.13250243548221,-6.288635337818874,-0.04200429817550422
17.9,10.0,10.13236040750475,-6.288936989186641,-0.04123117223220296
17.91,10.0,10.1322184985685,-6.289231330808767,-0.04044723497128011
17.92,10.0,10.132076710296241,-6.289518138352969,-0.03966458395932593
17.93,10.0,10.131935044142145,-6.28979720317034,-0.03890517762332335
17.94,10.0,10.131793501904248,-6.29006830921183,-0.03817463965967649
17.95,10.0,10.131652085120267,-6.290331259735334,-0.037493347541571076
17.96,10.0,10.131510796453409,-6.2905858061634925,-0.03684081700827324
17.97,10.0,10.131369638215011,-6.29083172464419,-0.03621316310228506
17.98,10.0,10.131228612312734,-6.291068818419074,-0.03562535597919503
17.99,10.0,10.131087721086661,-6.291296873986664,-0.03507909699724987
18.0,10.0,10.130946965827054,-6.291515824649119,-0.034550634610387654
18.01,10.0,10.13080634877127,-6.291725502258659,-0.034029629621748825
18.02,10.0,10.13066587208102,-6.291925765582416,-0.033498250491974524
18.03,10.0,10.130525537811392,-6.292116501988926,-0.03293238983161384
18.04,10.0,10.130385348175485,-6.292297475973464,-0.03240570735608417
18.05,10.0,10.130245305217052,-6.292468606273663,-0.0318861162615347
18.06,10.0,10.130105411039033,-6.292629767776268,-0.031381745179956066
18.07,10.0,10.129965667638666,-6.292780852000714,-0.030902111666563314
18.08,10.0,10.129826076500969,-6.292921819383696,-0.03043964697364876
18.09,10.0,10.129686639783198,-6.293052560572399,-0.030011250456090544
18.1,10.0,10.12954735936706,-6.293173004039418,-0.02962807924800792
18.11,10.0,10.12940823709472,-6.2932831006988375,-0.029286967284816168
18.12,10.0,10.129269274761667,-6.293382830881154,-0.028961380256399494
18.13,10.0,10.129130474168859,-6.293472153503419,-0.028667332027515702
18.14,10.0,10.128991837075299,-6.29355105229245,-0.02840344211680179
18.15,10.0,10.128853365432661,-6.293619505717571,-0.02816401906928112
18.16,10.0,10.12871506122132,-6.293677499771668,-0.02794166740314763
18.17,10.0,10.128576926151306,-6.293725051276262,-0.02773204062528878
18.18,10.0,10.128438962044005,-6.293762178134271,-0.027527774239939795
18.19,10.0,10.128301170137062,-6.293788912323182,-0.027345840468448568
18.2,10.0,10.128163551911152,-6.293805294390231,-0.027191071136318357
18.21,10.0,10.128026109026528,-6.293811373874956,-0.027058957824271257
18.22,10.0,10.127888842944095,-6.293807211832064,-0.02695236921573274
18.23,10.0,10.127751755076464,-6.2937928798257605,-0.026874887158579774
18.24,10.0,10.127614847102421,-6.293768431207377,-0.02681316549878998
18.25,10.0,10.127478120289355,-6.293733963002085,-0.02677494063033148
18.26,10.0,10.127341575981657,-6.29368957129919,-0.026761632292864324
18.27,10.0,10.12720521549456,-6.293635360950235,-0.026774300312707666
18.28,10.0,10.127069040070861,-6.293571444707253,-0.02681269333444991
18.29,10.0,10.126933050778135,-6.293497938438336,-0.026871068502310802
18.3,10.0,10.126797248857205,-6.293414977349353,-0.026952365031247982
18.31,10.0,10.12666163542254,-6.293322702036462,-0.02705601780357547
18.32,10.0,10.126526211545189,-6.293221262347571,-0.02718133114018073
18.33,10.0,10.126390978162963,-6.293110806999684,-0.027327984095328883
18.34,10.0,10.126255936138357,-6.2929914902755675,-0.027495704430918977
18.35,10.0,10.126121086431624,-6.292863492025159,-0.027683295703818
18.36,10.0,10.125986429886085,-6.292726992852562,-0.027889844424798138
18.37,10.0,10.1258519672957,-6.292582181925999,-0.0281143400913888
18.38,10.0,10.125717699226644,-6.292429235750851,-0.02835854189647824
18.39,10.0,10.12558362632356,-6.292268354604647,-0.02862205812139962
18.4,10.0,10.125449749219275,-6.292099751796022,-0.028903796699205397
18.41,10.0,10.125316068444764,-6.291923642953028,-0.029203411929214607
18.42,10.0,10.125182584474631,-6.291740251433633,-0.029520573710590803
18.43,10.0,10.12504929761885,-6.291549769065821,-0.02985475814489469
18.44,10.0,10.124916208264956,-6.2913524439821344,-0.03020571606022182
18.45,10.0,10.124783316694726,-6.29114851412998,-0.03057311844187338
18.46,10.0,10.124650623129538,-6.2909382237340195,-0.030956643982705367
18.47,10.0,10.124518127726912,-6.29072181786121,-0.031355748601895606
18.48,10.0,10.124385830568189,-6.290499526856103,-0.031769044329134744
18.49,10.0,10.124253731698198,-6.290271616540606,-0.03219630184996025
18.5,10.0,10.124121831091497,-6.290038345472851,-0.032636745607083295
18.51,10.0,10.123990128661374,-6.289799976366959,-0.03308950920423115
18.52,10.0,10.123858624267678,-6.289556768894044,-0.033554256871160426
18.53,10.0,10.123727317712092,-6.289308983438783,-0.0340308164728822
18.54,10.0,10.123596208724265,-6.289056892886132,-0.03451808842112314
18.55,10.0,10.123465296978527,-6.288800767627161,-0.035015370132684964
18.56,10.0,10.12333458208863,-6.288540879785111,-0.035521946723097164
18.57,10.0,10.123204063643792,-6.288277510391454,-0.03603756199018737
18.58,10.0,10.123073741150442,-6.288010936948461,-0.03656166251441495
18.59,10.0,10.122943614050655,-6.28774143694702,-0.037093639651134325
18.6,10.0,10.12281368173741,-6.287469290720882,-0.03763303014927266
18.61,10.0,10.122683943547143,-6.287194779577052,-0.038179421288726534
18.62,10.0,10.122554398760045,-6.286918185539895,-0.03873245690244187
18.63,10.0,10.122425046647443,-6.286639789225298,-0.03929101810540625
18.64,10.0,10.122295886429521,-6.286359871276267,-0.03985397587183326
18.65,10.0,10.122166917214342,-6.286078714541325,-0.04042127148614272
18.66,10.0,10.122038138091128,-6.285796600125098,-0.040992292379671724
18.67,10.0,10.121909548099882,-6.285513808351755,-0.041566416444206
18.68,10.0,10.121781146232092,-6.2852306184925455,-0.04214301058046899
18.69,10.0,10.12165293144294,-6.284947309341411,-0.04272128240448403
18.7,10.0,10.121524902668273,-6.284664160141486,-0.04330007103426059
18.71,10.0,10.121397058747633,-6.284381444577067,-0.0438788408369748
18.72,10.0,10.12126939849846,-6.284099435927007,-0.04445673885233381
18.73,10.0,10.12114192069546,-6.283818405215017,-0.04503286712872101
18.74,10.0,10.121014624071476,-6.283538620948781,-0.04560627958678887
18.75,10.0,10.120887507321907,-6.28326034868672,-0.0461760498177497
18.76,10.0,10.120760569241494,-6.282983844169085,-0.04674400086053798
18.77,10.0,10.120633808396459,-6.2827093690408065,-0.047308091452612056
18.78,10.0,10.120507223392984,-6.282437177579404,-0.04786779384276807
18.79,10.0,10.120380812805113,-6.282167519982469,-0.048422623071281645
18.8,10.0,10.120254575175982,-6.28190064208851,-0.04897214104207581
18.81,10.0,10.120128509019109,-6.281636785097809,-0.049515961147808873
18.82,10.0,10.120002612780302,-6.281376198535342,-0.050053827328293554
18.83,10.0,10.119876884916247,-6.281119113926544,-0.0505854708427822
18.84,10.0,10.119751323855658,-6.280865758021449,-0.051110691016991616
18.85,10.0,10.119625927993386,-6.280616354927915,-0.0516293732964479
18.86,10.0,10.119500695698967,-6.2803711233724435,-0.05214147955291737
18.87,10.0,10.119375625317739,-6.28013027646376,-0.052647052528856486
18.88,10.0,10.119250715329722,-6.279894021242112,-0.053143942004399314
18.89,10.0,10.119125964160236,-6.279662558701623,-0.05363056065808958
18.9,10.0,10.119001370061776,-6.279436083715918,-0.054107611642559617
18.91,10.0,10.118876931369664,-6.279214784455897,-0.05457441620444303
18.92,10.0,10.118752646412489,-6.278998842276544,-0.05503022840934224
18.93,10.0,10.118628513514004,-6.278788431479437,-0.055474228250261604
18.94,10.0,10.118504530926025,-6.278583727166721,-0.05590583679129746
18.95,10.0,10.118380696781774,-6.278384910702976,-0.05632493666714189
18.96,10.0,10.118257009457981,-6.278192127237118,-0.05673018307068034
18.97,10.0,10.118133467217483,-6.278005527601685,-0.05712067484969463
18.98,10.0,10.118010068318137,-6.2778252555265235,-0.05749544791592465
18.99,10.0,10.117886811014065,-6.2776514474782505,-0.05785347134489727
19.0,10.0,10.117763693573044,-6.27748423252148,-0.058194053119756006
19.01,10.0,10.11764071452132,-6.277323732487453,-0.05852302501554041
19.02,10.0,10.117517872019132,-6.2771700609678405,-0.058836840224136155
19.03,10.0,10.117395164381533,-6.277023323856377,-0.059135770675293076
19.04,10.0,10.117272589936476,-6.276883618994787,-0.05942026534540212
19.05,10.0,10.117150147026742,-6.276751036013212,-0.05969096407939234
19.06,10.0,10.11702783401194,-6.276625656170612,-0.059948712313367514
19.07,10.0,10.11690564887535,-6.276507581458468,-0.06019068618385548
19.08,10.0,10.116783590036581,-6.276396874397839,-0.06041838617198114
19.09,10.0,10.11666165587199,-6.276293593545455,-0.06063291170306062
19.1,10.0,10.116539844708129,-6.276197793964642,-0.060834891523819934
19.11,10.0,10.116418154879849,-6.276109522908771,-0.0610250505603116
19.12,10.0,10.116296584731046,-6.2760288197504135,-0.06120421213486238
19.13,10.0,10.116175133033112,-6.27595571703802,-0.06136754833307845
19.14,10.0,10.116053798410332,-6.275890238871875,-0.06151250668676633
19.15,10.0,10.115932579190764,-6.275832400428671,-0.06164087672557095
19.16,10.0,10.11581147394731,-6.275782209349219,-0.061751351341046146
19.17,10.0,10.115690481294648,-6.27573966511738,-0.06184233628857161
19.18,10.0,10.115569599891929,-6.275704758994411,-0.06191192653048394
19.19,10.0,10.11544882816421,-6.275677482245008,-0.06196162561410823
19.2,10.0,10.115328164248146,-6.27565782775223,-0.06199708066149623
19.21,10.0,10.11520760713353,-6.275645756374395,-0.06201289856987735
19.22,10.0,10.115087155466458,-6.275641232245884,-0.0620085897661411
19.23,10.0,10.114966807916202,-6.27564421197297,-0.06198369572840878
19.24,10.0,10.114846563175577,-6.275654644637106,-0.06193779632356766
19.25,10.0,10.114726419982132,-6.2756724741115635,-0.061871576799267025
19.26,10.0,10.114606377277475,-6.275697657337172,-0.06179510237473784
19.27,10.0,10.114486433724643,-6.27573011067611,-0.06170325906065455
19.28,10.0,10.114366588134256,-6.275769756597021,-0.06159723713631138
19.29,10.0,10.114246839341833,-6.275816510353782,-0.061478381318967434
19.3,10.0,10.114127186207769,-6.275870279985492,-0.06134819056837171
19.31,10.0,10.11400762761736,-6.275930966316482,-0.06120831830090845
19.32,10.0,10.113888163104098,-6.27599849308823,-0.06104870068257662
19.33,10.0,10.11376879145591,-6.2760727395821085,-0.06087410242668834
19.34,10.0,10.113649511663361,-6.276153586457962,-0.0606860569290395
19.35,10.0,10.113530322819294,-6.276240910901162,-0.06048477840170974
19.36,10.0,10.11341122405063,-6.276334583327211,-0.060270460032974205
19.37,10.0,10.11329221460097,-6.276434477786812,-0.06004272484377515
19.38,10.0,10.113173293956493,-6.276540487829861,-0.05979978816596776
19.39,10.0,10.113054461231862,-6.276652449130324,-0.059542542299510615
19.4,10.0,10.112935715753162,-6.276770212934711,-0.059270679233925705
19.41,10.0,10.11281705688646,-6.27689362446247,-0.05898383074326907
19.42,10.0,10.112698484037814,-6.277022522905993,-0.05868156851011963
19.43,10.0,10.112579996647993,-6.2771567838497475,-0.05836684930070368
19.44,10.0,10.112461594200948,-6.277296251199984,-0.05804048643343851
19.45,10.0,10.112343276223417,-6.277440740300335,-0.05770140270229662
19.46,10.0,10.112225042279839,-6.2775900788777115,-0.057349956072525465
19.47,10.0,10.112106891974488,-6.277744089811168,-0.05698654007655701
19.48,10.0,10.111988824951645,-6.277902591319023,-0.056611629891035076
19.49,10.0,10.111870840903237,-6.2780654062068475,-0.05622805059978919
19.5,10.0,10.111752939550117,-6.2782323392505495,-0.05583542954013199
19.51,10.0,10.11163512065728,-6.278403195567305,-0.055434702543732506
19.52,10.0,10.111517384029698,-6.27857777559022,-0.05502688128671673
19.53,10.0,10.11139972951232,-6.278755875068324,-0.05461305321788967
19.54,10.0,10.111282157009116,-6.278937326244885,-0.054192265209317414
19.55,10.0,10.11116466647563,-6.279121981768663,-0.05376235033201837
19.56,10.0,10.111047257865643,-6.2793095993163295,-0.05332585811354984
19.57,10.0,10.110929931193525,-6.279499976494099,-0.05288312073722867
19.58,10.0,10.110812686514562,-6.279692908216993,-0.052434443913807804
19.59,10.0,10.110695523924928,-6.279888186708828,-0.05198010663092956
19.6,10.0,10.11057844362333,-6.280085610596461,-0.05151890161059525
19.61,10.0,10.110461445787138,-6.280284966631477,-0.05105106909479051
19.62,10.0,10.110344530636853,-6.280486039203973,-0.05057676979113834
19.63,10.0,10.110227698446927,-6.280688611940355,-0.050095828276170096
19.64,10.0,10.1101109495341,-6.280892465978052,-0.04960801026262973
19.65,10.0,10.109994284206984,-6.281097399109484,-0.04911390813888472
19.66,10.0,10.109877702567308,-6.281303301316959,-0.048618436823183675
19.67,10.0,10.10976120516917,-6.281509904259316,-0.04811924047917038
19.68,10.0,10.109644792437328,-6.281717002314883,-0.04761692189341238
19.69,10.0,10.10952846483277,-6.281924389669345,-0.04711213105664669
19.7,10.0,10.109412222852711,-6.282131860315741,-0.046605565141003114
19.71,10.0,10.10929606703184,-6.2823392070202795,-0.04609864040736
19.72,10.0,10.109179997940911,-6.282546222495249,-0.04559273023154731
19.73,10.0,10.109064016185757,-6.282752700200734,-0.045088644096007435
19.74,10.0,10.108948122409233,-6.2829584327496235,-0.04458766399030911
19.75,10.0,10.108832317290547,-6.283163212457839,-0.04409118686263236
19.76,10.0,10.108716601545273,-6.2833668313367825,-0.04360072958195804
19.77,10.0,10.108600975727368,-6.283569165892357,-0.04310938178497903
19.78,10.0,10.108485440659754,-6.2837699926875255,-0.042620409060633246
19.79,10.0,10.1083699971203,-6.283969122832997,-0.042133694539575606
19.8,10.0,10.108254645905395,-6.284166374773244,-0.04164848780030406
19.81,10.0,10.108139387837138,-6.2843615711930445,-0.04116372078727171
19.82,10.0,10.108024223721987,-6.284554533941561,-0.04068074068546901
19.83,10.0,10.107909154323641,-6.2847450808379435,-0.04020508006684853
19.84,10.0,10.107794180557605,-6.28493305193925,-0.039733139788512783
19.85,10.0,10.107679303298829,-6.285118284399291,-0.03926519673152229
19.86,10.0,10.107564523436817,-6.285300620202596,-0.038801577630518835
19.87,10.0,10.107449841874331,-6.285479906407232,-0.038342668683731596
19.88,10.0,10.107335259567764,-6.285655969254352,-0.03788949330738145
19.89,10.0,10.107220777455888,-6.285828658280387,-0.03744276793243517
19.9,10.0,10.107106396477693,-6.285997834563516,-0.037003172457105826
19.91,10.0,10.106992117594825,-6.286163356092714,-0.03657168338953731
19.92,10.0,10.10687794177887,-6.286325085154643,-0.03614942788180686
19.93,10.0,10.10676387001628,-6.286482887941212,-0.03573726065306282
19.94,10.0,10.106649903371782,-6.2866366293147635,-0.03533105365094191
19.95,10.0,10.106536042821721,-6.286786186604623,-0.03493383392380123
19.96,10.0,10.106422289388814,-6.28693143847478,-0.0345458526132687
19.97,10.0,10.106308644104319,-6.287072268063064,-0.034167287934045776
19.98,10.0,10.106195108007274,-6.28720856305691,-0.03379823637496848
19.99,10.0,10.106081682116995,-6.287340220352036,-0.03343905851077311
20.0,10.0,10.105968367451363,-6.2874671428590725,-0.033090117105003314
20.0,10.0,10.105968367451363,-6.2874671428590725,-0.033090117105003314
