time,setpoint.y,gantry.x,gantry.theta,pid.y
0.0,10.0,0.0,0.0,300.0
0.01,10.0,0.0014975530828158516,-0.0014942104969904865,300.0
0.02,10.0,0.005980487961529918,-0.005951079726525236,300.0
0.03,10.0,0.0134343545631482,-0.013326363198243141,300.0
0.04,10.0,0.023844871390399935,-0.023568837189016662,300.0
0.05,10.0,0.03719790479957335,-0.03662093793730087,300.0
0.06,10.0,0.05347944425893451,-0.05241941070638717,300.0
0.07,10.0,0.07267557446017694,-0.07089594428612932,300.0
0.08,10.0,0.09477244515361882,-0.09197777111657307,300.0
0.09,10.0,0.11973784244307185,-0.11557162834988353,271.19624225141905
0.1,10.0,0.14729457057698017,-0.141362998840957,235.23507663410794
0.11,10.0,0.17707098668244975,-0.16895802960969467,207.16124606021407
0.12,10.0,0.20877281606254217,-0.1980382080265201,183.76150654158215
0.13,10.0,0.2421552653558271,-0.22833351331336324,163.56565488801886
0.14,10.0,0.2770068990927213,-0.2596067283265793,145.82294945674778
0.15,10.0,0.31314203796794476,-0.29164584214183825,130.1066726433407
0.16,10.0,0.3503961759031365,-0.32425939510976853,116.13337526860715
0.17,10.0,0.3886229804368111,-0.35727343286994556,103.68935344894277
0.18,10.0,0.42769219662853003,-0.3905294392612608,92.60093753202182
0.19,10.0,0.4674875730525841,-0.4238823768319232,82.71763864589286
0.2,10.0,0.5079054133826709,-0.4571994394927537,73.90799047189432
0.21,10.0,0.5488533601757629,-0.4903590903353192,66.05672486453108
0.22,10.0,0.5902491350211908,-0.523250066896622,59.06052486274149
0.23,10.0,0.6320195603142097,-0.5557706972117196,52.82824329401217
0.24,10.0,0.6740993178685378,-0.5878280098569213,47.27648735424316
0.25,10.0,0.7164303483857567,-0.6193374296059213,42.331808105191044
0.26,10.0,0.7589609458557892,-0.6502221969178393,37.92828466105374
0.27,10.0,0.8016452148314271,-0.6804130650691451,34.00730014735393
0.28,10.0,0.8444423748927888,-0.7098478399779766,30.516286271499553
0.29,10.0,0.8873162559857537,-0.7384710341493094,27.40822168620184
0.3,10.0,0.9302347610648241,-0.7662334600455448,24.641058220814955
0.31,10.0,0.9731694494740295,-0.7930918733458507,22.17730533042601
0.32,10.0,1.0160951322670788,-0.8190085854997378,19.983524392901074
0.33,10.0,1.0589895323163474,-0.8439510813189579,18.029878050105367
0.34,10.0,1.1018329625641219,-0.8678916162431504,16.289733286976514
0.35,10.0,1.1446080439533741,-0.8908068139881961,14.739351028182057
0.36,10.0,1.1872994469837876,-0.912677265084269,13.357602817092015
0.37,10.0,1.229893664967086,-0.9334871365029455,12.125702388375373
0.38,10.0,1.272378811887741,-0.9532237970390338,11.026943306551516
0.39,10.0,1.314744440704282,-0.9718774605382118,10.046469338177701
0.4,10.0,1.356981382384915,-0.9894408512999315,9.171083236458344
0.41,10.0,1.399081600440494,-1.005908893108494,8.389073966619605
0.42,10.0,1.4410380660826383,-1.0212784319071906,7.690059029986514
0.43,10.0,1.4828446518472593,-1.0355479957943388,7.064842196863481
0.44,10.0,1.5244960102216483,-1.0487175273667566,6.505265423519063
0.45,10.0,1.5659874719136317,-1.0607881577886167,6.0040837858273335
0.46,10.0,1.6073149611801127,-1.0717620087960464,5.554842926560411
0.47,10.0,1.6484750366065917,-1.0816422571974835,5.151905025510587
0.48,10.0,1.6894646417243866,-1.0904326128558925,4.790166282904011
0.49,10.0,1.7302812334105613,-1.0981376158611562,4.465210534678647
0.5,10.0,1.7709225648387905,-1.1047621137430328,4.173011985721644
0.51,10.0,1.8113868178179264,-1.1103116436035572,3.910113135686913
0.52,10.0,1.8516723916212097,-1.114791895472718,3.673350814941614
0.53,10.0,1.8917780366098884,-1.1182091291612306,3.4600169862672487
0.54,10.0,1.9317026798647428,-1.1205697128239243,3.2676396985777956
0.55,10.0,1.971445476696536,-1.1218803161930726,3.0940400987899466
0.56,10.0,2.011005745080223,-1.1221477613219446,2.9372487382611325
0.57,10.0,2.0503829976130117,-1.1213791496405539,2.795546716944955
0.58,10.0,2.0895768625922466,-1.1195816841631412,2.667357370175239
0.59,10.0,2.12858712427789,-1.1167628199695263,2.551300934026301
0.6,10.0,2.167413667669159,-1.1129301533531686,2.446117357126809
0.61,10.0,2.206056499210921,-1.1080915274441057,2.3506921376758783
0.62,10.0,2.2445157113038667,-1.1022549722520323,2.2640088545071535
0.63,10.0,2.282791487908151,-1.095428774828475,2.1851535966774236
0.64,10.0,2.3208840878229595,-1.0876214744315431,2.1132930760377917
0.65,10.0,2.358793840507384,-1.0788419043851571,2.047667183654255
0.66,10.0,2.3965211399294035,-1.069099223602108,1.9875801739098051
0.67,10.0,2.4340664362342617,-1.0584029430613677,1.9323884838996719
0.68,10.0,2.471430237015129,-1.0467629868718211,1.8815012591605296
0.69,10.0,2.5086130955406114,-1.0341897044775938,1.834363833980376
0.7,10.0,2.545615616620328,-1.020693952386557,1.7904651859749947
0.71,10.0,2.5824384436505645,-1.0062870994600703,1.7493192194465905
0.72,10.0,2.619082264808236,-0.9909811111473343,1.7104750455700355
0.73,10.0,2.65554780311879,-0.9747885662486666,1.6735008362393842
0.74,10.0,2.6918358197165198,-0.9577227228358238,1.6379927231900524
0.75,10.0,2.7279471071485895,-0.9397975521180226,1.6035622848260118
0.76,10.0,2.7638824911491757,-0.9210277827017629,1.5698446862810442
0.77,10.0,2.799642825478639,-0.9014289468460075,1.5364888887523875
0.78,10.0,2.835228992890018,-0.8810174013259152,1.5031652978985903
0.79,10.0,2.870641901013313,-0.8598103807120018,1.4695584385834195
0.8,10.0,2.9058824821736002,-0.8378259941988113,1.4353737870717964
0.81,10.0,2.940951690320214,-0.8150832782250822,1.4003328499014742
0.82,10.0,2.975850499508593,-0.7916021730271299,1.3641786099300361
0.83,10.0,3.010579901581296,-0.7674035632715754,1.3266729398689563
0.84,10.0,3.045140903735781,-0.7425092438294113,1.287600356428186
0.85,10.0,3.079534526351211,-0.7169419347352104,1.2467673511448538
0.86,10.0,3.1137618002905705,-0.6907252493335648,1.2040047200730442
0.87,10.0,3.147823764369131,-0.6638836714329507,1.159167934574043
0.88,10.0,3.181721462815642,-0.6364425382068706,1.1121386960480777
0.89,10.0,3.215455942215078,-0.6084279737333996,1.0628252189147247
0.9,10.0,3.2490282492411406,-0.5798668933481043,1.011163809509469
0.91,10.0,3.282439427217295,-0.550786897963019,0.9571179174608346
0.92,10.0,3.3156905139872945,-0.5212162952594833,0.9006805177135675
0.93,10.0,3.3487825385447243,-0.4911839799173827,0.8418714766080484
0.94,10.0,3.3817165186291356,-0.460719441570973,0.780740446317111
0.95,10.0,3.41449345796323,-0.42985266758289886,0.7173633194885838
0.96,10.0,3.447114343409113,-0.39861412359386056,0.651844884027355
0.97,10.0,3.479580142939325,-0.3670346863053808,0.5843151002608806
0.98,10.0,3.5118918024758465,-0.3351456014598344,0.5149310477618769
0.99,10.0,3.544050244528137,-0.302978443425633,0.44387337934244897
1.0,10.0,3.576056364946546,-0.2705650597977904,0.3713474229072631
1.01,10.0,3.6079110320759242,-0.23793754981810272,0.2975798564933143
1.02,10.0,3.639615083699815,-0.2051282057645712,0.2228189953438573
1.03,10.0,3.6711693265419547,-0.17216950047899038,0.14733162958765433
1.04,10.0,3.7025745336946043,-0.1390940340608658,0.07140250922134328
1.05,10.0,3.733831444290962,-0.10593452178738748,-0.004668673777075583
1.06,10.0,3.7649407617509065,-0.07272375089946953,-0.08056868097588676
1.07,10.0,3.795903153395003,-0.039494563318946484,-0.15597352852904578
1.08,10.0,3.826719249922689,-0.00627982234425258,-0.2305509173346536
1.09,10.0,3.8573896446403437,0.026887611029062314,-0.30396265339521733
1.1,10.0,3.8879148946890583,0.05997490708347618,-0.37586827245399945
1.11,10.0,3.918295519445733,0.09294929373256841,-0.44592689010607955
1.12,10.0,3.948532004098783,0.12577809183426317,-0.513802050545678
1.13,10.0,3.9786247968219306,0.15842873644880087,-0.5791629971042198
1.14,10.0,4.008574314668415,0.19086882985695344,-0.6416901855683363
1.15,10.0,4.038380940325814,0.22306615345807432,-0.7010767329527994
1.16,10.0,4.068045029206277,0.25498874236787566,-0.7570334144316462
1.17,10.0,4.097566906707512,0.2866048909859402,-0.8092908969089763
1.18,10.0,4.126946875791533,0.3178832459820805,-0.8576035063836684
1.19,10.0,4.1561852151735215,0.3487928115778061,-0.9017523325435945
1.2,10.0,4.185282186906457,0.379303054683445,-0.941547371555032
1.21,10.0,4.214238035747916,0.4093839163963331,-0.9768312858673767
1.22,10.0,4.243052996280831,0.43900592074051314,-1.0074797853071686
1.23,10.0,4.271727293579945,0.4681401979437403,-1.0334055380096743
1.24,10.0,4.300261149485251,0.4967585876536081,-1.0545569865864763
1.25,10.0,4.328654784467768,0.524833676270275,-1.0709216149650729
1.26,10.0,4.356908422871063,0.5523388876856362,-1.0825237627602746
1.27,10.0,4.385022295571252,0.579248530984868,-1.0894262449251073
1.28,10.0,4.412996644304073,0.6055378771914344,-1.091728032692913
1.29,10.0,4.440831724366059,0.6311832055021168,-1.089563212705059
1.3,10.0,4.468527808506237,0.6561618726799655,-1.0830995110747494
1.31,10.0,4.4960851885981254,0.6804523373689876,-1.0725338913304654
1.32,10.0,4.523504179912384,0.7040342376446014,-1.0580926624973586
1.33,10.0,4.550785120504653,0.7268883667720445,-1.0400237283624278
1.34,10.0,4.577928376762271,0.7489967780676338,-1.018598242250846
1.35,10.0,4.60493433991841,0.7703426981832198,-0.9941011713942203
1.36,10.0,4.631803432502008,0.790910652442874,-0.9668324649999249
1.37,10.0,4.658536102924962,0.8106863351518048,-0.9370990133194823
1.38,10.0,4.685132831678673,0.8296567305471892,-0.9052136528752044
1.39,10.0,4.7115941251729,0.8478099666988146,-0.8714900431697856
1.4,10.0,4.737920520899491,0.865135414272393,-0.8362394671946731
1.41,10.0,4.764112581314566,0.8816235429721095,-0.7997687046403144
1.42,10.0,4.790170897556253,0.8972659884575133,-0.7623754024341451
1.43,10.0,4.816096083972259,0.9120554256402655,-0.7243483185727086
1.44,10.0,4.841888780227682,0.9259856003984754,-0.6859623259215937
1.45,10.0,4.867549646821946,0.9390512273464249,-0.6474800170169033
1.46,10.0,4.893079365698144,0.9512479899520864,-0.6091474003107464
1.47,10.0,4.918478636805842,0.9625724630764089,-0.5711958149088048
1.48,10.0,4.9437481775568495,0.973022090853524,-0.5338391032520633
1.49,10.0,4.968888720247915,0.9825951283459747,-0.49727503268272244
1.5,10.0,4.993901010852878,0.9912906099376183,-0.4616842953231526
1.51,10.0,5.01878580696642,0.9991083009130344,-0.42723103317038635
1.52,10.0,5.043543876464632,1.0060486699326838,-0.3940635674915711
1.53,10.0,5.068175995577416,1.0121128402618964,-0.36231402733105256
1.54,10.0,5.092682947901066,1.017302578643173,-0.33210035881259614
1.55,10.0,5.1170655222586445,1.0216202374917809,-0.3035253941506255
1.56,10.0,5.1413245123309546,1.0250687660059277,-0.276679338021836
1.57,10.0,5.1654607142710685,1.027651644667696,-0.2516390382818372
1.58,10.0,5.189474926821464,1.0293729123578401,-0.22847001386679722
1.59,10.0,5.2133679489363685,1.0302371024328545,-0.2072264085812492
1.6,10.0,5.237140580099574,1.0302492767912677,-0.18795224432804503
1.61,10.0,5.260793618183642,1.02941497076484,-0.17068195536012354
1.62,10.0,5.2843278599457175,1.0277402354871525,-0.15544090362089946
1.63,10.0,5.307744098785764,1.0252315770905247,-0.14224650585157406
1.64,10.0,5.331043125134641,1.021896000376391,-0.1311080645677407
1.65,10.0,5.354225725318447,1.0177409895852745,-0.12202761152568087
1.66,10.0,5.377292680172268,1.0127744769977383,-0.11500110164774924
1.67,10.0,5.40024476677166,1.0070049448832694,-0.11001667057985287
1.68,10.0,5.423082754684184,1.0004412969533416,-0.10705790178474217
1.69,10.0,5.445807407396403,0.9930929516573553,-0.10610199707457468
1.7,10.0,5.468419482140636,0.9849698765408605,-0.10711880703746601
1.71,10.0,5.49091972739492,0.9760824857409353,-0.11007493167744542
1.72,10.0,5.513308884591522,0.966441788538338,-0.11492809055397402
1.73,10.0,5.535587686648695,0.9560593377018259,-0.12162986922089658
1.74,10.0,5.557756856888459,0.9449472022639648,-0.13012746375687811
1.75,10.0,5.57981710832155,0.9331180321936567,-0.14035890067424361
1.76,10.0,5.601769144242769,0.9205850467285235,-0.15225740859122538
1.77,10.0,5.623613656410447,0.907362037785049,-0.16574866087592
1.78,10.0,5.645351323928086,0.8934633584047348,-0.18075056665071543
1.79,10.0,5.666982814260949,0.8789039782092265,-0.19717455715777987
1.8,10.0,5.6885087808982,0.8636994329857817,-0.21492345111138889
1.81,10.0,5.709929863327967,0.8478658576614738,-0.2338921880366911
1.82,10.0,5.731246686482707,0.8314199972560454,-0.253967884204485
1.83,10.0,5.75245985932198,0.8143791361906778,-0.2750289586877557
1.84,10.0,5.773569974889817,0.796761202910886,-0.29694521825337006
1.85,10.0,5.7945776091359456,0.7785846644930994,-0.31957859679803846
1.86,10.0,5.815483320240703,0.7598684768683942,-0.342784430884592
1.87,10.0,5.836287648029751,0.7406322444124439,-0.3664076693882805
1.88,10.0,5.856991113368992,0.7208960711572218,-0.39028786235672897
1.89,10.0,5.877594217293545,0.7006806030916682,-0.41425658353003314
1.9,10.0,5.89809744046548,0.6800070030151173,-0.43813786445858227
1.91,10.0,5.9185012452817665,0.6588966367456719,-0.46175754747213205
1.92,10.0,5.938806070959848,0.6373715240967822,-0.48493046092727354
1.93,10.0,5.959012336512695,0.6154540382560203,-0.5074707500108104
1.94,10.0,5.979120440425478,0.5931669669211769,-0.5291922281374184
1.95,10.0,5.999130757840464,0.570533437525618,-0.5499046320993273
1.96,10.0,6.019043650830156,0.5475767323893714,-0.5694270866971465
1.97,10.0,6.038859459359224,0.5243204445943755,-0.5875796394020938
1.98,10.0,6.058578501936027,0.5007884387392469,-0.6041849687202614
1.99,10.0,6.0782010764725225,0.47700486750431287,-0.6190680991573458
2.0,10.0,6.09772746293202,0.45299397481900816,-0.6320642583737595
2.01,10.0,6.117157927416461,0.42878011761577123,-0.6430187776761045
2.02,10.0,6.136492727252825,0.4043876589271776,-0.6517919647188819
2.03,10.0,6.1557320965480775,0.3798411035133801,-0.6582520273164221
2.04,10.0,6.174876264303069,0.3551650274871427,-0.6622794701811756
2.05,10.0,6.1939254470378975,0.33038396786259844,-0.6637713134244052
2.06,10.0,6.212879851358642,0.3055224305905183,-0.6626405160390902
2.07,10.0,6.2317396761636425,0.2806049977186069,-0.6588085453480232
2.08,10.0,6.2505051138795045,0.2556560967781292,-0.6522201286225027
2.09,10.0,6.269176353863313,0.23070004914935593,-0.6428356884333652
2.1,10.0,6.2877535848145705,0.2057609936703321,-0.6306342764821125
2.11,10.0,6.306236991575781,0.180862961713143,-0.6156143837073103
2.12,10.0,6.324626759806534,0.15602994611462537,-0.5977818010285034
2.13,10.0,6.342923077516869,0.13128568252567488,-0.5771653869205409
2.14,10.0,6.361126137295281,0.10665367506755526,-0.5538118274105841
2.15,10.0,6.379236143693107,0.08215702584378166,-0.5277836384700265
2.16,10.0,6.397253304974535,0.057818689542545675,-0.49916120155288013
2.17,10.0,6.415177835895417,0.03366141135910932,-0.4680341241403596
2.18,10.0,6.433009956959183,0.009707773032767927,-0.43449985163488236
2.19,10.0,6.450749905351701,-0.01402009012859857,-0.398676258766244
2.2,10.0,6.468397934433616,-0.0375005712302622,-0.3606940917362067
2.21,10.0,6.485954309338344,-0.060712299667053445,-0.3206933671558829
2.22,10.0,6.503419309205114,-0.08363430300777398,-0.2788232040105072
2.23,10.0,6.520793215356006,-0.1062459010033895,-0.23523137706158082
2.24,10.0,6.538076336152133,-0.12852696726929963,-0.19008072424546185
2.25,10.0,6.555268994171427,-0.15045779991786654,-0.1435387830022421
2.26,10.0,6.572371530572248,-0.17201917970021033,-0.09577918561677734
2.27,10.0,6.589384302570349,-0.19319236388470382,-0.04697702345188759
2.28,10.0,6.606307665377785,-0.21395905747576113,0.0026980474333981874
2.29,10.0,6.6231420011303195,-0.23430152588969433,0.05307175679115517
2.3,10.0,6.639887707021595,-0.25420258636059134,0.10397066862307724
2.31,10.0,6.656545209403598,-0.2736457241975908,0.1552145414513575
2.32,10.0,6.673114940724789,-0.2926149425421398,0.20663303114690734
2.33,10.0,6.689597337778476,-0.3110948314260583,0.2580604066299088
2.34,10.0,6.7059928423944735,-0.32907057958271774,0.30933797900087256
2.35,10.0,6.722301919902613,-0.34652806847245105,0.3603105854120372
2.36,10.0,6.738525068678095,-0.3634539042841949,0.4108188627809568
2.37,10.0,6.754662782910537,-0.37983533123328617,0.46071828020308203
2.38,10.0,6.770715571829658,-0.3956602804709382,0.5098689300197634
2.39,10.0,6.78668394007572,-0.4109172435577472,0.558138997355428
2.4,10.0,6.802568417606541,-0.4255955495851305,0.6054037586426659
2.41,10.0,6.818369540982133,-0.4396852203639495,0.6515465069587947
2.42,10.0,6.83408785613613,-0.4531770137663196,0.6964593121000746
2.43,10.0,6.849723915038047,-0.4660624151892468,0.7400443856879235
2.44,10.0,6.865278263140763,-0.47833343428058955,0.7822100339699603
2.45,10.0,6.880751459387901,-0.48998295623437277,0.8228769105113258
2.46,10.0,6.896144064041033,-0.5010045124614673,0.8619727650105631
2.47,10.0,6.911456646577186,-0.511392297270401,0.8994283256070332
2.48,10.0,6.926689771734322,-0.5211412330930485,0.9351882391066795
2.49,10.0,6.941844007616928,-0.5302469513590056,0.9692041986581046
2.5,10.0,6.956919922872205,-0.5387057860487658,1.0014362114420408
2.51,10.0,6.9719180861774035,-0.5465147542911304,1.031851948160977
2.52,10.0,6.986839072917064,-0.5536713972172993,1.0604196086744082
2.53,10.0,7.00168345321015,-0.560174039762901,1.0871190662826677
2.54,10.0,7.016451795886516,-0.5660216294498649,1.111934971185235
2.55,10.0,7.031144661454122,-0.5712137944060192,1.1348592545759288
2.56,10.0,7.045762612561419,-0.575750771072348,1.1558878505099983
2.57,10.0,7.060306213655268,-0.5796333127714471,1.17501934617232
2.58,10.0,7.074776026232977,-0.5828627608268111,1.192256308804133
2.59,10.0,7.08917260525421,-0.5854410794519,1.2076059165685535
2.6,10.0,7.103496490705596,-0.5873709629978952,1.2210809281977504
2.61,10.0,7.117748225555108,-0.5886555433623483,1.2326947096005085
2.62,10.0,7.131928349504697,-0.589298502747692,1.2424631603927878
2.63,10.0,7.146037411218808,-0.5893039214447564,1.2504023509841886
2.64,10.0,7.1600759429568,-0.5886765165433049,1.2565312016195662
2.65,10.0,7.174044463314783,-0.5874216783463454,1.2608704865872085
2.66,10.0,7.187943485872707,-0.5855453060214921,1.263441420365524
2.67,10.0,7.201773522442849,-0.5830537525843897,1.2642651677534502
2.68,10.0,7.215535107160673,-0.5799535560944186,1.2633650169060502
2.69,10.0,7.229228748590924,-0.5762519806380535,1.260763069526007
2.7,10.0,7.242854949306711,-0.571956797385781,1.2564818273908145
2.71,10.0,7.256414185644962,-0.567076531687894,1.2505436744173437
2.72,10.0,7.269906945910692,-0.561619949188345,1.2429701857884083
2.73,10.0,7.283333736864804,-0.5555959625157804,1.233786893607089
2.74,10.0,7.2966950561243635,-0.5490139850009331,1.2230186716470541
2.75,10.0,7.309991391590255,-0.5418839303820377,1.21068969061119
2.76,10.0,7.323223189788616,-0.5342166352530615,1.196820734219159
2.77,10.0,7.336390924071186,-0.5260229285971725,1.1814354857361877
2.78,10.0,7.349495056745558,-0.5173141278746018,1.1645584327264942
2.79,10.0,7.362536055762737,-0.5081018005967286,1.146217546544392
2.8,10.0,7.375514370093556,-0.4983981021076068,1.1264382055063038
2.81,10.0,7.388430445335987,-0.4882155471335417,1.1052463327374369
2.82,10.0,7.401284722939769,-0.47756701000195445,1.0826692688200978
2.83,10.0,7.414077640424139,-0.466465703231664,1.0587361094147525
2.84,10.0,7.42680963927005,-0.45492498415732563,1.0334829600550677
2.85,10.0,7.4394811511144985,-0.4429586577853371,1.0069441143820228
2.86,10.0,7.452092598920025,-0.43058089048265785,0.9791551821292472
2.87,10.0,7.464644391346625,-0.41780630340264646,0.9501506154733903
2.88,10.0,7.477136940055263,-0.40464967166595966,0.9199704552676877
2.89,10.0,7.489570655103965,-0.3911258900574108,0.8886606219575697
2.9,10.0,7.501945936369778,-0.37725021300317557,0.8562678651238258
2.91,10.0,7.51426317623295,-0.36303815115183447,0.822841584180523
2.92,10.0,7.526522752566168,-0.3485055464617619,0.7884303589334394
2.93,10.0,7.538725041849638,-0.3336683598142322,0.7530893871344091
2.94,10.0,7.550870412854516,-0.31854276132540327,0.7168763809823986
2.95,10.0,7.562959229023056,-0.30314507751147535,0.6798529662662958
2.96,10.0,7.574991842395646,-0.28749184721052645,0.642083274062557
2.97,10.0,7.58696859216788,-0.27159983145005095,0.603630754337118
2.98,10.0,7.598889810971294,-0.2554859094038347,0.5645635965076963
2.99,10.0,7.61075582278314,-0.23916708057319108,0.524952802283039
3.0,10.0,7.622566950815389,-0.22266029822497047,0.4848751781251792
3.01,10.0,7.6343235025899405,-0.20598272759822328,0.444407817793234
3.02,10.0,7.646025774602562,-0.18915164762242945,0.40362853914346886
3.03,10.0,7.657674050093741,-0.1721844726176342,0.3626150854970973
3.04,10.0,7.66926860610674,-0.15509859270337645,0.3214496212012108
3.05,10.0,7.680809718890871,-0.13791121549780958,0.2802202625534562
3.06,10.0,7.692297648836049,-0.12063968681586806,0.23901404404544735
3.07,10.0,7.703732646954565,-0.1033013383409953,0.1979191156082436
3.08,10.0,7.7151149459871045,-0.0859137163171369,0.15701707637751383
3.09,10.0,7.726444775333241,-0.06849413655798756,0.11639610189305927
3.1,10.0,7.737722355399198,-0.05105989304552274,0.07614244391857028
3.11,10.0,7.748947898628411,-0.03362819671485037,0.03634183930080326
3.12,10.0,7.760121603990544,-0.016216247087580564,-0.0029221731011404017
3.13,10.0,7.771243661492526,0.0011588701559681017,-0.041566544163401886
3.14,10.0,7.782314252261849,0.01848017283970464,-0.07951057640292447
3.15,10.0,7.793333549413419,0.03573081400289137,-0.1166755256198968
3.16,10.0,7.804301723238262,0.05289414019001523,-0.1529848276038024
3.17,10.0,7.815218931878793,0.06995362641870738,-0.1883648694047224
3.18,10.0,7.826085324582738,0.0868928820617852,-0.22274651478824126
3.19,10.0,7.836901041997863,0.10369568197848897,-0.25606495579108923
3.2,10.0,7.847666219387466,0.12034603568621272,-0.2882589726433906
3.21,10.0,7.8583809943734675,0.1368282562237184,-0.3192716521780028
3.22,10.0,7.869045492141288,0.1531268206711931,-0.34905199457507763
3.23,10.0,7.879659833856627,0.16922645525627908,-0.377554503408021
3.24,10.0,7.8902241298913625,0.18511203547880317,-0.4047401083071094
3.25,10.0,7.900738490916242,0.2007687938534875,-0.4305759679286467
3.26,10.0,7.911203029712507,0.2161823364294931,-0.45503297228660244
3.27,10.0,7.921617858421519,0.23133861128668817,-0.47808780825397434
3.28,10.0,7.931983084091507,0.24622384468823832,-0.4997250262598101
3.29,10.0,7.942298800939392,0.2608243665595583,-0.5199368936017805
3.3,10.0,7.952565111877308,0.27512704300347657,-0.5387211093454027
3.31,10.0,7.962782119559548,0.2891191070642686,-0.5560811242041126
3.32,10.0,7.972949939300028,0.3027884207274196,-0.5720223571333207
3.33,10.0,7.983068678779684,0.31612306820325486,-0.586560140737376
3.34,10.0,7.9931384417046285,0.3291114067714958,-0.5997163036973916
3.35,10.0,8.003159333657905,0.34174220504795205,-0.6115188420473316
3.36,10.0,8.01313146686525,0.35400474901174855,-0.6220009048660273
3.37,10.0,8.023054961042256,0.3658888464640231,-0.6311955683474793
3.38,10.0,8.032929933743723,0.37738463534670513,-0.6391454975071582
3.39,10.0,8.042756508270397,0.3884827483841588,-0.6458966188319977
3.4,10.0,8.052534811969497,0.39917428302724606,-0.6514998028885373
3.41,10.0,8.062264978138048,0.4094508324791236,-0.6560093160262852
3.42,10.0,8.071947145446604,0.4193044904854835,-0.6594797795312104
3.43,10.0,8.081581458769596,0.42872786126551893,-0.6619686723652762
3.44,10.0,8.091168069295929,0.4377140610879821,-0.6635365529410535
3.45,10.0,8.100707128671814,0.4462565817552546,-0.6642481360701709
3.46,10.0,8.110198799207343,0.4543495346518917,-0.664167286118186
3.47,10.0,8.119643247481788,0.46198751369713803,-0.6633584934133125
3.48,10.0,8.129040645605476,0.4691656434713688,-0.6618842329451127
3.49,10.0,8.138391172174053,0.47587955563039247,-0.6598088150071533
3.5,10.0,8.147695008846714,0.4821253003190225,-0.6571985982101296
3.51,10.0,8.156952343229385,0.4878994503881034,-0.654118590466183
3.52,10.0,8.166163368689029,0.49319910364414143,-0.6506319175374813
3.53,10.0,8.175328283819898,0.4980219562867122,-0.6467959765533351
3.54,10.0,8.184447291843673,0.5023661332199587,-0.6426694288149974
3.55,10.0,8.1935206002371,0.5062302342347291,-0.6383090752196523
3.56,10.0,8.202548419883138,0.5096132535471893,-0.6337723440718293
3.57,10.0,8.211530967066928,0.5125147641855311,-0.6291107816330168
3.58,10.0,8.220468460554963,0.5149349268932457,-0.6243704383744699
3.59,10.0,8.229361122886974,0.516874355346613,-0.6195947634519996
3.6,10.0,8.238209179837686,0.5183341212413741,-0.6148241801833194
3.61,10.0,8.247012859533495,0.5193155174826454,-0.6101026280977635
3.62,10.0,8.255772392905012,0.5198204944908204,-0.6054645936912664
3.63,10.0,8.264488011535581,0.519851489964768,-0.6009405983810723
3.64,10.0,8.273159946769722,0.5194115503355855,-0.5965537910154524
3.65,10.0,8.281788432291012,0.5185040429887919,-0.5923259797105658
3.66,10.0,8.290373705203248,0.5171324853109691,-0.5882814526552664
3.67,10.0,8.298916001741729,0.5153009452139061,-0.584437521852621
3.68,10.0,8.307415557756194,0.5130139284629585,-0.5808071123214091
3.69,10.0,8.315872604039699,0.5102766932369496,-0.5773931670221373
3.7,10.0,8.324287374061827,0.5070946139197541,-0.5741997979958597
3.71,10.0,8.332660099589564,0.503473497845134,-0.571227269867677
3.72,10.0,8.340991011812717,0.4994194618490478,-0.5684742535821812
3.73,10.0,8.34928033805174,0.49493913236062165,-0.5659326447811566
3.74,10.0,8.357528303184225,0.4900395002101394,-0.5635907588295908
3.75,10.0,8.365735129508062,0.4847279072235966,-0.5614339050398911
3.76,10.0,8.37390103659434,0.4790120360026491,-0.5594444060643724
3.77,10.0,8.382026243823107,0.472899787309728,-0.5576049529055069
3.78,10.0,8.39011096497226,0.46639947083070304,-0.5558928948714907
3.79,10.0,8.398155409154205,0.45951976652529347,-0.5542822145358173
3.8,10.0,8.406159779796335,0.4522697426425686,-0.5527428338643432
3.81,10.0,8.414124277436883,0.4446586954108569,-0.5512437395930476
3.82,10.0,8.422049103761355,0.43669605204695866,-0.5497553157074009
3.83,10.0,8.429934452455123,0.42839163197806435,-0.5482435345576135
3.84,10.0,8.437780512420925,0.41975553183971764,-0.5466726202868699
3.85,10.0,8.445587461139846,0.410798336287586,-0.5450012391914782
3.86,10.0,8.453355475597176,0.4015307237288208,-0.5431895398635902
3.87,10.0,8.461084731875046,0.3919635014179055,-0.5411988954150218
3.88,10.0,8.468775405094554,0.3821075837739326,-0.5389922378073635
3.89,10.0,8.476427661192181,0.37197422128285607,-0.5365296109251148
3.9,10.0,8.484041648206853,0.36157524731459406,-0.5337647312052809
3.91,10.0,8.491617517949189,0.35092241706853006,-0.5306560096272506
3.92,10.0,8.499155416215173,0.34002769973878494,-0.5271616878557666
3.93,10.0,8.506655498031215,0.3289028555314206,-0.5232469669080899
3.94,10.0,8.51411790176008,0.3175601066336417,-0.5188729016137614
3.95,10.0,8.521542762946986,0.3060118008876502,-0.5140017105945986
3.96,10.0,8.528930212247785,0.2942704393905668,-0.5085965138254949
3.97,10.0,8.536280379368675,0.28234852930748766,-0.5026241187131575
3.98,10.0,8.543593389931031,0.2702586751979976,-0.4960535025196293
3.99,10.0,8.55086936533659,0.25801359264579493,-0.4888552975523339
4.0,10.0,8.558108423124363,0.24562608938513197,-0.4810021578596775
4.01,10.0,8.565310675395446,0.2331091458743792,-0.47246678168804124
4.02,10.0,8.572476231925355,0.22047573522660371,-0.46322620994247643
4.03,10.0,8.579605203519828,0.20773877068991195,-0.4532618123198944
4.04,10.0,8.586697699729857,0.1949111565453674,-0.4425586367520111
4.05,10.0,8.59375382601555,0.18200586998250703,-0.43110401333032655
4.06,10.0,8.60077368149323,0.16903608556367627,-0.418884585228426
4.07,10.0,8.607757368135122,0.15601479978888466,-0.4058938780151209
4.08,10.0,8.614704987836449,0.14295497511254274,-0.3921288477329199
4.09,10.0,8.621616650070328,0.12986929228378138,-0.37759383074744335
4.1,10.0,8.628492458942363,0.11677054129982403,-0.36229463923342564
4.11,10.0,8.635332515024363,0.10367157670664741,-0.34623738887171385
4.12,10.0,8.642136919326147,0.09058518592866671,-0.3294315922484117
4.13,10.0,8.648905776575818,0.07752398309479748,-0.31189216239039297
4.14,10.0,8.655639195222623,0.06450040287858949,-0.2936373658835407
4.15,10.0,8.662337281549812,0.05152689469250671,-0.27468737136135246
4.16,10.0,8.66900014489046,0.038615750101903365,-0.25506590958777053
4.17,10.0,8.675627897045274,0.02577912126447834,-0.23480018465545527
4.18,10.0,8.68222065222817,0.013029020659054952,-0.21392009553586888
4.19,10.0,8.688778527766491,0.00037727924505592353,-0.19245797339556248
4.2,10.0,8.69530164431852,-0.012164447708626578,-0.17044903253476207
4.21,10.0,8.70179012621047,-0.024584691431927555,-0.14793140531405413
4.22,10.0,8.708244101817792,-0.03687219323178183,-0.12494569580931625
4.23,10.0,8.714663703902218,-0.04901591531582045,-0.10153501419924282
4.24,10.0,8.721049066730144,-0.06100494869998427,-0.07774324203433025
4.25,10.0,8.727400326584469,-0.07282853253782177,-0.053615032906684235
4.26,10.0,8.733717630078436,-0.08447632962696155,-0.02919980155465396
4.27,10.0,8.740001126140161,-0.09593816574756002,-0.0045473647645621895
4.28,10.0,8.746250960231706,-0.10720401029590292,0.020298773335625242
4.29,10.0,8.752467289955561,-0.11826418518987451,0.04528732866093321
4.3,10.0,8.758650275178296,-0.1291092442942217,0.07036873830629986
4.31,10.0,8.764800079386479,-0.13973002762096973,0.09549285879062808
4.32,10.0,8.77091686993498,-0.15011767497711914,0.12060893568737185
4.33,10.0,8.777000819580426,-0.16026358141989105,0.1456679366775404
4.34,10.0,8.783052105198793,-0.17015945685636857,0.17062081572066035
4.35,10.0,8.789070904413613,-0.1797972742450771,0.19541675187966234
4.36,10.0,8.795057402510464,-0.18916936374904098,0.22000789925770903
4.37,10.0,8.801011787921459,-0.19826836524319594,0.2443465758609875
4.38,10.0,8.806934251830706,-0.2070872182157126,0.2683856706535295
4.39,10.0,8.812824988159855,-0.21561916933846398,0.2920788357689901
4.4,10.0,8.818684196510864,-0.22385784711672546,0.3153815402140623
4.41,10.0,8.824512079279655,-0.23179720531283068,0.338250389507337
4.42,10.0,8.830308839384736,-0.2394314627135754,0.3606432897614269
4.43,10.0,8.83607468558604,-0.24675526281566354,0.3825200160956186
4.44,10.0,8.841809828686445,-0.25376357483353457,0.403842087773846
4.45,10.0,8.84751448145446,-0.26045169450296224,0.4245723486138644
4.46,10.0,8.853188858572762,-0.26681525186422367,0.44467517351476005
4.47,10.0,8.858833178096305,-0.2728502725707291,0.46411785879225675
4.48,10.0,8.864447659703856,-0.2785531253751646,0.4828694948911618
4.49,10.0,8.870032523714801,-0.2839204740513391,0.5008991823385358
4.5,10.0,8.875587993226901,-0.2889494046315486,0.518180268541002
4.51,10.0,8.881114292339623,-0.2936373427766673,0.5346875873218693
4.52,10.0,8.88661164612503,-0.29798204745064516,0.550397274114637
4.53,10.0,8.892080280484008,-0.30198161937683876,0.5652870357880388
4.54,10.0,8.897520422334502,-0.30563455339746737,0.5793378382992245
4.55,10.0,8.902932299023123,-0.3089396864859469,0.5925322368502108
4.56,10.0,8.908316138302487,-0.31189614383401737,0.6048531632896612
4.57,10.0,8.913672168008704,-0.3145034690230749,0.6162871421477902
4.58,10.0,8.91900061594874,-0.3167615341459392,0.6268220796567192
4.59,10.0,8.924301709899584,-0.3186705315758388,0.6364473321042396
4.6,10.0,8.929575677340775,-0.32023098303396275,0.6451538507734611
4.61,10.0,8.934822744931076,-0.3214437832868084,0.6529348679788569
4.62,10.0,8.940043138696042,-0.3223101488907967,0.6597851123635792
4.63,10.0,8.945237084417856,-0.32283157494199893,0.6657005504946483
4.64,10.0,8.950404806169406,-0.3230099373945353,0.6706792085023707
4.65,10.0,8.955546527032443,-0.32284741764414415,0.6747205495129194
4.66,10.0,8.960662469082354,-0.32234649454600034,0.6778254403614383
4.67,10.0,8.965752853055008,-0.3215099512475589,0.6799961798360954
4.68,10.0,8.970817897687967,-0.3203409017708218,0.6812366512593684
4.69,10.0,8.975857820155092,-0.31884275168089776,0.6815520616447301
4.7,10.0,8.980872836528091,-0.3170191649724549,0.6809487574614934
4.71,10.0,8.985863160127149,-0.31487413495303923,0.6794345811574232
4.72,10.0,8.990829002428384,-0.3124119270971502,0.6770185498399286
4.73,10.0,8.995770573067666,-0.3096370689974101,0.6737109221315762
4.74,10.0,9.000688079490367,-0.30655435522264923,0.6695231319873187
4.75,10.0,9.00558172636794,-0.30316886276867855,0.6644676974882913
4.76,10.0,9.010451716055128,-0.29948591921303963,0.6585582594358357
4.77,10.0,9.015298248959311,-0.29551107456967146,0.651809869527618
4.78,10.0,9.020121522147415,-0.2912501541293245,0.6442382736590275
4.79,10.0,9.02492173013418,-0.2867092111585632,0.6358603552655921
4.8,10.0,9.029699064851664,-0.28189451584227876,0.6266941762610259
4.81,10.0,9.034453715355692,-0.2768125584813615,0.6167588246694038
4.82,10.0,9.039185867438041,-0.27147005744507213,0.606074201597238
4.83,10.0,9.043895703928614,-0.26587393217583377,0.5946612427878932
4.84,10.0,9.048583404896869,-0.2600312795981294,0.5825419726642593
4.85,10.0,9.053249146744628,-0.2539494118799256,0.569739178780587
4.86,10.0,9.057893102695001,-0.24763581755094982,0.5562766021057541
4.87,10.0,9.062515442794382,-0.24109815024145145,0.5421788585604048
4.88,10.0,9.067116333661156,-0.23434422980397399,0.5274714190899346
4.89,10.0,9.07169593821933,-0.22738204420488278,0.512180589852747
4.9,10.0,9.076254415918507,-0.2202197271114811,0.49633347147306495
4.91,10.0,9.08079192298356,-0.21286553865367777,0.47995779884560363
4.92,10.0,9.085308611512001,-0.2053278892683552,0.4630821982693121
4.93,10.0,9.089804629995774,-0.1976153090368972,0.44573596036249796
4.94,10.0,9.094280123437535,-0.18973643698014597,0.42794887261297276
4.95,10.0,9.098735233019879,-0.18170001949570966,0.40975134431055693
4.96,10.0,9.10317009583136,-0.17351490738581934,0.3911744987706669
4.97,10.0,9.107584845216573,-0.16519003814331615,0.37224989910127704
4.98,10.0,9.111979611216416,-0.15673442142357616,0.35300917642646823
4.99,10.0,9.116354519268945,-0.14815714878668068,0.3334848201730338
5.0,10.0,9.12070969106551,-0.13946737203573611,0.3137095397282721
5.01,10.0,9.125045244815855,-0.13067429388532553,0.2937160436029558
5.02,10.0,9.129361294746396,-0.12178716283975836,0.2735372787994663
5.03,10.0,9.13365795080774,-0.11281526649817875,0.2532065412847615
5.04,10.0,9.137935319254478,-0.10376791886701542,0.23275706357627968
5.05,10.0,9.142193503314179,-0.09465445040826627,0.21222162024665892
5.06,10.0,9.146432601376196,-0.08548420437135837,0.1916333911807513
5.07,10.0,9.150652708293777,-0.07626652432509451,0.17102522652510288
5.08,10.0,9.154853915810452,-0.06701074653892833,0.15042945486687387
5.09,10.0,9.159036311850704,-0.057726190951404036,0.12987809204543055
5.1,10.0,9.163199980266382,-0.048422152296191,0.10940287354092959
5.11,10.0,9.167345001642376,-0.03910789199853014,0.08903490129026892
5.12,10.0,9.171471454118677,-0.029792632074326073,0.06880441671124515
5.13,10.0,9.175579411250467,-0.02048554040187981,0.04874122181708174
5.14,10.0,9.17966894365119,-0.011195726390874624,0.028874231233146475
5.15,10.0,9.183740119502625,-0.0019322354981171905,0.009231446354718287
5.16,10.0,9.187793003740959,0.00729596385241999,-0.010160092783451091
5.17,10.0,9.191827657932858,0.01647998986448373,-0.029274383540389692
5.18,10.0,9.195844141154021,0.025611051377701855,-0.048086535615027515
5.19,10.0,9.199842510762718,0.034680450280608115,-0.06657268068104116
5.2,10.0,9.203822820466673,0.04367960614293136,-0.0847104260150573
5.21,10.0,9.20778512192285,0.0526000526550035,-0.10247865942596235
5.22,10.0,9.211729465182277,0.06143343992211557,-0.11985735161213285
5.23,10.0,9.215655898027805,0.07017155260280027,-0.13682800899723446
5.24,10.0,9.219564466022007,0.07880631901426276,-0.1533737817506875
5.25,10.0,9.22345521321681,0.08732981061796964,-0.16947918496632042
5.26,10.0,9.227328182665259,0.09573424000043526,-0.18512969933799894
5.27,10.0,9.231183415303391,0.10401199680647716,-0.20031309261643315
5.28,10.0,9.23502095103035,0.11215563458015045,-0.2150185330679122
5.29,10.0,9.238840828925621,0.12015786825708669,-0.22923616932781954
5.3,10.0,9.242643087046181,0.12801159955963978,-0.24295799255794037
5.31,10.0,9.246427762583407,0.1357099241618512,-0.25617786342557736
5.32,10.0,9.25019489219626,0.14324612553258426,-0.26889094567699345
5.33,10.0,9.253944512130435,0.1506136676047305,-0.28109312986925516
5.34,10.0,9.25767665831127,0.15780624415954742,-0.29278284997897686
5.35,10.0,9.261391366548143,0.1648177536025193,-0.3039597381158572
5.36,10.0,9.265088672412844,0.17164229024657626,-0.314624114875798
5.37,10.0,9.268768611718627,0.17827417920275046,-0.3247780270776417
5.38,10.0,9.272431220638042,0.1847079796018533,-0.3344251278301016
5.39,10.0,9.276076535579833,0.19093847217277832,-0.3435700338980183
5.4,10.0,9.279704592926405,0.19696064672565547,-0.35221778789984626
5.41,10.0,9.2833154303218,0.20276976452927695,-0.3603755123557022
5.42,10.0,9.286909085934626,0.2083613203624023,-0.36805108708177414
5.43,10.0,9.290485598005414,0.21373102738161334,-0.3752527312404368
5.44,10.0,9.294045005999694,0.2188748617594486,-0.3819898421406549
5.45,10.0,9.297587350537034,0.22378905994359696,-0.38827277514990044
5.46,10.0,9.30111267290207,0.22847010091752848,-0.39411235656206145
5.47,10.0,9.304621014543843,0.23291469008357377,-0.39951955410040085
5.48,10.0,9.308112419110868,0.2371198296628509,-0.4045064031647172
5.49,10.0,9.311586931045756,0.24108277089762298,-0.4090851634440469
5.5,10.0,9.315044594932674,0.24480099386969545,-0.41326815108581627
5.51,10.0,9.318485457049265,0.24827225898361968,-0.41706803555858585
5.52,10.0,9.321909565053485,0.2514945973151399,-0.4204976603525239
5.53,10.0,9.325316967337253,0.254466289979632,-0.4235698510286028
5.54,10.0,9.328707712482666,0.25718585078381273,-0.4262973479046508
5.55,10.0,9.332081851380792,0.2596520966597597,-0.4286927865786865
5.56,10.0,9.335439435634875,0.261864095642645,-0.4307685585080563
5.57,10.0,9.338780516906139,0.2638211439397009,-0.4325369412747193
5.58,10.0,9.342105148427988,0.2655228191530448,-0.4340097305823889
5.59,10.0,9.345413384533932,0.26696896443166956,-0.43519824540543794
5.6,10.0,9.348705280075423,0.26815966766656746,-0.4361134243536071
5.61,10.0,9.351980889993946,0.2690952449044987,-0.43676596444637283
5.62,10.0,9.355240270932542,0.26977630344256065,-0.43716552996281877
5.63,10.0,9.358483479917721,0.27020369132108357,-0.4373212435641278
5.64,10.0,9.361710573892646,0.270378473793269,-0.4372420593234061
5.65,10.0,9.36492161076897,0.27030198331496486,-0.4369358538245365
5.66,10.0,9.368116648976434,0.2699757993892291,-0.43640967658573615
5.67,10.0,9.37129574709381,0.26940172942686097,-0.43567002908240227
5.68,10.0,9.374458963613963,0.2685817939038805,-0.4347231050282119
5.69,10.0,9.377606357721826,0.2675182780015737,-0.4335736178434395
5.7,10.0,9.380737988558591,0.26621368629458125,-0.43222566031029075
5.71,10.0,9.383853915064691,0.2646707200232897,-0.4306832010486872
5.72,10.0,9.386954196298797,0.2628923206764693,-0.42894891871609886
5.73,10.0,9.390038891203792,0.2608816476125132,-0.42702465107185006
5.74,10.0,9.393108058497837,0.2586420612848043,-0.4249117284805166
5.75,10.0,9.39616175663111,0.25617711029814816,-0.42261122360405423
5.76,10.0,9.399200043702807,0.25349057069263425,-0.4201227876327245
5.77,10.0,9.40222297739468,0.2505864072215982,-0.4174455852339314
5.78,10.0,9.405230615158409,0.24746875227126314,-0.4145787843060873
5.79,10.0,9.408223013742054,0.24414194153164326,-0.4115204446473193
5.8,10.0,9.411200229305948,0.24061049117259195,-0.4082680463871853
5.81,10.0,9.414162317537302,0.23687908349453277,-0.4048187783234347
5.82,10.0,9.417109333748199,0.23295255572466886,-0.40116973749668716
5.83,10.0,9.420041332128196,0.228835927565374,-0.39731705670682516
5.84,10.0,9.422958366252567,0.2245343693184039,-0.39325667722800617
5.85,10.0,9.425860489562048,0.22005318323680773,-0.38898471254222855
5.86,10.0,9.428747754239478,0.21539783029482365,-0.38449666443454333
5.87,10.0,9.43162021170277,0.21057390857697258,-0.379787877163551
5.88,10.0,9.434477912856757,0.20558714129674804,-0.3748537195780628
5.89,10.0,9.437320908263056,0.20044336715724445,-0.36968970847848226
5.9,10.0,9.44014924704882,0.19514855695074498,-0.36429108266262844
5.91,10.0,9.442962977774217,0.18970878868017332,-0.3586532564502569
5.92,10.0,9.44576214907669,0.1841302322811012,-0.3527719606073454
5.93,10.0,9.448546808207128,0.17841916628510482,-0.3466429900961465
5.94,10.0,9.451317001802368,0.17258195925204334,-0.34026242754410063
5.95,10.0,9.454072776170696,0.1666250601070813,-0.3336266966317929
5.96,10.0,9.456814177468942,0.1605549898755312,-0.3267326090238498
5.97,10.0,9.459541250620672,0.15437834808383527,-0.3195774227763941
5.98,10.0,9.4622540402683,0.14810179509742605,-0.31215890219180764
5.99,10.0,9.46495259140331,0.14173204112089563,-0.30447518618914415
6.0,10.0,9.467636947975551,0.13527585155459715,-0.296525161395909
6.01,10.0,9.470307153735082,0.1287400333716791,-0.28830833860844507
6.02,10.0,9.472963252460469,0.12213142761629665,-0.2798247935465774
6.03,10.0,9.47560528810083,0.11545690223786945,-0.2710751582406523
6.04,10.0,9.478233304003803,0.10872334938010836,-0.2620610810987394
6.05,10.0,9.480847343685385,0.10193767489714751,-0.25278491741271836
6.06,10.0,9.48344745126245,0.09510679226945226,-0.24324935043438245
6.07,10.0,9.486033670550919,0.08823761599748219,-0.23345831694539143
6.08,10.0,9.48860604570728,0.08133705454822888,-0.2234165163848445
6.09,10.0,9.491164621347536,0.07441200471052392,-0.21312928830607802
6.1,10.0,9.493709442642787,0.06746934518979893,-0.20260257884436683
6.11,10.0,9.496240555029296,0.06051592631713281,-0.191843616608935
6.12,10.0,9.498758004606463,0.053558566301045656,-0.1808603580846686
6.13,10.0,9.501261838240502,0.04660405044213972,-0.16966096755699311
6.14,10.0,9.503752103441043,0.039659112497714546,-0.15825504228059728
6.15,10.0,9.506228848563692,0.03273043542233543,-0.14665286575725744
6.16,10.0,9.508692122818154,0.0258246472386351,-0.1348652823829113
6.17,10.0,9.51114197633174,0.01894831506187319,-0.12290366349247961
6.18,10.0,9.513578460348086,0.012107928887561186,-0.11078057086784199
6.19,10.0,9.516001627190434,0.0053099039612373704,-0.09850914267208566
6.2,10.0,9.518411530002446,-0.00143941436297623,-0.08610258603422949
6.21,10.0,9.52080822346529,-0.008133781233594525,-0.07357534200915694
6.22,10.0,9.523191763446109,-0.014767042708803853,-0.06094229964406139
6.23,10.0,9.525562206935055,-0.02133313865408036,-0.048218712828475674
6.24,10.0,9.527919612100227,-0.027826108582514577,-0.03542017148487986
6.25,10.0,9.530264038837347,-0.0342401123151577,-0.02256306794792451
6.26,10.0,9.532595548366526,-0.040569422012299884,-0.009664100719962931
6.27,10.0,9.53491420268129,-0.04680841126855766,0.003260078785881859
6.28,10.0,9.537220065921785,-0.05295159781898444,0.01619209226857521
6.29,10.0,9.539513203524796,-0.05899362400390248,0.029114421253417788
6.3,10.0,9.541793682143927,-0.06492925870562373,0.042009437687571705
6.31,10.0,9.544061569710811,-0.0707534033281007,0.05485943721106423
6.32,10.0,9.546316936125226,-0.07646111555732729,0.06764645149854687
6.33,10.0,9.548559852635496,-0.08204759608304622,0.08035252097597834
6.34,10.0,9.550790391168091,-0.08750817227821979,0.09295981201731252
6.35,10.0,9.553008625945525,-0.09283835113701937,0.1054504209669922
6.36,10.0,9.555214632397266,-0.0980337906713734,0.11780659058124954
6.37,10.0,9.55740848707591,-0.10309030040421673,0.13001071168275047
6.38,10.0,9.559590267727259,-0.10800384789068271,0.14204537398594397
6.39,10.0,9.561760053922395,-0.11277058404104344,0.1538934282670823
6.4,10.0,9.563917926394916,-0.11738682504955118,0.1655380193178253
6.41,10.0,9.566063966428695,-0.12184903210674862,0.17696249345955195
6.42,10.0,9.568198257296476,-0.12615387106016665,0.18815071577826714
6.43,10.0,9.570320883231856,-0.13029817701933058,0.19908693023369395
6.44,10.0,9.57243192933947,-0.13427895282764904,0.20975574139923125
6.45,10.0,9.57453148165928,-0.13809337642923245,0.2201421922692255
6.46,10.0,9.576619627614098,-0.1417388258677306,0.23023197822466912
6.47,10.0,9.578696455447162,-0.1452128576237097,0.24001129859932036
6.48,10.0,9.58076205376908,-0.1485131839250854,0.2494666423141112
6.49,10.0,9.582816512565977,-0.15163773526412969,0.25858540388437135
6.5,10.0,9.584859922418795,-0.1545846205826219,0.26735551709424854
6.51,10.0,9.58689237442267,-0.15735212384819966,0.27576542269953563
6.52,10.0,9.58891396021873,-0.1599387121842358,0.28380416836886013
6.53,10.0,9.590924772220008,-0.16234305855180048,0.2914616632362588
6.54,10.0,9.59292490322642,-0.16456401822195488,0.2987284421002592
6.55,10.0,9.594914446161193,-0.16660060551314365,0.30559542231605263
6.56,10.0,9.596893494571162,-0.16845205466161187,0.31205458273604236
6.57,10.0,9.598862142167713,-0.17011777859786006,0.31809852655981885
6.58,10.0,9.600820482766107,-0.17159736393017325,0.32372044371338404
6.59,10.0,9.602768610264349,-0.17289057943731748,0.3289142152983935
6.6,10.0,9.604706618680462,-0.17399739482339316,0.3336746283160821
6.61,10.0,9.606634601954653,-0.17491795715619385,0.3379971378566715
6.62,10.0,9.60855265385159,-0.17565256863730175,0.34187766012108156
6.63,10.0,9.610460868014778,-0.17620174183003312,0.3453131439953516
6.64,10.0,9.61235933780735,-0.17656615989919144,0.3483011829987994
6.65,10.0,9.614248156276366,-0.176746670392083,0.35083997896301256
6.66,10.0,9.616127416072793,-0.17674429349589213,0.3529284311667453
6.67,10.0,9.61799720936593,-0.17656023600105178,0.3545662788366535
6.68,10.0,9.619857627798226,-0.1761958691828484,0.3557539110898631
6.69,10.0,9.621708762506277,-0.1756527086771722,0.3564922174748695
6.7,10.0,9.623550703858106,-0.17493246139995663,0.3567829886493854
6.71,10.0,9.625383541520964,-0.1740369893684651,0.3566286280763933
6.72,10.0,9.627207364452193,-0.17296830269598348,0.3560321183839541
6.73,10.0,9.629022260766769,-0.17172856698506897,0.3549970856312257
6.74,10.0,9.63082831759324,-0.1703201124045463,0.35352787622371196
6.75,10.0,9.632625621133519,-0.16874541393578904,0.35162942284674514
6.76,10.0,9.634414256759348,-0.16700707389630765,0.34930714067424873
6.77,10.0,9.63619430855742,-0.16510785929854105,0.34656718239514106
6.78,10.0,9.637965859548123,-0.16305067049053254,0.3434162393381115
6.79,10.0,9.639728991705045,-0.16083853378944518,0.33986150580091845
6.8,10.0,9.641483785780029,-0.1584746074478564,0.33591072280951906
6.81,10.0,9.64323032114542,-0.15596218629162203,0.3315722136679291
6.82,10.0,9.644968675921838,-0.15330468478224676,0.32685478633347387
6.83,10.0,9.646698927124477,-0.15050562238627224,0.32176765099922733
6.84,10.0,9.648421150096846,-0.14756865110208547,0.316320595119457
6.85,10.0,9.650135418831063,-0.144497529523291,0.310523831540511
6.86,10.0,9.651841806020393,-0.14129611554833574,0.30438795658553985
6.87,10.0,9.653540382846954,-0.13796837042607027,0.297923985176741
6.88,10.0,9.655231218835372,-0.1345183596872333,0.2911433648405968
6.89,10.0,9.656914382029866,-0.13095023920028437,0.2840578917031813
6.9,10.0,9.65858993918064,-0.12726824341646634,0.27667963215136737
6.91,10.0,9.66025795510266,-0.12347670329953805,0.26902106869843934
6.92,10.0,9.661918493077224,-0.11958002608115056,0.2610949608647033
6.93,10.0,9.66357161494262,-0.11558268849095696,0.2529142975490579
6.94,10.0,9.6652173808439,-0.11148923842760652,0.24449232988585834
6.95,10.0,9.666855849112476,-0.1073042930455745,0.2358425724931159
6.96,10.0,9.668487076485674,-0.10303252784892884,0.22697872258752128
6.97,10.0,9.67011111832771,-0.09867866775731542,0.2179145871915793
6.98,10.0,9.671728027933272,-0.09424749592258043,0.2086642045356477
6.99,10.0,9.67333785700106,-0.08974383927690907,0.1992417152160364
7.0,10.0,9.674940655763404,-0.08517256272025252,0.18966131743438552
7.01,10.0,9.6765364726993,-0.08053856799261297,0.17993729006600034
7.02,10.0,9.678125354452574,-0.0758467898387688,0.1700839801149776
7.03,10.0,9.679707346085285,-0.07110218810803273,0.16011573483705277
7.04,10.0,9.68128249132062,-0.06630974152971086,0.15004684991451
7.05,10.0,9.682850831826599,-0.0614744480560255,0.13989162906893426
7.06,10.0,9.68441240773974,-0.05660131619188864,0.1296642945997739
7.07,10.0,9.685967257824291,-0.051695360563133966,0.11937896244491597
7.08,10.0,9.687515419163802,-0.04676159759495804,0.10904963081457275
7.09,10.0,9.689056927128915,-0.04180504070235342,0.0986901553379873
7.1,10.0,9.690591815644217,-0.03683069531448573,0.08831421552266683
7.11,10.0,9.692120117428177,-0.031843555218051406,0.07793530368600443
7.12,10.0,9.693641863325087,-0.026848595148121605,0.06756666923297772
7.13,10.0,9.69515708282967,-0.021850767822871014,0.05722131369880756
7.14,10.0,9.696665804253895,-0.01685500131221483,0.046912002708987544
7.15,10.0,9.698168054434616,-0.01186619113835626,0.03665118958135949
7.16,10.0,9.69966385875403,-0.0068891954421467965,0.02645098892961606
7.17,10.0,9.701153241386537,-0.001928832832203422,0.016323196516921712
7.18,10.0,9.70263622550313,0.003010118850242588,0.006279329595004768
7.19,10.0,9.704112832744046,0.00792293696328848,-0.0036695749825010893
7.2,10.0,9.705583083671623,0.012804951414543709,-0.013512850411977695
7.21,10.0,9.707046997912407,0.01765154507493386,-0.023240140104551443
7.22,10.0,9.708504593938388,0.022458165643482124,-0.03284155901019936
7.23,10.0,9.70995588912724,0.027220329558601358,-0.042307702703769934
7.24,10.0,9.711400899951313,0.03193362143247693,-0.05162957020046122
7.25,10.0,9.712839642116853,0.03659369302661066,-0.06079847772710778
7.26,10.0,9.714272130265286,0.04119628395264706,-0.069806390741455
7.27,10.0,9.715698378278068,0.04573721352400268,-0.0786457007759811
7.28,10.0,9.717118399360512,0.050212378579220715,-0.08730912296952553
7.29,10.0,9.718532205958402,0.05461776964687683,-0.0957899334010257
7.3,10.0,9.719939809827446,0.0589494730024559,-0.10408194353967914
7.31,10.0,9.721341222135848,0.06320366754716346,-0.11217938219496659
7.32,10.0,9.722736453523247,0.06737662175677278,-0.12007678548500067
7.33,10.0,9.724125514078086,0.07146471971254431,-0.12776939068637105
7.34,10.0,9.725508413442709,0.07546444772701091,-0.135252844734012
7.35,10.0,9.726885160815971,0.07937238934246953,-0.14252308109869993
7.36,10.0,9.728255765046907,0.08318524591213489,-0.1495765889349734
7.37,10.0,9.729620234673662,0.08689983594788622,-0.1564103505073291
7.38,10.0,9.73097857793213,0.09051308973955746,-0.16302171330035975
7.39,10.0,9.73233080273998,0.09402204464003171,-0.1694082857247139
7.4,10.0,9.73367691693316,0.09742387509208607,-0.1755682956291018
7.41,10.0,9.735016928166022,0.1007158746447707,-0.18150030311478993
7.42,10.0,9.736350843830445,0.10389544813980064,-0.18720308944617514
7.43,10.0,9.737678671326037,0.10696013638642207,-0.19267588990354767
7.44,10.0,9.739000418035747,0.10990761215994246,-0.1979183112386771
7.45,10.0,9.740316091257764,0.112735673047633,-0.20293022863107169
7.46,10.0,9.741625698138003,0.115442235567584,-0.20771171138800426
7.47,10.0,9.74292924608482,0.11802536738202327,-0.21226325805139368
7.48,10.0,9.74422674251064,0.12048326577241647,-0.21658558628827507
7.49,10.0,9.74551819468926,0.12281424733333249,-0.22067956704268
7.5,10.0,9.746803610151254,0.12501677583888718,-0.22454635132043066
7.51,10.0,9.748082996586852,0.12708945463085347,-0.22818730228642004
7.52,10.0,9.749356361736343,0.12903101833727085,-0.23160393972330162
7.53,10.0,9.750623713302922,0.1308403263870842,-0.23479790694669234
7.54,10.0,9.751885059426268,0.1325163952868815,-0.2377710360472527
7.55,10.0,9.75314040834934,0.13405837500037607,-0.24052526197755242
7.56,10.0,9.754389768253697,0.13546553674655826,-0.2430626211837641
7.57,10.0,9.755633147689343,0.13673730262173256,-0.24538523144961388
7.58,10.0,9.756870555425905,0.13787323459523843,-0.24749527309533192
7.59,10.0,9.758102000341772,0.1388730257957135,-0.24939498581967356
7.6,10.0,9.759327491346408,0.13973649393968385,-0.2510866735478956
7.61,10.0,9.760547037793398,0.1404636115779339,-0.25257260800142234
7.62,10.0,9.761760649165977,0.14105448196849235,-0.2538550732273279
7.63,10.0,9.762968334936355,0.1415093257504599,-0.2549364289226581
7.64,10.0,9.764170104926407,0.14182851057303444,-0.2558189457057445
7.65,10.0,9.765365969152915,0.14201253737361078,-0.2565048552242377
7.66,10.0,9.76655593774735,0.14206203184570151,-0.25699638757661347
7.67,10.0,9.767740020905574,0.14197773816859416,-0.2572958004447461
7.68,10.0,9.76891822915572,0.1417605455021554,-0.2574051741783716
7.69,10.0,9.770090573137963,0.14141146481819214,-0.2573265559737479
7.7,10.0,9.771257063525914,0.14093161527740036,-0.25706206824596123
7.71,10.0,9.772417711233553,0.14032225207964172,-0.25661364524897046
7.72,10.0,9.773572527308525,0.13958475103224666,-0.2559831475313583
7.73,10.0,9.774721522897869,0.13872060064978353,-0.25517241802300816
7.74,10.0,9.775864709229511,0.1377313964093468,-0.2541833197336256
7.75,10.0,9.777002097703784,0.13661886233493725,-0.253017497045926
7.76,10.0,9.778133699806144,0.13538482995168016,-0.25167656501157154
7.77,10.0,9.77925952711,0.13403122516541607,-0.2501622314963541
7.78,10.0,9.780379591289448,0.13256009271312075,-0.24847600933519587
7.79,10.0,9.781493904102492,0.13097358021183295,-0.24661936548930896
7.8,10.0,9.782602477400568,0.12927393116114433,-0.24459377445110775
7.81,10.0,9.783705323135393,0.1274634798027375,-0.242400751291461
7.82,10.0,9.784802453295764,0.1255446672069282,-0.2400416499510616
7.83,10.0,9.785893879950342,0.12352002316727154,-0.23751783945581373
7.84,10.0,9.786979615327386,0.12139215431567213,-0.23483080523268818
7.85,10.0,9.788059671648353,0.11916376380225051,-0.2319819174802955
7.86,10.0,9.789134061214593,0.11683763607957783,-0.2289725697233962
7.87,10.0,9.790202796445646,0.11441663092707424,-0.22580421418966168
7.88,10.0,9.791265889899979,0.11190367888368492,-0.22247838430530287
7.89,10.0,9.79232335411607,0.10930179172494162,-0.21899657710240383
7.9,10.0,9.793375201748077,0.10661404780626278,-0.215360371129524
7.91,10.0,9.794421445695466,0.10384358206574576,-0.21157147787871367
7.92,10.0,9.79546209882372,0.10099359982566677,-0.2076316313399662
7.93,10.0,9.796497174132641,0.09806736355300266,-0.20354266951122568
7.94,10.0,9.797526684803238,0.09506818791043663,-0.1993065460425214
7.95,10.0,9.798550644221502,0.0919994356560582,-0.19492534174107057
7.96,10.0,9.799569065797685,0.0888645227613313,-0.19040124805925807
7.97,10.0,9.800581963138109,0.08566690746068167,-0.18573660266371128
7.98,10.0,9.801589350182688,0.08241008270253986,-0.18093387568047703
7.99,10.0,9.802591240912125,0.07909758322501705,-0.1759957128322327
8.0,10.0,9.803587649544708,0.07573297546138096,-0.17092492662694703
8.01,10.0,9.80457859057399,0.07231985353891703,-0.1657244870551864
8.02,10.0,9.805564078789683,0.06886183549263772,-0.16039752711695066
8.03,10.0,9.806544129140985,0.06536256354249009,-0.1549474128892836
8.04,10.0,9.807518756886015,0.06182569690430872,-0.1493776985869495
8.05,10.0,9.808487977691705,0.058254907145710355,-0.143692049067079
8.06,10.0,9.809451807432719,0.05465387795252191,-0.13789442789815531
8.07,10.0,9.810410262347025,0.05102629922309328,-0.13198898917645607
8.08,10.0,9.81136335905464,0.047375863878279245,-0.1259800576178911
8.09,10.0,9.812311114575339,0.04370626421293481,-0.11987213171595812
8.1,10.0,9.813253546277412,0.04002118804138515,-0.11367000677655525
8.11,10.0,9.81419067195976,0.03632431516102775,-0.10737867028227654
8.12,10.0,9.81512250987797,0.03261931595601575,-0.10100318119745566
8.13,10.0,9.816049078716546,0.02890984353784868,-0.0945489527529162
8.14,10.0,9.81697039763821,0.025199532903112436,-0.08802156742950729
8.15,10.0,9.817886486283404,0.0214919983820674,-0.0814267561483959
8.16,10.0,9.818797364788866,0.01779082994897462,-0.0747704022661555
8.17,10.0,9.819703053831041,0.014099586068204667,-0.06805867443132563
8.18,10.0,9.820603574619362,0.010421793596647678,-0.06129789622594295
8.19,10.0,9.82149894883281,0.006760949733641425,-0.05449441561972179
8.2,10.0,9.822389198797879,0.0031205067328083326,-0.04765490227239866
8.21,10.0,9.823274347394635,-0.0004961234534445569,-0.040786136946380225
8.22,10.0,9.82415441804271,-0.004085571156699427,-0.0338949949021945
8.23,10.0,9.825029434725684,-0.007644512911441316,-0.02698844978481496
8.24,10.0,9.825899422109822,-0.011169681005761357,-0.02007368000026588
8.25,10.0,9.826764405450701,-0.014657860380185494,-0.013157946283893551
8.26,10.0,9.827624410456439,-0.018105883767699327,-0.0062484882937035024
8.27,10.0,9.828479463631544,-0.021510653131701894,0.0006472488902389273
8.28,10.0,9.829329592058086,-0.024869130154570946,0.007521787308295558
8.29,10.0,9.8301748233679,-0.02817833733796483,0.014367630869827508
8.3,10.0,9.831015185776828,-0.031435362383751025,0.02117726430386213
8.31,10.0,9.83185070824204,-0.03463736920492532,0.027943094265792112
8.32,10.0,9.832681420304953,-0.037781591992628254,0.03465753689897433
8.33,10.0,9.83350735191273,-0.04086532790321868,0.041313076053594244
8.34,10.0,9.83432853385059,-0.043885963318624474,0.04790215105252571
8.35,10.0,9.83514499744548,-0.046840960110866,0.05441725724693036
8.36,10.0,9.835956774526725,-0.04972785570016512,0.060850955000091744
8.37,10.0,9.836763897468666,-0.052544268043266465,0.0671958774365109
8.38,10.0,9.837566399346752,-0.0552879071646961,0.07344472163596194
8.39,10.0,9.838364313750889,-0.05795656687572645,0.07959028844786076
8.4,10.0,9.83915767460045,-0.06054811557081022,0.085625492408548
8.41,10.0,9.83994651657766,-0.06306052576637987,0.0915433709922091
8.42,10.0,9.840730874811946,-0.06549185699027224,0.09733710285529895
8.43,10.0,9.84151078483408,-0.06784025472583934,0.1030000087210432
8.44,10.0,9.842286282620073,-0.07010395605096857,0.10852557196801005
8.45,10.0,9.843057404714937,-0.07228130079162284,0.11390746875026281
8.46,10.0,9.843824188051062,-0.07437072148854289,0.11913956098308365
8.47,10.0,9.844586669786155,-0.07637073294700564,0.12421586737371193
8.48,10.0,9.84534488766372,-0.07827996334362883,0.12913067071175277
8.49,10.0,9.846098879730976,-0.08009713477607476,0.13387846507234613
8.5,10.0,9.84684868429304,-0.08182106111752163,0.13845394802167732
8.51,10.0,9.84759433994754,-0.08345065422382852,0.14285205462140027
8.52,10.0,9.848335885659987,-0.0849849339203531,0.14706800800246
8.53,10.0,9.849073360613772,-0.08642301688950371,0.1510972775356052
8.54,10.0,9.849806804089624,-0.08776410564558873,0.1549355254399032
8.55,10.0,9.850536255706436,-0.08900751945531649,0.1585787733778936
8.56,10.0,9.851261755209771,-0.09015267369568664,0.1620233020126598
8.57,10.0,9.851983342432629,-0.09119907673462331,0.1652656357616351
8.58,10.0,9.852701057310213,-0.09214633649446229,0.16830258703323153
8.59,10.0,9.8534149399058,-0.09299416866672801,0.1711313096952054
8.6,10.0,9.85412503030734,-0.09374238520764344,0.17374923810619158
8.61,10.0,9.854831368555502,-0.09439088336849646,0.17615402387514134
8.62,10.0,9.855533994748093,-0.09493967479859486,0.178343722023655
8.63,10.0,9.856232948916961,-0.09538886485890548,0.18031666876142616
8.64,10.0,9.856928271000728,-0.09573864872026318,0.18207146141869757
8.65,10.0,9.857620000831965,-0.09598931796350404,0.18360700644483074
8.66,10.0,9.85830817812302,-0.09614126665536296,0.18492256495989956
8.67,10.0,9.85899284241332,-0.09619498008219754,0.18601768576119682
8.68,10.0,9.859674033044227,-0.0961510243661284,0.18689214290100686
8.69,10.0,9.860351789134265,-0.09601007239362146,0.18754611195748172
8.7,10.0,9.861026149545744,-0.09577288412038558,0.1879800467114663
8.71,10.0,9.861697152873441,-0.09544030213304251,0.18819465578104833
8.72,10.0,9.862364837400106,-0.09501325789655347,0.18819094980288043
8.73,10.0,9.863029241057017,-0.09449277557851787,0.18797027304947633
8.74,10.0,9.863690401418289,-0.09387996154150159,0.18753423975965688
8.75,10.0,9.864348355715771,-0.09317599494435061,0.18688467829234234
8.76,10.0,9.865003140706584,-0.09238214950076437,0.18602378095717853
8.77,10.0,9.86565479272018,-0.09149977562479152,0.18495399201077234
8.78,10.0,9.866303347665292,-0.09053029573569957,0.18367798306270267
8.79,10.0,9.866948840953444,-0.08947520973424702,0.1821986950404364
8.8,10.0,9.867591307449542,-0.08833609669368986,0.1805193553165001
8.81,10.0,9.868230781505469,-0.087114605498871,0.17864342225667507
8.82,10.0,9.868867297006407,-0.0858124466998586,0.1765745381546946
8.83,10.0,9.869500887157882,-0.08443140947767343,0.1743166459080463
8.84,10.0,9.870131584598834,-0.0829733462686659,0.17187389450016255
8.85,10.0,9.870759421427648,-0.0814401681091321,0.1692506149718831
8.86,10.0,9.87138442909626,-0.07983384892502869,0.16645135408336387
8.87,10.0,9.872006638363958,-0.07815642539268963,0.16348087917895704
8.88,10.0,9.872626079361229,-0.07640998898496482,0.16034413277785653
8.89,10.0,9.873242781658638,-0.0745966792290457,0.15704619484530014
8.9,10.0,9.873856774001283,-0.07271869558859151,0.15359236515201147
8.91,10.0,9.874468084471633,-0.07077828500635025,0.14998808872547187
8.92,10.0,9.875076740533752,-0.06877773758850193,0.1462389347265276
8.93,10.0,9.875682768903125,-0.06671938931660398,0.14235061895493928
8.94,10.0,9.876286195513744,-0.06460562051364084,0.13832899941196874
8.95,10.0,9.876887045602778,-0.062438849448132834,0.1341800421257089
8.96,10.0,9.87748534379309,-0.06022152705548246,0.12990979435191807
8.97,10.0,9.87808111380277,-0.05795614371682218,0.125524430065715
8.98,10.0,9.878674378640222,-0.05564521998894164,0.12103019912354007
8.99,10.0,9.879265160663547,-0.053291302920859526,0.11643341186168854
9.0,10.0,9.879853481434305,-0.05089696683443437,0.1117404462510132
9.01,10.0,9.880439361704212,-0.04846481091672382,0.10695773851155366
9.02,10.0,9.881022821510893,-0.045997454444894115,0.10209176120891073
9.03,10.0,9.881603880264992,-0.04349753295879249,0.09714900876043853
9.04,10.0,9.882182556462391,-0.04096770012911531,0.09213600419522017
9.05,10.0,9.882758867892509,-0.038410621802965124,0.08705927521090473
9.06,10.0,9.883332831707195,-0.035828973227779594,0.08192534818510744
9.07,10.0,9.883904464270337,-0.03322543759525508,0.07674073576186569
9.08,10.0,9.884473781166454,-0.030602703326738766,0.0715119262100492
9.09,10.0,9.885040797297112,-0.027963460911668535,0.06624537611006343
9.1,10.0,9.885605526963696,-0.02531040046356419,0.060947508688308005
9.11,10.0,9.886167983609822,-0.022646209035979643,0.055624680476040744
9.12,10.0,9.886728180022006,-0.01997356799393942,0.05028318795879372
9.13,10.0,9.887286128399989,-0.017295151392304437,0.04492927373140887
9.14,10.0,9.887841840218053,-0.01461362203823973,0.03956909030556943
9.15,10.0,9.88839532625274,-0.011931629048381232,0.034208693823262415
9.16,10.0,9.8889465966697,-0.00925180623581504,0.02885405175379585
9.17,10.0,9.889495661094113,-0.006576770936927754,0.023511053317005093
9.18,10.0,9.890042528408303,-0.003909117268866357,0.01818543886484303
9.19,10.0,9.890587206923886,-0.0012514167312783506,0.012882837670002978
9.2,10.0,9.891129704443964,0.0013937820556376229,0.007608787167185049
9.21,10.0,9.891670028154243,0.004023959935249076,0.0023686722122109316
9.22,10.0,9.892208184662083,0.006636628826736245,-0.002832271637975836
9.23,10.0,9.89274418006518,0.009229331906027835,-0.007988937866648449
9.24,10.0,9.893278020003924,0.011799643659210435,-0.013096328920847
9.25,10.0,9.893809709532446,0.014345180069677336,-0.018149654263638126
9.26,10.0,9.89433925324467,0.016863594986808964,-0.023144266722235685
9.27,10.0,9.894866655319296,0.019352578883324412,-0.02807563229185206
9.28,10.0,9.895391919457406,0.021809868141910202,-0.032939410286392246
9.29,10.0,9.895915048921347,0.02423324533342919,-0.03773143766751552
9.3,10.0,9.896436046579938,0.026620538131916713,-0.04244770052221902
9.31,10.0,9.896954914940812,0.028969618433544814,-0.04708431009239877
9.32,10.0,9.897471656101706,0.031278415260098336,-0.0516376104859102
9.33,10.0,9.897986271820223,0.03354490841154525,-0.05610410123069176
9.34,10.0,9.898498763535274,0.03576712565609668,-0.060480401114404
9.35,10.0,9.899009132361757,0.03794315462767844,-0.06476333597192863
9.36,10.0,9.899517379116961,0.04007114136425346,-0.06894991215920498
9.37,10.0,9.900023504341709,0.0421492881710374,-0.07303728618873162
9.38,10.0,9.900527508314486,0.044175852017402165,-0.07702274180431168
9.39,10.0,9.901029391076383,0.04614915932363301,-0.08090378824716105
9.4,10.0,9.901529152444313,0.048067597329995417,-0.08467808380640562
9.41,10.0,9.90202679200736,0.04992960975911727,-0.08834340076847624
9.42,10.0,9.902522309178968,0.05173371104777753,-0.0918977054377601
9.43,10.0,9.903015703201481,0.05347848288408819,-0.09533912588538485
9.44,10.0,9.903506973147394,0.0551625712735127,-0.09866592680459796
9.45,10.0,9.903996117920158,0.056784684439722746,-0.10187649121089493
9.46,10.0,9.904483136333798,0.058343608585107495,-0.1049693927758053
9.47,10.0,9.904968027079594,0.05983819752091987,-0.10794333405465562
9.48,10.0,9.90545078870148,0.06126736695489922,-0.1107971214454384
9.49,10.0,9.905931419694161,0.0626301105756923,-0.113529720103001
9.5,10.0,9.90640991848292,0.06392549451468221,-0.11614022568819404
9.51,10.0,9.90688628341235,0.06515265389263344,-0.11862784821737904
9.52,10.0,9.907360512740238,0.0663107904442241,-0.12099190106134028
9.53,10.0,9.907832604745147,0.06739918832015311,-0.12323183686725514
9.54,10.0,9.908302557664456,0.06841720260623368,-0.1253472114893075
9.55,10.0,9.908770369657395,0.06936425249885719,-0.1273376733985474
9.56,10.0,9.909236038927766,0.0702398385651783,-0.12920298303829547
9.57,10.0,9.909699563683864,0.07104353526760006,-0.13094299744296745
9.58,10.0,9.910160942123117,0.07177498726682534,-0.13255766423305726
9.59,10.0,9.91062017242487,0.07243390696127826,-0.13404701778388883
9.6,10.0,9.911077252858538,0.07302008944869127,-0.13541117846407325
9.61,10.0,9.911532181713728,0.07353340059704186,-0.1366503453558039
9.62,10.0,9.911984957261943,0.07397376946146218,-0.13776480175448658
9.63,10.0,9.912435577877813,0.07434120589097268,-0.13875489657153572
9.64,10.0,9.912884041990539,0.07463579146454319,-0.13962104747403714
9.65,10.0,9.91333034807146,0.07485767579715667,-0.14036374354149395
9.66,10.0,9.913774494629529,0.07500707413839652,-0.14098354600533014
9.67,10.0,9.91421648029861,0.07508428073538795,-0.14148106013898154
9.68,10.0,9.91465630377796,0.07508965709708357,-0.1418569520882098
9.69,10.0,9.915093963802875,0.07502362406814628,-0.14211196769484147
9.7,10.0,9.915529459240648,0.0748866788664873,-0.14224688333966373
9.71,10.0,9.915962789047782,0.07467938496245918,-0.14226252813982487
9.72,10.0,9.916393952264338,0.07440236858371213,-0.14215979085160413
9.73,10.0,9.916822948013493,0.07405631646018723,-0.14193962293800855
9.74,10.0,9.91724977555677,0.07364198701109147,-0.14160299718996594
9.75,10.0,9.917674434256522,0.07316019937223911,-0.14115093875633455
9.76,10.0,9.918096923562087,0.07261182557185968,-0.1405845504052481
9.77,10.0,9.918517243065752,0.07199780606915855,-0.13990494950419397
9.78,10.0,9.918935392477621,0.07131913924331575,-0.1391133020472166
9.79,10.0,9.919351371627222,0.07057687823041921,-0.1382108300531204
9.8,10.0,9.919765180466438,0.0697721288443492,-0.13719881454445915
9.81,10.0,9.920176819092667,0.06890605822056306,-0.13607855583944684
9.82,10.0,9.920586287736414,0.06797988506979454,-0.13485140696318254
9.83,10.0,9.920993586764023,0.06699487239994083,-0.13351879676147238
9.84,10.0,9.921398716691874,0.06595234067694654,-0.13208217283933177
9.85,10.0,9.921801678184258,0.06485365766951807,-0.13054303612660156
9.86,10.0,9.922202472059878,0.06370023568743242,-0.12890294555126225
9.87,10.0,9.92260109929655,0.062493529656826,-0.12716352006884613
9.88,10.0,9.922997561031256,0.061235043065646,-0.12532641217803953
9.89,10.0,9.923391858567888,0.05992631978409907,-0.12339333247517992
9.9,10.0,9.923783993391915,0.05856893775067653,-0.12136606353599344
9.91,10.0,9.924173967154447,0.05716451897887531,-0.11924642609652558
9.92,10.0,9.92456178168945,0.05571472052716895,-0.11703630204112336
9.93,10.0,9.924947439021542,0.05422123215004661,-0.11473763495102318
9.94,10.0,9.92533094137101,0.05268577446655568,-0.11235243114208782
9.95,10.0,9.925712291144361,0.051110102246094795,-0.10988275196311958
9.96,10.0,9.926091490951972,0.049495998011306816,-0.1073307230923195
9.97,10.0,9.926468543625457,0.04784526705992088,-0.10469853311850796
9.98,10.0,9.926843452193483,0.04615974368035659,-0.10198843545215475
9.99,10.0,9.92721621990598,0.04444128398914424,-0.09920274892732373
10.0,10.0,9.927586850240012,0.042691763958391714,-0.09634385486614327
10.01,10.0,9.927955346904715,0.04091307759007785,-0.09341419840813714
10.02,10.0,9.928321713835675,0.03910713774467604,-0.09041629811945029
10.03,10.0,9.928685955210495,0.037275871622821,-0.0873527386631876
10.04,10.0,9.929048075457816,0.03542121744354843,-0.08422615326172966
10.05,10.0,9.929408079250605,0.033545126374976315,-0.08103926217105073
10.06,10.0,9.92976597151978,0.0316495579319707,-0.07779484747216259
10.07,10.0,9.930121757456481,0.029736478296468253,-0.07449574827432803
10.08,10.0,9.930475442517603,0.027807858399753145,-0.0711448626471265
10.09,10.0,9.930827032433315,0.025865672625075317,-0.06774516948394016
10.1,10.0,9.931176533210083,0.02391189617087032,-0.06429970656761652
10.11,10.0,9.93152395112249,0.021948503575016376,-0.060811542552829945
10.12,10.0,9.931869292744473,0.019977466162640463,-0.05728383941772108
10.13,10.0,9.932212564936473,0.018000750474584524,-0.05371980846903268
10.14,10.0,9.932553774843418,0.016020316828325432,-0.0501227041619865
10.15,10.0,9.932892929902437,0.014038117200403679,-0.046495826830367015
10.16,10.0,9.933230037866672,0.012056092226664289,-0.04284254883579752
10.17,10.0,9.933565106789205,0.010076170402945095,-0.039166284181729516
10.18,10.0,9.933898144994668,0.00810026834123069,-0.03547045705474261
10.19,10.0,9.934229161155397,0.006130284170739984,-0.031758571019668835
10.2,10.0,9.934558164245365,0.004168098887232831,-0.02803415765996764
10.21,10.0,9.934885163532629,0.002215575306452161,-0.024300769169633085
10.22,10.0,9.935210168591185,0.0002745556095421785,-0.020561982169725823
10.23,10.0,9.935533189338143,-0.0016531428783242953,-0.016821419680190797
10.24,10.0,9.935854235997365,-0.0035657267747279424,-0.0130827201326289
10.25,10.0,9.93617331905304,-0.005461424835913061,-0.009349509724904337
10.26,10.0,9.936490449365165,-0.00733849800694378,-0.0056254606353780545
10.27,10.0,9.936805638092062,-0.00919523538647953,-0.0019142444626196742
10.28,10.0,9.937118896676962,-0.011029954757458087,0.001780474651380537
10.29,10.0,9.937430236864811,-0.012841005484146423,0.005455037506107985
10.3,10.0,9.937739670745875,-0.014626773451157767,0.009105776681867184
10.31,10.0,9.938047210702829,-0.016385678632751387,0.012729041635506366
10.32,10.0,9.93835286935244,-0.018116171981898428,0.01632121718388735
10.33,10.0,9.938656659684963,-0.019816748208874954,0.01987868915463986
10.34,10.0,9.938958594964328,-0.02148593940665229,0.02339787651634273
10.35,10.0,9.939258688709614,-0.023122314980411833,0.026875236091652877
10.36,10.0,9.939556954715904,-0.02472448504563934,0.03030726363038294
10.37,10.0,9.939853407095926,-0.026291105590636913,0.03369049120729439
10.38,10.0,9.940148060217842,-0.02782087478136349,0.037021501690137626
10.39,10.0,9.940440928643127,-0.029312528827229324,0.04029693588821193
10.4,10.0,9.940732027269343,-0.03076485667388025,0.04351348801818489
10.41,10.0,9.941021371221606,-0.0321766917302218,0.0466679175562672
10.42,10.0,9.94130897583069,-0.03354691115660556,0.04975705119941454
10.43,10.0,9.941594856655161,-0.0348744397634006,0.05277778904111141
10.44,10.0,9.941879029513883,-0.036158254944853946,0.05572711101312633
10.45,10.0,9.942161510423066,-0.03739738201547559,0.05860207923052396
10.46,10.0,9.942442315538395,-0.038590889360994175,0.061399834022488164
10.47,10.0,9.942721461280662,-0.03973790418240873,0.06411761817993744
10.48,10.0,9.942998964233105,-0.04083760283670016,0.06675276806653052
10.49,10.0,9.943274841118779,-0.04188920949230663,0.06930271186422754
10.5,10.0,9.943549108819726,-0.04289200046115496,0.071764981765293
10.51,10.0,9.943821784396125,-0.04384530852383361,0.07413722582264848
10.52,10.0,9.944092885028066,-0.04474851715305122,0.07641719824894011
10.53,10.0,9.944362427945329,-0.04560105082323288,0.0786027312439348
10.54,10.0,9.944630430566336,-0.04640239996513704,0.08069181193454966
10.55,10.0,9.944896910379851,-0.04715210388173986,0.08268253394777814
10.56,10.0,9.945161884959667,-0.04784975539845333,0.08457311387939903
10.57,10.0,9.945425371953153,-0.048495001233092576,0.0863618945244089
10.58,10.0,9.945687389069732,-0.04908754236584194,0.08804734879911669
10.59,10.0,9.945947954070952,-0.049627133689411206,0.08962807916412263
10.6,10.0,9.94620708476786,-0.050113580252714965,0.0911027981073258
10.61,10.0,9.946464798984481,-0.05054674928205534,0.0924703969273466
10.62,10.0,9.946721114567582,-0.05092656066267232,0.09372989393111864
10.63,10.0,9.946976049369328,-0.051252990030816375,0.0948804532844627
10.64,10.0,9.947229621235852,-0.05152606911342696,0.09592138845511133
10.65,10.0,9.947481847995839,-0.0517458860678116,0.09685216562308474
10.66,10.0,9.947732746917158,-0.05191246297615521,0.09767195694224684
10.67,10.0,9.947982335809042,-0.05202601335758809,0.09838058622797785
10.68,10.0,9.94823063229292,-0.052086776753624955,0.09897792505613445
10.69,10.0,9.948477653843375,-0.05209503116296641,0.09946394039604112
10.7,10.0,9.948723417832689,-0.05205110631276578,0.09983874562980999
10.71,10.0,9.948967941517491,-0.05195538354688266,0.10010260212170152
10.72,10.0,9.949211242049527,-0.05180825489546477,0.10025570932350991
10.73,10.0,9.949453336429746,-0.05161017791765639,0.10029849164494298
10.74,10.0,9.94969424148452,-0.05136169321573592,0.10023169135596754
10.75,10.0,9.949933973884947,-0.051063369064761194,0.10005608394595678
10.76,10.0,9.950172550121279,-0.05071582189977312,0.09977258675923073
10.77,10.0,9.950409986489666,-0.05031971600918997,0.09938225962342884
10.78,10.0,9.95064629912161,-0.04987572853599122,0.09888614295478781
10.79,10.0,9.95088150400688,-0.04938451976968166,0.09828512085055241
10.8,10.0,9.951115616741777,-0.04884692655876957,0.09758082967186432
10.81,10.0,9.951348652751449,-0.04826377064050818,0.0967747619618402
10.82,10.0,9.951580627206628,-0.047635915193604696,0.09586853362844883
10.83,10.0,9.951811555010778,-0.04696426420652715,0.0948638831244657
10.84,10.0,9.952041450796488,-0.046249760491360085,0.09376266380026754
10.85,10.0,9.952270329554457,-0.04549329121123039,0.0925663636179741
10.86,10.0,9.952498205087585,-0.04469591138598413,0.0912772497009855
10.87,10.0,9.952725091242277,-0.043858661358771055,0.0898974379950177
10.88,10.0,9.952951001556288,-0.04298261577047543,0.088429146002583
10.89,10.0,9.953175949247429,-0.04206888269809311,0.0868746908288367
10.9,10.0,9.953399947202271,-0.041118602793106904,0.08523648728486499
10.91,10.0,9.953623008558644,-0.04013288536743776,0.08351673958732508
10.92,10.0,9.953845145604147,-0.03911292329860543,0.08171800165946141
10.93,10.0,9.9540663701846,-0.03805994759458557,0.07984295886715476
10.94,10.0,9.954286693953124,-0.03697519888585125,0.0778942915987848
10.95,10.0,9.95450612820648,-0.03585994274179389,0.07587475202580363
10.96,10.0,9.954724683875853,-0.0347154685916468,0.07378716089472803
10.97,10.0,9.954942371923805,-0.033543062418152934,0.07163426850207699
10.98,10.0,9.955159203066524,-0.03234402301599915,0.06941884155106681
10.99,10.0,9.955375186933917,-0.031119714541614094,0.06714393890640835
11.0,10.0,9.95559033314035,-0.029871495707621293,0.06481254631262301
11.01,10.0,9.955804650925758,-0.028600741278561926,0.06242769052812758
11.02,10.0,9.956018149148882,-0.027308840831183505,0.05999243563201162
11.03,10.0,9.956230836432535,-0.025997191001523066,0.05750985175601864
11.04,10.0,9.956442721828099,-0.024667165486816363,0.054982890288885145
11.05,10.0,9.956653812693707,-0.023320204422420172,0.05241476100310294
11.06,10.0,9.956864116545386,-0.0219577335428283,0.04980859369600488
11.07,10.0,9.957073640524367,-0.020581185475511223,0.04716752888039277
11.08,10.0,9.95728239139305,-0.019191998384436023,0.04449471353304135
11.09,10.0,9.957490375530972,-0.017791614613585093,0.04179329681075217
11.1,10.0,9.957697599826636,-0.01638145866801225,0.03906639383741162
11.11,10.0,9.95790406974113,-0.01496298042620405,0.03631714997233715
11.12,10.0,9.958109790612072,-0.013537623615535774,0.03354869010492845
11.13,10.0,9.958314767497253,-0.012106827969500317,0.030764119661244482
11.14,10.0,9.958519005089315,-0.010672029746092743,0.027966523130584786
11.15,10.0,9.958722507944575,-0.00923465868191757,0.025158967869795656
11.16,10.0,9.958925281032986,-0.007796132670595288,0.02234451897888956
11.17,10.0,9.959127327677717,-0.006357870940462755,0.019526162522814694
11.18,10.0,9.95932865140879,-0.004921279494033959,0.01670686617973871
11.19,10.0,9.959529255435447,-0.0034877534228949132,0.013889556602120212
11.2,10.0,9.959729142648253,-0.0020586754688007016,0.01107711488656804
11.21,10.0,9.95992831591835,-0.0006354280693622184,0.008272467643249959
11.22,10.0,9.960126777736594,0.0007806245490852412,0.005478466330779863
11.23,10.0,9.960324530034372,0.0021881460349381255,0.002697824839520413
11.24,10.0,9.960521574609828,0.0035858101041869317,-6.674863881617199e-05
11.25,10.0,9.960717912979646,0.004972308800284826,-0.002812604432342436
11.26,10.0,9.960913546382985,0.00634635384773362,-0.005537154843121561
11.27,10.0,9.96110847592645,0.007706663258499966,-0.00823774710355929
11.28,10.0,9.961302702285934,0.009051994282313089,-0.010911947318162252
11.29,10.0,9.961496225922623,0.010381122583464153,-0.013557347433709843
11.3,10.0,9.961689047051534,0.011692847299066458,-0.016171601844500172
11.31,10.0,9.961881165637545,0.01298599322233377,-0.01875243847480057
11.32,10.0,9.962072581548687,0.014259403552529904,-0.021297603498215967
11.33,10.0,9.962263294807803,0.015511926998216928,-0.023804768061541637
11.34,10.0,9.962453304537453,0.016742479933984037,-0.026271946102829347
11.35,10.0,9.962642609939108,0.017949991715071178,-0.028697116131051637
11.36,10.0,9.96283121002015,0.01913342191274809,-0.031078332872938486
11.37,10.0,9.963019103600855,0.020291761470377617,-0.03341372967851086
11.38,10.0,9.96320628941648,0.021424016096206453,-0.03570141334381649
11.39,10.0,9.96339276599582,0.022529231397371178,-0.037939611325568556
11.4,10.0,9.963578531640023,0.023606499288938928,-0.040126705498438886
11.41,10.0,9.963763584540821,0.02465493837512804,-0.04226110900236435
11.42,10.0,9.963947922746168,0.025673702822561657,-0.044341315060253406
11.43,10.0,9.96413154416782,0.026661983402119088,-0.046365898614564305
11.44,10.0,9.964314446807824,0.02761894950232313,-0.048333284431314905
11.45,10.0,9.964496628284973,0.02854387989893285,-0.05024226152944844
11.46,10.0,9.964678086199902,0.029436067395141832,-0.05209160356915987
11.47,10.0,9.964858818064908,0.030294840829096985,-0.053880153265795094
11.48,10.0,9.96503882130541,0.03111956777089825,-0.05560683068827332
11.49,10.0,9.965218093223728,0.031909643203760586,-0.05727059219709796
11.5,10.0,9.96539663096132,0.032664477767203055,-0.05887038845238379
11.51,10.0,9.965574431761365,0.03338356786690495,-0.06040540134680539
11.52,10.0,9.965751492734958,0.034066430499035634,-0.06187481953291707
11.53,10.0,9.96592781093939,0.03471262312245859,-0.06327790415523449
11.54,10.0,9.966103383385867,0.03532174430837619,-0.0646139889265096
11.55,10.0,9.966278206996895,0.035893393557067804,-0.06588237141185727
11.56,10.0,9.96645227868842,0.03642723229777846,-0.06708247389036748
11.57,10.0,9.966625595377803,0.03692298473044686,-0.06821384395294672
11.58,10.0,9.966798153944227,0.0373804001022599,-0.06927605238358225
11.59,10.0,9.96696995125522,0.037799268599097186,-0.07026873376899934
11.6,10.0,9.967140984174097,0.0381794217500028,-0.07119158615638832
11.61,10.0,9.967311249338467,0.038520678273614814,-0.07204432235264635
11.62,10.0,9.967480743683117,0.03882296733770927,-0.072826777291493
11.63,10.0,9.96764946404536,0.039086233127903484,-0.0735388234064438
11.64,10.0,9.967817407276135,0.03931045996487357,-0.07418039165315027
11.65,10.0,9.96798457024788,0.039495672813557335,-0.07475147110821156
11.66,10.0,9.968150949824054,0.03964191886580337,-0.07525209014582201
11.67,10.0,9.968316542845619,0.03974925764910159,-0.07568230580326518
11.68,10.0,9.968481346307914,0.03981784669504732,-0.07604228617359987
11.69,10.0,9.968645357198286,0.039847856918591044,-0.07633222720968291
11.7,10.0,9.968808572552225,0.039839497689264564,-0.07655237610646459
11.71,10.0,9.968970989459535,0.03979301680645651,-0.07670303040493853
11.72,10.0,9.969132604942907,0.03970866702285258,-0.07678454305102145
11.73,10.0,9.969293416167279,0.03958675930615834,-0.07679731174966142
11.74,10.0,9.969453420413286,0.039427654233969364,-0.07674177968927798
11.75,10.0,9.969612614989817,0.03923173743348273,-0.07661843875788898
11.76,10.0,9.969770997280811,0.03899943020560676,-0.07642782698448469
11.77,10.0,9.969928564747333,0.038731188062205865,-0.07617052764497112
11.78,10.0,9.970085314775236,0.03842744145760416,-0.07584718140612168
11.79,10.0,9.970241245048898,0.03808873342717101,-0.07545845507510851
11.8,10.0,9.970396353263473,0.037715609638633706,-0.07500506478667757
11.81,10.0,9.970550637208584,0.03730864747021788,-0.07448776863881035
11.82,10.0,9.97070409477318,0.03686845558043468,-0.07390736580237678
11.83,10.0,9.97085672389825,0.036395659330144374,-0.07326471938868395
11.84,10.0,9.971008522574241,0.03589089833996252,-0.07256075885587476
11.85,10.0,9.971159489037843,0.03535487812173298,-0.07179639204931276
11.86,10.0,9.971309621576635,0.03478831533974955,-0.0709725951365161
11.87,10.0,9.971458918593616,0.03419195356892109,-0.0700903846085108
11.88,10.0,9.971607378611482,0.03356656270241184,-0.06915081690279234
11.89,10.0,9.97175500018716,0.032912906719743416,-0.06815498776947537
11.9,10.0,9.971901782068263,0.03223179677591549,-0.06710403131233034
11.91,10.0,9.972047723153207,0.03152407503290144,-0.06599911967270922
11.92,10.0,9.972192822446358,0.03079059675510248,-0.06484146231165155
11.93,10.0,9.97233707908641,0.030032238218770043,-0.06363230543493947
11.94,10.0,9.972480492345069,0.029249894492278352,-0.062372932310922335
11.95,10.0,9.972623061535037,0.02844445130437078,-0.06106467704659746
11.96,10.0,9.972764786247755,0.02761685114539396,-0.05970888832443477
11.97,10.0,9.972905666168133,0.026768038475506708,-0.05830695779580353
11.98,10.0,9.973045701129157,0.025898973494647842,-0.05686031148920834
11.99,10.0,9.973184891115308,0.025010631272772373,-0.05537040949382677
12.0,10.0,9.973323236226507,0.024103991035938084,-0.05383874348235107
12.01,10.0,9.973460736688974,0.023180037154247414,-0.05226683659835252
12.02,10.0,9.973597392974138,0.022239787113263854,-0.05065624799278212
12.03,10.0,9.973733205673991,0.021284258676625204,-0.04900856656143149
12.04,10.0,9.973868175543402,0.02031447873323626,-0.047325412118626176
12.05,10.0,9.974002303503125,0.019331482325746392,-0.045608434981014856
12.06,10.0,9.974135590559575,0.018336301691944973,-0.04385929569701852
12.07,10.0,9.974268037956806,0.01732998317755766,-0.0420796994850674
12.08,10.0,9.974399647120748,0.016313579211107602,-0.04027138190644397
12.09,10.0,9.974530419630751,0.015288143556572324,-0.038436101028076264
12.1,10.0,9.974660357241142,0.014254732575440472,-0.03657564080082887
12.11,10.0,9.974789461871486,0.013214403512842999,-0.03469180353686263
12.12,10.0,9.974917735476614,0.012168206060275273,-0.03278632851950469
12.13,10.0,9.975045180390739,0.011117200448997201,-0.030861098311894875
12.14,10.0,9.975171799049383,0.010062440721612281,-0.02891796812757441
12.15,10.0,9.975297594068032,0.009004977968466742,-0.026958811240222813
12.16,10.0,9.97542256824412,0.007945859273354453,-0.024985518003614704
12.17,10.0,9.975546724487652,0.006886128158142202,-0.02299996855154718
12.18,10.0,9.975670065856502,0.005826822828415836,-0.021004043925918037
12.19,10.0,9.975792595722488,0.00476897167348175,-0.018999685704472524
12.2,10.0,9.975914317577063,0.003713596333883339,-0.016988822277322235
12.21,10.0,9.976035235094358,0.00266170936579849,-0.014973390868171288
12.22,10.0,9.976155352132457,0.0016143132008256767,-0.012955335796810408
12.23,10.0,9.97627467254521,0.0005724065055564608,-0.010936555711076101
12.24,10.0,9.97639320053918,-0.00046303074425814173,-0.008918999314232234
12.25,10.0,9.976510940504125,-0.0014910316340595354,-0.006904617501521493
12.26,10.0,9.9766278969719,-0.0025106416942510313,-0.0048953505038835665
12.27,10.0,9.976744074652348,-0.00352092129114959,-0.002893135983672579
12.28,10.0,9.976859478406416,-0.004520944498386147,-0.0008998988175579203
12.29,10.0,9.97697411305753,-0.005509785347053491,0.0010825122762376793
12.3,10.0,9.977087983911805,-0.006486559405114186,0.003052156642122217
12.31,10.0,9.977201096323316,-0.007450390815109904,0.005007145192351015
12.32,10.0,9.977313455813519,-0.008400422587078188,0.0069456029795356145
12.33,10.0,9.97742506807071,-0.009335817529958152,0.008865671111186968
12.34,10.0,9.977535938821124,-0.010255748410546895,0.010765538760973303
12.35,10.0,9.977646073918846,-0.011159406473192175,0.012643423677621834
12.36,10.0,9.977755479571313,-0.012046021335949158,0.014497520873896219
12.37,10.0,9.977864162040238,-0.012914836872541875,0.01632607472568104
12.38,10.0,9.977972127736361,-0.013765120136259421,0.01812735823729228
12.39,10.0,9.978079383217812,-0.014596162198797445,0.01989967523275693
12.4,10.0,9.978185934946236,-0.01540725168865335,0.02164135505563225
12.41,10.0,9.978291789758753,-0.016197729001348242,0.023350769008119387
12.42,10.0,9.978396954604712,-0.01696695765419677,0.025026324483977458
12.43,10.0,9.978501436524034,-0.01771432287027674,0.026666466612236484
12.44,10.0,9.978605242680722,-0.01843923637230645,0.028269681039724937
12.45,10.0,9.97870838031986,-0.019141132161052142,0.02983449352020462
12.46,10.0,9.978810856575523,-0.019819443988486448,0.031359458217601555
12.47,10.0,9.978912679032149,-0.02047367529613557,0.032843199975864046
12.48,10.0,9.979013855239625,-0.021103340758152397,0.03428438200547701
12.49,10.0,9.979114392843675,-0.021707983331905968,0.03568171746186488
12.5,10.0,9.979214299582067,-0.022287174841745184,0.037033971426625456
12.51,10.0,9.979313583163705,-0.022840497445448523,0.03833995169933435
12.52,10.0,9.979412251371333,-0.02336756160121304,0.039598520915252955
12.53,10.0,9.979510312209499,-0.02386803142242462,0.04080861281618309
12.54,10.0,9.979607773671335,-0.0243415878159358,0.04196921275169552
12.55,10.0,9.979704643810285,-0.024787941385708015,0.04307936632418219
12.56,10.0,9.979800930735333,-0.02520683286548803,0.04413818181593232
12.57,10.0,9.979896642418238,-0.0255979964850054,0.045144752598334836
12.58,10.0,9.979991787070064,-0.025961235538877865,0.04609831941672915
12.59,10.0,9.980086372902448,-0.02629637670177224,0.04699817393736261
12.6,10.0,9.980180408131774,-0.02660327221416996,0.0478436643588348
12.61,10.0,9.980273900995194,-0.026881804400604933,0.048634205943115516
12.62,10.0,9.980366859721785,-0.027131878657025762,0.04936925870060316
12.63,10.0,9.980459292451004,-0.027353399958196616,0.05004825084438114
12.64,10.0,9.980551207477701,-0.027546351441976143,0.05067083753370616
12.65,10.0,9.980642613027323,-0.02771072614061737,0.0512366772337971
12.66,10.0,9.98073351731154,-0.027846546373513078,0.05174549620637903
12.67,10.0,9.980823928522248,-0.027953863862604556,0.05219708928993483
12.68,10.0,9.980913854787653,-0.028032738325832886,0.0525912654623053
12.69,10.0,9.98100330420746,-0.028083261007296145,0.05292790922951374
12.7,10.0,9.981092284880532,-0.028105573954416145,0.05320703152322381
12.71,10.0,9.981180804836837,-0.028099834861960066,0.05342867914069771
12.72,10.0,9.981268872052588,-0.02806622922559791,0.05359296709633998
12.73,10.0,9.981356494443938,-0.02800497030011698,0.053700079216061125
12.74,10.0,9.981443679871482,-0.027916261055632077,0.0537501611731841
12.75,10.0,9.98153043611134,-0.02780037369503554,0.053743546294722444
12.76,10.0,9.981616770863939,-0.02765759657415778,0.05368060595292157
12.77,10.0,9.981702691745891,-0.027488240512669675,0.053561768289181466
12.78,10.0,9.981788206282854,-0.02729264172539785,0.05338752719086104
12.79,10.0,9.981873321919297,-0.02707115415692959,0.05315840888980161
12.8,10.0,9.98195804604818,-0.026824132542990008,0.05287489675969281
12.81,10.0,9.982042385869471,-0.026551995233784705,0.05253771502771043
12.82,10.0,9.98212634850549,-0.026255167328459013,0.05214757406899895
12.83,10.0,9.982209940960358,-0.025934096467055648,0.05170524232538942
12.84,10.0,9.982293170114017,-0.025589252497775276,0.051211546083634873
12.85,10.0,9.982376042802612,-0.025221108713701493,0.050667292184983226
12.86,10.0,9.98245856570503,-0.024830164468622146,0.050073363145392014
12.87,10.0,9.982540745290905,-0.024416954677255364,0.049430757561633176
12.88,10.0,9.982622587931795,-0.023982024467651658,0.048740485665528466
12.89,10.0,9.982704099853416,-0.023525937776356025,0.04800360604095966
12.9,10.0,9.98278528713028,-0.0230492768907361,0.04722122447940036
12.91,10.0,9.982866155889042,-0.022552614061369578,0.046394423569209864
12.92,10.0,9.982946711853275,-0.02203657123520012,0.04552441177461397
12.93,10.0,9.983026960658707,-0.021501776700929565,0.044612415446129705
12.94,10.0,9.983106907789766,-0.02094887240035421,0.04365969733307051
12.95,10.0,9.983186558564077,-0.020378514828264003,0.042667558862862
12.96,10.0,9.983265918188994,-0.019791369135762894,0.04163731776599955
12.97,10.0,9.983344991847687,-0.019188100658134123,0.04057027525003343
12.98,10.0,9.983423784283925,-0.018569410172927847,0.039467857571826026
12.99,10.0,9.98350230017845,-0.01793600010056113,0.038331482597880884
13.0,10.0,9.983580544035629,-0.017288583434127,0.03716259585564852
13.01,10.0,9.983658520179791,-0.01662788309019483,0.03596266949510296
13.02,10.0,9.983736232922519,-0.015954621352340204,0.034733141971508896
13.03,10.0,9.983813686322476,-0.015269532938931218,0.03347549748528711
13.04,10.0,9.983890884144722,-0.014573366503469833,0.03219127718208781
13.05,10.0,9.983967830046334,-0.013866873014455905,0.03088201269641766
13.06,10.0,9.984044527501386,-0.013150809246385743,0.029549249091577412
13.07,10.0,9.98412097979842,-0.01242593706799346,0.028194543048391862
13.08,10.0,9.984197190354895,-0.011693011963069514,0.02681945300024169
13.09,10.0,9.9842731620135,-0.010952806137814955,0.02542555437823335
13.1,10.0,9.984348897567703,-0.0102060898699577,0.02401442473269766
13.11,10.0,9.98442439963838,-0.009453634902071285,0.02258764483073772
13.12,10.0,9.984499670664608,-0.008696213956759093,0.02114679690464405
13.13,10.0,9.984574712982429,-0.007934598940455928,0.019693471086539738
13.14,10.0,9.984649528895309,-0.007169559254884352,0.018229271539280778
13.15,10.0,9.984724120240937,-0.006401866681776208,0.01675576767756548
13.16,10.0,9.984798488805374,-0.005632289209607023,0.015274537135605337
13.17,10.0,9.984872636201317,-0.004861591853698644,0.01378715070977432
13.18,10.0,9.984946563867826,-0.004090535890882078,0.012295170653222498
13.19,10.0,9.985020273249892,-0.0033198796367097405,0.01080014072737323
13.2,10.0,9.98509376552686,-0.002550375352373835,0.009303596309408912
13.21,10.0,9.985167041623972,-0.0017827685809108146,0.0078070624111165055
13.22,10.0,9.98524010237111,-0.0010177987455695437,0.00631204437836419
13.23,10.0,9.985312948438077,-0.0002561978315607044,0.004820029055498831
13.24,10.0,9.98538558033571,0.0005013103597345373,0.0033324829745551288
13.25,10.0,9.98545799868755,0.0012540017809191506,0.001850883220604116
13.26,10.0,9.985530203616669,0.0020011737175817993,0.0003766412005792308
13.27,10.0,9.985602195230253,0.002742129137691065,-0.0010888407745962558
13.28,10.0,9.985673973491927,0.0034761818047831586,-0.0025441867193755074
13.29,10.0,9.985745538223519,0.004202657002370235,-0.003988048993855409
13.3,10.0,9.985816889170675,0.004920888002970221,-0.0054190750272277155
13.31,10.0,9.985888026032141,0.0056302149601737805,-0.006835894328811154
13.32,10.0,9.985958948184626,0.006330004072689975,-0.008237270991936385
13.33,10.0,9.986029654962723,0.007019629782207399,-0.009621953937451133
13.34,10.0,9.98610014557879,0.00769848094934505,-0.010988723208507634
13.35,10.0,9.98617041912552,0.00836596152511228,-0.012336391547896453
13.36,10.0,9.986240474689257,0.009021478266029807,-0.013663755374981212
13.37,10.0,9.986310311172954,0.009664462406360841,-0.014969677556456173
13.38,10.0,9.986379927334147,0.01029436618296088,-0.01625307250278163
13.39,10.0,9.986449321863239,0.010910654654157732,-0.01751287350854336
13.4,10.0,9.98651849335222,0.011512810322414522,-0.018748049147673806
13.41,10.0,9.986587440301166,0.012100333060039936,-0.019957603782488897
13.42,10.0,9.986656161236342,0.012672717386019465,-0.02114055144581617
13.43,10.0,9.986724654442009,0.013229508115615704,-0.022295980817506278
13.44,10.0,9.986792918180393,0.013770256972431845,-0.02342300516703366
13.45,10.0,9.986860950636867,0.014294534951473018,-0.024520777192318932
13.46,10.0,9.986928749923525,0.01480193283114577,-0.025588489901952283
13.47,10.0,9.986996314105905,0.01529205266657492,-0.026625343134475954
13.48,10.0,9.987063641207712,0.015764507847194194,-0.02763054248679231
13.49,10.0,9.987130729134169,0.016218954918884358,-0.0286034207183421
13.5,10.0,9.987197575760536,0.016655060956021973,-0.029543311349967905
13.51,10.0,9.987264178910268,0.017072513999708293,-0.030449587868740968
13.52,10.0,9.987330536358838,0.017471023469222045,-0.03132166416939042
13.53,10.0,9.987396645857524,0.01785029942151504,-0.03215891222374401
13.54,10.0,9.987462505102926,0.018210089385731848,-0.03296080549519409
13.55,10.0,9.987528111751786,0.018550167144066335,-0.0337268740833494
13.56,10.0,9.987593463434806,0.01887032253155622,-0.034456663390849296
13.57,10.0,9.9876585577554,0.019170367274894903,-0.035149756275906774
13.58,10.0,9.987723392293084,0.01945013353527452,-0.035805772361272026
13.59,10.0,9.98778796459877,0.019709446245674098,-0.03642435824873913
13.6,10.0,9.987852272220131,0.019948192617184817,-0.0370052124568393
13.61,10.0,9.987916312688169,0.020166266280081304,-0.03754806541322597
13.62,10.0,9.987980083525851,0.020363582717477614,-0.038052685134900455
13.63,10.0,9.988043582252006,0.02054007945126015,-0.03851887713949631
13.64,10.0,9.988106806371668,0.02069570456657503,-0.03894647787369698
13.65,10.0,9.98816975338359,0.020830419994329653,-0.03933535653320508
13.66,10.0,9.988232420821578,0.02094423383168815,-0.03968543416567183
13.67,10.0,9.988294806216176,0.021037164260136465,-0.03999666241923938
13.68,10.0,9.988356907111463,0.021109250816561124,-0.04026903004217541
13.69,10.0,9.988418721068856,0.021160554461676636,-0.04050256315412459
13.7,10.0,9.988480245628129,0.02119113404936766,-0.04069724977812106
13.71,10.0,9.988541478388708,0.02120108919857311,-0.040853176551747916
13.72,10.0,9.988602416981026,0.021190542457891304,-0.04097047164897394
13.73,10.0,9.988663059055902,0.02115963142918853,-0.041049279398661764
13.74,10.0,9.988723402297412,0.02110851385340553,-0.04108977640860245
13.75,10.0,9.988783444420415,0.021037365031016893,-0.04109216889555334
13.76,10.0,9.988843183116936,0.020946353763258947,-0.04105667047103889
13.77,10.0,9.988902616209442,0.02083570516824673,-0.04098355904041329
13.78,10.0,9.988961741530826,0.02070564873634543,-0.04087312938158072
13.79,10.0,9.989020556961519,0.020556432381047023,-0.04072570537047915
13.8,10.0,9.989079060432816,0.020388322281483535,-0.040541639778787775
13.81,10.0,9.98913724989736,0.020201591647321156,-0.040321334813709475
13.82,10.0,9.989195123349907,0.019996526457440954,-0.04006523054503053
13.83,10.0,9.989252678901206,0.019773449129380633,-0.03977375904857383
13.84,10.0,9.989309914694894,0.01953268919186139,-0.03944739949252596
13.85,10.0,9.989366828937845,0.019274592253193983,-0.03908666044911757
13.86,10.0,9.989423419903149,0.018999519742168878,-0.03869207948281117
13.87,10.0,9.98947968586408,0.018707829150952825,-0.038264187987176124
13.88,10.0,9.989535625228116,0.018399910774121477,-0.03780357741791507
13.89,10.0,9.989591236474405,0.018076168940909593,-0.03731086582923271
13.9,10.0,9.989646518143914,0.017737018129940378,-0.03678669109283894
13.91,10.0,9.989701468854332,0.01738288607233347,-0.03623171659879465
13.92,10.0,9.98975608729229,0.01701421104691192,-0.03564662210785785
13.93,10.0,9.989810372150737,0.016631426842968915,-0.03503204785427072
13.94,10.0,9.989864322314654,0.016235003576904848,-0.034388749570317456
13.95,10.0,9.989917936709698,0.015825412700056378,-0.03371746722165425
13.96,10.0,9.989971214347113,0.015403136143928367,-0.033018960564523026
13.97,10.0,9.99002415432606,0.014968665894639984,-0.032294008368017435
13.98,10.0,9.990076755792195,0.014522496367560032,-0.031543426443076505
13.99,10.0,9.990129017973304,0.014065129457070735,-0.030768052759423625
14.0,10.0,9.990180940253124,0.013597085870614875,-0.029968716188284006
14.01,10.0,9.990232522076319,0.013118888683401251,-0.029146277570914925
14.02,10.0,9.990283762982099,0.012631068062614059,-0.028301615343819697
14.03,10.0,9.990334662606223,0.012134160781353133,-0.02743562531157684
14.04,10.0,9.990385220592474,0.011628699824074924,-0.026549238606111913
14.05,10.0,9.990435436773287,0.011115233462638784,-0.025643384431333516
14.06,10.0,9.990485311070008,0.010594313633531843,-0.02471901032233892
14.07,10.0,9.990534843490561,0.010066494978027982,-0.023777082733255517
14.08,10.0,9.990584034143676,0.00953233569966755,-0.02281858379625734
14.09,10.0,9.99063288322394,0.008992396037503323,-0.02184449582153314
14.1,10.0,9.990681390942658,0.008447233472517543,-0.020855736153106708
14.11,10.0,9.990729557745103,0.007897415203266445,-0.01985335403210453
14.12,10.0,9.99077738412664,0.007343506433486327,-0.01883836043824333
14.13,10.0,9.990824870685627,0.006786072937325891,-0.01781177465945205
14.14,10.0,9.990872018124572,0.006225680504363444,-0.01677462339374769
14.15,10.0,9.990918827191326,0.005662893412911592,-0.015727924365235846
14.16,10.0,9.990965298737677,0.005098274805945709,-0.014672700350670143
14.17,10.0,9.991011433791586,0.004532387287789144,-0.013609996969558114
14.18,10.0,9.991057233446105,0.0039657905505611525,-0.01254085249539627
14.19,10.0,9.991102698897796,0.0033990414228573353,-0.01146630682414207
14.2,10.0,9.991147831447416,0.0028326933072458627,-0.010387400423684356
14.21,10.0,9.99119263237925,0.0022672980440362365,-0.009305236044512832
14.22,10.0,9.991237103209967,0.0017034003874074153,-0.008220849745471659
14.23,10.0,9.991281245533402,0.0011415405599308611,-0.007135290359940039
14.24,10.0,9.991325061030874,0.0005822534975382493,-0.006049613545263566
14.25,10.0,9.991368551484216,2.6068040339220013e-05,-0.004964874475341108
14.26,10.0,9.991411718751143,-0.0005264923530475213,-0.003882118563618142
14.27,10.0,9.991454564691862,-0.0010749064038632864,-0.0028023551006339797
14.28,10.0,9.99149709141925,-0.0016186683214157924,-0.001726643550437723
14.29,10.0,9.991539301078738,-0.0021572771152042723,-0.0006560160790924918
14.3,10.0,9.99158119591014,-0.0026902402909984914,0.00040850144053872217
14.31,10.0,9.991622778247294,-0.003217074376527927,0.0014658904635339587
14.32,10.0,9.991664050443203,-0.0037372995841169626,0.002515190415638302
14.33,10.0,9.991705014953968,-0.004250446965632989,0.0035554432942626057
14.34,10.0,9.991745674397572,-0.00475606358955395,0.004585655081652096
14.35,10.0,9.991786031437115,-0.00525370390674151,0.00560487433119361
14.36,10.0,9.991826088820641,-0.005742933436177962,0.006612166276329101
14.37,10.0,9.991865849380272,-0.006223329248671199,0.007606614017409419
14.38,10.0,9.991905315895812,-0.006694466381934487,0.008587252750643537
14.39,10.0,9.991944491379819,-0.0071559480089315435,0.009553212571548175
14.4,10.0,9.99198337888255,-0.007607385759539781,0.010503623259647266
14.41,10.0,9.99202198151772,-0.008048402973160316,0.011437629149455675
14.42,10.0,9.992060302471183,-0.008478636171761535,0.012354394890120468
14.43,10.0,9.992098344971414,-0.008897731762860963,0.013253091358961244
14.44,10.0,9.992136112231192,-0.009305338929799147,0.01413286646643197
14.45,10.0,9.992173607669503,-0.00970113964291952,0.014992965043876538
14.46,10.0,9.992210834707784,-0.010084822278781932,0.01583262189938095
14.47,10.0,9.992247796825758,-0.010456089634279322,0.016651093463662336
14.48,10.0,9.992284497559536,-0.01081465928827706,0.01744765846764562
14.49,10.0,9.992320940433567,-0.01116025262571927,0.01822166297789468
14.5,10.0,9.992357129043587,-0.011492609744590517,0.01897246418502907
14.51,10.0,9.99239306708433,-0.011811494893318588,0.019699411203086936
14.52,10.0,9.992428758262339,-0.012116682212548887,0.020401902931128202
14.53,10.0,9.992464206324868,-0.012407961384374569,0.021079368321858638
14.54,10.0,9.992499415057576,-0.012685137918552478,0.021731267127237497
14.55,10.0,9.992534388184614,-0.012948011668434468,0.022357074946502076
14.56,10.0,9.992569129577985,-0.013196424365224576,0.02295631905911283
14.57,10.0,9.992603643101988,-0.013430225711458474,0.023528554237164268
14.58,10.0,9.992637932640696,-0.013649280321665836,0.024073368577843035
14.59,10.0,9.992672002099624,-0.013853468906870649,0.024590385211896104
14.6,10.0,9.992705855385356,-0.014042682985034426,0.025079223340238377
14.61,10.0,9.992739496379588,-0.01421681785122913,0.025539446334131244
14.62,10.0,9.992772929048385,-0.014375807618984932,0.02597081638577997
14.63,10.0,9.992806157334646,-0.014519592813879661,0.02637305803432216
14.64,10.0,9.992839185185444,-0.01464812992582799,0.026745927110776224
14.65,10.0,9.99287201654903,-0.014761391528744275,0.027089211117132028
14.66,10.0,9.992904655347402,-0.014859352589655516,0.027402716290919282
14.67,10.0,9.992937105507997,-0.014942010174632203,0.027686286666626203
14.68,10.0,9.992969370964142,-0.015009385508586253,0.027939806279384305
14.69,10.0,9.993001455626466,-0.01506150963564715,0.02816318563112208
14.7,10.0,9.993033363389728,-0.015098429088156892,0.028356367440932395
14.71,10.0,9.993065098129703,-0.015120205920672288,0.028519326631389785
14.72,10.0,9.99309666369318,-0.015126894290422256,0.02865212974353104
14.73,10.0,9.993128063910065,-0.015118592706164644,0.02875480390663565
14.74,10.0,9.993159302578642,-0.015095404229441622,0.028827436982432564
14.75,10.0,9.99319038346518,-0.015057446050514303,0.028870154175575036
14.76,10.0,9.993221310300935,-0.015004849856348298,0.02888311707132729
14.77,10.0,9.993252086785635,-0.014937755948970195,0.028866484514730395
14.78,10.0,9.993282716589441,-0.01485630872867768,0.028820382412418966
14.79,10.0,9.993313203315788,-0.014760686346851053,0.028745107127615965
14.8,10.0,9.993343550531279,-0.01465107177364498,0.028640928635495833
14.81,10.0,9.993373761752917,-0.014527661147469619,0.02850814827411663
14.82,10.0,9.993403840445021,-0.01439066364606627,0.028347098798117032
14.83,10.0,9.993433790052347,-0.014240288858341277,0.028158051243468485
14.84,10.0,9.993463613941325,-0.01407676589449998,0.02794135786718216
14.85,10.0,9.993493315401842,-0.0139003415767908,0.02769743967605437
14.86,10.0,9.99352289767422,-0.013711269937779517,0.027426709008572192
14.87,10.0,9.993552363933663,-0.013509816391307517,0.02712960170000378
14.88,10.0,9.993581717288158,-0.013296257389434747,0.0268065767948803
14.89,10.0,9.993610960868168,-0.013070862179785637,0.0264581976285323
14.9,10.0,9.993640097611832,-0.01283393390765607,0.026084944500635865
14.91,10.0,9.993669130429694,-0.012585776755753501,0.025687361627379002
14.92,10.0,9.993698062157248,-0.012326704430898216,0.025266017278402497
14.93,10.0,9.99372689555242,-0.012057039898774817,0.024821503338235906
14.94,10.0,9.993755633327146,-0.011777110691887964,0.02435443239658769
14.95,10.0,9.993784278155932,-0.011487247207523138,0.023865436335536117
14.96,10.0,9.993812832533617,-0.011187800561445709,0.02335517729410047
14.97,10.0,9.99384129891497,-0.010879123888007554,0.02282433590321542
14.98,10.0,9.993869679670148,-0.01056157752330992,0.02227361433989572
14.99,10.0,9.993897977082574,-0.010235528686472732,0.02170373591121566
15.0,10.0,9.993926193433248,-0.009901343463002445,0.02111531398577282
15.01,10.0,9.99395433085617,-0.009559399173120155,0.020509067154308336
15.02,10.0,9.99398239136925,-0.00921008111284501,0.019885768651742963
15.03,10.0,9.994010376927,-0.008853777352025865,0.01924616332594431
15.04,10.0,9.994038289393176,-0.008490880662905468,0.018591005305980735
15.05,10.0,9.994066130544157,-0.008121787876508118,0.01792105722083459
15.06,10.0,9.994093902202764,-0.007746891885028805,0.017237095600165064
15.07,10.0,9.994121605913117,-0.007366599516706135,0.016539894255229393
15.08,10.0,9.994149243198493,-0.006981316547562662,0.015830235505091828
15.09,10.0,9.99417681549012,-0.006591451259982953,0.01510890600225423
15.1,10.0,9.994204324126065,-0.006197414052670488,0.014376695516185256
15.11,10.0,9.994231770400317,-0.005799615532041309,0.013634445236752168
15.12,10.0,9.994259155559801,-0.005398466178619687,0.012883044784524678
15.13,10.0,9.99428648063886,-0.004994380927667536,0.01212326988014567
15.14,10.0,9.9943137466348,-0.004587773436577724,0.011355954713325456
15.15,10.0,9.99434095445359,-0.004179057303075452,0.010581938641951782
15.16,10.0,9.994368104909265,-0.003768645658697111,0.009802065648936709
15.17,10.0,9.994395198825917,-0.0033569500793394986,0.009017110573326936
15.18,10.0,9.994422236857957,-0.0029443813715836023,0.00822790653695371
15.19,10.0,9.99444921955169,-0.002531348752315855,0.0074353000656626755
15.2,10.0,9.994476147391627,-0.0021182591298902786,0.0066401170543753385
15.21,10.0,9.994503020774813,-0.0017055168647651506,0.005843180043382135
15.22,10.0,9.994529840019242,-0.0012935235172804494,0.005045300420954135
15.23,10.0,9.994556605480259,-0.0008826795991115294,0.004247178904187909
15.24,10.0,9.994583317258378,-0.0004733787405288863,0.003449651407180454
15.25,10.0,9.994609975437285,-6.601169987105604e-05,0.002653487194699544
15.26,10.0,9.994636580019506,0.0003390352397364915,0.0018594421928370686
15.27,10.0,9.99466313092685,0.0007413806712306911,0.0010682575745501466
15.28,10.0,9.994689628047517,0.0011406463129342394,0.00028072777310228503
15.29,10.0,9.994716071220706,0.0015364581389178589,-0.0005023243890515117
15.3,10.0,9.994742460116186,0.001928452350010199,-0.001280228047670695
15.31,10.0,9.994768794373783,0.002316269366029024,-0.0020522595731514715
15.32,10.0,9.994795073561086,0.0026995561966603725,-0.00281770734506559
15.33,10.0,9.99482129717431,0.0030779668211639226,-0.0035758721608145083
15.34,10.0,9.99484746472025,0.0034511559240598217,-0.004326001247727584
15.35,10.0,9.994873575568365,0.0038187914750151854,-0.005067411568357771
15.36,10.0,9.994899629017292,0.004180549728017323,-0.005799436296486882
15.37,10.0,9.994925624319745,0.004536113633042505,-0.00652140566539533
15.38,10.0,9.994951560667056,0.0048851745567103835,-0.0072326611523124695
15.39,10.0,9.99497743719811,0.005227431589225733,-0.007932571664639676
15.4,10.0,9.995003253065278,0.005562583098343159,-0.008620668513347973
15.41,10.0,9.995029007263636,0.005890350480315631,-0.009296287379520485
15.42,10.0,9.99505469877499,0.0062104590942423845,-0.009958865979005027
15.43,10.0,9.995080326530287,0.0065226438951521155,-0.010607863309788246
15.44,10.0,9.99510588941121,0.006826649740019871,-0.011242760635516935
15.45,10.0,9.995131386278587,0.00712222615605581,-0.011863038562771544
15.46,10.0,9.995156815958014,0.007409130941085187,-0.012468192087438879
15.47,10.0,9.995182177187612,0.007687141594153177,-0.013057779940613856
15.48,10.0,9.995207468687184,0.0079560416596894,-0.013631364818796787
15.49,10.0,9.995232689138541,0.008215625430649139,-0.014188533625722477
15.5,10.0,9.995257837187326,0.008465698204900104,-0.014728898111198208
15.51,10.0,9.995282911482716,0.008706064292202543,-0.015251898672444919
15.52,10.0,9.995307910606611,0.008936550766306513,-0.01575718287802963
15.53,10.0,9.995332833113174,0.009156995519851578,-0.016244409904333734
15.54,10.0,9.995357677536319,0.009367245696262008,-0.016713222039977882
15.55,10.0,9.995382442385386,0.00956715993745919,-0.017163277523257747
15.56,10.0,9.995407126149923,0.009756606601670947,-0.01759426071568232
15.57,10.0,9.995431727317374,0.009935452783482922,-0.018005940856397756
15.58,10.0,9.995456244330224,0.010103596487948192,-0.018398003529393803
15.59,10.0,9.995480675625949,0.010260939779540006,-0.01877019287946785
15.6,10.0,9.995505019628602,0.010407396414719767,-0.01912227244418413
15.61,10.0,9.995529274750911,0.010542891982369651,-0.019454025341921977
15.62,10.0,9.99555343939818,0.010667356455108998,-0.019765318113819708
15.63,10.0,9.995577511968898,0.010780730510945117,-0.02005604905254943
15.64,10.0,9.995601490854046,0.010882977139500911,-0.020326051748778884
15.65,10.0,9.99562537444308,0.010974065629815876,-0.02057523111066406
15.66,10.0,9.995649161124785,0.011053976943968128,-0.020803519773064327
15.67,10.0,9.995672849289349,0.011122703795109674,-0.021010878480162698
15.68,10.0,9.995696437324577,0.011180236196066364,-0.021197098893296906
15.69,10.0,9.995719923629762,0.011226590497036651,-0.021362199015146854
15.7,10.0,9.995743306610876,0.011261792507971472,-0.021506192533314594
15.71,10.0,9.995766584682631,0.011285877376435457,-0.021629087166642053
15.72,10.0,9.995789756271288,0.011298891503836969,-0.02173091000651703
15.73,10.0,9.99581281981343,0.011300890047745966,-0.02181168935026928
15.74,10.0,9.99583577374508,0.011291927168622866,-0.02187138341278108
15.75,10.0,9.99585861654429,0.011272086605232453,-0.021910102281024968
15.76,10.0,9.995881346698177,0.011241455251973547,-0.02192791565591712
15.77,10.0,9.99590396271472,0.011200130509850699,-0.021924905934108535
15.78,10.0,9.995926463124754,0.011148220240766516,-0.021901167540524374
15.79,10.0,9.995948846465367,0.011085835133145996,-0.021856923942836448
15.8,10.0,9.995971111300584,0.01101309628330539,-0.02179240870702237
15.81,10.0,9.995993256243455,0.010930143333635267,-0.021707738603419735
15.82,10.0,9.996015279924768,0.010837120863829569,-0.02160312252854174
15.83,10.0,9.996037181006203,0.010734182889499252,-0.021478790795496916
15.84,10.0,9.996058958182184,0.01062149275892996,-0.021334995292942804
15.85,10.0,9.996080610141593,0.010499210246831269,-0.021171982006721102
15.86,10.0,9.9961021356524,0.010367517854362168,-0.020990048540351136
15.87,10.0,9.996123533510383,0.010226603749819334,-0.0207895078647595
15.88,10.0,9.996144802545393,0.010076663083372813,-0.020570691259722856
15.89,10.0,9.996165941626979,0.009917899078223802,-0.020333951477054413
15.9,10.0,9.996186949657043,0.009750520604330196,-0.02007960903499495
15.91,10.0,9.996207825547236,0.009574735913266071,-0.01980780767674631
15.92,10.0,9.996228568305991,0.009390773944139395,-0.019519022812425874
15.93,10.0,9.996249176964488,0.009198865125055175,-0.01921361067506905
15.94,10.0,9.99626965059959,0.008999246558885437,-0.01889193501831074
15.95,10.0,9.996289988335347,0.008792161821810342,-0.018554366148689466
15.96,10.0,9.996310189312,0.008577855348577215,-0.01820134342811805
15.97,10.0,9.996330252725597,0.008356578575661756,-0.01783330009905837
15.98,10.0,9.996350177852227,0.008128593526108943,-0.01745061790328195
15.99,10.0,9.996369964001149,0.007894164551952082,-0.01705372050691717
16.0,10.0,9.996389610533205,0.007653560943653053,-0.01664303987184909
16.01,10.0,9.996409116862072,0.0074070566906282095,-0.016219015492499073
16.02,10.0,9.996428482389613,0.007154922700124609,-0.015782307866890277
16.03,10.0,9.996447706647348,0.006897442592036039,-0.015333343357004814
16.04,10.0,9.996466789200836,0.00663490137440532,-0.014872628175923747
16.05,10.0,9.996485729665824,0.006367586907464376,-0.014400699433896047
16.06,10.0,9.99650452771366,0.006095790135992421,-0.013918111258409166
16.07,10.0,9.996523183057647,0.005819803654650812,-0.01342537864608867
16.08,10.0,9.996541695427336,0.005539919315793863,-0.012922874463136558
16.09,10.0,9.996560064679372,0.005256436685197247,-0.012411253921060766
16.1,10.0,9.996578290698197,0.004969654803595784,-0.01189106753977115
16.11,10.0,9.996596373425545,0.004679874180262232,-0.011362871355756476
16.12,10.0,9.996614312861244,0.00438739650416343,-0.010827226665229867
16.13,10.0,9.996632109022173,0.00409252275435857,-0.01028461020789792
16.14,10.0,9.996649761998194,0.003795555023501816,-0.009735531012062926
16.15,10.0,9.99666727196811,0.0034967968124143605,-0.009180561711871427
16.16,10.0,9.996684639149366,0.0031965507822222317,-0.008620229856108441
16.17,10.0,9.996701863817522,0.002895119184080044,-0.008055056636752267
16.18,10.0,9.996718946306775,0.0025928035598735385,-0.0074855558844011405
16.19,10.0,9.99673588692749,0.002289904212496638,-0.006912559678343672
16.2,10.0,9.996752686148014,0.001986720410091183,-0.006336503075856148
16.21,10.0,9.996769344462008,0.0016835497169857092,-0.005757947118359585
16.22,10.0,9.996785862416573,0.0013806877710514697,-0.005177469100442811
16.23,10.0,9.996802240615574,0.0010784279922515516,-0.004595650282948616
16.24,10.0,9.99681847969995,0.0007770618450638178,-0.00401307661814318
16.25,10.0,9.996834580324878,0.0004768791914416356,-0.0034303401888431673
16.26,10.0,9.996850543278853,0.00017816462213991567,-0.0028480331351369015
16.27,10.0,9.996866369371544,-0.00011879966070044764,-0.002266753303540453
16.28,10.0,9.996882059466301,-0.0004137350592848688,-0.0016871026812704804
16.29,10.0,9.996897614480048,-0.0007063668719111953,-0.001109687307477597
16.3,10.0,9.996913035337885,-0.0009964217833741459,-0.000534894870551389
16.31,10.0,9.996928323038706,-0.0012836322212467258,3.678244074462045e-05
16.32,10.0,9.996943478658087,-0.0015677368329975639,0.0006047332004004424
16.33,10.0,9.99695850330343,-0.001848478009175807,0.0011684465498762453
16.34,10.0,9.996973398131333,-0.00212560325702734,0.0017274263774163523
16.35,10.0,9.99698816434722,-0.0023988654751695856,0.0022811925594881377
16.36,10.0,9.997002803122722,-0.002668016148389535,0.0028291208818604363
16.37,10.0,9.997017315779525,-0.0029328214827610876,0.0033708060434080034
16.38,10.0,9.997031703646703,-0.003193050431477271,0.0039057837355633007
16.39,10.0,9.997045968095888,-0.0034484780278569065,0.004433601512943475
16.4,10.0,9.997060110541476,-0.0036988857133075648,0.00495382159738067
16.41,10.0,9.997074132418826,-0.003944059173634204,0.005465927586702918
16.42,10.0,9.997088035170007,-0.004183787038858708,0.005969264874926106
16.43,10.0,9.997101820344911,-0.0044178727479392155,0.00646349349603792
16.44,10.0,9.997115489500505,-0.004646123379374408,0.006948144534708184
16.45,10.0,9.997129044229395,-0.004868353235038561,0.007422750518585458
16.46,10.0,9.99714248615886,-0.005084384058135741,0.00788684508905152
16.47,10.0,9.997155816911645,-0.0052940387064022145,0.008340153341068413
16.48,10.0,9.997169038165033,-0.005497151636136398,0.008782292015343751
16.49,10.0,9.997182151642217,-0.005693567803363537,0.009212807159656417
16.5,10.0,9.997195159081581,-0.005883137795585381,0.009631322372119167
16.51,10.0,9.997208062248408,-0.00606572020929089,0.010037475024550657
16.52,10.0,9.997220862932924,-0.006241181659088545,0.0104309202443576
16.53,10.0,9.99723356289839,-0.006409385447180292,0.010811535172371683
16.54,10.0,9.99724616399736,-0.006570218370973426,0.011178948035199004
16.55,10.0,9.997258668077329,-0.006723569773685909,0.01153291293654568
16.56,10.0,9.997271077004381,-0.0068693373562697495,0.01187321098143676
16.57,10.0,9.997283392661872,-0.0070074273164429995,0.012199651288066243
16.58,10.0,9.997295616934789,-0.00713775070211528,0.012511931449135996
16.59,10.0,9.997307751705218,-0.00726022270294833,0.012809607146009941
16.6,10.0,9.997319798906116,-0.007374777420128507,0.013092639165049852
16.61,10.0,9.997331760463126,-0.007481352921730531,0.013360832234153575
16.62,10.0,9.997343638310111,-0.007579895860067525,0.013614003348879841
16.63,10.0,9.997355434387625,-0.007670361566284221,0.013851981514825973
16.64,10.0,9.997367150623411,-0.007752705596500749,0.014074559165575512
16.65,10.0,9.997378788961015,-0.00782689814209429,0.01428157260948519
16.66,10.0,9.99739035135029,-0.007892920343580832,0.014472880594854604
16.67,10.0,9.997401839735351,-0.00795075936982771,0.014648335447008637
16.68,10.0,9.99741325605806,-0.00800041089971266,0.01480779642555452
16.69,10.0,9.997424602256261,-0.008041878642548184,0.014951148429322325
16.7,10.0,9.99743588025867,-0.008075162814171677,0.015078725602553883
16.71,10.0,9.997447091991717,-0.008100288154257493,0.015190285664284583
16.72,10.0,9.997458239371102,-0.008117281450873827,0.015285835046974922
16.73,10.0,9.997469324302044,-0.008126177635986167,0.015365406474541002
16.74,10.0,9.997480348677621,-0.008127019788618272,0.015429060262317149
16.75,10.0,9.997491314378498,-0.008119854956041972,0.015476818410655763
16.76,10.0,9.997502223271129,-0.008104734661744039,0.015508673810735521
16.77,10.0,9.99751307720201,-0.008081727805441318,0.015524797782115296
16.78,10.0,9.997523878000557,-0.008050906577629613,0.015525315672699352
16.79,10.0,9.997534627476101,-0.0080123507257629,0.015510376313733476
16.8,10.0,9.997545327416296,-0.007966147513220861,0.015480152237296041
16.81,10.0,9.997555979596884,-0.0079123834608098,0.015434493130706342
16.82,10.0,9.997566585759907,-0.007851158856781545,0.015373540827738452
16.83,10.0,9.997577147619623,-0.007782582285818854,0.015297500348990592
16.84,10.0,9.99758766686562,-0.0077067671857783395,0.015206496496563207
16.85,10.0,9.997598145158529,-0.007623833723206915,0.015100655388639195
16.86,10.0,9.997608584131342,-0.0075339079920050175,0.014980127635373819
16.87,10.0,9.997618985422129,-0.0074371133465568695,0.014845380540300268
16.88,10.0,9.997629350585258,-0.007333592166282897,0.014696449703351447
16.89,10.0,9.997639681161257,-0.0072234878894179965,0.01453354905358098
16.9,10.0,9.997649978655906,-0.007106949769340889,0.014356904307056245
16.91,10.0,9.997660244538851,-0.00698413275471838,0.01416675275745255
16.92,10.0,9.99767048026235,-0.006855193986234027,0.013963455843925277
16.93,10.0,9.997680687251613,-0.0067202940622636135,0.013747452936969412
16.94,10.0,9.997690866854422,-0.0065796051381432855,0.013518987794743947
16.95,10.0,9.997701020397235,-0.006433301154384161,0.013278429649925427
16.96,10.0,9.997711149165992,-0.006281560701554598,0.01302617388607863
16.97,10.0,9.997721254404897,-0.006124566867982139,0.012762643046839925
16.98,10.0,9.997731337355205,-0.005962501472066174,0.012487852192741455
16.99,10.0,9.997741399179692,-0.0057955553446721545,0.012202219366216377
17.0,10.0,9.99775144099582,-0.0056239233486517675,0.011906192138227273
17.01,10.0,9.997761463884792,-0.005447802785085726,0.011600136818639556
17.02,10.0,9.997771468882704,-0.005267394315177761,0.011284422586161663
17.03,10.0,9.997781456985939,-0.0050829012328878,0.010959409154774447
17.04,10.0,9.997791429199026,-0.004894525135861558,0.010625357330340368
17.05,10.0,9.997801386401338,-0.004702476983844204,0.010282666554261091
17.06,10.0,9.997811329456322,-0.004506967552204775,0.009931675068371518
17.07,10.0,9.99782125918038,-0.004308209809139256,0.009572713175118847
17.08,10.0,9.997831176342114,-0.0041064187164097056,0.009206101483809001
17.09,10.0,9.997841081694675,-0.003901809496672989,0.008832410427813714
17.1,10.0,9.997850975953288,-0.00369459843875154,0.008452287656793456
17.11,10.0,9.997860859732311,-0.0034850055694388097,0.008065968908146065
17.12,10.0,9.997870733624548,-0.0032732507532823264,0.007673905351829491
17.13,10.0,9.99788059817506,-0.003059554666991563,0.007276562681468243
17.14,10.0,9.99789045388067,-0.0028441385867447586,0.006874421922131196
17.15,10.0,9.997900301247078,-0.0026272227317107335,0.006467838296608269
17.16,10.0,9.997910140676716,-0.002409028849741601,0.006057317064153855
17.17,10.0,9.997919972528257,-0.002189778500424968,0.005643366554271972
17.18,10.0,9.997929797122639,-0.001969692679633726,0.005226482775858188
17.19,10.0,9.99793961473374,-0.0017489918275988886,0.004807172126137377
17.2,10.0,9.997949425596333,-0.0015278956249141081,0.004385873317384881
17.21,10.0,9.997959229947657,-0.0013066228509482824,0.003962558450973541
17.22,10.0,9.997969027905043,-0.0010853909379793226,0.003537899187347829
17.23,10.0,9.997978819569584,-0.0008644159448664046,0.0031122749555315132
17.24,10.0,9.997988604997287,-0.0006439122847549355,0.002686046235424011
17.25,10.0,9.997998384199063,-0.0004240925063283131,0.0022595526265167115
17.26,10.0,9.998008157174167,-0.00020516796655809126,0.0018333179574144265
17.27,10.0,9.99801792388122,1.265216056122428e-05,0.0014078686819459646
17.28,10.0,9.998027684191635,0.00022916234437667435,0.00098344297589803
17.29,10.0,9.998037437957665,0.0004441591019131301,0.0005604107708407496
17.3,10.0,9.99804718499019,0.0006574418092787965,0.00013913356022524082
17.31,10.0,9.998056925058949,0.0008688129132384761,-0.0002800355701501056
17.32,10.0,9.998066657951007,0.0010780749895261343,-0.0006963525066123882
17.33,10.0,9.998076383353995,0.0012850372977303258,-0.0011094874304218988
17.34,10.0,9.9980861009267,0.0014895121802367367,-0.0015190412954556864
17.35,10.0,9.998095810298205,0.001691315335430428,-0.0019245540838313535
17.36,10.0,9.998105511061315,0.0018902664001762051,-0.002325552381749779
17.37,10.0,9.99811520278019,0.0020861883251356962,-0.002721654996289291
17.38,10.0,9.99812488501608,0.002278904664146782,-0.00311295057457929
17.39,10.0,9.998134557246804,0.002468249122698961,-0.0034987787785715346
17.4,10.0,9.998144218937794,0.002654057616178809,-0.003878788789914503
17.41,10.0,9.998153869523001,0.002836170732724427,-0.004252643205476109
17.42,10.0,9.998163508405563,0.0030144339123888983,-0.00462001915083636
17.43,10.0,9.998173134979268,0.0031886944139389545,-0.004980695246538908
17.44,10.0,9.998182748607409,0.003358804868688655,-0.005334462716044708
17.45,10.0,9.998192348603173,0.0035246265925702736,-0.0056810427602836805
17.46,10.0,9.998201934265792,0.0036860242854120815,-0.00602023419230216
17.47,10.0,9.998211504869221,0.0038428680641918616,-0.006351865048803862
17.48,10.0,9.998221059662962,0.003995033618335865,-0.006675794288184961
17.49,10.0,9.99823059791419,0.004142395463049974,-0.006991152221056965
17.5,10.0,9.99824011882274,0.004284841446113204,-0.007297925656255588
17.51,10.0,9.998249621578228,0.004422263493992948,-0.007595921756583038
17.52,10.0,9.998259105355036,0.0045545587439215045,-0.007884877387716746
17.53,10.0,9.998268569309625,0.004681630286412372,-0.008164525792224084
17.54,10.0,9.998278012585853,0.004803385698665279,-0.008434622597177338
17.55,10.0,9.99828743432648,0.004919733283562357,-0.008695011008925863
17.56,10.0,9.998296833635905,0.005030596356583427,-0.008945378484880459
17.57,10.0,9.998306209615352,0.0051359007192126405,-0.009185471701749201
17.58,10.0,9.998315561354264,0.005235578346391375,-0.009415034574697556
17.59,10.0,9.998324887931377,0.005329567483157907,-0.009633807412513962
17.6,10.0,9.99833418841792,0.005417807997299521,-0.009841951440684588
17.61,10.0,9.998343461876138,0.005500247226191943,-0.010039532658928915
17.62,10.0,9.99835270735908,0.005576842960225597,-0.010226262272086062
17.63,10.0,9.998361923914679,0.005647556819836654,-0.010402098243551122
17.64,10.0,9.998371110585786,0.005712356724908364,-0.010567032013738833
17.65,10.0,9.998380266411258,0.00577121695872995,-0.010721090527859689
17.66,10.0,9.998389390438282,0.005824109477421482,-0.01086381349378468
17.67,10.0,9.998398481699429,0.00587102272516669,-0.01099538000443609
17.68,10.0,9.99840753923067,0.00591194851519264,-0.011115820334249224
17.69,10.0,9.998416562069593,0.005946884320747917,-0.011225151433262581
17.7,10.0,9.9984255492559,0.005975833820158977,-0.011323408077185043
17.71,10.0,9.998434499833513,0.005998804910088668,-0.011410496946599652
17.72,10.0,9.998443412853282,0.006015806441984317,-0.01148595803253738
17.73,10.0,9.99845228736733,0.006026862486839231,-0.011549996309874994
17.74,10.0,9.998461122436435,0.006031999254684169,-0.01160253164317511
17.75,10.0,9.99846991712942,0.0060312488591453195,-0.011643469881600976
17.76,10.0,9.998478670524298,0.006024649314423661,-0.011672700502292785
17.77,10.0,9.998487381696036,0.006012239528796222,-0.011690576714762799
17.78,10.0,9.99849604973586,0.005994066082087411,-0.011697259541982793
17.79,10.0,9.998504673756196,0.005970184642115011,-0.011692578561950218
17.8,10.0,9.998513252876313,0.005940654157407208,-0.011676589423094408
17.81,10.0,9.998521786229254,0.005905539015280741,-0.01164936323699789
17.82,10.0,9.998530272962904,0.005864909006737622,-0.011610987302695774
17.83,10.0,9.998538712217007,0.00581883109700034,-0.011561868675517673
17.84,10.0,9.99854710317716,0.005767387417254267,-0.011502069234018641
17.85,10.0,9.998555445036486,0.0057106618060205295,-0.011431802393565338
17.86,10.0,9.998563737005323,0.0056487427169863704,-0.011351325039477167
17.87,10.0,9.998571978312956,0.0055817234049987206,-0.011260930310730805
17.88,10.0,9.99858016820544,0.005509699993171582,-0.011160676252696622
17.89,10.0,9.99858830594335,0.0054327695127974265,-0.011050110166535565
17.9,10.0,9.998596390820696,0.005351040403265817,-0.010929817159389524
17.91,10.0,9.998604422148802,0.005264622367641746,-0.010799946658772167
17.92,10.0,9.998612399262237,0.005173629217931298,-0.010660640437043775
17.93,10.0,9.998620321519745,0.005078178783086842,-0.010512030533477157
17.94,10.0,9.998628188284748,0.004978388950884201,-0.01035431040769226
17.95,10.0,9.998635998956585,0.004874383308304215,-0.010187624560352007
17.96,10.0,9.99864375297131,0.004766291026117126,-0.010012066820810295
17.97,10.0,9.998651449783628,0.0046542431665167585,-0.009827746748522659
17.98,10.0,9.998659088875382,0.004538374025495784,-0.009634760151028265
17.99,10.0,9.998666669756394,0.0044188210176986,-0.009433187834816642
18.0,10.0,9.998674191911865,0.004295719169826286,-0.009224230958475035
18.01,10.0,9.998681654923557,0.004169213157089665,-0.009007646733052377
18.02,10.0,9.99868905837653,0.0040394476923998925,-0.008783749327997706
18.03,10.0,9.99869640188439,0.003906569873256776,-0.008552889428863494
18.04,10.0,9.99870368509011,0.0037707290716310197,-0.008315451337503194
18.05,10.0,9.998710907657383,0.0036320756971731276,-0.008071674628316608
18.06,10.0,9.998718069266365,0.0034907604841346684,-0.007821561640990876
18.07,10.0,9.998725169656582,0.0033469393727402976,-0.007565702081571174
18.08,10.0,9.998732208585507,0.0032007683875147487,-0.007304457649985871
18.09,10.0,9.998739185841528,0.0030524049657299096,-0.007038204332185299
18.1,10.0,9.998746101244446,0.0029020078094118963,-0.006767332327285366
18.11,10.0,9.998752954625594,0.002749735123678127,-0.006491654317585832
18.12,10.0,9.998759745860928,0.002595747046086925,-0.006211350978750377
18.13,10.0,9.998766474866105,0.002440205069101509,-0.005926813453004456
18.14,10.0,9.998773141582184,0.0022832707208867366,-0.005638213812318979
18.15,10.0,9.998779745982599,0.002125105927711209,-0.005345692482347245
18.16,10.0,9.998786288072257,0.001965872833835689,-0.005049378471725777
18.17,10.0,9.998792767829917,0.0018057326104421855,-0.004750440461108715
18.18,10.0,9.998799185344224,0.0016448477162514295,-0.0044486183809583635
18.19,10.0,9.998805540706078,0.0014833798148261733,-0.0041441837882033455
18.2,10.0,9.99881183403786,0.0013214901316691728,-0.003837412178865629
18.21,10.0,9.998818065493634,0.0011593392933581948,-0.003528583952174938
18.22,10.0,9.99882423524263,0.0009970872751089892,-0.0032181440675051187
18.23,10.0,9.998830343467276,0.0008348932538000061,-0.002906723053372043
18.24,10.0,9.99883639042428,0.0006729150515857299,-0.002594557172179518
18.25,10.0,9.998842376381155,0.0005113093885098295,-0.002282095989629418
18.26,10.0,9.998848301635386,0.00035023159830233834,-0.001969821984601147
18.27,10.0,9.998854166514425,0.00018983546875241616,-0.0016582530842594034
18.28,10.0,9.99885997135689,3.027422400787129e-05,-0.0013469920715490288
18.29,10.0,9.998865716544513,-0.00012830157691639618,-0.0010363497694630547
18.3,10.0,9.998871402492707,-0.0002857436275781556,-0.0007268698447033262
18.31,10.0,9.998877029640417,-0.00044190541682234116,-0.0004188165955554407
18.32,10.0,9.998882598455117,-0.0005966426931439805,-0.00011243166568716823
18.33,10.0,9.998888109430546,-0.0007498134748016842,0.00019206502251175456
18.34,10.0,9.998893563047117,-0.0009012755825618348,0.0004944148835422935
18.35,10.0,9.998898959868434,-0.0010508932075432428,0.0007944772240776748
18.36,10.0,9.998904300463046,-0.001198531878053554,0.001092107266984027
18.37,10.0,9.998909585425364,-0.0013440600083597276,0.001387192124439364
18.38,10.0,9.998914815375388,-0.0014873490416992172,0.0016796531622874505
18.39,10.0,9.998919990937589,-0.0016282721664893339,0.001968931905853115
18.4,10.0,9.998925112744821,-0.0017667047454361833,0.002254095928326108
18.41,10.0,9.99893018149859,-0.001902528600582805,0.0025353399418726885
18.42,10.0,9.998935197901513,-0.002035627553061498,0.0028123222943708323
18.43,10.0,9.99894016267751,-0.0021658889664717606,0.0030846741104458356
18.44,10.0,9.998945076571328,-0.0022932038752003932,0.0033519961456694725
18.45,10.0,9.998949940328496,-0.0024174634799290413,0.0036143762983909325
18.46,10.0,9.998954754729926,-0.0025385657941403056,0.0038714528120428054
18.47,10.0,9.998959520577502,-0.0026564131776841506,0.004122782609526213
18.48,10.0,9.998964238686268,-0.002770911114555289,0.004368032305319611
18.49,10.0,9.998968909888331,-0.002881969147571976,0.004606859214745504
18.5,10.0,9.998973535031192,-0.00298950054771564,0.004839007256727396
18.51,10.0,9.998978114965855,-0.0030934177911447007,0.005065317203315628
18.52,10.0,9.99898265057546,-0.003193644639133004,0.0052851152169393
18.53,10.0,9.998987142750693,-0.0032901064056294243,0.005498359385181818
18.54,10.0,9.9989915923957,-0.0033827327363903743,0.005705057251587098
18.55,10.0,9.998996000427482,-0.003471457698505202,0.0059052697260237805
18.56,10.0,9.999000367759376,-0.0035562174219361696,0.006098595808858104
18.57,10.0,9.999004695308,-0.003636951356848293,0.0062844244827627155
18.58,10.0,9.999008984028762,-0.003713607934993841,0.006463120999643593
18.59,10.0,9.999013234871839,-0.0037861379714368075,0.006634612085583677
18.6,10.0,9.999017448795069,-0.0038544968350179157,0.006798831338030234
18.61,10.0,9.99902162676316,-0.00391864451496577,0.006955718566145019
18.62,10.0,9.999025769726183,-0.003978540533158032,0.007104614413343341
18.63,10.0,9.999029878657753,-0.004034153699330277,0.007245396062097217
18.64,10.0,9.999033954535427,-0.004085457494178763,0.007377926957532553
18.65,10.0,9.999037998335401,-0.0041324290118899334,0.007501924249075788
18.66,10.0,9.99904201103547,-0.004175049959688442,0.007617067542575177
18.67,10.0,9.999045993615656,-0.004213305986959197,0.007723180891401747
18.68,10.0,9.9990499470674,-0.00424718187272655,0.00782149384105689
18.69,10.0,9.999053872364895,-0.004276674955830534,0.0079111507580477
18.7,10.0,9.999057770487475,-0.004301783960777042,0.007992128991351696
18.71,10.0,9.999061642412412,-0.004322512108132665,0.008064435749328663
18.72,10.0,9.999065489114061,-0.004338867132500018,0.008128111165963112
18.73,10.0,9.99906931156305,-0.004350858466020302,0.008183244359185944
18.74,10.0,9.999073110725448,-0.0043584992773472156,0.008229966683509851
18.75,10.0,9.999076887561937,-0.004361811424443473,0.008268431150677956
18.76,10.0,9.999080643027,-0.00436081892504761,0.008298846126901904
18.77,10.0,9.999084378068078,-0.004355550066068089,0.008321468305360832
18.78,10.0,9.999088093624767,-0.004346037397285007,0.008336605441344735
18.79,10.0,9.999091790613322,-0.0043323124581286405,0.00834302718899639
18.8,10.0,9.999095469954526,-0.0043144160835047645,0.008341085316048921
18.81,10.0,9.99909913255695,-0.004292392674052615,0.008330986267271898
18.82,10.0,9.999102779314999,-0.004266289782703699,0.008312670987576383
18.83,10.0,9.999106411110164,-0.004236158863971543,0.008286046452236864
18.84,10.0,9.999110028813504,-0.004202054444545737,0.008251087680076312
18.85,10.0,9.99911363330023,-0.004164030384136992,0.00820832781712414
18.86,10.0,9.999117225402518,-0.00412215093137259,0.008157377544617574
18.87,10.0,9.999120805948252,-0.004076481209240388,0.008098183991002345
18.88,10.0,9.999124375749158,-0.004027089804434827,0.008030678069552044
18.89,10.0,9.999127935600049,-0.003974048716235241,0.00795477279059028
18.9,10.0,9.999131486298186,-0.003917430876261472,0.007871151064602497
18.91,10.0,9.999135028623973,-0.003857312324249159,0.007780541202272215
18.92,10.0,9.999138563314352,-0.003793775263333967,0.0076827066010204045
18.93,10.0,9.999142091101259,-0.0037269032833788106,0.007577979304570659
18.94,10.0,9.9991456126979,-0.0036567828666412075,0.0074667529934028115
18.95,10.0,9.999149128798118,-0.0035835033175150477,0.007349487789157012
18.96,10.0,9.999152640081215,-0.0035071527678535116,0.007225299953440498
18.97,10.0,9.99915614720019,-0.0034278260723879144,0.007094839689119517
18.98,10.0,9.999159650787965,-0.003345619831583003,0.006958526201937501
18.99,10.0,9.999163151456427,-0.0032606325261247734,0.00681662667136973
19.0,10.0,9.999166649795233,-0.003172964874115278,0.006669415024957749
19.01,10.0,9.99917014637395,-0.003082719142626711,0.006516981076237986
19.02,10.0,9.999173641750374,-0.002989997126888269,0.006358618944248995
19.03,10.0,9.999177136440341,-0.0028949064641850103,0.006194846626411114
19.04,10.0,9.99918063094301,-0.002797554938863944,0.00602563458268332
19.05,10.0,9.999184125733041,-0.002698051960301441,0.005850898442952411
19.06,10.0,9.999187621260013,-0.002596508462949105,0.005670494005471795
19.07,10.0,9.999191117979915,-0.002493035495375496,0.005485332972337588
19.08,10.0,9.999194616319521,-0.0023877455551818277,0.005296150848701747
19.09,10.0,9.999198116647802,-0.0022807536368353756,0.0051025200770491025
19.1,10.0,9.999201619327481,-0.002172174998513355,0.004904669121759797
19.11,10.0,9.999205124696667,-0.002062125791366142,0.004702853555422874
19.12,10.0,9.999208633068516,-0.0019507229500159927,0.004497359208794405
19.13,10.0,9.99921214476776,-0.0018380825901007174,0.00428871411517575
19.14,10.0,9.999215660053162,-0.001724323028086226,0.004077253161300719
19.15,10.0,9.99921917916883,-0.0016095625795963019,0.003863413966675569
19.16,10.0,9.999222702337542,-0.0014939197062152029,0.0036477042128751497
19.17,10.0,9.999226229757618,-0.0013775130209922387,0.0034306882269213856
19.18,10.0,9.999229761603665,-0.0012604610472568283,0.003212493664649138
19.19,10.0,9.999233298028503,-0.0011428818256449163,0.002991717827890636
19.2,10.0,9.999236839155074,-0.0010248938494395146,0.0027695867545193126
19.21,10.0,9.999240385083374,-0.0009066150030537953,0.002546217939531581
19.22,10.0,9.999243935888302,-0.0007881627135639777,0.0023216795432824122
19.23,10.0,9.999247491619458,-0.0006696538329311485,0.0020959854251929727
19.24,10.0,9.999251052326667,-0.0005512047448846325,0.0018695548447231203
19.25,10.0,9.999254618027704,-0.00043293096611266127,0.0016426250364946146
19.26,10.0,9.999258188694828,-0.00031494691157042757,0.001415003241577506
19.27,10.0,9.99926176428913,-0.000197366079298311,0.0011866885402677524
19.28,10.0,9.999265344748043,-8.030082443511175e-05,0.0009576420722118006
19.29,10.0,9.999268929985353,3.6137757040955826e-05,0.0007277847269657189
19.3,10.0,9.999272519953882,0.00015183859687660565,0.0004992488477878476
19.31,10.0,9.999276114510295,0.00026669367829439627,0.0002715134380727388
19.32,10.0,9.999279713511697,0.0003805960752416691,4.4875520763348886e-05
19.33,10.0,9.999283316797966,0.0004934404491604514,-0.00018018859237940027
19.34,10.0,9.999286924188777,0.0006051232292489257,-0.0004031325475697886
19.35,10.0,9.999290535485349,0.0007155422128351262,-0.0006237812641756504
19.36,10.0,9.999294150472863,0.0008245959322408723,-0.0008429768614798896
19.37,10.0,9.999297768910811,0.0009321871670397275,-0.001059592233067147
19.38,10.0,9.999301390542444,0.0010382198954691259,-0.0012732934472745802
19.39,10.0,9.999305015092395,0.001142600308606155,-0.0014837421904005388
19.4,10.0,9.99930864226696,0.0012452369133750774,-0.0016905967310841472
19.41,10.0,9.999312271757836,0.0013460388821865898,-0.0018944672427084405
19.42,10.0,9.99931590323758,0.0014449185925638794,-0.00209559029136952
19.43,10.0,9.999319536359168,0.0015417920900992743,-0.0022936335849890327
19.44,10.0,9.999323170760086,0.0016365772660117109,-0.0024887452186548517
19.45,10.0,9.999326806061159,0.0017291946885751965,-0.0026811579699428517
19.46,10.0,9.999330441866856,0.0018195676950854222,-0.00287119617969063
19.47,10.0,9.999334077826017,0.0019076186868648148,-0.0030563989678479703
19.48,10.0,9.99933771349832,0.0019932776288344545,-0.0032379123539791194
19.49,10.0,9.999341348455584,0.002076475796886327,-0.0034156777627993296
19.5,10.0,9.999344982258766,0.0021571473322087513,-0.0035895493786439886
19.51,10.0,9.99934861445707,0.0022352294093352953,-0.003759358964581641
19.52,10.0,9.99935224459506,0.0023106612025965475,-0.003924772433097634
19.53,10.0,9.999355872218986,0.0023833829895729564,-0.004085163818477386
19.54,10.0,9.999359496841947,0.0024533421710193075,-0.004240358892198662
19.55,10.0,9.999363117978465,0.0025204876229456357,-0.004389911515302339
19.56,10.0,9.999366735135146,0.0025847714345620127,-0.004533309029873707
19.57,10.0,9.999370347811263,0.0026461489710249138,-0.004669966543126118
19.58,10.0,9.999373955480856,0.0027045760912246322,-0.004801259563343457
19.59,10.0,9.999377557621361,0.002760013516748239,-0.004927433707140959
19.6,10.0,9.999381153712843,0.002812426677573103,-0.005047755013374733
19.61,10.0,9.999384743222336,0.002861783283217981,-0.005162288964305831
19.62,10.0,9.99938832561107,0.0029080543989762624,-0.005271169145298252
19.63,10.0,9.999391900335016,0.0029512144810293467,-0.005374601863558433
19.64,10.0,9.999395466864772,0.002991236307749342,-0.005471931441950684
19.65,10.0,9.999399024642022,0.0030281026366614514,-0.005563783162658167
19.66,10.0,9.999402573114772,0.003061797097042008,-0.005650385772573839
19.67,10.0,9.999406111728598,0.003092306667313441,-0.005732025119342024
19.68,10.0,9.999409639927235,0.003119621703269707,-0.005809047579192386
19.69,10.0,9.999413157164248,0.0031437338119360355,-0.0058810352053638715
19.7,10.0,9.999416662908216,0.003164634987352351,-0.005946465967464343
19.71,10.0,9.999420156595516,0.0031823268944236437,-0.006006274591052699
19.72,10.0,9.999423637678984,0.0031968115806169962,-0.006060274825989448
19.73,10.0,9.999427105614307,0.003208094247423115,-0.006108217050920836
19.74,10.0,9.999430559860748,0.003216183251895561,-0.006149781416479309
19.75,10.0,9.999433999881834,0.0032210901081900544,-0.0061845707561979935
19.76,10.0,9.999437425146066,0.003222829489103722,-0.006212103622571949
19.77,10.0,9.99944083512762,0.00322141922761438,-0.00623180725161112
19.78,10.0,9.999444229307057,0.0032168803184198023,-0.006243010652323168
19.79,10.0,9.99944760717201,0.0032092369194769957,-0.006244937428561248
19.8,10.0,9.999450968211455,0.0031985160666778657,-0.006237110465986094
19.81,10.0,9.999454311731368,0.00318473945483745,-0.006231135246196305
19.82,10.0,9.999457637352801,0.003167945536626017,-0.006218999258133857
19.83,10.0,9.999460944576098,0.0031481701310971705,-0.006200879897503814
19.84,10.0,9.999464232909284,0.003125452098915468,-0.006176999723328788
19.85,10.0,9.999467501868624,0.003099833336658471,-0.006147629993883415
19.86,10.0,9.999470750979155,0.003071358771118729,-0.006113093988253937
19.87,10.0,9.99947397977522,0.0030400763536057515,-0.006073770292236262
19.88,10.0,9.999477187801023,0.0030060370542480796,-0.006030096369950354
19.89,10.0,9.999480374611164,0.0029692948562952018,-0.005982571796108546
19.9,10.0,9.999483539771171,0.0029299067504196573,-0.005931761684832476
19.91,10.0,9.999486682884168,0.002887877485797925,-0.005871750939577883
19.92,10.0,9.99948980352949,0.0028432905675553565,-0.005805678287885412
19.93,10.0,9.999492901308015,0.002796213455407895,-0.0057345012662064
19.94,10.0,9.999495975837512,0.00274670859580363,-0.00565830848419549
19.95,10.0,9.999499026749723,0.002694840711641541,-0.005577187723757773
19.96,10.0,9.999502053690904,0.0026406767634083303,-0.005491225260537223
19.97,10.0,9.99950505632241,0.002584285910315559,-0.005400505596187769
19.98,10.0,9.999508034321234,0.002525739471436463,-0.0053051107084587
19.99,10.0,9.999510987380567,0.0024651108868431046,-0.005205119604931047
20.0,10.0,9.999513915210354,0.002402475678743179,-0.005100607698084847
20.0,10.0,9.999513915210354,0.002402475678743179,-0.005100607698084847
