time,setpoint.y,gantry.x,gantry.theta,pid.y
0.0,10.0,0.0,0.0,300.0
0.01,10.0,0.0014975530828159206,-0.0014942104969906818,300.0
0.02,10.0,0.005980487961529993,-0.005951079726525302,300.0
0.03,10.0,0.013434354563148267,-0.013326363198243206,300.0
0.04,10.0,0.023844871390400015,-0.023568837189016822,300.0
0.05,10.0,0.03719790479957346,-0.036620937937301326,300.0
0.06,10.0,0.05347944425893456,-0.05241941070638773,300.0
0.07,10.0,0.07267557446017703,-0.07089594428613179,300.0
0.08,10.0,0.09477244515361871,-0.09197777111654226,300.0
0.09,10.0,0.11973899840698624,-0.11557265866060244,272.07904461029204
0.1,10.0,0.14730549414013433,-0.141372811746353,236.16068083896238
0.11,10.0,0.17710077934614288,-0.16898469659125798,208.10496066165354
0.12,10.0,0.2088308787072786,-0.19808999045568304,184.71870894111748
0.13,10.0,0.24225082338368648,-0.22841840603440383,164.5227636020124
0.14,10.0,0.27714936515329786,-0.25973281796273434,146.7822662542929
0.15,10.0,0.31334076974945124,-0.29182108377217597,131.0670134615728
0.16,10.0,0.35066048190154786,-0.3244916124643998,117.09355095382261
0.17,10.0,0.3889621496117278,-0.3575703464870776,104.64931091884273
0.18,10.0,0.42811535596592665,-0.3908985256196417,93.55898501594396
0.19,10.0,0.4680038422883776,-0.424331020483906,83.67377697649056
0.2,10.0,0.508523974115708,-0.457734993057717,74.86356117288523
0.21,10.0,0.5495833584240403,-0.49098875090662175,67.01194376434557
0.22,10.0,0.5910995756492585,-0.5239807341188153,60.01420911322606
0.23,10.0,0.6329992927099695,-0.5566089925336583,53.778932838720266
0.24,10.0,0.675217149487744,-0.5887803491389518,48.22410902368017
0.25,10.0,0.7176950175729208,-0.620410007153984,43.27667565405807
0.26,10.0,0.760381175682128,-0.6514210083700526,38.87085514120088
0.27,10.0,0.8032296372880454,-0.6817438289646466,34.94737867882549
0.28,10.0,0.846199558333116,-0.7113160079522308,31.45349539984869
0.29,10.0,0.8892546736887446,-0.7400817596649325,28.34231526225841
0.3,10.0,0.9323628150214764,-0.7679916178290004,25.572014175161883
0.31,10.0,0.9754954644055368,-0.795002058168523,23.105167582247702
0.32,10.0,1.0186273650969497,-0.8210751214368397,20.908276243277953
0.33,10.0,1.0617361618148178,-0.8461780242877555,18.951378489661636
0.34,10.0,1.1048020910288079,-0.8702827614309131,17.207829531537698
0.35,10.0,1.1478076967128532,-0.8933657049671708,15.653964234607997
0.36,10.0,1.1907375735464896,-0.91540720673922,14.268700231093646
0.37,10.0,1.2335781399125558,-0.9363912098125834,13.033245660344733
0.38,10.0,1.2763174348006918,-0.9563048735421064,11.930868206023376
0.39,10.0,1.318944937641124,-0.9751382177174948,10.946698150535724
0.4,10.0,1.3614514027840046,-0.9928837838652138,10.067542312384603
0.41,10.0,1.403828719454861,-1.009536327423541,9.281711987970596
0.42,10.0,1.4460697811132182,-1.0250925322615934,8.578829013271957
0.43,10.0,1.4881683709280595,-1.0395507526823624,7.949679915027502
0.44,10.0,1.530119060951537,-1.0529107834759754,7.386094771247372
0.45,10.0,1.5719171347574723,-1.0651736838933865,6.88085171302771
0.46,10.0,1.6135584925286233,-1.0763415612584823,6.427562400120507
0.47,10.0,1.6550395690279764,-1.086417389870319,6.0205388418751795
0.48,10.0,1.696357245012062,-1.0954048087635733,5.6546899996482125
0.49,10.0,1.7375088733660058,-1.1033081920290195,5.325564956512665
0.5,10.0,1.7784922096008158,-1.1101324953932288,5.029250675241428
0.51,10.0,1.8193052915014187,-1.1158829938422696,4.762205190444092
0.52,10.0,1.8599464705458086,-1.1205653749736915,4.521293134471875
0.53,10.0,1.9004143700237672,-1.1241856627767548,4.303742753327981
0.54,10.0,1.940707877085893,-1.1267502344402607,4.1071214727614915
0.55,10.0,1.980826067285721,-1.1282656539675615,3.9292460226225217
0.56,10.0,2.0207682112964216,-1.1287387267808433,3.7681867045960757
0.57,10.0,2.0605337462127205,-1.1281764618675432,3.622226691144135
0.58,10.0,2.1001222424859436,-1.1265860140713624,3.4898179041203434
0.59,10.0,2.1395334027313853,-1.123974716964895,3.3695684553150045
0.6,10.0,2.1787670400085855,-1.1203500699461415,3.2602230597242965
0.61,10.0,2.21782308405694,-1.1157197943452897,3.1606648696523507
0.62,10.0,2.2567015517131237,-1.110091798735548,3.0698757031261152
0.63,10.0,2.295402546005281,-1.1034742151075716,2.9869335806235426
0.64,10.0,2.333926260123793,-1.0958754623597853,2.9110198425898375
0.65,10.0,2.3722729528022466,-1.08730422380481,2.841381141519662
0.66,10.0,2.4104429438683703,-1.0777695003083942,2.777320208228957
0.67,10.0,2.448436617728055,-1.0672806408370972,2.7182057008012066
0.68,10.0,2.4862544124351325,-1.055847373790829,2.663453462007908
0.69,10.0,2.5238968108685156,-1.0434798717979303,2.612511103711597
0.7,10.0,2.5613643410160125,-1.0301887606018292,2.5648613778865865
0.71,10.0,2.5986575823358966,-1.015985174959799,2.520034062702962
0.72,10.0,2.63577714837816,-1.000880825881265,2.477574200889194
0.73,10.0,2.672723690060214,-0.9848880656241802,2.4370475116231773
0.74,10.0,2.709497900197483,-0.9680198424579569,2.3980561546738386
0.75,10.0,2.746100504358914,-0.9502898197295254,2.3602184218312345
0.76,10.0,2.782532256528957,-0.9317124789875549,2.3231616415170606
0.77,10.0,2.818793943099516,-0.9123030408079636,2.2865364020475454
0.78,10.0,2.854886381187074,-0.8920774649982387,2.2500200118420253
0.79,10.0,2.8908104109166,-0.8710526923890782,2.2132936875893847
0.8,10.0,2.926566896512174,-0.8492465859862987,2.176053019311894
0.81,10.0,2.9621567276549756,-0.8266777044573607,2.1380266154624223
0.82,10.0,2.997580813630761,-0.803365629095228,2.0989541410868924
0.83,10.0,3.032840081696468,-0.7793310485629399,2.0585856567077485
0.84,10.0,3.067935476283118,-0.7545953839924845,2.0167018782706236
0.85,10.0,3.102867955807794,-0.7291808118345745,1.973112899042178
0.86,10.0,3.13763849115056,-0.7031108251432332,1.9276350870632086
0.87,10.0,3.1722480626406293,-0.676409711716243,1.880114035355973
0.88,10.0,3.206697653995638,-0.6491021817924061,1.8304332337302185
0.89,10.0,3.2409882545702646,-0.6212140403699467,1.778494707504592
0.9,10.0,3.2751208566142997,-0.5927721319866145,1.724220021172016
0.91,10.0,3.3090964485961774,-0.56380375082827,1.6675660822438658
0.92,10.0,3.342916014872195,-0.5343369386003847,1.6085162850505412
0.93,10.0,3.3765805335776458,-0.5044004804112171,1.5470807851080508
0.94,10.0,3.410090972232914,-0.47402369260570737,1.4832997632652791
0.95,10.0,3.4434482838803775,-0.4432362584451325,1.4172432956127068
0.96,10.0,3.476653407602189,-0.41206848566807436,1.3490078163266048
0.97,10.0,3.5097072653388413,-0.38055120231343803,1.2787151475270662
0.98,10.0,3.5426107556663027,-0.34871536440546397,1.2065159183586047
0.99,10.0,3.5753647548539758,-0.3165923426223636,1.1325851299617966
1.0,10.0,3.607970117566687,-0.284214051719794,1.057118129940477
1.01,10.0,3.640427668715952,-0.2516124764139646,0.980335192740938
1.02,10.0,3.672738201638053,-0.21881960349676305,0.902480200983689
1.03,10.0,3.7049024840111895,-0.185867980177934,0.8238125847475999
1.04,10.0,3.7369212512767658,-0.15279031354593908,0.7446100784243299
1.05,10.0,3.7687951993447073,-0.11961896908607474,0.66517069550207
1.06,10.0,3.8005249920321407,-0.08638662264882674,0.5858048233126851
1.07,10.0,3.8321112640292347,-0.05312643850176397,0.5068298226474326
1.08,10.0,3.8635546062666797,-0.01987109933379858,0.428577322308513
1.09,10.0,3.8948555692434574,0.01334696796766606,0.35138760598351837
1.1,10.0,3.926014679684058,0.0464945062502677,0.2755970198943487
1.11,10.0,3.9570324233758383,0.07953855368737515,0.20154531910640117
1.12,10.0,3.987909242921811,0.11244677712746574,0.12957400012902553
1.13,10.0,4.018645550820001,0.1451866147805012,0.06001619100732114
1.14,10.0,4.04924172862298,0.17772559405392516,-0.006805387185352174
1.15,10.0,4.07969812074621,0.21003161094657283,-0.07057786091087337
1.16,10.0,4.11001504140825,0.24207273150854133,-0.1310045027121305
1.17,10.0,4.140192783515823,0.2738171086008387,-0.18781037216933782
1.18,10.0,4.170231611000296,0.30523324763032145,-0.2407420109176428
1.19,10.0,4.200131760931036,0.33629020223840145,-0.2895696368511267
1.2,10.0,4.22989345684522,0.3669572228403703,-0.3340940870620557
1.21,10.0,4.259516908343255,0.39720397975851873,-0.3741479730236392
1.22,10.0,4.289002303096942,0.42700100147467324,-0.40959388468166935
1.23,10.0,4.31834982215123,0.4563193196858128,-0.4403313325249769
1.24,10.0,4.347559650479314,0.48513036077058513,-0.46629736370954333
1.25,10.0,4.376631963330552,0.5134065446752517,-0.4874658055479131
1.26,10.0,4.405566931904656,0.5411213213736742,-0.5038471212141076
1.27,10.0,4.434364747383748,0.5682485189834511,-0.5154910690537804
1.28,10.0,4.4630256091742035,0.5947629483424307,-0.5224856084516318
1.29,10.0,4.491549715385282,0.6206409283013677,-0.5249512332571271
1.3,10.0,4.519937288372337,0.6458595599748683,-0.5230450523978902
1.31,10.0,4.548188578682363,0.6703967166404905,-0.5169550881917075
1.32,10.0,4.576303849634524,0.6942316981998178,-0.5068964014757853
1.33,10.0,4.60428338920674,0.71734494153487,-0.4931082104250777
1.34,10.0,4.632127515540643,0.7397180061715709,-0.4758544910116598
1.35,10.0,4.659836572892167,0.7613337418703042,-0.4554169321651216
1.36,10.0,4.6874109268926665,0.7821763051423412,-0.43208773048991134
1.37,10.0,4.71485097774209,0.8022310558314084,-0.40617247617899466
1.38,10.0,4.742157159043033,0.8214845102910153,-0.37798416239036214
1.39,10.0,4.769329923676737,0.8399245146446662,-0.347834911065263
1.4,10.0,4.79636975666168,0.8575400947837898,-0.3160362410362154
1.41,10.0,4.823277179119406,0.8743212896333802,-0.2828984332663822
1.42,10.0,4.85005273471472,0.8902593537048554,-0.24872231178858328
1.43,10.0,4.876696983722098,0.9053467221735635,-0.21379782012775195
1.44,10.0,4.903210523685901,0.9195767359957433,-0.1784057138817161
1.45,10.0,4.929593977681369,0.9329437196739635,-0.14281345885910923
1.46,10.0,4.95584797331937,0.9454431516412137,-0.1072721884847283
1.47,10.0,4.981973165194658,0.957071360781574,-0.07201726321966362
1.48,10.0,5.007970239639456,0.967825377130994,-0.03727051386636049
1.49,10.0,5.033839884697919,0.9777032393227452,-0.0032347515238484448
1.5,10.0,5.059582792476341,0.986703887803615,0.029904491651052467
1.51,10.0,5.0851996939711634,0.9948267116698786,0.06197610197182257
1.52,10.0,5.110691323923536,1.0020718861525637,0.09282670282209438
1.53,10.0,5.136058404548794,1.0084405235913332,0.12231860773854919
1.54,10.0,5.161301682023985,1.0139341812193732,0.15032948522505762
1.55,10.0,5.186421928802421,1.0185548017811439,0.176750759112565
1.56,10.0,5.2114198909379175,1.0223052827231718,0.20148801802173466
1.57,10.0,5.236296314204197,1.0251891270083742,0.22445965992824313
1.58,10.0,5.261051985868807,1.027209925334096,0.2455966537872314
1.59,10.0,5.285687676363744,1.028371998602157,0.2648411215110116
1.6,10.0,5.310204124081805,1.028680586422733,0.28214450166834126
1.61,10.0,5.334602102895007,1.0281409781327198,0.2974694772753139
1.62,10.0,5.358882406733774,1.0267586879009376,0.31078892271787595
1.63,10.0,5.383045767411965,1.0245404745774092,0.3220809595180185
1.64,10.0,5.407092932037574,1.0214933378980726,0.3313324246321656
1.65,10.0,5.4310246942382845,1.0176241220909816,0.3385413722198223
1.66,10.0,5.454841805055467,1.012940634682854,0.34370963553922707
1.67,10.0,5.478544984660024,1.0074515239478339,0.3468438868308965
1.68,10.0,5.50213498336584,1.0011654661948308,0.34795986338653506
1.69,10.0,5.525612536698991,0.9940917575958187,0.347079185517174
1.7,10.0,5.548978371344587,0.9862402186978456,0.34422893108447283
1.71,10.0,5.572233210180983,0.9776211488553137,0.3394428989407743
1.72,10.0,5.595377769238614,0.9682453552222452,0.33276069471926917
1.73,10.0,5.618412754828643,0.9581241980930312,0.32422805265051124
1.74,10.0,5.641338864197401,0.9472695808251833,0.3138966922512907
1.75,10.0,5.6641567850691175,0.9356939688187795,0.30182517928108155
1.76,10.0,5.686867195963268,0.9234103723193369,0.28807828920406564
1.77,10.0,5.709470761703829,0.9104324219411059,0.2727283948104571
1.78,10.0,5.731968138668072,0.8967742856898806,0.25585397958766976
1.79,10.0,5.75435996882469,0.8824507429427053,0.23754236090414338
1.8,10.0,5.776646884468472,0.8674771350061555,0.21788703346371108
1.81,10.0,5.798829502706507,0.8518694090270523,0.19699015233791783
1.82,10.0,5.820908423761424,0.8356441300613748,0.1749631799513054
1.83,10.0,5.842884239614206,0.8188184156587084,0.1519234973592063
1.84,10.0,5.864757515718423,0.801409988051939,0.12799983288672934
1.85,10.0,5.886528811969055,0.7834371573052159,0.10332688223326159
1.86,10.0,5.908198662469393,0.7649187491661397,0.0780482898154844
1.87,10.0,5.929767588910148,0.745874200269779,0.05231590164487443
1.88,10.0,5.951236091621733,0.7263234229598474,0.026287939114467918
1.89,10.0,5.972604652255093,0.7062868649727833,0.00013020658599316448
1.9,10.0,5.993873734152599,0.6857854750603175,-0.025985471294490026
1.91,10.0,6.015043778191852,0.664840606955988,-0.0518833349352974
1.92,10.0,6.0361152080907265,0.6434741554452057,-0.07738046057312431
1.93,10.0,6.057088423869426,0.6217082665894831,-0.10229578988153776
1.94,10.0,6.0779638079717895,0.5995656666005849,-0.126439288654268
1.95,10.0,6.098741720477177,0.5770691734860921,-0.1496299145406681
1.96,10.0,6.119422502157826,0.5542422076348553,-0.1716759905173717
1.97,10.0,6.140006474556785,0.5311082093854097,-0.19239909633898833
1.98,10.0,6.160493938689634,0.507691036572121,-0.21161723870756077
1.99,10.0,6.180885178831181,0.4840146665058523,-0.22915825251902788
2.0,10.0,6.201180460889337,0.4601032469546302,-0.24485726019261733
2.01,10.0,6.2213800344504575,0.4359810866832091,-0.2585572412716033
2.02,10.0,6.241484134410957,0.4116726044317146,-0.2701114970758738
2.03,10.0,6.2614929807463096,0.38720228037960064,-0.2793854449803064
2.04,10.0,6.28140678255887,0.36259465769032795,-0.2862564030355941
2.05,10.0,6.301225736188549,0.3378742871177591,-0.2906163873001617
2.06,10.0,6.320950030198659,0.31306572319611325,-0.29237087547801366
2.07,10.0,6.3405798438074665,0.2881934733590537,-0.29144235728219314
2.08,10.0,6.360115351522387,0.26328198689841253,-0.28776811742750397
2.09,10.0,6.379556722217707,0.23835561482062204,-0.2813040596165308
2.1,10.0,6.398904123184689,0.21343861173034387,-0.27201946354762185
2.11,10.0,6.418157720272928,0.1885550829762914,-0.25990257506441594
2.12,10.0,6.437317680092887,0.16372896876814175,-0.2449591791016701
2.13,10.0,6.456384171741279,0.13898401881363806,-0.2272129454422327
2.14,10.0,6.475357367229397,0.11434377791059784,-0.20670347229474828
2.15,10.0,6.494237443720727,0.08983155468372514,-0.18348784630580894
2.16,10.0,6.5130245866852565,0.06547038112752529,-0.15764411093019248
2.17,10.0,6.531718989780278,0.04128300498054025,-0.12926791989437447
2.18,10.0,6.550320855540704,0.017291976707742292,-0.09844642693767014
2.19,10.0,6.568830398395327,-0.006480487023580912,-0.06528466030053437
2.2,10.0,6.587247846967976,-0.030012582416462142,-0.029918441919846828
2.21,10.0,6.605573444249543,-0.05328282656462244,0.007512753988805798
2.22,10.0,6.623807438650923,-0.07627009770519252,0.04687000261642993
2.23,10.0,6.641950099700053,-0.09895368110025994,0.08799948307157024
2.24,10.0,6.660001718416858,-0.1213132884923996,0.13073440481056764
2.25,10.0,6.677962597579265,-0.14332906420786318,0.1749069455087522
2.26,10.0,6.695833032347845,-0.16498159081942027,0.2203653717261318
2.27,10.0,6.713613365841524,-0.18625195653253615,0.2669301671644462
2.28,10.0,6.731303949222826,-0.20712174112776996,0.31442886384937196
2.29,10.0,6.748905133800563,-0.22757307695559847,0.3626864411331212
2.3,10.0,6.766417290690123,-0.24758863819046262,0.4115290063211887
2.31,10.0,6.783840817348804,-0.2671516519674376,0.46078579261617847
2.32,10.0,6.80117612192609,-0.28624594309433254,0.5102874040265988
2.33,10.0,6.818423624231564,-0.30485592816025714,0.5598600951049093
2.34,10.0,6.835583765269443,-0.32296667708073823,0.6093429043238245
2.35,10.0,6.852657000608849,-0.34056390522394725,0.6585770597353928
2.36,10.0,6.869643787911496,-0.35763394288053785,0.7074066151897682
2.37,10.0,6.886544598227091,-0.3741638024669277,0.7556819869881224
2.38,10.0,6.903359925583061,-0.3901412386943829,0.8032631037360716
2.39,10.0,6.920090265587463,-0.4055546288662608,0.8500150622413969
2.4,10.0,6.936736117317925,-0.4203929803993187,0.8958093433717238
2.41,10.0,6.953297998773729,-0.43464615222387176,0.9405295271372154
2.42,10.0,6.969776432393426,-0.44830463862582975,0.9840658080169362
2.43,10.0,6.986171948798784,-0.4613594874860754,1.0263113468296865
2.44,10.0,7.002485084060949,-0.47380265578571507,1.0671762762160313
2.45,10.0,7.018716380335534,-0.4856267593734045,1.1065776665989517
2.46,10.0,7.034866383744667,-0.496825130226727,1.1444353082979717
2.47,10.0,7.050935645507483,-0.5073918488130399,1.1806855533037606
2.48,10.0,7.066924719867821,-0.5173217335846132,1.2152723788850324
2.49,10.0,7.082834161362317,-0.5266099679035185,1.248137486473638
2.5,10.0,7.0986645276332245,-0.5352527156994636,1.2792402012552486
2.51,10.0,7.114416376463002,-0.5432467569643232,1.3085457871187884
2.52,10.0,7.130090265187909,-0.5505895657658312,1.3360235741398583
2.53,10.0,7.145686749981916,-0.5572792825329299,1.3616512344980833
2.54,10.0,7.161206385003181,-0.5633147155784023,1.3854140034119098
2.55,10.0,7.176649723831735,-0.5686952161337921,1.4072991212553632
2.56,10.0,7.192017317539141,-0.5734207336537193,1.4272980426456456
2.57,10.0,7.207309711608401,-0.5774919418253242,1.4454100958622007
2.58,10.0,7.222527452941208,-0.5809100100497497,1.4616368818637397
2.59,10.0,7.237671083540163,-0.5836766967739286,1.4759836268754896
2.6,10.0,7.252741139708568,-0.5857943397370632,1.4884587435509502
2.61,10.0,7.267738157440714,-0.5872659211228937,1.49907553113502
2.62,10.0,7.282662666519765,-0.5880949177245814,1.5078485657778629
2.63,10.0,7.297515192383425,-0.5882853616430854,1.5147948258439214
2.64,10.0,7.312296257222685,-0.5878418890314839,1.519932886744698
2.65,10.0,7.327006377305519,-0.5867696354975356,1.5232831857021836
2.66,10.0,7.341646064348332,-0.5850742688874899,1.5248670119598842
2.67,10.0,7.356215826467869,-0.5827618480692857,1.5247054266490068
2.68,10.0,7.370716165172922,-0.579839031789066,1.5228203145694295
2.69,10.0,7.385147577850804,-0.57631295581893,1.5192338583199216
2.7,10.0,7.3995105589670365,-0.5721913415985458,1.5139703745373083
2.71,10.0,7.413805595838911,-0.5674822897834687,1.507051382457746
2.72,10.0,7.428033172147133,-0.562194337759364,1.4984996556208898
2.73,10.0,7.4421937674876135,-0.5563363746771134,1.4883387014077698
2.74,10.0,7.456287855970403,-0.5499178197470332,1.4765901405163504
2.75,10.0,7.470315907718604,-0.5429486390372655,1.4632778437780871
2.76,10.0,7.484278388463688,-0.5354392984051681,1.4484263819928458
2.77,10.0,7.498175759271107,-0.5274005867361745,1.4320588773235556
2.78,10.0,7.5120084761581145,-0.5188434811107001,1.4141998954982284
2.79,10.0,7.525776990787303,-0.5097794088075132,1.3948742943111654
2.8,10.0,7.539481750437135,-0.5002202161478126,1.3741072899148605
2.81,10.0,7.553123196742747,-0.4901784819042331,1.3519273124850315
2.82,10.0,7.566701767122373,-0.4796669078759773,1.3283623854122766
2.83,10.0,7.580217893931352,-0.46869863542480816,1.3034421829444511
2.84,10.0,7.5936720016631405,-0.4572868797278178,1.2771988141254838
2.85,10.0,7.607064511460184,-0.44544547029122056,1.2496656866353248
2.86,10.0,7.620395838308009,-0.43318848353070316,1.2208783028451933
2.87,10.0,7.63366639328241,-0.420530381203575,1.1908732996373317
2.88,10.0,7.646876580210911,-0.40748587137104986,1.1596904297011292
2.89,10.0,7.660026796697987,-0.39406992338207336,1.1273717651242805
2.9,10.0,7.673117431447395,-0.38029762031075176,1.093962696524784
2.91,10.0,7.686148869108581,-0.3661844243464451,1.0595107408131526
2.92,10.0,7.699121486425215,-0.3517460127640595,1.0240662129875773
2.93,10.0,7.7120356529217124,-0.3369983310435182,0.9876819844056968
2.94,10.0,7.724891730479593,-0.3219574453974855,0.9504147278903474
2.95,10.0,7.737690073485612,-0.3066396412540424,0.9123237307813952
2.96,10.0,7.7504310284404365,-0.29106138098601736,0.8734714680693685
2.97,10.0,7.7631149335697724,-0.275239290493948,0.8339240020981009
2.98,10.0,7.77574211822389,-0.25919018592150816,0.7937484696251147
2.99,10.0,7.7883129032145115,-0.24293101822597973,0.7530156739707508
3.0,10.0,7.8008276004639985,-0.226478868800381,0.7117996831327815
3.01,10.0,7.813286513057429,-0.20985077057269988,0.6701759756287089
3.02,10.0,7.825689934366367,-0.19306395102235005,0.628223337999998
3.03,10.0,7.838038148242894,-0.17613567600448501,0.5860227202118296
3.04,10.0,7.850331429259316,-0.15908340086392184,0.5436547572729182
3.05,10.0,7.862570041604918,-0.1419245093362508,0.5012038958139726
3.06,10.0,7.874754239780601,-0.12467642031568622,0.458755322871383
3.07,10.0,7.886884269786756,-0.10735633599923197,0.4163947692972272
3.08,10.0,7.898960366033238,-0.08998161146950466,0.3742095591464363
3.09,10.0,7.910982753668777,-0.07256956216996009,0.3322867163533374
3.1,10.0,7.922951648655382,-0.055137655952215384,0.2907116814952815
3.11,10.0,7.934867255953761,-0.03770310411172402,0.24957130320473198
3.12,10.0,7.946729773074804,-0.020283088957325602,0.20895027504910502
3.13,10.0,7.958539390116368,-0.0028946716174560517,0.16893126581236118
3.14,10.0,7.970296285665534,0.014445115371738345,0.12959593269560798
3.15,10.0,7.982000629054898,0.03171938843784521,0.09102409696023983
3.16,10.0,7.993652580542944,0.04891139588897332,0.05329315554706682
3.17,10.0,8.00525229226156,0.06600452673055963,0.016477271802244786
3.18,10.0,8.01679991511832,0.08298238461949192,-0.019354265093426193
3.19,10.0,8.028295590099797,0.09982874609014966,-0.05413541624537288
3.2,10.0,8.039739451136315,0.11652759318273359,-0.08780441354957702
3.21,10.0,8.051131619247482,0.1330630181951038,-0.12030248916603625
3.22,10.0,8.062472214385831,0.14941942307877842,-0.15157735834714003
3.23,10.0,8.073761349494085,0.16558142966528752,-0.18158171122529154
3.24,10.0,8.084999148402684,0.1815340365248985,-0.2102749850821084
3.25,10.0,8.096185718670124,0.19726242849844716,-0.23762201283919637
3.26,10.0,8.107321167919208,0.21275210103036268,-0.2635937890700859
3.27,10.0,8.118405589758877,0.22798872805288947,-0.28816452667619785
3.28,10.0,8.129439085694225,0.24295841408083002,-0.3113181041198061
3.29,10.0,8.140421753992126,0.25764756938724187,-0.33304309444270075
3.3,10.0,8.151353697852612,0.27204299691385175,-0.3533328589448388
3.31,10.0,8.16223501353043,0.28613180440226355,-0.37218893215187165
3.32,10.0,8.173065799002293,0.299901495680538,-0.3896187343538884
3.33,10.0,8.18384615230959,0.3133399668277509,-0.40563628577820054
3.34,10.0,8.194576174545984,0.3264355246407842,-0.42026217905547014
3.35,10.0,8.205255972315479,0.3391769043562378,-0.4335200395933896
3.36,10.0,8.21588565598189,0.35155328194034907,-0.44543929731368337
3.37,10.0,8.226465338940026,0.36355428769874093,-0.45605650475523873
3.38,10.0,8.236995129746163,0.3751699304864598,-0.4654117167142431
3.39,10.0,8.247475145825065,0.3863907261970824,-0.47355028623105966
3.4,10.0,8.257905509022315,0.39720766938140506,-0.48052227177021223
3.41,10.0,8.268286355400193,0.4076122344453133,-0.4863767020379157
3.42,10.0,8.278617819120518,0.41759638765403934,-0.4911698147933379
3.43,10.0,8.2889000424017,0.42715258949553314,-0.4949594302823783
3.44,10.0,8.299133154981945,0.436273674898151,-0.49780707089968246
3.45,10.0,8.309317306832043,0.4449530861304294,-0.499775319723625
3.46,10.0,8.319452651051737,0.4531847422777887,-0.5009282038090106
3.47,10.0,8.329539363302098,0.46096312239182713,-0.5013280084194065
3.48,10.0,8.339577611942918,0.46828318175501965,-0.5010400089781228
3.49,10.0,8.349567570344583,0.4751403679533217,-0.5001290893952159
3.5,10.0,8.359509402994616,0.481530559263363,-0.4986608571883835
3.51,10.0,8.369403295789356,0.4874502393466505,-0.4966988394952807
3.52,10.0,8.379249436876052,0.4928963533103571,-0.49430589163172556
3.53,10.0,8.389048021446262,0.4978663435013784,-0.4915433327259251
3.54,10.0,8.398799245108275,0.5023581639671097,-0.4884705765418289
3.55,10.0,8.408503309490984,0.5063702766700725,-0.4851453468002802
3.56,10.0,8.41816042104944,0.5099016467845697,-0.4816227406302005
3.57,10.0,8.4277707911474,0.5129517408609863,-0.477954710058782
3.58,10.0,8.437334635954052,0.51552044039617,-0.47419080081181164
3.59,10.0,8.446852176073401,0.5176081579602844,-0.470376735572799
3.6,10.0,8.456323636522347,0.5192157847834927,-0.4665545101632631
3.61,10.0,8.465749236219324,0.5203447008155251,-0.46276518275668366
3.62,10.0,8.475129204351642,0.5209967439693532,-0.4590436854613813
3.63,10.0,8.484463769658998,0.5211742171250111,-0.4554218430362056
3.64,10.0,8.493753165432857,0.5208797902959179,-0.45192840066725637
3.65,10.0,8.502997623693158,0.52011665460118,-0.4485871698289259
3.66,10.0,8.512197377401517,0.5188884103334226,-0.4454186435105214
3.67,10.0,8.521352656369228,0.5171990901361851,-0.44244133451601897
3.68,10.0,8.530463693145295,0.5150531389736196,-0.439667875917209
3.69,10.0,8.539530719573154,0.5124554237237854,-0.4371072672375078
3.7,10.0,8.548553968538892,0.5094112294663388,-0.43476385703021947
3.71,10.0,8.557533669200536,0.5059262324479832,-0.43263846321877963
3.72,10.0,8.566470050244517,0.5020065027680408,-0.4307292813138588
3.73,10.0,8.575363338634288,0.4976584960846061,-0.42903149936958584
3.74,10.0,8.584213759166857,0.4928890551331034,-0.42753520470955664
3.75,10.0,8.593021533477238,0.4877053653638166,-0.4262273397821019
3.76,10.0,8.601786880377759,0.48211497668220515,-0.42509144551912925
3.77,10.0,8.610510015541953,0.47612579719439535,-0.42410773690849624
3.78,10.0,8.619191153291236,0.46974606450969214,-0.42325550221178787
3.79,10.0,8.627830502975579,0.4629843505186481,-0.42250988332659745
3.8,10.0,8.636428270244927,0.4558495472346794,-0.42184357458516786
3.81,10.0,8.644984654510234,0.4483508174677828,-0.42122548091748513
3.82,10.0,8.653499852207778,0.4404976506535716,-0.42062318406057386
3.83,10.0,8.661974054906782,0.4322998142123328,-0.4200019507115087
3.84,10.0,8.670407454946751,0.4237673769231507,-0.4193283560826444
3.85,10.0,8.678800235314823,0.41491065474638816,-0.4185647232916381
3.86,10.0,8.687152574728374,0.4057402136993345,-0.4176726746543835
3.87,10.0,8.695464642579019,0.39626681413994796,-0.4166111648646478
3.88,10.0,8.703736606491862,0.38650148967110876,-0.41533970701874523
3.89,10.0,8.711968631493695,0.37645549824748464,-0.41381776378558754
3.9,10.0,8.720160883732666,0.36614034064651935,-0.41200618198963923
3.91,10.0,8.728313518313291,0.35556768228605234,-0.40986409888834885
3.92,10.0,8.736426681155107,0.3447493165002356,-0.40735011397165977
3.93,10.0,8.74450051003941,0.3336971746883284,-0.4044226705706393
3.94,10.0,8.752535141761847,0.3224233858424755,-0.40104194964818873
3.95,10.0,8.760530722971234,0.3109403185779372,-0.39717206889073964
3.96,10.0,8.768487392743795,0.2992604502120352,-0.3927779126682651
3.97,10.0,8.776405284469954,0.2873963676995346,-0.3878257653746857
3.98,10.0,8.784284501556478,0.2753605209180072,-0.382279201265348
3.99,10.0,8.792125160498992,0.2631656022320262,-0.37610726992382126
4.0,10.0,8.79992736821268,0.2508243266905948,-0.36928044864835385
4.01,10.0,8.807691263822454,0.23834976140720782,-0.3617759032110115
4.02,10.0,8.815416953327768,0.22575477689357576,-0.35357009647009363
4.03,10.0,8.823104550993373,0.21305236849761938,-0.34464359772849207
4.04,10.0,8.830754155293912,0.200255428093843,-0.3349769730970138
4.05,10.0,8.838365877881103,0.18737699779837608,-0.32455716634494536
4.06,10.0,8.845939825026184,0.17443008301218926,-0.3133736546418362
4.07,10.0,8.853476103539537,0.16142769398639648,-0.30141993738993733
4.08,10.0,8.860974818139535,0.1483828007365902,-0.2886928697877238
4.09,10.0,8.868436069837648,0.13530830420160841,-0.2751917319824173
4.1,10.0,8.875859954395418,0.12221700484340861,-0.2609176983762467
4.11,10.0,8.883246570565285,0.10912166825334567,-0.24587747021064388
4.12,10.0,8.890596025587197,0.09603505647940662,-0.23008137757798863
4.13,10.0,8.897908430287647,0.08296986797164133,-0.21354358564472875
4.14,10.0,8.905183890944087,0.06993864648138803,-0.19628138722072208
4.15,10.0,8.912422503701428,0.05695372396417656,-0.17831307114241213
4.16,10.0,8.919624370696368,0.04402734349445581,-0.1596611472741074
4.17,10.0,8.92678959656168,0.031171613753158033,-0.14035164615464168
4.18,10.0,8.933918316921853,0.0183987675810294,-0.12041568234658939
4.19,10.0,8.941010651423424,0.0057207008943582945,-0.09988600583555751
4.2,10.0,8.948066730499736,-0.006850786687512696,-0.07879881847956938
4.21,10.0,8.955086653073819,-0.019304368910753995,-0.05718787692802607
4.22,10.0,8.96207055218025,-0.03162864994358723,-0.03509370738289874
4.23,10.0,8.96901855399957,-0.04381251728585434,-0.0125573317400125
4.24,10.0,8.975930798992861,-0.05584493641868749,0.010378229263821481
4.25,10.0,8.982807419181832,-0.06771523286974575,0.0336687854292137
4.26,10.0,8.989648554296707,-0.0794129207831102,0.057268375184150955
4.27,10.0,8.996454348806301,-0.09092776260010695,0.08112900320377037
4.28,10.0,9.003224950789436,-0.10224976344433066,0.10520229460729524
4.29,10.0,9.009960514764975,-0.11336913906438681,0.12943907570267754
4.3,10.0,9.01666120192115,-0.12427631528204476,0.1537898781541145
4.31,10.0,9.023327177713835,-0.13496203083934638,0.1782041567333863
4.32,10.0,9.029958606685796,-0.14541736518668863,0.20263147754749866
4.33,10.0,9.036555657285579,-0.15563369810689398,0.22702141196653258
4.34,10.0,9.043118505932515,-0.1656026657225274,0.25132367786815735
4.35,10.0,9.049647336483224,-0.17531607218798903,0.27548898161265356
4.36,10.0,9.056142335415805,-0.1847660858907695,0.29946859040251184
4.37,10.0,9.062603693766984,-0.19394518492964252,0.323214738889817
4.38,10.0,9.069031592136868,-0.2028464125058444,0.3466788916801278
4.39,10.0,9.075426224831038,-0.21146296088716093,0.36981506808737663
4.4,10.0,9.08178778555966,-0.2197884261788153,0.3925781116122451
4.41,10.0,9.088116485180104,-0.22781643166464208,0.41492471710559187
4.42,10.0,9.094412525571093,-0.23554121020872537,0.4368127641851629
4.43,10.0,9.100676115598109,-0.2429572435008164,0.4582017255810342
4.44,10.0,9.106907462063829,-0.2500594258270701,0.4790514962634873
4.45,10.0,9.113106780242687,-0.2568429128749785,0.49932496389988046
4.46,10.0,9.119274286147002,-0.26330323731466554,0.5189865452081932
4.47,10.0,9.125410197847891,-0.2694362928795506,0.5380028542329214
4.48,10.0,9.131514736134562,-0.2752383232851834,0.5563423474138958
4.49,10.0,9.137588122078034,-0.2807059290945851,0.5739746084878234
4.5,10.0,9.143630577036037,-0.28583606959921015,0.5908703954325816
4.51,10.0,9.149642324834767,-0.29062608163413983,0.6070034810766103
4.52,10.0,9.1556235923789,-0.295073617976678,0.6223498984856803
4.53,10.0,9.161574607583121,-0.2991766927687288,0.6368877369478199
4.54,10.0,9.167495598110465,-0.30293370048916973,0.6505968901268773
4.55,10.0,9.173386789704036,-0.30634335331557005,0.663457895165827
4.56,10.0,9.17924840983606,-0.309404727816404,0.6754540204774031
4.57,10.0,9.18508068585296,-0.31211725100120846,0.6865704613877242
4.58,10.0,9.19088385007864,-0.31448066722726237,0.6967951428450263
4.59,10.0,9.196658130692544,-0.31649508301408186,0.706117190880228
4.6,10.0,9.20240375725269,-0.31816093548789487,0.7145278240666855
4.61,10.0,9.208120956578858,-0.31947898219619486,0.7220182687165888
4.62,10.0,9.21380995737492,-0.32045032359174364,0.7285829820241858
4.63,10.0,9.219470986870062,-0.32107638729089605,0.7342176296405398
4.64,10.0,9.225104271314628,-0.32135894038563145,0.7389201353473851
4.65,10.0,9.230710035881392,-0.32130006354148966,0.7426893532350931
4.66,10.0,9.236288504265318,-0.3209021464509271,0.7455256690519008
4.67,10.0,9.241839898374426,-0.3201678639686399,0.7474304945546848
4.68,10.0,9.24736443855203,-0.31910023021570394,0.7484070703441645
4.69,10.0,9.252862344149895,-0.317702560509686,0.7484602931323465
4.7,10.0,9.258333833220012,-0.3159784763779781,0.7475967323465795
4.71,10.0,9.263779120954021,-0.31393188708734915,0.7458239002305547
4.72,10.0,9.269198420674455,-0.31156693813540587,0.7431498346900369
4.73,10.0,9.274591943577052,-0.3088880556518736,0.7395838048878645
4.74,10.0,9.27995989865475,-0.30589995161135447,0.7351364496268857
4.75,10.0,9.285302493824512,-0.30260766055197436,0.7298209752730429
4.76,10.0,9.290619934035105,-0.2990164433272874,0.7236508691611547
4.77,10.0,9.295912421944239,-0.29513182357307377,0.7166409039270576
4.78,10.0,9.301180156192547,-0.29095943392584805,0.7088056314959914
4.79,10.0,9.30642333399878,-0.28650525126894116,0.7001618387973281
4.8,10.0,9.31164214943097,-0.28177545006783833,0.6907270001573238
4.81,10.0,9.316836795130442,-0.2767765894957609,0.6805209382131707
4.82,10.0,9.322007459620066,-0.2715153206783998,0.6695634116824039
4.83,10.0,9.327154328567568,-0.2659985120306367,0.6578752161688186
4.84,10.0,9.332277583258737,-0.26023303454919683,0.6454765084999039
4.85,10.0,9.337377402798213,-0.25422611966970615,0.6323896227102068
4.86,10.0,9.342453963268794,-0.24798521873106785,0.6186380492145318
4.87,10.0,9.347507438655507,-0.2415181473807074,0.6042476220006421
4.88,10.0,9.352537998251757,-0.23483272128294172,0.5892435624804406
4.89,10.0,9.35754580760723,-0.22793681979050015,0.573651666779682
4.9,10.0,9.362531028298276,-0.22083838244086595,0.5574981154111356
4.91,10.0,9.367493818941458,-0.21354563662734732,0.5408107367552475
4.92,10.0,9.372434335205723,-0.20606699234298126,0.5236179453578771
4.93,10.0,9.377352728837336,-0.19841094592256164,0.5059487391159934
4.94,10.0,9.38224914755263,-0.19058606442062317,0.4878326455449695
4.95,10.0,9.38712373494777,-0.18260101632733036,0.46929966667519807
4.96,10.0,9.39197663111061,-0.17446458750933172,0.4503804304910801
4.97,10.0,9.39680797219454,-0.16618565338809263,0.43110605392711676
4.98,10.0,9.401617892044687,-0.15777329964173947,0.41150882150580514
4.99,10.0,9.40640651946266,-0.1492366093532692,0.3916210002373859
5.0,10.0,9.411173979730851,-0.14058476068193435,0.3714754150939257
5.01,10.0,9.415920392722766,-0.13182678469125558,0.35110425703422266
5.02,10.0,9.420645875591433,-0.12297193726876268,0.3305408840657833
5.03,10.0,9.425350541596016,-0.1140294934395852,0.30981847262394524
5.04,10.0,9.430034502058964,-0.10500893533469007,0.2889701652737884
5.05,10.0,9.43469786267885,-0.09591961819613856,0.26802918196871417
5.06,10.0,9.439340725338884,-0.08677088045869075,0.24702844244320943
5.07,10.0,9.443963187058069,-0.07757192275359856,0.2260004422462174
5.08,10.0,9.448565342114064,-0.06833208371426676,0.2049775693476832
5.09,10.0,9.453147281804092,-0.05906070453211428,0.18399202606833143
5.1,10.0,9.457709094179217,-0.0497671230554117,0.16307567694362035
5.11,10.0,9.462250862750514,-0.0404605634926484,0.14225968641049747
5.12,10.0,9.466772667414794,-0.031150217587129655,0.12157459740590326
5.13,10.0,9.471274584772237,-0.021845231802170965,0.1010503639302982
5.14,10.0,9.475756688102061,-0.012554696182178424,0.08071625938654847
5.15,10.0,9.480219050007562,-0.0032877579824450603,0.060600296843375645
5.16,10.0,9.484661738534397,0.005946568997415575,0.040729789598202615
5.17,10.0,9.489084819317014,0.015139319912452242,0.021130939732742604
5.18,10.0,9.493488352260856,0.024281835677568378,0.0018289756879497077
5.19,10.0,9.49787239692602,0.033365373369568345,-0.017152254767282216
5.2,10.0,9.502237009810264,0.04238134036122506,-0.03579001871952414
5.21,10.0,9.506582249111705,0.05132103936487957,-0.05406213997534337
5.22,10.0,9.510908167444548,0.060176068428519885,-0.07194836761433265
5.23,10.0,9.515214815800148,0.0689381409637335,-0.08942972859533427
5.24,10.0,9.519502240208983,0.07759930375786783,-0.10648913219174716
5.25,10.0,9.523770487698025,0.08615157149244035,-0.12311058153728283
5.26,10.0,9.528019603549312,0.09458712647261668,-0.1392795782188827
5.27,10.0,9.532249632841042,0.10289823868680839,-0.15498295596896128
5.28,10.0,9.536460617459197,0.11107746221119706,-0.1702095482742294
5.29,10.0,9.54065259839142,0.11911750285452011,-0.18494954075325865
5.3,10.0,9.544825615522244,0.12701125377544964,-0.19919474645314494
5.31,10.0,9.548979708156704,0.13475178807087373,-0.2129387556996889
5.32,10.0,9.553114916532333,0.142332260183293,-0.22617557917808995
5.33,10.0,9.557231280104915,0.149746043094536,-0.23890107105063407
5.34,10.0,9.561328838188901,0.15698670225854713,-0.25111262821721425
5.35,10.0,9.5654076265197,0.1640482227028259,-0.26280988546860584
5.36,10.0,9.56946768340232,0.17092464347338318,-0.27399325938358743
5.37,10.0,9.57350904646818,0.17761027057462106,-0.2846647649813363
5.38,10.0,9.57753175690743,0.18409935731173632,-0.2948263078991147
5.39,10.0,9.581535853641247,0.19038660228736057,-0.30448228681883194
5.4,10.0,9.58552137650276,0.19646689533505324,-0.3136380102074696
5.41,10.0,9.58948836121592,0.20233570481984892,-0.3223009206881926
5.42,10.0,9.593436847909267,0.2079884766753474,-0.3304788480146641
5.43,10.0,9.597366877022559,0.21342091437006855,-0.33818033061351116
5.44,10.0,9.601278493186271,0.21862866831118158,-0.3454130920976013
5.45,10.0,9.605171738632839,0.22360794434582074,-0.3521872462564275
5.46,10.0,9.609046656613058,0.22835513774679708,-0.35851332195478136
5.47,10.0,9.61290329015174,0.2328669513846411,-0.36440281940997465
5.48,10.0,9.616741685370567,0.2371402308489133,-0.3698670365625105
5.49,10.0,9.620561889145023,0.24117211499342117,-0.3749180093511626
5.5,10.0,9.624363949594988,0.24496000075328433,-0.3795681613190496
5.51,10.0,9.628147915926212,0.24850154673168207,-0.38383021688128593
5.52,10.0,9.631913836184742,0.2517946945290606,-0.3877168032387317
5.53,10.0,9.635661760325103,0.25483765107440765,-0.39124079264451694
5.54,10.0,9.639391739246156,0.25762889911855336,-0.3944150949586671
5.55,10.0,9.64310382419845,0.2601672051908947,-0.3972525004964851
5.56,10.0,9.646798066989609,0.2624516221068876,-0.39976563070383975
5.57,10.0,9.650474521013985,0.26448145280768615,-0.4019668805491108
5.58,10.0,9.654133250023252,0.26625592610115556,-0.4038685583347572
5.59,10.0,9.657774306700697,0.2677749962412615,-0.4054822571616512
5.6,10.0,9.661397749637763,0.26903871326060536,-0.40681920311964603
5.61,10.0,9.665003637322032,0.27004734557382154,-0.4078900080090335
5.62,10.0,9.668592024483708,0.27080127371208285,-0.40870446703809193
5.63,10.0,9.672162973592325,0.27130131710857097,-0.4092718473138106
5.64,10.0,9.675716545465884,0.2715484638373352,-0.4096004998434424
5.65,10.0,9.679252800176192,0.2715439714549047,-0.409698667827918
5.66,10.0,9.682771796399743,0.27128937757469795,-0.40957472982506005
5.67,10.0,9.68627359645259,0.2707863905047574,-0.40923445286799165
5.68,10.0,9.689758261533951,0.2700369864883866,-0.4086833961011038
5.69,10.0,9.69322585313727,0.2690433510610232,-0.4079272436118515
5.7,10.0,9.69667643285328,0.26780789500706903,-0.4069711293367604
5.71,10.0,9.70011006203262,0.26633329154072777,-0.4058182033943254
5.72,10.0,9.703526802023012,0.2646224266646641,-0.4044713013351853
5.73,10.0,9.706926714516312,0.2626783652196759,-0.40293317090905845
5.74,10.0,9.710309860866337,0.260504402451385,-0.4012055540083992
5.75,10.0,9.713676301959465,0.2581040664780696,-0.39928908314168154
5.76,10.0,9.71702609852597,0.25548108161348376,-0.3971838276320341
5.77,10.0,9.720359311164264,0.2526393090109667,-0.39488964525375536
5.78,10.0,9.723675999919736,0.24958285111180517,-0.39240528769584415
5.79,10.0,9.726976224378324,0.24631600049897875,-0.38972878626299234
5.8,10.0,9.730260043639538,0.2428432251884013,-0.38685753767065734
5.81,10.0,9.73352751632566,0.23916912458092224,-0.3837900608574145
5.82,10.0,9.736778700338728,0.23529851454885203,-0.3805225832812411
5.83,10.0,9.740013652924345,0.23123636169803316,-0.37705137847759573
5.84,10.0,9.743232430637788,0.22698778869099298,-0.37337240631780233
5.85,10.0,9.746435089851959,0.22255804481455366,-0.3694824033211539
5.86,10.0,9.749621685480395,0.21795255448658427,-0.36537657030613957
5.87,10.0,9.752792271825747,0.2131768720741672,-0.361050345012341
5.88,10.0,9.755946902577595,0.20823668206479937,-0.35649908919320694
5.89,10.0,9.759085631577484,0.20313778100077712,-0.351718356023909
5.9,10.0,9.762208510549627,0.1978861058788055,-0.34670333345388826
5.91,10.0,9.765315590829935,0.1924877013231284,-0.3414493738400495
5.92,10.0,9.768406923444369,0.1869487125892827,-0.33595202104578803
5.93,10.0,9.771482559450817,0.1812753743428455,-0.3302071278885812
5.94,10.0,9.774542547859163,0.1754740341422789,-0.3242105466221403
5.95,10.0,9.777586937459162,0.16955111992333144,-0.3179585080340743
5.96,10.0,9.780615777092796,0.16351313036990975,-0.31144772738833026
5.97,10.0,9.783629115302002,0.1573666333705007,-0.3046753990873121
5.98,10.0,9.786626999170117,0.15111827540778133,-0.2976390481638589
5.99,10.0,9.789609475675512,0.14477475688281985,-0.2903368275973577
6.0,10.0,9.792576592169622,0.13834282160149605,-0.28276726512671857
6.01,10.0,9.795528395461211,0.13182926034420092,-0.27492959391703664
6.02,10.0,9.798464931646631,0.12524090632899584,-0.2668238687592037
6.03,10.0,9.801386246844784,0.11858462084396944,-0.2584508224504063
6.04,10.0,9.804292387853208,0.11186728531357382,-0.24981129929678758
6.05,10.0,9.80718340087694,0.10509580017231764,-0.24090737162320508
6.06,10.0,9.810059332097644,0.09827707572854259,-0.23174196976268036
6.07,10.0,9.812920227913661,0.09141802446051064,-0.22231877791160315
6.08,10.0,9.815766135663772,0.08452555767858345,-0.21264156426698477
6.09,10.0,9.818597102245786,0.07760657296432696,-0.2027157086312812
6.1,10.0,9.821413175126718,0.07066795099130598,-0.19254726331740812
6.11,10.0,9.824214402269455,0.06371654853062707,-0.18214310301224046
6.12,10.0,9.8270008325837,0.05675919906641119,-0.17151017101135935
6.13,10.0,9.829772515149722,0.04980269005128332,-0.16065720353934054
6.14,10.0,9.832529499914541,0.04285376779234139,-0.1495935068634502
6.15,10.0,9.835271837619805,0.035919130060902554,-0.13832907741599954
6.16,10.0,9.8379995799011,0.029005427213502886,-0.1268738985007829
6.17,10.0,9.84071277930452,0.022119234908046154,-0.11523984092610817
6.18,10.0,9.843411489410451,0.015267063639076673,-0.10343918802485419
6.19,10.0,9.846095764778942,0.00845535348155764,-0.09148467459344545
6.2,10.0,9.848765660924396,0.0016904722082494745,-0.07938919408803713
6.21,10.0,9.85142123487324,-0.0050213132223498914,-0.06716717630065361
6.22,10.0,9.8540625448144,-0.011673823739663964,-0.05483336537703565
6.23,10.0,9.856689649938872,-0.018260969059367606,-0.042402760276797125
6.24,10.0,9.859302610629868,-0.02477675761995555,-0.029890725328680645
6.25,10.0,9.861901489121674,-0.031215320889569336,-0.017313601705421178
6.26,10.0,9.864486348914012,-0.03757089951634385,-0.004687988717773095
6.27,10.0,9.867057254384052,-0.04383783721983599,0.007969481184186833
6.28,10.0,9.869614271505405,-0.05001060519899374,0.020641759479154587
6.29,10.0,9.872157468134931,-0.05608381443085832,0.033311268414550455
6.3,10.0,9.874686913478834,-0.06205220497609826,0.045960301311772866
6.31,10.0,9.877202677380337,-0.06791062989418453,0.05857134426527111
6.32,10.0,9.879704831781476,-0.07365410104332759,0.07112651100197454
6.33,10.0,9.88219345026744,-0.07927778037329998,0.08360779469188273
6.34,10.0,9.88466860782841,-0.08477697740026306,0.0959972268552498
6.35,10.0,9.887130379769305,-0.09014711990341276,0.10827706818713523
6.36,10.0,9.889578844015134,-0.0953838283246379,0.1204294826485075
6.37,10.0,9.892014079685781,-0.10048287655883296,0.13243682123508904
6.38,10.0,9.894436167253566,-0.1054402006999421,0.14428163057388232
6.39,10.0,9.896845187413998,-0.11025186451992172,0.15594660231985458
6.4,10.0,9.899241223536022,-0.11491414718169013,0.16741481229636435
6.41,10.0,9.901624359872354,-0.1194234863849535,0.17866963069731057
6.42,10.0,9.903994681804296,-0.12377648979063367,0.18969476414313746
6.43,10.0,9.906352275074918,-0.12796990863017677,0.2004741392934939
6.44,10.0,9.908697227676052,-0.13200071730852314,0.21099236458177373
6.45,10.0,9.911029628347134,-0.13586605768366303,0.22123445393802044
6.46,10.0,9.913349566641582,-0.13956324337121243,0.23118584738329773
6.47,10.0,9.915657132593424,-0.14308974788757864,0.24083234054316094
6.48,10.0,9.917952417948364,-0.1464432695466507,0.25016060346861835
6.49,10.0,9.920235515037273,-0.14962168069394433,0.25915781195719845
6.5,10.0,9.92250651668788,-0.15262302296332056,0.26781157593267224
6.51,10.0,9.924765516258258,-0.15544551455064792,0.2761100291763654
6.52,10.0,9.927012608239448,-0.15808759372540324,0.2840422912611764
6.53,10.0,9.929247887519388,-0.1605478771003069,0.291598053276509
6.54,10.0,9.93147144919324,-0.16282514421873456,0.29876740440918326
6.55,10.0,9.933683388827431,-0.16491836769061133,0.3055411848930021
6.56,10.0,9.9358838025681,-0.1668267294351667,0.3119111823837386
6.57,10.0,9.938072786744108,-0.16854959179335038,0.31786981908653544
6.58,10.0,9.940250437648487,-0.17008647031062663,0.3234098856895109
6.59,10.0,9.942416851856075,-0.17143708919637665,0.32852513997304555
6.6,10.0,9.944572126045788,-0.17260136588310138,0.3332101576167865
6.61,10.0,9.94671635684022,-0.17357939806441824,0.337460209010942
6.62,10.0,9.948849640637919,-0.174371424130376,0.34127088226760804
6.63,10.0,9.950972073798667,-0.17497790497723503,0.3446389128816989
6.64,10.0,9.953083752419275,-0.17539947427544025,0.34756170149938015
6.65,10.0,9.955184772280818,-0.17563694168755703,0.3500373603122462
6.66,10.0,9.95727522880539,-0.17569125029705357,0.3520643154614156
6.67,10.0,9.959355216943582,-0.17556356583549407,0.3536421839955288
6.68,10.0,9.96142483113342,-0.17525521047025325,0.3547711465321193
6.69,10.0,9.963484165245625,-0.1747676714715735,0.35545205218444664
6.7,10.0,9.965533312624109,-0.1741025707027902,0.3556861706196166
6.71,10.0,9.967572365744214,-0.173261734426527,0.35547579886508274
6.72,10.0,9.969601416352162,-0.17224713682481246,0.3548237922874691
6.73,10.0,9.971620555416314,-0.1710609017064175,0.353733606362713
6.74,10.0,9.97362987315471,-0.16970528696474385,0.3522091963972471
6.75,10.0,9.975629458607745,-0.16818273363271868,0.3502553730098015
6.76,10.0,9.977619399876946,-0.1664958203435658,0.34787749013983316
6.77,10.0,9.979599784125226,-0.1646472582261659,0.34508142645485407
6.78,10.0,9.981570697496807,-0.1626398899432159,0.3418735872287222
6.79,10.0,9.983532224737461,-0.1604767178079532,0.3382610941280504
6.8,10.0,9.98548444945548,-0.15816086973665136,0.33425157277611817
6.81,10.0,9.987427454211115,-0.1556955878449582,0.32985308741600505
6.82,10.0,9.98936132024357,-0.15308424085939007,0.3250742286403998
6.83,10.0,9.991286127257926,-0.1503303322142066,0.31992417315752064
6.84,10.0,9.993201953639005,-0.14743747740041022,0.31441254595799606
6.85,10.0,9.995108876669109,-0.14440938713663326,0.30854932302972315
6.86,10.0,9.997006971979488,-0.14124989114790393,0.30234498747246974
6.87,10.0,9.998896313615594,-0.1379629282360883,0.2958104746264034
6.88,10.0,10.000776974139734,-0.13455253429718034,0.2889571042195058
6.89,10.0,10.002649025017643,-0.1310228213057784,0.28179644675697446
6.9,10.0,10.004512535706974,-0.12737800964282286,0.2743405489772819
6.91,10.0,10.006367574115353,-0.12362240321870462,0.26660177595923784
6.92,10.0,10.00821420654355,-0.11976038627806534,0.2585927979487437
6.93,10.0,10.010052498202024,-0.11579640237586825,0.25032642816176676
6.94,10.0,10.011882512005196,-0.11173498646739329,0.24181590650200846
6.95,10.0,10.013704309381684,-0.10758073441546818,0.2330746606746814
6.96,10.0,10.015517950120035,-0.10333830318250362,0.22411631978337
6.97,10.0,10.017323492795992,-0.0990123963277765,0.2149545879208894
6.98,10.0,10.019120993667677,-0.09460778329750368,0.20560347051605632
6.99,10.0,10.020910507474424,-0.09012927672653441,0.19607706239884237
7.0,10.0,10.022692087374708,-0.08558173000036705,0.18638954283510856
7.01,10.0,10.024465785189838,-0.08097002881432425,0.17655510494644844
7.02,10.0,10.02623165048049,-0.07629909956154939,0.16658809357231164
7.03,10.0,10.02798973128896,-0.07157389370345939,0.15650284578664397
7.04,10.0,10.02974007419502,-0.06679938380320916,0.14631366949235058
7.05,10.0,10.03148272431277,-0.06198055868949502,0.136034817463635
7.06,10.0,10.033217724637947,-0.05712242366714479,0.12568053919356004
7.07,10.0,10.03494511667998,-0.052229990745472965,0.11526497883876274
7.08,10.0,10.036664940656971,-0.047308274538573274,0.1048021516744484
7.09,10.0,10.038377235192792,-0.04236228791106823,0.09430593275397925
7.1,10.0,10.040082037020266,-0.03739703761374237,0.08379004489112774
7.11,10.0,10.041779381447519,-0.03241751864087809,0.07326800951734214
7.12,10.0,10.043469302701837,-0.027428711709253734,0.06275315323089714
7.13,10.0,10.045151833301553,-0.022435575550361807,0.052258545372481535
7.14,10.0,10.046827004175178,-0.01744304251349814,0.0417969775580751
7.15,10.0,10.048494844915696,-0.012456014767280386,0.03138094979183137
7.16,10.0,10.050155384263723,-0.0074793654127159265,0.02102274986686936
7.17,10.0,10.051808649175573,-0.0025179228123602773,0.010734238524790385
7.18,10.0,10.053454665368125,0.0024235282751938116,0.0005269270776118162
7.19,10.0,10.055093457347029,0.0073402513600405676,-0.009588046070906131
7.2,10.0,10.056725048949108,0.012227551945782152,-0.01959973220929001
7.21,10.0,10.058349462279896,0.017080804813415795,-0.029497820740115088
7.22,10.0,10.059966718531138,0.021895442475760574,-0.03927235791582362
7.23,10.0,10.061576837875547,0.026666961943830777,-0.048913808988302776
7.24,10.0,10.063179839828319,0.03139091775239065,-0.05841285785133721
7.25,10.0,10.064775742541629,0.03606295298024901,-0.06776093675636119
7.26,10.0,10.066364563408857,0.04067878363360462,-0.07694985995459369
7.27,10.0,10.06794631903266,0.04523420360099488,-0.08597185383652928
7.28,10.0,10.069521025394167,0.049725080614886695,-0.09481941536443195
7.29,10.0,10.071088697496085,0.05414738734526408,-0.10348583608922368
7.3,10.0,10.072649349739356,0.05849718350667956,-0.11196479800260306
7.31,10.0,10.074202995931238,0.06277061734748692,-0.1202503455202919
7.32,10.0,10.075749649341123,0.06696392829961721,-0.1283368721204603
7.33,10.0,10.077289322621686,0.07107347360731901,-0.1362195357269158
7.34,10.0,10.07882202797971,0.07509571049504792,-0.14389387902369144
7.35,10.0,10.08034777717389,0.07902719230045167,-0.15135572468557257
7.36,10.0,10.081866581577739,0.08286458211686253,-0.1586013402168458
7.37,10.0,10.083378452246693,0.08660466958475732,-0.16562765350830944
7.38,10.0,10.08488339994314,0.09024435600022074,-0.17243195976755743
7.39,10.0,10.086381435061886,0.09378064302996637,-0.17901173445079444
7.4,10.0,10.087872567847624,0.09721066203556376,-0.18536498854499328
7.41,10.0,10.089356808428496,0.10053167498760053,-0.19149023529314313
7.42,10.0,10.090834166788008,0.10374106586644903,-0.19738632593644923
7.43,10.0,10.092304652553333,0.1068363198344775,-0.2030521945110717
7.44,10.0,10.093768275518709,0.10981507304319635,-0.20848736802241596
7.45,10.0,10.095225045445106,0.11267509127170311,-0.21369169293162926
7.46,10.0,10.096674972089062,0.11541427113839399,-0.2186653105482783
7.47,10.0,10.09811806480725,0.11803060843491177,-0.22340837862643248
7.48,10.0,10.099554333493755,0.12052227147842436,-0.22792163120029407
7.49,10.0,10.100983787978942,0.12288755264780125,-0.23220595696680846
7.5,10.0,10.102406438168808,0.12512487896014035,-0.23626246499952153
7.51,10.0,10.103822293676396,0.12723278515692263,-0.2400923263974093
7.52,10.0,10.105231364759065,0.12920998004697523,-0.243697077562965
7.53,10.0,10.10663366167107,0.1310552996793648,-0.24707836327589483
7.54,10.0,10.108029194745832,0.13276771286230812,-0.25023796340752114
7.55,10.0,10.109417974166261,0.13434630468653774,-0.2531777410628493
7.56,10.0,10.110800010764857,0.1357903315176826,-0.25589972543662753
7.57,10.0,10.112175315417927,0.13709917841925254,-0.25840601046919964
7.58,10.0,10.11354389904933,0.13827235845280098,-0.2606987708174362
7.59,10.0,10.11490577259197,0.13930950933458147,-0.2627802467764013
7.6,10.0,10.116260947548044,0.1402104330466614,-0.2646526843201169
7.61,10.0,10.117609435498249,0.1409750600430209,-0.2663183543197736
7.62,10.0,10.1189512480236,0.14160344140753733,-0.26777959195818823
7.63,10.0,10.120286396864566,0.1420957607408909,-0.2690387343244396
7.64,10.0,10.121614894193625,0.14245235500387662,-0.27009802366737645
7.65,10.0,10.122936752284662,0.14267368775435918,-0.27095969103213235
7.66,10.0,10.124251983370858,0.14276033356410356,-0.27162605521627725
7.67,10.0,10.125560599956057,0.1427130064434069,-0.27209932729580366
7.68,10.0,10.126862614818725,0.14253255945841115,-0.2723815950304793
7.69,10.0,10.1281580408497,0.14221996877935636,-0.27247490384048945
7.7,10.0,10.129446890884756,0.1417763101484382,-0.27238144277042053
7.71,10.0,10.130729178074139,0.1412028042233199,-0.27210315092824366
7.72,10.0,10.132004915704808,0.14050079365560036,-0.2716418867767132
7.73,10.0,10.133274117174581,0.13967173911785266,-0.270999441071913
7.74,10.0,10.134536795854862,0.13871718805239683,-0.2701778254593279
7.75,10.0,10.1357929653867,0.13763883630049567,-0.2691786485247203
7.76,10.0,10.137042639465701,0.13643848262513122,-0.2680035385609756
7.77,10.0,10.138285831881694,0.13511803458058133,-0.2666540670725066
7.78,10.0,10.139522556489483,0.13367948315868292,-0.2651319980211717
7.79,10.0,10.140752827255255,0.1321249531666586,-0.26343872361663756
7.8,10.0,10.141976658210824,0.13045666240879705,-0.2615756791807602
7.81,10.0,10.143194063473455,0.12867692411295298,-0.25954429556314373
7.82,10.0,10.14440505728222,0.12678813134173605,-0.2573461465539939
7.83,10.0,10.145609653868975,0.12479279312569888,-0.2549825274186954
7.84,10.0,10.146807867550844,0.12269350133520686,-0.2524547957384389
7.85,10.0,10.14799971275686,0.12049292877588837,-0.24976436447822437
7.86,10.0,10.149185204050852,0.11819382304692358,-0.2469127436436196
7.87,10.0,10.150364355934599,0.1157990285646544,-0.2439012876462705
7.88,10.0,10.151537183019034,0.11331146141186219,-0.2407314356942596
7.89,10.0,10.152703700088367,0.1107341036563932,-0.2374047349014905
7.9,10.0,10.15386392203475,0.10807000539575513,-0.23392280397544774
7.91,10.0,10.155017863704227,0.10532229373812638,-0.23028723521197492
7.92,10.0,10.15616554008034,0.10249415538577648,-0.22649973146748437
7.93,10.0,10.157306966408084,0.09958882805657907,-0.22256213606886632
7.94,10.0,10.158442157987446,0.09660960871051363,-0.21847637442752088
7.95,10.0,10.159571130153955,0.09355985153746517,-0.21424445734754904
7.96,10.0,10.160693898414154,0.0904429574614933,-0.20986853478683898
7.97,10.0,10.161810478637106,0.08726236387895524,-0.20535089948961982
7.98,10.0,10.162920886690499,0.08402155630565962,-0.20069398516759307
7.99,10.0,10.164025138607823,0.08072405843630127,-0.19590038312559876
8.0,10.0,10.165123250633707,0.07737342715692393,-0.19097285467949554
8.01,10.0,10.166215239471224,0.07397324214924107,-0.1859142710862134
8.02,10.0,10.167301121791388,0.07052711744301975,-0.18072775615207348
8.03,10.0,10.168380914582615,0.06703868763963734,-0.17541660768650402
8.04,10.0,10.16945463510943,0.06351160608579069,-0.16998431561963834
8.05,10.0,10.17052230110134,0.05994953781378668,-0.1644344535639526
8.06,10.0,10.171583930379096,0.05635616356981816,-0.15877094472690345
8.07,10.0,10.172639541155414,0.052735170490410474,-0.15299788138482562
8.08,10.0,10.173689152004677,0.049090249747336494,-0.14711954452432252
8.09,10.0,10.174732781955571,0.04542509259882407,-0.1411403023699016
8.1,10.0,10.175770450298383,0.041743387427339365,-0.13506491515719077
8.11,10.0,10.176802176767723,0.03804881547941454,-0.1288983058094324
8.12,10.0,10.17782798153267,0.034345048294581945,-0.12264555427630164
8.13,10.0,10.178847885224839,0.030635744670660107,-0.11631185445542158
8.14,10.0,10.179861908900303,0.02692454340631435,-0.10990278335323111
8.15,10.0,10.180870074107853,0.02321506283331904,-0.10342406816918981
8.16,10.0,10.181872402873276,0.019510899290080982,-0.09688153974840574
8.17,10.0,10.182868917727035,0.015815622156496047,-0.09028118470443935
8.18,10.0,10.183859641753852,0.01213276569646199,-0.08362931635928916
8.19,10.0,10.184844598574918,0.008465830680282152,-0.07693237933451513
8.2,10.0,10.185823812291444,0.004818285372468041,-0.07019685552543464
8.21,10.0,10.18679730759563,0.0011935553226129275,-0.06342942670215557
8.22,10.0,10.187765109808664,-0.002404981627039679,-0.05663700825082785
8.23,10.0,10.188727244826776,-0.005973993753182864,-0.0498266211220475
8.24,10.0,10.189683738985226,-0.009510190292586013,-0.04300525432407909
8.25,10.0,10.1906346193438,-0.013010340622218942,-0.03618012780697377
8.26,10.0,10.191579913595726,-0.016471271409054578,-0.02935858100252986
8.27,10.0,10.192519650041802,-0.019889867576588737,-0.022548026038879954
8.28,10.0,10.193453857337857,-0.023263061165979936,-0.01575578186943183
8.29,10.0,10.19438256503924,-0.02658786354165163,-0.008989399631241568
8.3,10.0,10.195305803262924,-0.029861349503809517,-0.0022564343206283866
8.31,10.0,10.196223602736621,-0.03308066250210521,0.004435535720404005
8.32,10.0,10.197135994509491,-0.03624300150237139,0.011079034753610273
8.33,10.0,10.198043010601413,-0.03934565868391274,0.01766644907981707
8.34,10.0,10.198944683537128,-0.04238599673904655,0.024190224200665966
8.35,10.0,10.199841046403463,-0.04536145437701086,0.030642845700441512
8.36,10.0,10.200732132629145,-0.04826953647456278,0.03701690008462677
8.37,10.0,10.201617976569821,-0.051107849476126344,0.04330496301106379
8.38,10.0,10.20249861305081,-0.053874078225128796,0.04949971139607001
8.39,10.0,10.203374077371572,-0.05656598827469935,0.05559391910432154
8.4,10.0,10.204244405206357,-0.059181422425644406,0.06158047762874297
8.41,10.0,10.205109633053576,-0.06171833038645316,0.06745238159198408
8.42,10.0,10.205969797834019,-0.06417474705233607,0.07320276828662031
8.43,10.0,10.206824936832009,-0.06654879044446994,0.07882491316959772
8.44,10.0,10.207675087740755,-0.06883866732856295,0.08431224829829098
8.45,10.0,10.208520288926819,-0.07104269351088442,0.08965839863330416
8.46,10.0,10.209360579119899,-0.07315927564723071,0.09485717271934568
8.47,10.0,10.210195997290016,-0.07518690366245528,0.09990253931868054
8.48,10.0,10.211026582837436,-0.07712416805169002,0.10478868745957826
8.49,10.0,10.211852375652645,-0.07896976719343049,0.10951005638687761
8.5,10.0,10.212673415918093,-0.08072249483376805,0.11406130859308838
8.51,10.0,10.213489743931166,-0.08238122593699405,0.11843727082507449
8.52,10.0,10.214301400413802,-0.08394494801613223,0.12263307420797709
8.53,10.0,10.215108426381029,-0.0854127520631881,0.12664412316521734
8.54,10.0,10.215910863056612,-0.08678382779361847,0.1304660825349373
8.55,10.0,10.216708751661855,-0.08805744204976314,0.13409476916254448
8.56,10.0,10.217502133796502,-0.08923298608519868,0.13752640347727052
8.57,10.0,10.218291051161412,-0.0903099471568901,0.14075746862153693
8.58,10.0,10.21907554556218,-0.09128791206797639,0.14378473438151218
8.59,10.0,10.219855658736039,-0.09216654424712241,0.14660512848614093
8.6,10.0,10.22063143264952,-0.09294563481115353,0.14921604119775012
8.61,10.0,10.221402909235943,-0.09362506604914522,0.15161511777149173
8.62,10.0,10.222170130409799,-0.09420481670895035,0.15380029395487682
8.63,10.0,10.222933137971754,-0.09468494554308794,0.15576969872462598
8.64,10.0,10.223691973749682,-0.09506563323603218,0.15752192280629895
8.65,10.0,10.224446679438719,-0.09534714989508525,0.15905582112647565
8.66,10.0,10.225197296594303,-0.09552985624749964,0.16037052463921597
8.67,10.0,10.225943866590507,-0.09561419586147216,0.1614653958680483
8.68,10.0,10.226686430641763,-0.09560072608319663,0.16234023573498035
8.69,10.0,10.227425029729336,-0.09549009079307791,0.16299511263699706
8.7,10.0,10.228159704591553,-0.09528301719892328,0.16343034673395174
8.71,10.0,10.228890495692172,-0.0949803174456253,0.16364652657838974
8.72,10.0,10.229617443174392,-0.09458290721361659,0.16364463780890404
8.73,10.0,10.2303405868483,-0.09409178474200156,0.1634259308365138
8.74,10.0,10.231059966199942,-0.09350802311470914,0.1629918758926845
8.75,10.0,10.231775620320068,-0.09283278147323652,0.16234424328598784
8.76,10.0,10.232487587852498,-0.09206731054433494,0.16148514580439155
8.77,10.0,10.233195907009897,-0.09121293860240896,0.16041695225528763
8.78,10.0,10.233900615625249,-0.0902710593844947,0.15914221384597926
8.79,10.0,10.234601750987823,-0.08924315256493699,0.15766380512764044
8.8,10.0,10.235299349854513,-0.0881307761846628,0.15598488022417634
8.81,10.0,10.235993448456478,-0.08693555983586886,0.15410883383961504
8.82,10.0,10.2366840826172,-0.08565918860219099,0.15203920247727698
8.83,10.0,10.23737128744153,-0.08430343185633463,0.14977985868691768
8.84,10.0,10.238055097461933,-0.08287012333702125,0.14733488674701345
8.85,10.0,10.238735546603525,-0.08136116077911879,0.14470858624477678
8.86,10.0,10.239412668352147,-0.07977848966130092,0.1419053725482069
8.87,10.0,10.240086495324729,-0.07812413254067857,0.13892997307627475
8.88,10.0,10.240757059541322,-0.07640016456853264,0.13578727420121783
8.89,10.0,10.241424392365426,-0.07460871511876899,0.13248233804353227
8.9,10.0,10.242088524646492,-0.07275195645738525,0.12902033525157997
8.91,10.0,10.242749486302587,-0.07083212433493785,0.12540668310850211
8.92,10.0,10.243407306606931,-0.06885149844168234,0.12164692565152535
8.93,10.0,10.24406201416146,-0.06681240170337767,0.11774673552627668
8.94,10.0,10.244713636971609,-0.06471719414296148,0.11371188082226258
8.95,10.0,10.245362202086959,-0.06256828523806157,0.10954830794963755
8.96,10.0,10.246007735876036,-0.060368119260960244,0.10526205511126374
8.97,10.0,10.246650264046727,-0.058119172729173205,0.10085924310196148
8.98,10.0,10.247289811622036,-0.05582395236555853,0.09634606763546749
8.99,10.0,10.24792640268335,-0.05348500029977008,0.09172883489330275
9.0,10.0,10.24856006060682,-0.051104883909777334,0.0870139057940218
9.01,10.0,10.24919080814224,-0.048686192114978245,0.0822076817481241
9.02,10.0,10.249818667263172,-0.04623153588294188,0.07731660957304332
9.03,10.0,10.250443659053369,-0.04374354795938103,0.07234718252761407
9.04,10.0,10.25106580387925,-0.041224876473984984,0.06730591041258993
9.05,10.0,10.251685121535434,-0.03867818097136987,0.062199308651402774
9.06,10.0,10.252301630950848,-0.03610613344180342,0.0570338965837065
9.07,10.0,10.252915350250298,-0.03351141489543921,0.0518161849770129
9.08,10.0,10.253526296841278,-0.03089671162091346,0.04655266220348331
9.09,10.0,10.254134487629308,-0.028264712060599894,0.04124979763317249
9.1,10.0,10.254739938573556,-0.025618105867369213,0.03591400868323369
9.11,10.0,10.255342664942198,-0.0229595802849486,0.03055166291368483
9.12,10.0,10.255942681305307,-0.02029181759764266,0.02516906743492875
9.13,10.0,10.256540001781278,-0.01761749397381124,0.0197724953029228
9.14,10.0,10.257134639521729,-0.014939273967349748,0.014368100083254731
9.15,10.0,10.257726607090166,-0.01225980992796288,0.008961959644761208
9.16,10.0,10.258315916406962,-0.009581739363490773,0.0035600605885601766
9.17,10.0,10.258902578926195,-0.006907685111892623,-0.0018316679738505925
9.18,10.0,10.259486605242286,-0.004240246114814481,-0.007207467441621596
9.19,10.0,10.260068005404303,-0.0015819998553877458,-0.012561680451302237
9.2,10.0,10.26064678889827,0.00106449995617419,-0.017888759850853475
9.21,10.0,10.261222964737266,0.00369672348202494,-0.02318324545496786
9.22,10.0,10.261796541199198,0.006312175765510828,-0.028439883463229343
9.23,10.0,10.26236752606629,0.008908392205349648,-0.03365354279556243
9.24,10.0,10.262935926639434,0.011482939667378306,-0.03881920931645855
9.25,10.0,10.263501749753635,0.014033418844622673,-0.04393199248505475
9.26,10.0,10.26406500164102,0.016557474645517305,-0.048987225731470296
9.27,10.0,10.264625688093384,0.01905279080496035,-0.053980382166956
9.28,10.0,10.265183814498043,0.021517088784675932,-0.058907047125777545
9.29,10.0,10.26573938580342,0.02394813467511603,-0.06376297240402273
9.3,10.0,10.2662924064843,0.02634374613129759,-0.06854413138032545
9.31,10.0,10.266842880635258,0.028701787621268914,-0.0732466501220328
9.32,10.0,10.267390812012366,0.0310201659985236,-0.07786675197399262
9.33,10.0,10.267936203985498,0.03329684446458696,-0.08240087354461068
9.34,10.0,10.268479059566086,0.03552984284962494,-0.08684565157795454
9.35,10.0,10.269019381449404,0.037717235248078594,-0.0911978841581833
9.36,10.0,10.269557172042704,0.039857141071234926,-0.09545444528417679
9.37,10.0,10.270092433449399,0.04194774874672902,-0.099612467631772
9.38,10.0,10.270625167505804,0.043987305861933806,-0.10366924719334669
9.39,10.0,10.271155375799019,0.04597412090213888,-0.10762224420805477
9.4,10.0,10.271683059661653,0.047906549745445115,-0.11146897777956255
9.41,10.0,10.272208220233615,0.049783029455239006,-0.11520725285893008
9.42,10.0,10.272730858449345,0.05160205702434631,-0.11883499896323713
9.43,10.0,10.273250975056637,0.05336219460863853,-0.12235029805211894
9.44,10.0,10.273768570589072,0.05506205804337179,-0.1257513091867697
9.45,10.0,10.274283645488762,0.0567003482915147,-0.12903644027915284
9.46,10.0,10.274796200044738,0.058275830251918986,-0.1322042163774686
9.47,10.0,10.275306234409195,0.059787335602693524,-0.13525329271556874
9.48,10.0,10.27581374857449,0.06123375610612647,-0.13818241758720262
9.49,10.0,10.276318742518114,0.06261407038653705,-0.14099054244944487
9.5,10.0,10.276821216113962,0.06392732412964984,-0.14367672750219818
9.51,10.0,10.27732116913472,0.06517262978950088,-0.14624014192418233
9.52,10.0,10.277818601260327,0.0663491663979198,-0.14868005761414427
9.53,10.0,10.278313512205902,0.0674561993025291,-0.1509959023441132
9.54,10.0,10.278805901629282,0.06849306315369263,-0.15318720247405793
9.55,10.0,10.279295769110751,0.06945915777736542,-0.15525357757674474
9.56,10.0,10.279783114213684,0.0703539560769752,-0.15719474888955176
9.57,10.0,10.280267936561511,0.0711770144531353,-0.15901055126982122
9.58,10.0,10.280750235763337,0.07192795996721489,-0.16070090698597195
9.59,10.0,10.281230011366027,0.07260648177806246,-0.16226582345417206
9.6,10.0,10.281707262977966,0.0732123484863169,-0.1637053951469456
9.61,10.0,10.282181990271978,0.0737454071942122,-0.16501979907506836
9.62,10.0,10.282654192945747,0.07420557614180841,-0.16620928747249764
9.63,10.0,10.283123870646369,0.07459283124869763,-0.16727419845128644
9.64,10.0,10.283591023155887,0.0749072339039454,-0.16821492881462952
9.65,10.0,10.284055650311918,0.07514891701029948,-0.1690319416843451
9.66,10.0,10.284517752011501,0.07531808414579048,-0.16972576276767093
9.67,10.0,10.2849773281155,0.07541499124297857,-0.1702970124470209
9.68,10.0,10.285434378677975,0.07543998477368585,-0.17074632988583094
9.69,10.0,10.285888903796746,0.07539347425669982,-0.17107442041519771
9.7,10.0,10.286340903650137,0.07527593677766811,-0.17128204428021743
9.71,10.0,10.286790378433869,0.07508790235787956,-0.17137005278636952
9.72,10.0,10.287237328525023,0.07482998548663211,-0.171339296611138
9.73,10.0,10.287681754370713,0.07450286068945267,-0.17119068888057942
9.74,10.0,10.288123656509583,0.07410726431650291,-0.17092519795729544
9.75,10.0,10.288563035546202,0.07364398576250086,-0.17054387285316874
9.76,10.0,10.28899989225109,0.07311389128930618,-0.1700477564304066
9.77,10.0,10.289434227489533,0.0725179034217181,-0.16943795147586638
9.78,10.0,10.289866042232331,0.07185699989556202,-0.1687156213275376
9.79,10.0,10.290295337555978,0.07113221098779274,-0.16788199511742352
9.8,10.0,10.290722114690434,0.07034463497285276,-0.1669383028808369
9.81,10.0,10.291146374983711,0.06949542190585058,-0.16588583288850067
9.82,10.0,10.291568119908225,0.06858576978711457,-0.16472594186922773
9.83,10.0,10.291987351070848,0.0676169278718151,-0.16346003664137232
9.84,10.0,10.2924040702276,0.06659020358697043,-0.16208954104647955
9.85,10.0,10.292818279274469,0.06550695100084826,-0.16061593652714556
9.86,10.0,10.293229980256163,0.06436856444768929,-0.1590407803631404
9.87,10.0,10.293639175369432,0.06317648725177231,-0.15736566758324422
9.88,10.0,10.294045866967178,0.06193221048464655,-0.15559223070972195
9.89,10.0,10.294450057562933,0.06063726611188717,-0.15372216019380147
9.9,10.0,10.29485174984757,0.05929321852508615,-0.15175722593785146
9.91,10.0,10.29525094667285,0.057901677647846504,-0.14969923162394672
9.92,10.0,10.29564765106532,0.05646429052016346,-0.14755003694882163
9.93,10.0,10.296041866231935,0.05498273876740925,-0.1453115615038305
9.94,10.0,10.296433595587192,0.05345872870127392,-0.14298580109381387
9.95,10.0,10.296822842711489,0.05189400728728371,-0.14057479331695255
9.96,10.0,10.29720961138769,0.050290348188987484,-0.13808064325883507
9.97,10.0,10.297593905600598,0.048649552219428994,-0.13550551897020746
9.98,10.0,10.297975729561701,0.046973439938346795,-0.13285165270859167
9.99,10.0,10.29835508766968,0.04526386237465953,-0.13012134160137645
10.0,10.0,10.298731984548192,0.04352268992086978,-0.12731694910354996
10.01,10.0,10.299106425046434,0.04175181183988399,-0.12444090280802733
10.02,10.0,10.2994784142541,0.03995313185060088,-0.1214956863968224
10.03,10.0,10.29984795747822,0.038128573538284805,-0.1184838663613581
10.04,10.0,10.300215060270979,0.03628007263077183,-0.11540807253267804
10.05,10.0,10.300579728431597,0.03440957565877137,-0.11227099361879045
10.06,10.0,10.30094196801285,0.032519037561226205,-0.10907537260509592
10.07,10.0,10.301301785318167,0.030610422891128895,-0.10582404361620679
10.08,10.0,10.301659186914474,0.028685701014973048,-0.10251989970178066
10.09,10.0,10.302014179631394,0.026746844534899,-0.09916588088285572
10.1,10.0,10.302366770568867,0.02479582753750314,-0.09576498595158167
10.11,10.0,10.302716967108125,0.02283462415842397,-0.0923203015170948
10.12,10.0,10.303064776910265,0.020865205973265147,-0.08883496731091434
10.13,10.0,10.303410207905397,0.018889540932717084,-0.08531215191979324
10.14,10.0,10.303753268318907,0.016909590555731737,-0.08175509246482981
10.15,10.0,10.304093966678954,0.014927307865496193,-0.07816709838463964
10.16,10.0,10.304432311807885,0.012944635965008229,-0.0745515249436135
10.17,10.0,10.304768312791113,0.01096350836989023,-0.07091173379899196
10.18,10.0,10.305101979046132,0.008985843149219287,-0.06725116694746447
10.19,10.0,10.305433320299333,0.007013542671179246,-0.0635733127861382
10.2,10.0,10.305762346583574,0.005048492089731417,-0.05988169677544075
10.21,10.0,10.306089068174495,0.0030925620780354653,-0.05617982569218505
10.22,10.0,10.306413495730697,0.001147597661995725,-0.05247129710157861
10.23,10.0,10.306735640205375,-0.0007845774031222354,-0.04875972180736543
10.24,10.0,10.30705551286135,-0.002702163259971405,-0.04504873244765406
10.25,10.0,10.30737312519651,-0.004603380193877088,-0.04134193516061124
10.26,10.0,10.307688489115336,-0.0064864826094934,-0.037643006374162624
10.27,10.0,10.308001616806571,-0.008349751837854101,-0.03395561612020703
10.28,10.0,10.308312520756171,-0.010191498620612215,-0.030283434321893843
10.29,10.0,10.308621213687893,-0.012010060236124971,-0.026630101134982098
10.3,10.0,10.308927708730282,-0.013803814730687305,-0.022999293885083816
10.31,10.0,10.30923201928629,-0.015571172680963261,-0.01939466729208661
10.32,10.0,10.309534159030125,-0.017310578416870514,-0.015819852963899095
10.33,10.0,10.309834141881659,-0.019020509595471396,-0.012278447689666017
10.34,10.0,10.310131982144604,-0.02069948982805506,-0.008774049111152316
10.35,10.0,10.310427694382298,-0.02234608039232509,-0.005310215732152734
10.36,10.0,10.31072129339209,-0.023958879497140817,-0.0018904620835362707
10.37,10.0,10.311012794228645,-0.0255365258868944,0.001481741745868348
10.38,10.0,10.311302212290332,-0.027077707813456114,0.004802960065204864
10.39,10.0,10.311589563215485,-0.02858115583186511,0.008069813340868315
10.4,10.0,10.311874862829837,-0.030045639383636143,0.011278982639091772
10.41,10.0,10.312158127229106,-0.03146997606478465,0.014427209977806221
10.42,10.0,10.312439372795273,-0.03285303477290708,0.01751130192837458
10.43,10.0,10.312718616125736,-0.03419373081983962,0.020528138834207788
10.44,10.0,10.312995873952145,-0.03549101911344044,0.02347467239579082
10.45,10.0,10.313271163285753,-0.036743910702035656,0.02634793988093964
10.46,10.0,10.313544501353016,-0.03795146789734735,0.029145065757977484
10.47,10.0,10.313815905566365,-0.0391128029875132,0.03186326532371453
10.48,10.0,10.31408539341625,-0.04022706733424267,0.03449982965970744
10.49,10.0,10.314352982674233,-0.0412934767067989,0.0370521689076595
10.5,10.0,10.3146186912478,-0.04231129625427381,0.03951779230474717
10.51,10.0,10.31488253718946,-0.04327984322764334,0.04189431495123852
10.52,10.0,10.315144538599833,-0.04419847571288243,0.04417943340089714
10.53,10.0,10.315404713810267,-0.045066619423205424,0.04637099278741008
10.54,10.0,10.315663081232477,-0.04588374923890811,0.04846694541616614
10.55,10.0,10.315919659368964,-0.04664939214987323,0.05046535893929782
10.56,10.0,10.316174466751566,-0.04736311928791484,0.052364394137073944
10.57,10.0,10.316427522063767,-0.04802456864537129,0.05416237759101872
10.58,10.0,10.3166788440255,-0.048633428131965056,0.05585775184262154
10.59,10.0,10.316928451389733,-0.04918943629180415,0.05744907764668383
10.6,10.0,10.317176362914262,-0.049692378983159084,0.05893502401879047
10.61,10.0,10.317422597426676,-0.050142106651678356,0.06031443374798684
10.62,10.0,10.317667173745223,-0.050538519756244696,0.06158627213806067
10.63,10.0,10.317910110666533,-0.05088156691702412,0.06274962000759476
10.64,10.0,10.318151426958964,-0.051171247026203036,0.06380368441813644
10.65,10.0,10.318391141381252,-0.05140761986779713,0.06474784428737923
10.66,10.0,10.318629272635588,-0.0515907946960233,0.06558160586212836
10.67,10.0,10.318865839353919,-0.05172092556058237,0.0663045828383444
10.68,10.0,10.319100860095674,-0.05179821941618276,0.06691653463543368
10.69,10.0,10.319334353338748,-0.051822939125761455,0.06741738192592894
10.7,10.0,10.31956633745643,-0.051795395856899185,0.06780717494158583
10.71,10.0,10.319796830711699,-0.05171594144495522,0.06808605912695853
10.72,10.0,10.320025851237526,-0.05158498279816209,0.0682543452309341
10.73,10.0,10.320253417025768,-0.05140297664414509,0.0683124866992344
10.74,10.0,10.320479545915166,-0.051170426243176095,0.06826106653459263
10.75,10.0,10.320704255604808,-0.05088787078712708,0.06810074723638682
10.76,10.0,10.320927563591631,-0.050555906075849345,0.06783237459964475
10.77,10.0,10.32114948718833,-0.05017517076243596,0.06745691246546404
10.78,10.0,10.321370043508542,-0.04974634710632866,0.06697544874235906
10.79,10.0,10.321589249499198,-0.04927015037823171,0.06638914448528332
10.8,10.0,10.321807121832666,-0.04874734979010979,0.06569934136782773
10.81,10.0,10.322023676963738,-0.04817875208377796,0.06490748166521865
10.82,10.0,10.322238931111041,-0.04756520307636669,0.06401511834366147
10.83,10.0,10.322452900289573,-0.046907580284192105,0.06302387996205194
10.84,10.0,10.322665600187136,-0.04620680867864484,0.06193555316691768
10.85,10.0,10.322877046239526,-0.045463846987934146,0.06075201551992837
10.86,10.0,10.323087253620967,-0.04467968756244659,0.05947523726639137
10.87,10.0,10.323296237259502,-0.043855352660170356,0.058107264905515876
10.88,10.0,10.323504011718562,-0.042991904893753534,0.05665027664950806
10.89,10.0,10.323710591279085,-0.04209043645444764,0.0551065301223046
10.9,10.0,10.323915989946206,-0.04115206743954894,0.053478356529776505
10.91,10.0,10.324120221430828,-0.04017794548156129,0.051768161388070055
10.92,10.0,10.324323299058705,-0.03916925108049639,0.04997845316915672
10.93,10.0,10.32452523584685,-0.03812718977670489,0.048111806687424874
10.94,10.0,10.32472604453346,-0.03705298920455573,0.04617085160457002
10.95,10.0,10.32492573750977,-0.0359479014655038,0.04415828582150372
10.96,10.0,10.325124326778925,-0.034813203904169206,0.042076881179884396
10.97,10.0,10.325321824013576,-0.03365019404971283,0.03992946147938525
10.98,10.0,10.325518240615251,-0.03246018578994218,0.03771888779589894
10.99,10.0,10.32571358758257,-0.031244513590705188,0.03544807859724752
11.0,10.0,10.325907875540462,-0.03000452966615489,0.03311999885003836
11.01,10.0,10.32610111476635,-0.028741601281244544,0.03073764985284022
11.02,10.0,10.326293315283731,-0.027457106575429664,0.028304055205017775
11.03,10.0,10.326484486656348,-0.02615243942477416,0.02582227903722334
11.04,10.0,10.326674638104622,-0.024829004366549598,0.023295408099422765
11.05,10.0,10.326863778494024,-0.023488215526432633,0.02072654864671275
11.06,10.0,10.327051916442695,-0.022131493193877163,0.018118818664683012
11.07,10.0,10.327239060081855,-0.0207602669442711,0.015475351634289147
11.08,10.0,10.327425217224901,-0.019375970967876386,0.012799286304186808
11.09,10.0,10.327610395340242,-0.017980043334604925,0.010093763973914704
11.1,10.0,10.327794601630792,-0.0165739239648609,0.0073619275086036495
11.11,10.0,10.327977842836592,-0.015159054691243175,0.004606908910806062
11.12,10.0,10.328160125385148,-0.013736876694622712,0.0018318309903913033
11.13,10.0,10.328341455382265,-0.012308829497419651,-0.0009601951820226162
11.14,10.0,10.328521838651845,-0.010876349715056122,-0.0037660700662511815
11.15,10.0,10.328701280590677,-0.009440868959031724,-0.006582727187631754
11.16,10.0,10.328879786292804,-0.008003812976206209,-0.009407122977962423
11.17,10.0,10.329057360559077,-0.006566600820116233,-0.01223623650093053
11.18,10.0,10.329234007895604,-0.00513064336652461,-0.015067074298835692
11.19,10.0,10.329409732426253,-0.003697340247396619,-0.017896693110267314
11.2,10.0,10.329584537986094,-0.0022680801139650553,-0.020722185133209337
11.21,10.0,10.329758428148562,-0.0008442405220493199,-0.02354067221920353
11.22,10.0,10.329931406185318,0.000572815000070801,-0.026349322777551087
11.23,10.0,10.330103475036465,0.0019817395198720817,-0.029145366361048808
11.24,10.0,10.330274637371136,0.0033812020663914564,-0.03192607946446113
11.25,10.0,10.330444895629192,0.004769886417125786,-0.0346887711549293
11.26,10.0,10.33061425194984,0.006146496862364712,-0.0374308191708046
11.27,10.0,10.330782708193482,0.007509758554358313,-0.040149666264851724
11.28,10.0,10.330950265971056,0.008858417418107861,-0.04284281277779911
11.29,10.0,10.331116926695195,0.01019123693208639,-0.04550779085357437
11.3,10.0,10.331282691489355,0.011507008248985998,-0.04814222524404954
11.31,10.0,10.331447561249242,0.012804546387483037,-0.050743803231453555
11.32,10.0,10.331611536647133,0.014082691578455705,-0.053310277858741095
11.33,10.0,10.331774618180049,0.015340304169126257,-0.05583943434226324
11.34,10.0,10.331936806086459,0.01657627901086013,-0.05832916911880126
11.35,10.0,10.332098100418113,0.017789537099507816,-0.06077743674687941
11.36,10.0,10.332258501035149,0.018979028053137892,-0.06318226045852082
11.37,10.0,10.332418007634942,0.020143725704687657,-0.0655417061247272
11.38,10.0,10.332576619708876,0.02128264213155258,-0.06785395005533257
11.39,10.0,10.33273433658844,0.0223948188297233,-0.07011723016509386
11.4,10.0,10.332891157446815,0.02347932814870562,-0.07232985117074797
11.41,10.0,10.333047081312522,0.024535270915588443,-0.07449017100626243
11.42,10.0,10.333202107057112,0.02556178882394341,-0.07659665253261405
11.43,10.0,10.33335623341973,0.026558055844650916,-0.0786478224627869
11.44,10.0,10.33350945901116,0.02752327816294877,-0.08064227065616869
11.45,10.0,10.333661782321773,0.028456694872727104,-0.08257865015892651
11.46,10.0,10.333813201728272,0.02935758734950946,-0.08445570974450156
11.47,10.0,10.333963715502822,0.03022527167558723,-0.08627226318803505
11.48,10.0,10.334113321815229,0.031059096621745615,-0.0880271829355248
11.49,10.0,10.334262018745251,0.03185844844885318,-0.08971941278589757
11.5,10.0,10.33440980429506,0.03262275585390874,-0.09134798098608687
11.51,10.0,10.33455667639026,0.0333514842304078,-0.09291198081017704
11.52,10.0,10.334702632876105,0.0340441312569257,-0.09441056006898219
11.53,10.0,10.334847671543526,0.034700236789167345,-0.09584294284515238
11.54,10.0,10.33499179013411,0.03531938199901088,-0.09720842622254278
11.55,10.0,10.335134986340664,0.035901186296439104,-0.09850637119467365
11.56,10.0,10.33527725779401,0.03644530013118816,-0.09973619015467161
11.57,10.0,10.335418602110428,0.036951420847682256,-0.1008973729259468
11.58,10.0,10.335559016877433,0.03741928474238326,-0.10198947194569996
11.59,10.0,10.335698499660646,0.037848667293103294,-0.1030121013913492
11.6,10.0,10.33583704798089,0.03823937356325609,-0.10396492595872431
11.61,10.0,10.335974659383806,0.03859125929515863,-0.10484768336528116
11.62,10.0,10.336111331401948,0.03890421622264858,-0.10566016694571179
11.63,10.0,10.33624706156868,0.03917817471539643,-0.10640222815924538
11.64,10.0,10.336381847399545,0.03941309611356142,-0.10707377132985574
11.65,10.0,10.336515686456687,0.03960899070673738,-0.10767476279420052
11.66,10.0,10.33664857631155,0.039765904303528304,-0.10820522245224673
11.67,10.0,10.336780514554482,0.03988391934595204,-0.10866522454642258
11.68,10.0,10.33691149878611,0.039963150460211774,-0.10905489613628205
11.69,10.0,10.337041526670241,0.04000375848983671,-0.10937441758637956
11.7,10.0,10.337170595901341,0.040005938861857375,-0.10962402050811271
11.71,10.0,10.33729870420884,0.03996992099639112,-0.10980398811632774
11.72,10.0,10.337425849360582,0.03989596747884063,-0.10991465449157545
11.73,10.0,10.337552029200122,0.03978438346817976,-0.10995640065495582
11.74,10.0,10.337677241621948,0.03963550732886871,-0.10992965647407793
11.75,10.0,10.33780148457019,0.03944970823553669,-0.1098349018084388
11.76,10.0,10.33792475605448,0.03922738919351929,-0.10967266349642024
11.77,10.0,10.338047054169976,0.03896899135237906,-0.1094435117032635
11.78,10.0,10.33816837708188,0.03867498726717408,-0.10914806288786405
11.79,10.0,10.338288723018806,0.03834587668989865,-0.10878698246923424
11.8,10.0,10.338408090300117,0.037982193449317934,-0.10836097795078192
11.81,10.0,10.338526477339004,0.03758450446278748,-0.10787079874808736
11.82,10.0,10.338643882636589,0.037153405850987364,-0.10731723798058734
11.83,10.0,10.338760304770473,0.03668951701473342,-0.10670113659294422
11.84,10.0,10.338875742432075,0.036193491136185515,-0.10602337286827446
11.85,10.0,10.33899019441427,0.03566600899371994,-0.10528486677081972
11.86,10.0,10.339103659614471,0.03510777796826423,-0.10448657950013196
11.87,10.0,10.339216137018944,0.03451952469857032,-0.10362951803633447
11.88,10.0,10.339327625748684,0.033902008540712694,-0.10271472344777344
11.89,10.0,10.339438125033569,0.03325601079339074,-0.10174327820290685
11.9,10.0,10.339547634221576,0.03258233580346469,-0.10071630396308606
11.91,10.0,10.33965615276767,0.031881805422399614,-0.09963496346469469
11.92,10.0,10.339763680270774,0.03115526889554946,-0.0985004545738466
11.93,10.0,10.339870216452496,0.030403594061061252,-0.09731401368851067
11.94,10.0,10.339975761163087,0.029627667446984068,-0.09607691433092214
11.95,10.0,10.340080314376195,0.02882839098724985,-0.09479046660749724
11.96,10.0,10.340183876218433,0.028006688420393333,-0.09345601663866088
11.97,10.0,10.340286446951607,0.027163498518061456,-0.09207494619206713
11.98,10.0,10.340388026975091,0.02629977434090455,-0.09064867071580007
11.99,10.0,10.340488616826864,0.025416481839644903,-0.08917863873534682
12.0,10.0,10.340588217206243,0.02451460309395971,-0.08766633469524354
12.01,10.0,10.340686828958813,0.023595131484285287,-0.08611327509010547
12.02,10.0,10.340784453074392,0.022659070362208558,-0.08452100564672982
12.03,10.0,10.340881090696252,0.021707432957705844,-0.08289110269564404
12.04,10.0,10.340976743135808,0.02074124305865157,-0.08122517643890337
12.05,10.0,10.341071411860419,0.019761531883121793,-0.07952486556349037
12.06,10.0,10.341165098485135,0.018769336510922642,-0.07779183129968548
12.07,10.0,10.341257804794154,0.017765700310419536,-0.07602776497515507
12.08,10.0,10.341349532743711,0.016751671938871712,-0.07423438706842678
12.09,10.0,10.341440284454203,0.015728303506712622,-0.07241344235011749
12.1,10.0,10.341530062193174,0.01469664920700431,-0.07056669026755369
12.11,10.0,10.341618868414994,0.013657765271915043,-0.06869592083551268
12.12,10.0,10.341706705745514,0.012612708454029219,-0.06680294580241686
12.13,10.0,10.341793576981564,0.011562534904811184,-0.06488959673319705
12.14,10.0,10.341879485061712,0.010508299524668878,-0.06295771056351462
12.15,10.0,10.341964433132162,0.00945105426816685,-0.06100915605920676
12.16,10.0,10.342048424503975,0.008391847535876573,-0.059045813740759456
12.17,10.0,10.34213146266138,0.007331723141173784,-0.057069577648180214
12.18,10.0,10.342213551232465,0.006271720389486903,-0.05508234218328578
12.19,10.0,10.342294694058202,0.005212870565308288,-0.0530860272307887
12.2,10.0,10.342374895143278,0.004156197727503707,-0.051082557277084994
12.21,10.0,10.342454158661312,0.0031027176843537053,-0.04907386215522891
12.22,10.0,10.342532488933513,0.002053438205700529,-0.04706186795211842
12.23,10.0,10.34260989049232,0.0010093544894558988,-0.045048516897217006
12.24,10.0,10.34268636803166,-2.854903838785726e-05,-0.04303574888832973
12.25,10.0,10.342761926405275,-0.0010592993826603009,-0.041025500045321905
12.26,10.0,10.342836570619152,-0.0020819354162021353,-0.03901969903103719
12.27,10.0,10.342910305882723,-0.003095512486706511,-0.03702027931327834
12.28,10.0,10.342983137562419,-0.004099100095066789,-0.03502916479541174
12.29,10.0,10.34305507117072,-0.005091781798606831,-0.0330482666055989
12.3,10.0,10.34312611237803,-0.006072657181021948,-0.031079483981903522
12.31,10.0,10.343196267043677,-0.0070408454271744985,-0.029124708714024727
12.32,10.0,10.34326554117728,-0.007995483067305664,-0.027185815725388807
12.33,10.0,10.343333940916338,-0.00893572269870036,-0.025264658757683023
12.34,10.0,10.343401472562618,-0.009860737449932428,-0.023363073615224828
12.35,10.0,10.343468142585497,-0.010769722290319023,-0.021482876939687756
12.36,10.0,10.343533957595705,-0.011661892516484208,-0.019625860693350816
12.37,10.0,10.343598924309862,-0.012536480843658682,-0.01779378865632264
12.38,10.0,10.343663049615111,-0.013392745371510315,-0.015988398698632444
12.39,10.0,10.343726340538495,-0.014229967306452672,-0.01421139867083987
12.4,10.0,10.343788804237317,-0.015047450934892204,-0.012464464117960539
12.41,10.0,10.34385044794989,-0.015844518628518954,-0.010749237410038859
12.42,10.0,10.343911279089806,-0.01662052332648961,-0.00906732373813579
12.43,10.0,10.343971305177694,-0.017374841308188615,-0.0074202903492510686
12.44,10.0,10.344030533847489,-0.018106873942378015,-0.005809664558863226
12.45,10.0,10.344088972802009,-0.01881604264419435,-0.004236936576544004
12.46,10.0,10.344146629899244,-0.019501801889207727,-0.0027035469963898606
12.47,10.0,10.344203513082332,-0.020163630652588405,-0.0012108925709473084
12.48,10.0,10.344259630383936,-0.020801033943867966,0.00023967607266062174
12.49,10.0,10.344314989896949,-0.021413539318875786,0.0016468508079166
12.5,10.0,10.34436959983841,-0.02200070828400775,0.0030093829684938456
12.51,10.0,10.34442346849116,-0.02256212816860225,0.004326073449309575
12.52,10.0,10.34447660420119,-0.02309741253060856,0.0055957733442975055
12.53,10.0,10.34452901536453,-0.02360619999341578,0.006817382709686015
12.54,10.0,10.344580710466987,-0.024088163155200192,0.007989868513772258
12.55,10.0,10.344631698039475,-0.02454300141493839,0.009112251977808405
12.56,10.0,10.344681986643344,-0.02497043801553641,0.010183601469709203
12.57,10.0,10.34473158487365,-0.02537022263974955,0.011203039611614507
12.58,10.0,10.344780501385141,-0.02574214002109584,0.012169764446939624
12.59,10.0,10.34482874485089,-0.026086000713757437,0.013083028530399332
12.6,10.0,10.34487632396686,-0.02640164402878651,0.013942146580002479
12.61,10.0,10.344923247445989,-0.026688938197750027,0.01474649689277463
12.62,10.0,10.344969524012292,-0.026947780536374557,0.015495522494445524
12.63,10.0,10.345015162394953,-0.02717809760819113,0.016188732423469077
12.64,10.0,10.345060171337497,-0.02737984103744573,0.01682567889149933
12.65,10.0,10.345104559561836,-0.027552996343637906,0.017406006500780613
12.66,10.0,10.345148335779063,-0.02769757828489759,0.01792942683662435
12.67,10.0,10.345191508685202,-0.02781363054648539,0.018395717049934923
12.68,10.0,10.345234086952798,-0.027901226625395573,0.01880472511559894
12.69,10.0,10.345276079225076,-0.027960469975325863,0.01915637099002332
12.7,10.0,10.345317494110105,-0.0279914941516473,0.019450647703384227
12.71,10.0,10.345358339943184,-0.02799435933115355,0.019687329333617498
12.72,10.0,10.345398625280684,-0.02796927586839887,0.01986660428964271
12.73,10.0,10.345438358565541,-0.027916457492953236,0.019988660684917114
12.74,10.0,10.3454775481463,-0.027836132578931097,0.020053718956890343
12.75,10.0,10.345516202298082,-0.027728556273389965,0.020062066809487966
12.76,10.0,10.345554329216137,-0.027594010377527792,0.020014059785366634
12.77,10.0,10.345591937009425,-0.027432803227880255,0.01991012154915417
12.78,10.0,10.345629033813452,-0.02724521068288614,0.0197505125045474
12.79,10.0,10.345665627513094,-0.027031609698661807,0.01953585636669075
12.8,10.0,10.345701725934553,-0.026792380245607234,0.019266755013515713
12.81,10.0,10.345737336803806,-0.026527922527235948,0.018943857224437366
12.82,10.0,10.345772467732129,-0.026238660847138898,0.018567874466528522
12.83,10.0,10.34580712620986,-0.025925043378597978,0.018139581216268574
12.84,10.0,10.345841319600215,-0.025587541934199348,0.017659814664870765
12.85,10.0,10.345875055422136,-0.02522653940478697,0.017129072436475212
12.86,10.0,10.34590834066286,-0.024842594259762596,0.01654846070338767
12.87,10.0,10.345941182310753,-0.02443623083849158,0.01591894391736215
12.88,10.0,10.345973587217113,-0.02400799041939347,0.015241528392428094
12.89,10.0,10.346005562083134,-0.023558433638854036,0.014517271840825074
12.9,10.0,10.346037113454175,-0.023088140076936575,0.013747282677788242
12.91,10.0,10.346068247723247,-0.022597706686265952,0.012932714519986455
12.92,10.0,10.346098971701121,-0.022087675017350438,0.012074472032082006
12.93,10.0,10.346129291193597,-0.0215587088617047,0.01117393257248711
12.94,10.0,10.346159212169846,-0.021011446305958543,0.010232346963316097
12.95,10.0,10.346188740430113,-0.020446540354353893,0.009251005193283923
12.96,10.0,10.346217881600944,-0.019864658391639534,0.008231235371154
12.97,10.0,10.346246641130449,-0.019266481645966307,0.00717440237832534
12.98,10.0,10.346275024324774,-0.018652700859284853,0.0060818926973116305
12.99,10.0,10.346303036945937,-0.01802396032906234,0.004954907982449797
13.0,10.0,10.34633068360411,-0.017381004799278264,0.003795009724868237
13.01,10.0,10.34635796911439,-0.016724553699435034,0.0026036545636776154
13.02,10.0,10.346384898108704,-0.01605533586695456,0.0013823232877472336
13.03,10.0,10.346411475032218,-0.015374088900478278,0.0001325195819976699
13.04,10.0,10.346437704139792,-0.014681558513167206,-0.0011442318237726568
13.05,10.0,10.346463589561486,-0.013978493974578864,-0.0024464004809274797
13.06,10.0,10.34648913577716,-0.013265620390757285,-0.0037725481180395093
13.07,10.0,10.346514346202735,-0.012543717902339808,-0.005121046600510937
13.08,10.0,10.346539224419908,-0.011813551208445627,-0.006490327502639559
13.09,10.0,10.346563773820527,-0.011075888854855458,-0.00787881302392357
13.1,10.0,10.34658799760415,-0.0103315025227453,-0.009284917663070047
13.11,10.0,10.346611898775642,-0.009581166317420143,-0.010707050256705486
13.12,10.0,10.346635480918751,-0.00882562856735115,-0.012143696297415296
13.13,10.0,10.346658746520601,-0.008065670380923604,-0.013593245941053489
13.14,10.0,10.346681698079465,-0.007302065607595002,-0.015054111304021234
13.15,10.0,10.34670433799986,-0.006535583756250106,-0.01652471748184503
13.16,10.0,10.346726668508849,-0.005766992163869483,-0.018003496086031134
13.17,10.0,10.346748691655412,-0.004997055220129986,-0.019488887162978585
13.18,10.0,10.346770409595353,-0.004226539776804271,-0.020979300914452104
13.19,10.0,10.346791824164452,-0.0034562051391894616,-0.022473179954763722
13.2,10.0,10.346812936846554,-0.0026868016124785847,-0.02396900582449124
13.21,10.0,10.346833749087848,-0.001919076548050349,-0.025465256329045616
13.22,10.0,10.346854262170957,-0.00115377085332747,-0.026960425520973885
13.23,10.0,10.34687447721543,-0.000391618240848336,-0.02845302525087945
13.24,10.0,10.34689439523276,0.00036665217398323036,-0.02994156636515566
13.25,10.0,10.346914017129398,0.001120316468458987,-0.03142455922254861
13.26,10.0,10.346933343505867,0.0018686690471168923,-0.03290059368021403
13.27,10.0,10.346952374874537,0.002611010034618139,-0.03436825678366873
13.28,10.0,10.346971111593598,0.003346650118561817,-0.035826160485727954
13.29,10.0,10.346989553867997,0.004074911274659992,-0.03727294329459152
13.3,10.0,10.34700770180758,0.004795125679642902,-0.03870726328434415
13.31,10.0,10.347025555903087,0.005506621387640758,-0.040127727415177006
13.32,10.0,10.347043115713419,0.006208764669468223,-0.041533093294532364
13.33,10.0,10.34706038098154,0.006900925418491804,-0.04292210121302986
13.34,10.0,10.34707735132484,0.007582487713554167,-0.04429352288401933
13.35,10.0,10.34709402623766,0.00825285049431901,-0.04564616316088088
13.36,10.0,10.347110405093789,0.008911428236615976,-0.046978861319729504
13.37,10.0,10.347126487343058,0.009557632058030794,-0.04829040021678299
13.38,10.0,10.347142272104504,0.010190911669865398,-0.049579702624877875
13.39,10.0,10.347157758431191,0.010810729601651302,-0.050845707762770864
13.4,10.0,10.347172945296286,0.011416563534117722,-0.05208738065655982
13.41,10.0,10.347187831573562,0.012007909193525238,-0.05330372403755934
13.42,10.0,10.347202416040462,0.012584280970568648,-0.0544937795173599
13.43,10.0,10.34721669756171,0.013145187139364632,-0.05565654759286964
13.44,10.0,10.347230674832247,0.013690167073679971,-0.056791105805596764
13.45,10.0,10.347244346341798,0.014218797286145748,-0.05789662745144497
13.46,10.0,10.34725771059056,0.014730662129000099,-0.058972286840452526
13.47,10.0,10.347270766009796,0.015225366019797628,-0.06001729782388132
13.48,10.0,10.347283510965699,0.015702533948259576,-0.061030914592383745
13.49,10.0,10.347295943756087,0.016161799061121796,-0.06201239503011635
13.5,10.0,10.347308062613132,0.016602801047814537,-0.06296099578120451
13.51,10.0,10.347319865735535,0.017025237872593746,-0.06387612060485548
13.52,10.0,10.347331351262378,0.017428812017637497,-0.06475716468447335
13.53,10.0,10.347342517286139,0.01781324750324718,-0.06560356327356764
13.54,10.0,10.347353361856483,0.01817829028917259,-0.06641479204031775
13.55,10.0,10.347363882989809,0.018523704055874366,-0.06719035677773455
13.56,10.0,10.347374078727723,0.01884922652937091,-0.06792968965224233
13.57,10.0,10.347383946992723,0.01915468929997407,-0.06863243208778957
13.58,10.0,10.34739348571701,0.019439917457457365,-0.06929819722183161
13.59,10.0,10.347402692811563,0.019704757983111183,-0.0699266364687876
13.6,10.0,10.347411566170114,0.019949080010433294,-0.07051743963864521
13.61,10.0,10.34742010367314,0.020172775085819376,-0.0710703352665698
13.62,10.0,10.347428303115173,0.020375718612816136,-0.07158502778918585
13.63,10.0,10.34743616236892,0.02055785119407634,-0.07206132920610919
13.64,10.0,10.347443679289317,0.02071912828048851,-0.07249907748144668
13.65,10.0,10.347450851721003,0.02085952222305321,-0.07289813929330347
13.66,10.0,10.347457677511825,0.02097902734258505,-0.07325841817263345
13.67,10.0,10.347464154516588,0.02107766007667062,-0.07357985455429006
13.68,10.0,10.347470280591521,0.021155428439230156,-0.07386238369328613
13.69,10.0,10.347476053611036,0.0212123751352533,-0.07410599449055155
13.7,10.0,10.34748147147438,0.021248587175744557,-0.07431074269231619
13.71,10.0,10.347486532097708,0.021264157525075843,-0.07447669797616907
13.72,10.0,10.34749123342228,0.021259199910851807,-0.07460396399540237
13.73,10.0,10.347495573418195,0.021233848832602854,-0.07469267841965532
13.74,10.0,10.347499550051657,0.021188246332115666,-0.07474300199769868
13.75,10.0,10.347503161278352,0.02112253824558282,-0.07475511536247037
13.76,10.0,10.347506405201782,0.021036930389723568,-0.07472926397969015
13.77,10.0,10.347509279915787,0.020931630000723445,-0.07466571102912223
13.78,10.0,10.34751178355703,0.02080686346919213,-0.07456475129443163
13.79,10.0,10.347513914308418,0.020662876237015564,-0.07442671102045662
13.8,10.0,10.347515670395072,0.020499928951040695,-0.07425194398820967
13.81,10.0,10.347517050005477,0.02031825595671047,-0.07404079115552431
13.82,10.0,10.347518051513498,0.02011817523006546,-0.07379368702447575
13.83,10.0,10.347518673298351,0.019899995945538096,-0.07351106981181132
13.84,10.0,10.34751891379883,0.019664043951803056,-0.07319340602047042
13.85,10.0,10.34751877151648,0.01941066154113006,-0.07284119025716418
13.86,10.0,10.347518245018712,0.019140207218736743,-0.07245494438436761
13.87,10.0,10.34751733280722,0.01885302336672614,-0.07203520757119097
13.88,10.0,10.34751603359983,0.018549502406173663,-0.071582556416665
13.89,10.0,10.347514346164512,0.01823004627655002,-0.07109759194585319
13.9,10.0,10.347512269323452,0.01789506641778798,-0.07058093945710908
13.91,10.0,10.347509801974327,0.017544987862773292,-0.07003324930432431
13.92,10.0,10.347506943093068,0.017180248911116972,-0.06945519651507492
13.93,10.0,10.3475036916574,0.01680128000158252,-0.06884746178602086
13.94,10.0,10.347500046757165,0.016408531634884826,-0.06821075629331297
13.95,10.0,10.34749600762935,0.016002482515553973,-0.06754582910896278
13.96,10.0,10.347491573555123,0.01558361147619042,-0.06685344159403606
13.97,10.0,10.347486743902182,0.015152407539798511,-0.0661343764907123
13.98,10.0,10.347481518127125,0.014709369497807196,-0.06538943734746017
13.99,10.0,10.347475895730014,0.014254998606440217,-0.0646194415886372
14.0,10.0,10.347469876237108,0.01378979533639965,-0.06382521740300096
14.01,10.0,10.347463459420425,0.013314290198171465,-0.06300763240013474
14.02,10.0,10.347456645077076,0.01282901122764215,-0.06216756309312643
14.03,10.0,10.347449433098808,0.012334493225784718,-0.06130590344281739
14.04,10.0,10.347441823473982,0.011831277276476515,-0.06042356439620278
14.05,10.0,10.347433816278489,0.011319908908503892,-0.05952147074048941
14.06,10.0,10.347425411534395,0.010800920018894492,-0.058600528713928846
14.07,10.0,10.347416609585965,0.010274874308431456,-0.057661708678765855
14.08,10.0,10.347407410789453,0.009742328479327192,-0.056705974939990966
14.09,10.0,10.347397815601369,0.009203842341831069,-0.05573430472897467
14.1,10.0,10.347387824579982,0.008659978279677563,-0.05474768718492573
14.11,10.0,10.347377438386893,0.008111300715534403,-0.053747122945671855
14.12,10.0,10.347366657632103,0.007558369099456176,-0.052733601876227
14.13,10.0,10.347355483195756,0.007001750629834442,-0.05170814639780463
14.14,10.0,10.347343916041206,0.0064420119157340755,-0.05067178507935832
14.15,10.0,10.347331957211233,0.005879718222819361,-0.049625551008356084
14.16,10.0,10.347319607852409,0.005315433882428654,-0.04857048454703872
14.17,10.0,10.347306869216137,0.0047497217374268316,-0.04750763233127664
14.18,10.0,10.34729374254758,0.004183140902807516,-0.046438021121948836
14.19,10.0,10.34728022923414,0.0036162484265505235,-0.04536269067049048
14.2,10.0,10.347266330863668,0.0030495995937382552,-0.04428270614169438
14.21,10.0,10.347252049066645,0.0024837449854334392,-0.043199120994061424
14.22,10.0,10.347237385575797,0.0019192308039150704,-0.04211298973203359
14.23,10.0,10.34722234222663,0.0013565983106023575,-0.04102536700781112
14.24,10.0,10.347206920896316,0.0007963856173883796,-0.039937297569775154
14.25,10.0,10.34719112347054,0.00023912841096607404,-0.03884981044569802
14.26,10.0,10.34717495214351,-0.00031465204058693275,-0.03776396269371407
14.27,10.0,10.34715840911527,-0.0008644378747895365,-0.03668079342936004
14.28,10.0,10.347141496683056,-0.0014097186639031704,-0.035601336415201246
14.29,10.0,10.347124217241298,-0.0019499919556653835,-0.03452661930071521
14.3,10.0,10.347106573268078,-0.002484763041841982,-0.033457661244637116
14.31,10.0,10.347088567116385,-0.003013533556705918,-0.032395453537596985
14.32,10.0,10.347070201549617,-0.003535832653321518,-0.03134100660881778
14.33,10.0,10.347051479296969,-0.0040511921117841136,-0.030295309073899546
14.34,10.0,10.347032403175978,-0.0045591538898175086,-0.02925933800470304
14.35,10.0,10.347012976091898,-0.0050592706291030945,-0.028234057899940268
14.36,10.0,10.346993201037076,-0.005551106161608967,-0.02722041967475608
14.37,10.0,10.346973080900598,-0.006034217218091654,-0.02621935653887686
14.38,10.0,10.346952618851816,-0.006508191992316925,-0.025231789407280658
14.39,10.0,10.346931818120899,-0.006972628968416095,-0.024258622212760095
14.4,10.0,10.346910681983921,-0.0074271360089580105,-0.023300740889897753
14.41,10.0,10.34688921379201,-0.007871333812629604,-0.02235901265169815
14.42,10.0,10.346867416970163,-0.008304856362760817,-0.021434285171322287
14.43,10.0,10.346845294896564,-0.008727337250415076,-0.020527387193704172
14.44,10.0,10.346822851052995,-0.009138428048324118,-0.019639125397417523
14.45,10.0,10.346800089097137,-0.009537807450710069,-0.01877028241234857
14.46,10.0,10.346777012681965,-0.009925160507683722,-0.017921618472234613
14.47,10.0,10.346753625519636,-0.010300186772714789,-0.017093869264309447
14.48,10.0,10.346729931379732,-0.010662600683221285,-0.016287745189614178
14.49,10.0,10.346705934034794,-0.011012123106191058,-0.015503940628945223
14.5,10.0,10.346681637222146,-0.011348475609691724,-0.014743140475273364
14.51,10.0,10.34665704491576,-0.011671426746409598,-0.014005964454725017
14.52,10.0,10.346632161051094,-0.011980746574160893,-0.013293020723671667
14.53,10.0,10.346606989604785,-0.012276220705565263,-0.01260488855002695
14.54,10.0,10.346581534592392,-0.012557650605492325,-0.011942117482880654
14.55,10.0,10.346555800058066,-0.012824852214094457,-0.011305229539646966
14.56,10.0,10.346529789920439,-0.013077624717891369,-0.010694773610991248
14.57,10.0,10.346503508353539,-0.013315830416118309,-0.010111184611997892
14.58,10.0,10.346476959468037,-0.013539329298522466,-0.00955489828773537
14.59,10.0,10.346450147395988,-0.013747997412205797,-0.009026318552278312
14.6,10.0,10.346423076288144,-0.013941727071051615,-0.008525816793897967
14.61,10.0,10.34639575031123,-0.014120427065151198,-0.008053730909705514
14.62,10.0,10.34636817355359,-0.014283992554025716,-0.00761042137090584
14.63,10.0,10.346340350206045,-0.014432365970738754,-0.007196157259173219
14.64,10.0,10.346312284458303,-0.01456550386963886,-0.006811177742906516
14.65,10.0,10.346283980485426,-0.014683373555983783,-0.0064556979641920975
14.66,10.0,10.3462554424606,-0.014785958407098341,-0.006129898848493021
14.67,10.0,10.346226674552156,-0.01487325798703114,-0.005833926512138987
14.68,10.0,10.346197680887432,-0.014945269135865264,-0.005567934472307634
14.69,10.0,10.346168465590285,-0.015002009332396943,-0.005332030698840917
14.7,10.0,10.346139032802196,-0.015043530608985126,-0.00512624653984961
14.71,10.0,10.346109386626518,-0.015069889405544072,-0.004950603676591392
14.72,10.0,10.34607953114438,-0.01508115751258365,-0.00480508942846658
14.73,10.0,10.346049470411533,-0.015077422092285735,-0.004689656351970939
14.74,10.0,10.346019208455498,-0.015058776268435721,-0.004604249533092464
14.75,10.0,10.345988749272633,-0.015025311163671704,-0.0045488292580859735
14.76,10.0,10.345958096823459,-0.014977168335922759,-0.004523218149577346
14.77,10.0,10.345927255031041,-0.01491448809567687,-0.004527251504594432
14.78,10.0,10.345896227777379,-0.014837424865015532,-0.004560732107512955
14.79,10.0,10.345865018900266,-0.014746147106480999,-0.0046234302180954145
14.8,10.0,10.345833632192358,-0.014640835925380947,-0.004715087406373719
14.81,10.0,10.345802071450077,-0.014521653659936927,-0.004835507487304547
14.82,10.0,10.345770340341112,-0.014388821693329137,-0.004984330226046829
14.83,10.0,10.345738442507576,-0.01424255637179272,-0.005161217046537381
14.84,10.0,10.345706381533734,-0.014083086490656632,-0.005365800239513163
14.85,10.0,10.345674160942975,-0.013910653138315679,-0.005597682925436942
14.86,10.0,10.34564178419482,-0.013725509540202524,-0.005856439298121963
14.87,10.0,10.345609254774452,-0.013527896806750693,-0.006141679215794227
14.88,10.0,10.345576576006593,-0.013318091461471166,-0.006452920842227705
14.89,10.0,10.345543751149332,-0.013096380074476026,-0.00678965838937895
14.9,10.0,10.345510783406082,-0.012863055206790387,-0.007151372552394619
14.91,10.0,10.34547767590588,-0.012618419604312476,-0.007537519120157654
14.92,10.0,10.345444431700667,-0.012362785965197413,-0.007947529256965069
14.93,10.0,10.345411053842907,-0.01209646392086307,-0.008380851841454096
14.94,10.0,10.345377545288647,-0.01181977480238189,-0.008836904545003854
14.95,10.0,10.345343908827422,-0.01153306214472397,-0.009315039592484808
14.96,10.0,10.345310147214631,-0.0112366699384859,-0.00981461398990735
14.97,10.0,10.34527626312114,-0.010930949995024883,-0.010334965333842483
14.98,10.0,10.345242259130961,-0.010616261649496854,-0.01087541229854061
14.99,10.0,10.345208137788775,-0.01029296642707945,-0.011435273461321671
15.0,10.0,10.345173901648085,-0.009961422643951248,-0.012013886361028625
15.01,10.0,10.345139552972691,-0.00962201506045765,-0.012610499716396717
15.02,10.0,10.345105094023088,-0.009275125395652421,-0.013224379729268598
15.03,10.0,10.345070526968893,-0.008921140649539147,-0.013854779308377196
15.04,10.0,10.345035853887062,-0.008560452754882347,-0.014500938961892196
15.05,10.0,10.345001076766957,-0.008193457787778611,-0.015162088530690454
15.06,10.0,10.344966197721787,-0.00782054193355732,-0.015837480177567365
15.07,10.0,10.344931218464614,-0.007442114655476471,-0.016526310458674587
15.08,10.0,10.34489614073368,-0.007058580931033333,-0.017227785330962142
15.09,10.0,10.344860966173746,-0.006670348405742674,-0.01794110356323042
15.1,10.0,10.344825696334842,-0.006277827008935349,-0.018665457346285663
15.11,10.0,10.344790332671044,-0.0058814285695568715,-0.01940003335817675
15.12,10.0,10.344754876723337,-0.005481560085677137,-0.020144024876026734
15.13,10.0,10.344719329758416,-0.005078635748341126,-0.020896610390429338
15.14,10.0,10.344683692949827,-0.004673070270786608,-0.021656965786016613
15.15,10.0,10.344647967414799,-0.004265277192067714,-0.02242426748039339
15.16,10.0,10.344612154177526,-0.0038556697161506418,-0.02319769121960391
15.17,10.0,10.344576254168516,-0.003444660307198765,-0.0239764128607467
15.18,10.0,10.344540268337056,-0.0030326594028965447,-0.024759616487405545
15.19,10.0,10.344504197523646,-0.0026200759994659886,-0.025546487202660728
15.2,10.0,10.344468042350945,-0.0022073180924082696,-0.02633620521779978
15.21,10.0,10.344431803424282,-0.0017947907032064903,-0.027127959522620593
15.22,10.0,10.344395481260856,-0.0013828960216480113,-0.02792094423337943
15.23,10.0,10.344359076289686,-0.0009720329965665787,-0.02871435963480451
15.24,10.0,10.344322588903584,-0.0005625979517598955,-0.029507409044031263
15.25,10.0,10.344286019521123,-0.0001549853987454069,-0.030299295104549984
15.26,10.0,10.34424936825541,0.00025041889699900966,-0.031089245883677563
15.27,10.0,10.344212635233093,0.0006532320393890096,-0.03187649160741479
15.28,10.0,10.34417582050049,0.0010530762589820997,-0.0326602725722136
15.29,10.0,10.344138924024092,0.0014495793113741804,-0.03343984017528889
15.3,10.0,10.34410194569538,0.001842374650001212,-0.03421445662270006
15.31,10.0,10.344064885521385,0.002231091920733906,-0.03498334636363154
15.32,10.0,10.344027743166167,0.002615381278489522,-0.035745816451364654
15.33,10.0,10.343990518325022,0.002994894311995449,-0.03650116014492877
15.34,10.0,10.34395321062295,0.003369289758699392,-0.03724868439308171
15.35,10.0,10.34391581961563,0.0037382338778256356,-0.03798771055446526
15.36,10.0,10.343878344790408,0.004101400823431301,-0.0387175752332265
15.37,10.0,10.343840785691787,0.004458461347130319,-0.03943760091690063
15.38,10.0,10.34380314168199,0.004809105703814762,-0.040147154777529614
15.39,10.0,10.343765412058174,0.005153033131360609,-0.04084562146047066
15.4,10.0,10.343727596084886,0.005489949272226443,-0.04153239608005954
15.41,10.0,10.343689692969503,0.005819568942643843,-0.042206891425490056
15.42,10.0,10.343651701863585,0.006141616467304423,-0.042868538259684286
15.43,10.0,10.343613621924217,0.006455816644178335,-0.04351676885316813
15.44,10.0,10.343575452251295,0.006761905098155498,-0.044151036050252834
15.45,10.0,10.343537191824097,0.007059638757049525,-0.04477083314140362
15.46,10.0,10.343498839615185,0.007348778587673586,-0.04537566147308336
15.47,10.0,10.343460394553018,0.007629095996092518,-0.04596504255000422
15.48,10.0,10.343421855523664,0.007900373112895575,-0.04653851863611713
15.49,10.0,10.343383221392866,0.008162397801287143,-0.047095637240161636
15.5,10.0,10.343344491036044,0.008414956632443744,-0.04763593018315948
15.51,10.0,10.34330566320096,0.008657871136407808,-0.048159021603271235
15.52,10.0,10.34326673664192,0.008890963814186914,-0.04866452618919581
15.53,10.0,10.343227710082655,0.009114068455918823,-0.049152079292568374
15.54,10.0,10.343188582218302,0.009327030367823227,-0.04962133793117651
15.55,10.0,10.343149351718036,0.009529706238969718,-0.05007197984233436
15.56,10.0,10.343110017280052,0.009721938432208727,-0.0505036384309534
15.57,10.0,10.343070577507095,0.009903617020402598,-0.050916059532292834
15.58,10.0,10.343031031010831,0.010074629915741462,-0.0513089749754716
15.59,10.0,10.342991376385891,0.010234876743179733,-0.05168213774187436
15.6,10.0,10.342951612211902,0.010384269002797573,-0.05203532185693849
15.61,10.0,10.342911737055577,0.010522730232162335,-0.05236832292394755
15.62,10.0,10.34287174948724,0.010650175736318785,-0.0526809361418481
15.63,10.0,10.34283164805531,0.010766551687878182,-0.05297299866237015
15.64,10.0,10.342791431301004,0.010871817417617995,-0.05324437043796593
15.65,10.0,10.342751097764769,0.01096593944080082,-0.053494927875349596
15.66,10.0,10.342710645985184,0.011048896078349165,-0.053724569010874745
15.67,10.0,10.34267007450105,0.011120677550865144,-0.053933213395715995
15.68,10.0,10.342629381848642,0.011181273253857442,-0.05412078238371354
15.69,10.0,10.342588566568748,0.011230684852024856,-0.05428721952047155
15.7,10.0,10.342547627214717,0.011268941899189838,-0.0544325152361429
15.71,10.0,10.34250656234488,0.011296076525005944,-0.05455666706795981
15.72,10.0,10.342465370527956,0.011312132188909616,-0.05465969333784315
15.73,10.0,10.342424050345143,0.011317163704890583,-0.054741633315861016
15.74,10.0,10.342382600384592,0.011311231407531059,-0.05480253314023642
15.75,10.0,10.342341019231354,0.011294391836411144,-0.05484242331248801
15.76,10.0,10.342299305525044,0.011266740549504413,-0.05486142184858522
15.77,10.0,10.342257457909513,0.01122837179610356,-0.05485963710734065
15.78,10.0,10.342215475050212,0.011179390305043724,-0.05483719623339134
15.79,10.0,10.342173355636184,0.011119911241824211,-0.054794244975187034
15.8,10.0,10.342131098381753,0.011050060021506648,-0.05473094759535346
15.81,10.0,10.342088701969706,0.01096994612190232,-0.05464746070885962
15.82,10.0,10.342046165191647,0.01087972455992527,-0.05454399413328215
15.83,10.0,10.342003486838339,0.010779546203573307,-0.054420761559894615
15.84,10.0,10.341960665732062,0.010669571222584674,-0.0542779939709046
15.85,10.0,10.34191770072845,0.01054996898213069,-0.05411593928279679
15.86,10.0,10.341874590718355,0.010420917936508386,-0.0539348622853808
15.87,10.0,10.34183133457492,0.010282588747739265,-0.05373503974204663
15.88,10.0,10.34178793125841,0.01013517571490244,-0.05351676905149283
15.89,10.0,10.341744379773457,0.00997888300797259,-0.053280364242062284
15.9,10.0,10.341700679151806,0.009813918706367405,-0.05302615419078638
15.91,10.0,10.341656828466832,0.009640498575841908,-0.052754483470574876
15.92,10.0,10.341612826835217,0.009458845905087608,-0.05246571222036689
15.93,10.0,10.341568673378479,0.009269182538398948,-0.052160193942689226
15.94,10.0,10.341524367263046,0.00907173713501087,-0.051838296451874655
15.95,10.0,10.341479907755911,0.0088667568513012,-0.051500431052112106
15.96,10.0,10.341435294142412,0.008654488774978195,-0.051147006565458675
15.97,10.0,10.341390525756196,0.008435185968224854,-0.05077844457993397
15.98,10.0,10.341345601980667,0.008209107255558137,-0.05039517920871628
15.99,10.0,10.341300522229457,0.007976513787788164,-0.049997648283897966
16.0,10.0,10.341255285909739,0.007737662958301764,-0.04958627819205397
16.01,10.0,10.341209892587784,0.007492833444751917,-0.049161548363841234
16.02,10.0,10.341164341837176,0.007242301417288653,-0.04872393049887869
16.03,10.0,10.341118633284724,0.006986347172859095,-0.048273905572508546
16.04,10.0,10.341072766611672,0.0067252548841083065,-0.04781196361535489
16.05,10.0,10.3410267415549,0.006459312348278749,-0.04733860336500495
16.06,10.0,10.34098055779051,0.006188799041492733,-0.04685434323720017
16.07,10.0,10.340934215208849,0.005914013100481623,-0.04635969412313656
16.08,10.0,10.340887713696214,0.0056352492433578505,-0.04585518047112025
16.09,10.0,10.340841053194929,0.005352804374249873,-0.04534133410687513
16.1,10.0,10.340794233704546,0.00506697733235565,-0.044818693940524845
16.11,10.0,10.340747255282741,0.0047780686128443585,-0.04428780540392552
16.12,10.0,10.340700117959027,0.004486375330607531,-0.04374920880715738
16.13,10.0,10.340652821897287,0.004192199758041855,-0.04320345997812769
16.14,10.0,10.340605367331085,0.003895845467637283,-0.04265112133887783
16.15,10.0,10.340557754529787,0.00359761515409204,-0.042092757095269384
16.16,10.0,10.340509983820821,0.0032978115213020956,-0.041528935422006086
16.17,10.0,10.340462055590306,0.002996736986785667,-0.04096022821466505
16.18,10.0,10.340413970227846,0.002694692554951241,-0.0403871872724082
16.19,10.0,10.340365728177185,0.0023919782668650577,-0.03981036479561073
16.2,10.0,10.34031733001971,0.0020888941394465203,-0.03923034761256616
16.21,10.0,10.340268776352131,0.0017857380387409781,-0.038647705423886514
16.22,10.0,10.34022006782813,0.001482805995785626,-0.03806300748311031
16.23,10.0,10.340171205158649,0.0011803919063147475,-0.037476822022234124
16.24,10.0,10.340122189086403,0.0008787877604549878,-0.03688971668676544
16.25,10.0,10.340073020332806,0.0005782844387692895,-0.03630225987950553
16.26,10.0,10.340023699815196,0.00027916695438767134,-0.03571501235421781
16.27,10.0,10.339974228446502,-1.828172464783839e-05,-0.035128533970671505
16.28,10.0,10.339924607193547,-0.00031378216805519576,-0.034543380897931186
16.29,10.0,10.339874837077035,-0.0006070587768900825,-0.033960105294509546
16.3,10.0,10.339824919171498,-0.0008978400771252235,-0.03337925455725532
16.31,10.0,10.339774854470775,-0.0011858518057766415,-0.032801404116548305
16.32,10.0,10.339724644199107,-0.0014708338781152912,-0.032227079953266013
16.33,10.0,10.339674289564908,-0.0017525274869455091,-0.031656819068737185
16.34,10.0,10.339623791824142,-0.002030678796144542,-0.031091152924486387
16.35,10.0,10.339573152281387,-0.002305039291311194,-0.030530606985305297
16.36,10.0,10.339522372289457,-0.0025753660558453574,-0.02997570008802075
16.37,10.0,10.33947145316055,-0.0028414143427982954,-0.029426923152792384
16.38,10.0,10.33942039632748,-0.003102951919769733,-0.028884776750265573
16.39,10.0,10.339369203282407,-0.003359754042070524,-0.02834975638935866
16.4,10.0,10.339317875536596,-0.0036116002565963153,-0.0278223425617794
16.41,10.0,10.339266414642976,-0.0038582766744648445,-0.027303005687134174
16.42,10.0,10.33921482219549,-0.004099576219928422,-0.026792205704549765
16.43,10.0,10.339163099779025,-0.004335292786717076,-0.026290386412610722
16.44,10.0,10.339111249009942,-0.004565226569092794,-0.02579797926227556
16.45,10.0,10.339059271615948,-0.004789194253389014,-0.025315410610938116
16.46,10.0,10.339007169320855,-0.005007015125966342,-0.024843089983694
16.47,10.0,10.338954943881795,-0.005218515999296353,-0.024381413208065084
16.48,10.0,10.338902597088264,-0.005423531425402942,-0.023930761866372663
16.49,10.0,10.338850130742212,-0.005621900746875374,-0.023491516039753968
16.5,10.0,10.338797546612795,-0.005813460912873595,-0.023064085119289146
16.51,10.0,10.338744846606655,-0.00599807528803834,-0.022648786329217963
16.52,10.0,10.338692032610005,-0.0061756076587690095,-0.02224595484973335
16.53,10.0,10.338639106532915,-0.006345929997948256,-0.021855911559202745
16.54,10.0,10.338586070308063,-0.0065089226362822945,-0.021478962340619745
16.55,10.0,10.33853292588955,-0.006664474433642099,-0.021115397936487312
16.56,10.0,10.338479675170133,-0.006812463901420881,-0.02076552831756029
16.57,10.0,10.338426320167375,-0.006952803144313143,-0.0204296022072592
16.58,10.0,10.33837286287616,-0.007085403857505074,-0.020107869306839277
16.59,10.0,10.338319305303505,-0.007210185919903718,-0.019800564358291695
16.6,10.0,10.338265649468672,-0.007327077870101971,-0.019507906292554722
16.61,10.0,10.338211897401747,-0.007436017030810398,-0.019230097954383574
16.62,10.0,10.338158051103566,-0.007536935775055748,-0.01896731166610266
16.63,10.0,10.338104112613813,-0.0076297865682388895,-0.018719714283269795
16.64,10.0,10.338050083985527,-0.007714533464958063,-0.018487457999357915
16.65,10.0,10.337995967264234,-0.007791145252572706,-0.018270673171802088
16.66,10.0,10.337941764497096,-0.007859599367055008,-0.0180694717137726
16.67,10.0,10.337887477731359,-0.007919881967666628,-0.01788394679669114
16.68,10.0,10.337833109000421,-0.007971979535725692,-0.01771419981357436
16.69,10.0,10.337778660331795,-0.00801588546482282,-0.01756031901999311
16.7,10.0,10.33772413376766,-0.008051615263887868,-0.017422330438507494
16.71,10.0,10.337669531333036,-0.0080791859148319,-0.017300264228955697
16.72,10.0,10.33761485504416,-0.00809862273781195,-0.017194132521678007
16.73,10.0,10.337560106906853,-0.00810995941526268,-0.017103929191179645
16.74,10.0,10.337505288914608,-0.008113234477988467,-0.017029647475268028
16.75,10.0,10.337450403046201,-0.008108482001898199,-0.01697132664398726
16.76,10.0,10.337395451266866,-0.008095766077322708,-0.016928878624904442
16.77,10.0,10.337340435524128,-0.008075149538662306,-0.016902245225001167
16.78,10.0,10.337285357746904,-0.008046702972600916,-0.01689135274673781
16.79,10.0,10.337230219843875,-0.008010504692543795,-0.016896112071521863
16.8,10.0,10.337175023701839,-0.007966640713055102,-0.016916418559556945
16.81,10.0,10.337119771212091,-0.007915186015339871,-0.01695214696713876
16.82,10.0,10.337064464204913,-0.007856247212497409,-0.017003163623246387
16.83,10.0,10.337009104497113,-0.007789929660045863,-0.01706931714369464
16.84,10.0,10.33695369387886,-0.007716345135957856,-0.017150440571342074
16.85,10.0,10.33689823411138,-0.007635612268577896,-0.017246351725872522
16.86,10.0,10.336842726925395,-0.007547856464325718,-0.017356853128913663
16.87,10.0,10.336787174056616,-0.007453198283866231,-0.01748173673890374
16.88,10.0,10.336731577178622,-0.007351773805901869,-0.01762077579173571
16.89,10.0,10.336675937921868,-0.007243728145382484,-0.017773727456999566
16.9,10.0,10.336620257892806,-0.007129208931407967,-0.017940335404600383
16.91,10.0,10.336564538661644,-0.007008369566941364,-0.018120328612130976
16.92,10.0,10.336508781760905,-0.006881369114275692,-0.018313421249186668
16.93,10.0,10.336452988714946,-0.006748366256664543,-0.018519359308039718
16.94,10.0,10.33639716101686,-0.006609523331860303,-0.0187378880303255
16.95,10.0,10.336341300066916,-0.0064650177388449045,-0.018968661966994205
16.96,10.0,10.336285407250706,-0.0063150265804541635,-0.019211364266565667
16.97,10.0,10.336229483911852,-0.006159731502296962,-0.019465667897660133
16.98,10.0,10.336173531350788,-0.005999318541876193,-0.019731236187344514
16.99,10.0,10.336117550839608,-0.005833975996486279,-0.020007729208536773
17.0,10.0,10.336061543668636,-0.005663888399282725,-0.02029482325806775
17.01,10.0,10.33600551097593,-0.005489257174304201,-0.02059214434624046
17.02,10.0,10.335949453898543,-0.005310281740229144,-0.02089932879339429
17.03,10.0,10.335893373527643,-0.005127164721960246,-0.02121600614755792
17.04,10.0,10.335837270907538,-0.004940111770431472,-0.021541799846993115
17.05,10.0,10.335781147034663,-0.004749331382414067,-0.02187632751451396
17.06,10.0,10.335725002964901,-0.004555026251273854,-0.02221913846230361
17.07,10.0,10.33566883956721,-0.004357412273763416,-0.02256985695048286
17.08,10.0,10.33561265770872,-0.004156703817132435,-0.02292807417509035
17.09,10.0,10.335556458212492,-0.003953116765261302,-0.02329337287900035
17.1,10.0,10.335500241852976,-0.0037468686151106304,-0.02366532980201086
17.11,10.0,10.335444009355289,-0.003538178275065306,-0.02404351594671894
17.12,10.0,10.33538776147206,-0.0033272623426082327,-0.024427529867277364
17.13,10.0,10.335331498847793,-0.0031143410262908173,-0.02481694061586559
17.14,10.0,10.335275222055762,-0.002899636236129566,-0.025211303864051793
17.15,10.0,10.33521893164498,-0.0026833692181200144,-0.025610182717727525
17.16,10.0,10.335162628115896,-0.002465761421999291,-0.026013137733972513
17.17,10.0,10.335106311919978,-0.0022470342864778854,-0.02641972749541921
17.18,10.0,10.335049983505446,-0.0020274082963360647,-0.026829543424468305
17.19,10.0,10.334993643287818,-0.0018071032252880298,-0.02724218851430038
17.2,10.0,10.334937291551933,-0.0015863394594157444,-0.027657205004983254
17.21,10.0,10.334880928576547,-0.0013653358104945557,-0.02807416792178241
17.22,10.0,10.33482455459362,-0.0011443099367957781,-0.028492655603038486
17.23,10.0,10.334768169788166,-0.0009234781237275991,-0.02891225030929334
17.24,10.0,10.33471177431637,-0.000703055306582,-0.029332525703694046
17.25,10.0,10.334655368366242,-0.00048325565694610486,-0.029753004088822088
17.26,10.0,10.334598951950136,-0.000264289615277111,-0.030173305132381145
17.27,10.0,10.334542525089923,-4.6366127680615344e-05,-0.03059301415011806
17.28,10.0,10.33448608776401,0.0001703082736544861,-0.0310117204113185
17.29,10.0,10.334429639907492,0.0003855296860224809,-0.031429017611046106
17.3,10.0,10.334373181412294,0.0005990970517684781,-0.03184450426744956
17.31,10.0,10.334316712229636,0.0008108078193158301,-0.03225771948544942
17.32,10.0,10.334260232140052,0.0010204684013513444,-0.032668288708787685
17.33,10.0,10.334203740925378,0.0012278867422228009,-0.03307581574049845
17.34,10.0,10.334147238333136,0.0014328741246792392,-0.03347990557140079
17.35,10.0,10.334090724072453,0.0016352455734360255,-0.033880167559745544
17.36,10.0,10.334034197814479,0.0018348200590309876,-0.0342762157199763
17.37,10.0,10.33397765925222,0.002031415723146579,-0.034667732366644444
17.38,10.0,10.333921107999396,0.002224858588948966,-0.03505436001360707
17.39,10.0,10.333864543615388,0.0024149807075947135,-0.03543572766082281
17.4,10.0,10.33380796564564,0.0026016170136084304,-0.03581149391871552
17.41,10.0,10.333751373603079,0.002784607119518305,-0.036181326985881945
17.42,10.0,10.333694766968723,0.0029637955008182857,-0.03654490497649121
17.43,10.0,10.333638145221649,0.003139027805666433,-0.03690191113282992
17.44,10.0,10.333581507823382,0.0033101531839288523,-0.037252037127967874
17.45,10.0,10.333524854151483,0.0034770333399200175,-0.03759499634725305
17.46,10.0,10.33346818358369,0.0036395316738564373,-0.037930508636620175
17.47,10.0,10.333411495471847,0.003797516998507236,-0.03825830578736067
17.48,10.0,10.333354789142717,0.003950863699046997,-0.03857813202329918
17.49,10.0,10.33329806390789,0.004099450078881141,-0.038889720659375016
17.5,10.0,10.333241319098505,0.004243151745764217,-0.03919270596081326
17.51,10.0,10.333184553954416,0.004381864080701487,-0.03948691560778084
17.52,10.0,10.333127767724037,0.00451548261160479,-0.03977211209429754
17.53,10.0,10.333070959637036,0.0046439087950257375,-0.0400480668671106
17.54,10.0,10.333014128905305,0.004767050145850295,-0.04031456034494685
17.55,10.0,10.332957274723924,0.004884820366994051,-0.04057138193720622
17.56,10.0,10.332900396310347,0.004997126495715151,-0.04081835579768711
17.57,10.0,10.332843492820102,0.005103898010199753,-0.04105528362318456
17.58,10.0,10.33278656341041,0.005205065676053589,-0.041281986934670556
17.59,10.0,10.332729607229012,0.005300565792475016,-0.04149829865899335
17.6,10.0,10.332672623413256,0.005390340972173067,-0.04170406222199308
17.61,10.0,10.332615611091159,0.005474340237185019,-0.041899131577475046
17.62,10.0,10.332558569396014,0.005552509756933896,-0.04208343353248001
17.63,10.0,10.332501497444776,0.00562480863674248,-0.04225686365772763
17.64,10.0,10.332444394343689,0.005691205840126286,-0.042419307146666974
17.65,10.0,10.332387259199317,0.005751673431385879,-0.04257068499780381
17.66,10.0,10.332330091115043,0.005806189813658919,-0.042710932972393145
17.67,10.0,10.332272889192197,0.005854739788545527,-0.04284000196747506
17.68,10.0,10.332215652533788,0.005897309053383664,-0.042957803916130466
17.69,10.0,10.332158380244376,0.005933886899040499,-0.043064237787466375
17.7,10.0,10.332101071424805,0.0059644800243754195,-0.043159325414312555
17.71,10.0,10.332043725181096,0.005989095917827153,-0.04324304782958066
17.72,10.0,10.331986340623098,0.006007748210846874,-0.0433153976539522
17.73,10.0,10.331928916865632,0.006020456700451632,-0.04337637907899872
17.74,10.0,10.331871453028317,0.006027245309474542,-0.043425992783478584
17.75,10.0,10.331813948231135,0.006028133468472259,-0.043464171881407054
17.76,10.0,10.331756401613315,0.006023163694092413,-0.04349098570110055
17.77,10.0,10.331698812318864,0.00601237735221103,-0.043506460477520825
17.78,10.0,10.331641179502128,0.005995821550954083,-0.043510630160625396
17.79,10.0,10.331583502328913,0.005973549126732373,-0.04350353611970448
17.8,10.0,10.331525779977593,0.005945618630276334,-0.04348522681874201
17.81,10.0,10.331468011614746,0.005912081244615015,-0.04345589963820906
17.82,10.0,10.331410196452731,0.005873009709256526,-0.04341558623829833
17.83,10.0,10.331352333710038,0.0058284774185042845,-0.04336437902620904
17.84,10.0,10.331294422619669,0.005778562119126684,-0.043302390828512394
17.85,10.0,10.331236462431749,0.005723346668503228,-0.043229746072699804
17.86,10.0,10.331178452414578,0.005662918986052478,-0.04314658091872925
17.87,10.0,10.331120391831908,0.005597364020318796,-0.04305303718712494
17.88,10.0,10.331062279983087,0.00552677682910797,-0.04294927266472115
17.89,10.0,10.331004116197876,0.00545126043359612,-0.042835459667081466
17.9,10.0,10.330945899818607,0.005370919430054861,-0.04271178009129706
17.91,10.0,10.330887630209622,0.0052858627562580186,-0.04257842781600907
17.92,10.0,10.33082930675823,0.005196203611430691,-0.04243560874919794
17.93,10.0,10.330770928859073,0.005102055398145819,-0.0422834609501237
17.94,10.0,10.330712495921567,0.00500353319872414,-0.04212208603624035
17.95,10.0,10.330654007415127,0.004900764303981334,-0.04195176250256605
17.96,10.0,10.330595462817758,0.004793875583958384,-0.04177269348017454
17.97,10.0,10.33053686163353,0.004682997362705265,-0.041585086494205115
17.98,10.0,10.330478203393398,0.004568263310941307,-0.04138915279294242
17.99,10.0,10.330419487648395,0.0044498091653806275,-0.041185115882884205
18.0,10.0,10.330360713934336,0.004327767100710605,-0.04097325213441838
18.01,10.0,10.330301881884472,0.004202282711083192,-0.04075376269197761
18.02,10.0,10.330242991132607,0.0040734999649459785,-0.040526884707374755
18.03,10.0,10.33018404134152,0.003941565314855041,-0.04029285917457148
18.04,10.0,10.330125032203679,0.003806627567921521,-0.040051930893877596
18.05,10.0,10.330065963441923,0.0036688377562575265,-0.0398043479380501
18.06,10.0,10.330006834748216,0.003528342867711632,-0.039550522813368794
18.07,10.0,10.329947645920427,0.003385299202739655,-0.03929067773692552
18.08,10.0,10.329888396766602,0.0032398626880595183,-0.03902509556786882
18.09,10.0,10.329829087121162,0.0030921902834504266,-0.0387540790753329
18.1,10.0,10.329769716849817,0.002942440271493427,-0.03847793951114742
18.11,10.0,10.329710285850124,0.0027907721115135774,-0.03819699697755574
18.12,10.0,10.329650794010302,0.0026373437051851966,-0.03791146076002594
18.13,10.0,10.329591241276924,0.002482315419223078,-0.03762162220366605
18.14,10.0,10.329531627647793,0.0023258494636705694,-0.03732783289161912
18.15,10.0,10.329471953136693,0.0021681075259451462,-0.03703040205658681
18.16,10.0,10.329412217789372,0.00200925158213474,-0.03672964118105693
18.17,10.0,10.329352421683884,0.0018494437405350062,-0.03642586350430932
18.18,10.0,10.329292564905892,0.0016888454997390048,-0.03611933707488646
18.19,10.0,10.329232647556635,0.0015276177700693733,-0.03581029851538453
18.2,10.0,10.329172669825295,0.0013659223979386548,-0.03549908674740099
18.21,10.0,10.329112631906131,0.001203920066259651,-0.03518598771217185
18.22,10.0,10.329052534024896,0.0010417707461632612,-0.034871282563878836
18.23,10.0,10.328992376439011,0.0008796335363987578,-0.034555246855882515
18.24,10.0,10.328932159428335,0.0007176666040260585,-0.03423818205763407
18.25,10.0,10.328871883245368,0.0005560275599041335,-0.03392058370275297
18.26,10.0,10.32881154826588,0.000394871683994681,-0.033602631882373224
18.27,10.0,10.328751154858493,0.00023435316605315188,-0.033284632306070705
18.28,10.0,10.32869070342162,7.462455064178256e-05,-0.032966891332216086
18.29,10.0,10.328630194383482,-8.416342141005488e-05,-0.03264971609196632
18.3,10.0,10.328569628202079,-0.00024186197154635696,-0.03233341422889069
18.31,10.0,10.328509005299122,-0.0003983215398698039,-0.03201830801287464
18.32,10.0,10.328448326203953,-0.0005533982655696325,-0.03170470377265744
18.33,10.0,10.328387591453533,-0.0007069497523150782,-0.03139291316525128
18.34,10.0,10.328326801606668,-0.0008588358526642795,-0.031083249967331916
18.35,10.0,10.328265957249156,-0.0010089190521400638,-0.030776029130027638
18.36,10.0,10.328205058993591,-0.0011570646198504394,-0.03047156668001616
18.37,10.0,10.328144107440133,-0.001303137526334687,-0.03016999696737077
18.38,10.0,10.328083103237852,-0.0014470076882833346,-0.029871560731791647
18.39,10.0,10.328022047080546,-0.0015885497885162229,-0.0295765864740547
18.4,10.0,10.327960939670506,-0.0017276404415683846,-0.029285321587225965
18.41,10.0,10.327899781733471,-0.0018641595978051515,-0.028998003386181637
18.42,10.0,10.327838574018276,-0.0019979906807868677,-0.028714858217773198
18.43,10.0,10.32777731727482,-0.002129018264751289,-0.02843614738456779
18.44,10.0,10.327716012258316,-0.0022571287328421465,-0.028162156521294612
18.45,10.0,10.32765465979588,-0.002382218006171831,-0.02789305119945773
18.46,10.0,10.327593260710438,-0.0025041830904236695,-0.027629038760143665
18.47,10.0,10.327531815843937,-0.0026229248844153305,-0.02737031700891457
18.48,10.0,10.327470326056842,-0.0027383482995527787,-0.027117073936119063
18.49,10.0,10.327408792221185,-0.002850361389720343,-0.026869520723044715
18.5,10.0,10.32734721518167,-0.002958869564638602,-0.026628092141574022
18.51,10.0,10.327285595867854,-0.0030637930389766977,-0.02639285746502562
18.52,10.0,10.32722393519646,-0.003165052005963722,-0.026164027751685026
18.53,10.0,10.327162234098136,-0.0032625709507077276,-0.0259418129555522
18.54,10.0,10.327100493516816,-0.0033562787479406294,-0.02572642233764455
18.55,10.0,10.327038714409074,-0.0034461087597636203,-0.025518064723860867
18.56,10.0,10.326976897708803,-0.003531990082890976,-0.025316713583741546
18.57,10.0,10.326915044401462,-0.003613866760504241,-0.025122615594878717
18.58,10.0,10.326853155472453,-0.0036916848702607547,-0.024935945050366115
18.59,10.0,10.32679123191273,-0.0037653942175035525,-0.024756846611409422
18.6,10.0,10.326729274721194,-0.0038349492061431983,-0.024585456266797756
18.61,10.0,10.326667284903928,-0.0039003089118802054,-0.02442190092856311
18.62,10.0,10.326605263457335,-0.003961430861231493,-0.024266198168816366
18.63,10.0,10.326543211392236,-0.004018280796456426,-0.02411840984550384
18.64,10.0,10.326481129732867,-0.004070832634981577,-0.023978640186046007
18.65,10.0,10.326419019500102,-0.004119062303451441,-0.02384693606189714
18.66,10.0,10.326356881717292,-0.004162950367720193,-0.02372332750264139
18.67,10.0,10.32629471740945,-0.004202482079744158,-0.02360782693272956
18.68,10.0,10.326232527595462,-0.004237643816424605,-0.023500568817363288
18.69,10.0,10.32617031328809,-0.004268423539646571,-0.023401793036011753
18.7,10.0,10.326108075516261,-0.004294822797860644,-0.023311378491069235
18.71,10.0,10.326045815298633,-0.004316843512477849,-0.02322935882158994
18.72,10.0,10.325983533650698,-0.004334492122013706,-0.0231557620656897
18.73,10.0,10.325921231583935,-0.004347779601884036,-0.023090611089939372
18.74,10.0,10.325858910104731,-0.004356720358911999,-0.02303392828553985
18.75,10.0,10.325796570212173,-0.0043613246506654406,-0.022985766657326323
18.76,10.0,10.325734212901075,-0.00436162037543109,-0.022946122377870637
18.77,10.0,10.325671839157792,-0.004357634435645917,-0.02291501037389221
18.78,10.0,10.325609449960279,-0.004349397977500812,-0.022892443509915594
18.79,10.0,10.325547046277233,-0.004336946383946177,-0.022878433084856376
18.8,10.0,10.325484629067226,-0.0043203192676975,-0.022872989252233467
18.81,10.0,10.325422199294081,-0.004299551405348656,-0.02287573179036606
18.82,10.0,10.325359757891242,-0.0042746921212700965,-0.022886724642926737
18.83,10.0,10.325297305784048,-0.00424579237090444,-0.022905921002219998
18.84,10.0,10.325234843886534,-0.004212906038594924,-0.022933219905390878
18.85,10.0,10.325172373098983,-0.004176090811347457,-0.022968504525909594
18.86,10.0,10.325109894307117,-0.004135408146347058,-0.023011641630196422
18.87,10.0,10.325047408394733,-0.004090917775771355,-0.023062607868904017
18.88,10.0,10.324984916222654,-0.004042685882461133,-0.023121298238106824
18.89,10.0,10.324922418626961,-0.003990785444179763,-0.023187516481100623
18.9,10.0,10.324859916432507,-0.0039352904027909795,-0.023261109659908463
18.91,10.0,10.324797410446328,-0.0038762779550494024,-0.023341913093748445
18.92,10.0,10.32473490145691,-0.0038138284967969673,-0.023429750477436784
18.93,10.0,10.324672390243613,-0.0037480229420630987,-0.02352457755053461
18.94,10.0,10.32460987757579,-0.003678942698009084,-0.023626480342066714
18.95,10.0,10.324547364175782,-0.003606678937247535,-0.023735163620990818
18.96,10.0,10.324484850757623,-0.0035313223866064564,-0.023850507660402975
18.97,10.0,10.324422338014143,-0.0034529663902005537,-0.023972396943055863
18.98,10.0,10.324359826616297,-0.0033717068332775138,-0.024100721259441293
18.99,10.0,10.324297317217487,-0.0032876414240497324,-0.02423533765379382
19.0,10.0,10.3242348104914,-0.0032008646872938923,-0.024375771764415965
19.01,10.0,10.32417230702348,-0.003111481694802462,-0.024522058078457754
19.02,10.0,10.324109807402081,-0.003019596229870299,-0.024674026032665886
19.03,10.0,10.324047312192178,-0.0029253139919244134,-0.02483150051273153
19.04,10.0,10.323984821934811,-0.0028287425036723395,-0.024994301912428796
19.05,10.0,10.323922337146511,-0.002729991018250011,-0.025162245848597387
19.06,10.0,10.323859858369163,-0.002629166019964902,-0.02533490930193949
19.07,10.0,10.32379738606257,-0.002526380477186354,-0.025512127056987133
19.08,10.0,10.32373492067339,-0.002421747672419849,-0.025693668769002365
19.09,10.0,10.323672462629203,-0.002315381580649412,-0.025879264005570946
19.1,10.0,10.323610012332546,-0.0022073972494394602,-0.02606862739708138
19.11,10.0,10.323547570160496,-0.0020979106934904644,-0.02626145780272715
19.12,10.0,10.32348513649334,-0.0019870369084807075,-0.02645779218379296
19.13,10.0,10.323422711671606,-0.0018748925191642573,-0.026657485960955185
19.14,10.0,10.32336029599103,-0.001761595972976598,-0.02686015603954317
19.15,10.0,10.323297889735121,-0.0016472653017936415,-0.027065582038592773
19.16,10.0,10.32323549316179,-0.0015320188534780526,-0.027273547648554164
19.17,10.0,10.323173106503097,-0.0014159751782394665,-0.027483841836633438
19.18,10.0,10.32311072998365,-0.0012992524636851839,-0.027696269377326388
19.19,10.0,10.323048363822133,-0.0011819683773444058,-0.027910652681833348
19.2,10.0,10.322986008159855,-0.0010642416714594979,-0.02812679506431426
19.21,10.0,10.322923663136605,-0.0009461902310312554,-0.02834452182267544
19.22,10.0,10.322861328867125,-0.0008279315214700402,-0.028563668859441727
19.23,10.0,10.32279900544098,-0.0007095824713411361,-0.028784083591807175
19.24,10.0,10.322736692928391,-0.00059125938773926,-0.029005564838601394
19.25,10.0,10.322674391432574,-0.00047307812565360215,-0.029227327995597463
19.26,10.0,10.322612100945756,-0.0003551531848995037,-0.0294494749601224
19.27,10.0,10.322549821470849,-0.0002375982581990664,-0.029671751406535662
19.28,10.0,10.322487552987413,-0.00012052592881570976,-0.02989389355081684
19.29,10.0,10.32242529545171,-4.047554234635079e-06,-0.03011562752863739
19.3,10.0,10.32236304879673,0.00011172685015733356,-0.030336668426525826
19.31,10.0,10.322300812977288,0.00022668692825444318,-0.030556975373778883
19.32,10.0,10.322238587875413,0.00034072587930576487,-0.030776213287666998
19.33,10.0,10.322176373360408,0.00045373817764359447,-0.030994092900624715
19.34,10.0,10.322114169285774,0.0005656198130075941,-0.0312103522285323
19.35,10.0,10.322051975483939,0.0006762686185988012,-0.031424725589685565
19.36,10.0,10.321989791766454,0.0007855843821768409,-0.031636943772919146
19.37,10.0,10.321927617947939,0.0008934668956473234,-0.031847092042785796
19.38,10.0,10.321865453812366,0.0009998190022739435,-0.03205509987874322
19.39,10.0,10.321803299107216,0.00110454722770257,-0.03226065047138338
19.4,10.0,10.321741153572429,0.0012075593983429445,-0.03246361387613561
19.41,10.0,10.321679016929505,0.0013087657120359776,-0.032663880300128234
19.42,10.0,10.321616888881769,0.001408078839977064,-0.03286136150342056
19.43,10.0,10.321554769130325,0.0015054124968620559,-0.033055794871430955
19.44,10.0,10.321492657377647,0.0016006812171939376,-0.03324670281591846
19.45,10.0,10.32143055326399,0.0016938067026945778,-0.03343419997804897
19.46,10.0,10.321368456434866,0.0017847113523096333,-0.0336181469171537
19.47,10.0,10.321306366520929,0.0018733203595091518,-0.03379840922850974
19.48,10.0,10.321244283138366,0.001959561801527673,-0.03397485727729155
19.49,10.0,10.321182205892514,0.002043366240487237,-0.03414733212516019
19.5,10.0,10.32112013441071,0.0021246618692922574,-0.034315300888600575
19.51,10.0,10.32105806825549,0.0022033878862727334,-0.03447878253564873
19.52,10.0,10.320996006998413,0.0022794834001952677,-0.034637568358586
19.53,10.0,10.320933950200091,0.002352890622820597,-0.03479143810655572
19.54,10.0,10.320871897410692,0.002423554942602462,-0.03494015873037881
19.55,10.0,10.320809848170454,0.0024914249983868726,-0.03508348327791566
19.56,10.0,10.320747802022309,0.0025564467609924257,-0.035221922830493746
19.57,10.0,10.320685758487176,0.002618576072289274,-0.03535513687550118
19.58,10.0,10.320623717080036,0.002677771025959389,-0.03548292482526261
19.59,10.0,10.320561677310065,0.0027339922208040814,-0.03560520157796532
19.6,10.0,10.320499638679596,0.00278720360320454,-0.03572189714006946
19.61,10.0,10.320437600684643,0.002837372523148606,-0.03583295762704086
19.62,10.0,10.320375562824367,0.002884465581410559,-0.035938358322411545
19.63,10.0,10.320313524589295,0.0029284545063732463,-0.03603808832577293
19.64,10.0,10.320251485458765,0.002969317677807874,-0.036132147538626924
19.65,10.0,10.320189444912932,0.0030070347662002504,-0.036220563066162725
19.66,10.0,10.32012740242896,0.003041588836913866,-0.03630338436940228
19.67,10.0,10.320065357481617,0.0030729663870857926,-0.0363806844881811
19.68,10.0,10.320003309549959,0.0031011550691672487,-0.03645224780375411
19.69,10.0,10.319941258119961,0.003126142952285704,-0.03651746610042661
19.7,10.0,10.319879202658472,0.003147928654061864,-0.03657670735241236
19.71,10.0,10.319817142641377,0.0031665109187306163,-0.036629899857313575
19.72,10.0,10.319755077545857,0.003181891812448715,-0.03667696133036369
19.73,10.0,10.319693006851027,0.0031940767403661526,-0.03671779739373626
19.74,10.0,10.31963093003803,0.0032030739144769038,-0.03675233125840194
19.75,10.0,10.319568846584291,0.0032088878927793957,-0.03678087069692726
19.76,10.0,10.319506755980976,0.0032115366817055567,-0.036803134518447855
19.77,10.0,10.319444657719538,0.0032110374494775835,-0.036819064671928636
19.78,10.0,10.319382551296258,0.00320741050164129,-0.03682859961309504
19.79,10.0,10.319320436212863,0.0032006792784701013,-0.03683167390520481
19.8,10.0,10.319258311977137,0.0031908703523690304,-0.036828217716482925
19.81,10.0,10.319196178084326,0.0031780071493352348,-0.03681895796638823
19.82,10.0,10.319134034057312,0.003162122869794383,-0.03680376731187529
19.83,10.0,10.319071879423523,0.0031432527390160277,-0.036782653236749674
19.84,10.0,10.319009713715355,0.0031214339420570446,-0.03675576554732096
19.85,10.0,10.318947536473454,0.003096706494584283,-0.0367232843864862
19.86,10.0,10.318885347247283,0.0030691132214704727,-0.03668542222682358
19.87,10.0,10.3188231455927,0.003038695999011179,-0.03664189011566865
19.88,10.0,10.318760931076515,0.0030055007411004344,-0.03659261771487188
19.89,10.0,10.318698703278365,0.0029695790545754487,-0.03653799552717363
19.9,10.0,10.318636461787218,0.0029309831078911603,-0.036478144325592154
19.91,10.0,10.318574206203449,0.002889767509850897,-0.036413189639152854
19.92,10.0,10.318511936139362,0.0028459892708492134,-0.03634326101908858
19.93,10.0,10.318449651215097,0.002799706048438903,-0.03626831063592206
19.94,10.0,10.318387351056952,0.0027509753093533486,-0.03618802794626674
19.95,10.0,10.31832503531978,0.0026998623007658835,-0.036102685513034416
19.96,10.0,10.318262703665267,0.0026464318336373873,-0.036012274802778244
19.97,10.0,10.318200355769127,0.0025907507007598488,-0.035916764814103885
19.98,10.0,10.318137991321642,0.0025328876227675243,-0.035816100255969374
19.99,10.0,10.318075610025172,0.0024729128867458186,-0.035710284688608596
20.0,10.0,10.318013211553287,0.0024108940131949597,-0.035600567539606054
20.0,10.0,10.318013211553287,0.0024108940131949597,-0.035600567539606054
