time,setpoint.y,gantry.x,gantry.theta,pid.y
0.0,10.0,0.0,0.0,300.0
0.01,10.0,0.001497553071388463,-0.001494210467723154,300.0
0.02,10.0,0.0059804879504235945,-0.005951079691366078,300.0
0.03,10.0,0.013434354551947535,-0.013326363157414025,300.0
0.04,10.0,0.023844859600988377,-0.023568825671527592,293.94093103142154
0.05,10.0,0.03692817192884973,-0.03635937114372129,180.29948639166616
0.06,10.0,0.05180458792536118,-0.050803366425040145,140.43881156492503
0.07,10.0,0.06803090858579751,-0.06643980394739207,127.96768688791565
0.08,10.0,0.08546228902867338,-0.08310128402221324,125.63906932055463
0.09,10.0,0.10406446669320714,-0.10072813457139096,127.04751514393958
0.1,10.0,0.12384380461597216,-0.11929912397121215,129.81219491774465
0.11,10.0,0.14482133841114778,-0.13880581104302173,133.0487499809535
0.12,10.0,0.16702307916007364,-0.15924299910838807,136.42516330991134
0.13,10.0,0.1904765136943553,-0.18060531003649738,139.82136793699692
0.14,10.0,0.21520919686606574,-0.20288581103481954,143.1926081852098
0.15,10.0,0.24124823631175218,-0.22607551413038737,146.51973271830718
0.16,10.0,0.2686201575928978,-0.2501632480519827,149.79649166695117
0.17,10.0,0.2973508188427198,-0.27513557584120807,153.02159884708507
0.18,10.0,0.32746535143613137,-0.3009767382353583,156.19345634825157
0.19,10.0,0.3589881661489098,-0.327668659344989,159.31110922047876
0.2,10.0,0.3919429462774532,-0.3551909377399949,162.37409579769138
0.21,10.0,0.42635264590533356,-0.38352084306144696,165.3823346943507
0.22,10.0,0.4622394807727843,-0.41263330053194275,168.335454156092
0.23,10.0,0.49962493168192995,-0.44250088876953725,171.23343792806241
0.24,10.0,0.5385297345600611,-0.4730938173813244,174.07616725811937
0.25,10.0,0.5789738848229751,-0.5043799111430547,176.86340451580523
0.26,10.0,0.6209766343301404,-0.5363246153526695,179.59482419869389
0.27,10.0,0.6645564955755014,-0.5688909155615886,182.27019741496468
0.28,10.0,0.7097312399040121,-0.6020394245877647,184.88921914336947
0.29,10.0,0.756517907899695,-0.6357282302948774,187.4517047339827
0.3,10.0,0.8049328016423658,-0.6699130137282983,189.95740798436427
0.31,10.0,0.854991503624675,-0.7045469166376285,192.40611222464634
0.32,10.0,0.9067088689243494,-0.7395806390740333,194.79758239758144
0.33,10.0,0.960099041563727,-0.7749623705401258,197.13155484017435
0.34,10.0,1.0151754564820292,-0.8106378757434557,199.40776756922068
0.35,10.0,1.071950850432893,-0.8465504697304099,201.62593233686357
0.36,10.0,1.130437280367646,-0.8826412327068599,203.7857699825692
0.37,10.0,1.1906461218315454,-0.9188489139869856,205.88698265843732
0.38,10.0,1.2525880888350507,-0.9551103234871392,207.9292739805414
0.39,10.0,1.316273242331625,-0.9913602713009169,209.91233853548675
0.4,10.0,1.3817110085814686,-1.0275320971013415,211.83585101261804
0.41,10.0,1.4489101868718761,-1.063557704548461,213.69947897739462
0.42,10.0,1.5178789681809408,-1.0993680872879694,215.5028689061154
0.43,10.0,1.5886249493753446,-1.1348936869274553,217.24565942968985
0.44,10.0,1.6611551473440558,-1.1700647101104629,218.92747356676088
0.45,10.0,1.7354760147045722,-1.204811858250777,220.54792700969736
0.46,10.0,1.8115934531471465,-1.2390664567244511,222.10662296197094
0.47,10.0,1.8895128246487973,-1.272761296085571,223.60315417281242
0.48,10.0,1.9692389663709389,-1.305830827477416,225.0371051637857
0.49,10.0,2.0507761955758235,-1.338211785501397,226.40805107910407
0.5,10.0,2.13412831415757,-1.369843422316741,227.71556442795523
0.51,10.0,2.2192986169610025,-1.4006679782070577,228.95921501457542
0.52,10.0,2.306289884917944,-1.430630701007534,230.13857711521513
0.53,10.0,2.3951043879122,-1.459680129644603,231.25322862839258
0.54,10.0,2.4857438775791856,-1.4877681290700917,232.30275567737496
0.55,10.0,2.578209592031432,-1.5148503087023575,233.28675217790715
0.56,10.0,2.6725022324653844,-1.5408855237349013,234.20482434394265
0.57,10.0,2.7686219618811267,-1.5658361186274192,235.0565918089618
0.58,10.0,2.86656839990733,-1.5896680708814954,235.84169032069073
0.59,10.0,2.966340594603362,-1.6123502467965825,236.55977199632366
0.6,10.0,3.067937024483831,-1.6338547971253594,237.21050716876033
0.61,10.0,3.171355591491148,-1.6541571838139884,237.79358335259406
0.62,10.0,3.2765935908399086,-1.6732352520836966,238.30870593947367
0.63,10.0,3.383647718089873,-1.6910698418545553,238.75559850647682
0.64,10.0,3.492514062340028,-1.7076447645064847,239.13400248954963
0.65,10.0,3.6031880754176777,-1.722945662740207,239.44367657933952
0.66,10.0,3.715664586126184,-1.7369609756618585,239.68439694285777
0.67,10.0,3.8299377911590464,-1.74968171350117,239.85595647460866
0.68,10.0,3.9460012280104695,-1.7611001968617255,239.95816320366475
0.69,10.0,4.063847796381219,-1.7712114797196894,239.99084120586443
0.7,10.0,4.18346974540655,-1.7800127420315426,239.95382937804075
0.71,10.0,4.30485865374808,-1.7875020377141877,239.8469795810199
0.72,10.0,4.428005456519354,-1.7936802822987874,239.67015858049322
0.73,10.0,4.552900427554267,-1.798550043439294,239.42324601920944
0.74,10.0,4.679533171358548,-1.802114748043729,239.10613269282283
0.75,10.0,4.8078926429923445,-1.804380030510561,238.7187222116718
0.76,10.0,4.93796713551547,-1.8053528047529923,238.26092910878694
0.77,10.0,5.069744284477193,-1.8050414388373603,237.73267873975612
0.78,10.0,5.203211078299363,-1.803456037651713,237.13390772534456
0.79,10.0,5.338353852873139,-1.8006080235089446,236.46456263916764
0.8,10.0,5.475158295438187,-1.796510010141415,235.7245995646724
0.81,10.0,5.613609456986699,-1.791176275995043,234.91398510415246
0.82,10.0,5.7536917480511205,-1.7846221372400275,234.03269452593372
0.83,10.0,5.89538894620025,-1.776864015167908,233.08071183093853
0.84,10.0,6.038684207643807,-1.7679199708090887,232.0580313017358
0.85,10.0,6.1835600661275505,-1.7578089000332504,230.96465493676615
0.86,10.0,6.329998442188227,-1.7465508505021277,229.80059344683224
0.87,10.0,6.477980651650169,-1.7341674725482368,228.56586792537604
0.88,10.0,6.627487409920482,-1.72068101705234,227.26050638902706
0.89,10.0,6.778498839454615,-1.7061149628029935,225.88454616879457
0.9,10.0,6.930994475463001,-1.6904942651110424,224.4380352601718
0.91,10.0,7.08495327798759,-1.6738442711231354,222.92102825786256
0.92,10.0,7.240353633250332,-1.6561915698524516,221.3335901361068
0.93,10.0,7.397173358104794,-1.6375641191918586,219.67579740046727
0.94,10.0,7.555389721419081,-1.617990023667501,217.94773322265175
0.95,10.0,7.714979433759489,-1.5974986651802676,216.1494931138057
0.96,10.0,7.87591865326333,-1.5761205847467383,214.28118527295797
0.97,10.0,8.03818301755672,-1.5538861821749694,212.34292515515716
0.98,10.0,8.201747613897242,-1.5308271532268993,210.33484349248252
0.99,10.0,8.36658699385161,-1.5069759872689314,208.25708492278528
1.0,10.0,8.532675214298148,-1.4823647008770306,206.10980250034652
1.01,10.0,8.699985778201516,-1.457026600684789,203.8931684898726
1.02,10.0,8.868491672326856,-1.4309952265388404,201.60736989714627
1.03,10.0,9.038165409669642,-1.4043033070622462,199.25260393640934
1.04,10.0,9.208978933214228,-1.3769847803545952,196.82909144618486
1.05,10.0,9.380903693688161,-1.3490731121976192,194.33706827557828
1.06,10.0,9.553910681321387,-1.3206006333377027,191.77678264210297
1.07,10.0,9.72797029277944,-1.291600652680199,189.14851026540944
1.08,10.0,9.90305245747384,-1.262105318463528,186.45254184889134
1.09,10.0,10.079126653901877,-1.2321452940200293,183.68918212367123
1.1,10.0,10.25616173319947,-1.2017519718667504,180.85876680718738
1.11,10.0,10.434126100962944,-1.1709549941212205,177.96164628002305
1.12,10.0,10.612987697942637,-1.1397824212434853,174.99818766255743
1.13,10.0,10.792713909972202,-1.1082617467808549,171.9687826859353
1.14,10.0,10.973271650187732,-1.0764187678586883,168.87384103989064
1.15,10.0,11.15462732393521,-1.044277937838093,165.71379329864294
1.16,10.0,11.33674680670308,-1.0118625767172553,162.4890921786222
1.17,10.0,11.519595503689425,-0.979194129661959,159.20020843207757
1.18,10.0,11.703138317507475,-0.9462924901717826,155.84763288160732
1.19,10.0,11.887339636094206,-0.913176136473677,152.4318767758482
1.2,10.0,12.0721634037882,-0.8798614335234491,148.9534674299727
1.21,10.0,12.257573071339428,-0.8463631256325677,145.4129510413735
1.22,10.0,12.44353158357057,-0.8126945339222201,141.81089338012467
1.23,10.0,12.630001472583276,-0.7788667887512752,138.14787429077722
1.24,10.0,12.816944778561764,-0.7448895593302213,134.42449208725816
1.25,10.0,13.004323055574693,-0.7107710971113559,130.6413631170215
1.26,10.0,13.192097484689777,-0.6765174744513809,126.79911554013111
1.27,10.0,13.380228758848322,-0.6421335120322124,122.89839541970818
1.28,10.0,13.56867712087729,-0.607622624276165,118.93986465128486
1.29,10.0,13.757402487384452,-0.572986165464276,114.92419470457327
1.3,10.0,13.946364286584172,-0.538224542902235,110.85207484040893
1.31,10.0,14.135521548927906,-0.5033368213913336,106.72420766899234
1.32,10.0,14.324833027015197,-0.4683202538934978,102.5413035440144
1.33,10.0,14.514256975509685,-0.4331715410056744,98.30409129477903
1.34,10.0,14.703751326918365,-0.3978861251691652,94.01331003448041
1.35,10.0,14.893273776792885,-0.362458022290896,89.66970560628093
1.36,10.0,15.08278152186344,-0.3268810564935942,85.27404293609246
1.37,10.0,15.2722314972514,-0.2911480737460488,80.82709547310213
1.38,10.0,15.461580419116535,-0.2552510009616068,76.32964383822952
1.39,10.0,15.650784634234622,-0.2191816124034267,71.78248332081836
1.4,10.0,15.839800254096138,-0.18293119020299847,67.18641808713005
1.41,10.0,16.02858312576487,-0.14649083771621496,62.54226319482282
1.42,10.0,16.217088807556024,-0.1098517832094548,57.8508467053895
1.43,10.0,16.405272645654176,-0.07300529451381792,53.113006596339886
1.44,10.0,16.593089772241328,-0.0359428939214101,48.32959179673202
1.45,10.0,16.780495068813153,0.00134333521180274,43.501464927817096
1.46,10.0,16.96744326823738,0.038860833485298146,38.62949833454064
1.47,10.0,17.1538889194995,0.07661628280548088,33.71457673794174
1.48,10.0,17.339786347269445,0.11461533377528114,28.757600149767683
1.49,10.0,17.52508978074356,0.1528626728484228,23.759478983118726
1.5,10.0,17.709753273781125,0.19136170695900742,18.721138685077392
1.51,10.0,17.893730683131416,0.2301143901632897,13.64352177229543
1.52,10.0,18.076975817902493,0.26912122561576246,8.52758233499307
1.53,10.0,18.25944231840463,0.30838100126218243,3.3742923357435757
1.54,10.0,18.441083654429594,0.3478906679933956,-1.8153572640670177
1.55,10.0,18.62185329366495,0.38764524571137093,-7.040362513533864
1.56,10.0,18.801704525794225,0.4276376591185665,-12.299698127421465
1.57,10.0,18.98059049561156,0.4678586139850576,-17.59231783068043
1.58,10.0,19.15846438377939,0.5082963973586241,-22.917160648233533
1.59,10.0,19.335279160224626,0.5489368788715185,-28.273140121237333
1.6,10.0,19.510987685689212,0.5897633220057829,-33.6591474093384
1.61,10.0,19.685542884874362,0.630756083909778,-39.07405718964293
1.62,10.0,19.858897414070686,0.6718928805504966,-44.516714236064274
1.63,10.0,20.03100387886256,0.7131483932738808,-49.9859409629633
1.64,10.0,20.201814954950475,0.7544939537842059,-55.48054154956591
1.65,10.0,20.371283039267396,0.7958980228602989,-60.99928870124265
1.66,10.0,20.5393604853435,0.8373257224022772,-66.54093229695631
1.67,10.0,20.705999583316036,0.8787388381622614,-72.10419935809735
1.68,10.0,20.871152493294584,0.9200958391896868,-77.68779106030624
1.69,10.0,21.034771319608456,0.9613517923789562,-83.2903869118986
1.7,10.0,21.19680811962387,1.002458406993782,-88.91064640069587
1.71,10.0,21.35721482052867,1.04336421795735,-94.54720649937036
1.72,10.0,21.515943322311447,1.084014612050474,-100.19868800844762
1.73,10.0,21.67294547503642,1.1243520775447005,-105.86369668829634
1.74,10.0,21.828173017065062,1.164316571549421,-111.54082253976468
1.75,10.0,21.981577716068674,1.203845698809671,-117.22864825081942
1.76,10.0,22.133111325537524,1.242875131269093,-122.92574948331185
1.77,10.0,22.282725541532766,1.2813391836815544,-128.63069504503588
1.78,10.0,22.430372187052683,1.3191710849299083,-134.34205645937266
1.79,10.0,22.57600311902391,1.3563035544620279,-140.05840572894607
1.8,10.0,22.719570211546106,1.3926694398813295,-145.77831517813124
1.81,10.0,22.861025573128757,1.4282019330398275,-151.50036676557045
1.82,10.0,23.000321404546312,1.4628352385164287,-157.22314674276396
1.83,10.0,23.13741000624755,1.49650501394562,-162.94524455080878
1.84,10.0,23.272244029974544,1.5291484239375455,-168.6652618739456
1.85,10.0,23.404776267515125,1.5607047767344195,-174.3818034888565
1.86,10.0,23.53495970268272,1.5911156844351795,-180.09347716053122
1.87,10.0,23.66274778143487,1.6203249112070366,-185.79890234254378
1.88,10.0,23.788094111176235,1.648278969386323,-191.4966975320819
1.89,10.0,23.910952593216557,1.674927038505567,-197.1854833597825
1.9,10.0,24.03127768716247,1.7002206635208177,-202.8638906678887
1.91,10.0,24.149024001414098,1.7241144085646896,-208.53054471519727
1.92,10.0,24.264146564703204,1.746565526126825,-214.18407331959213
1.93,10.0,24.37660103311235,1.7675336489705862,-219.8231129295706
1.94,10.0,24.486343189811404,1.7869815698144162,-225.44629079105437
1.95,10.0,24.59332936808277,1.8048746398575253,-231.05223804262607
1.96,10.0,24.697516582940636,1.8211805722242203,-236.6395933452605
1.97,10.0,24.79886195088191,1.8358703775452736,-242.20698360080934
1.98,10.0,24.89732327130328,1.8489174883856772,-247.75304172657528
1.99,10.0,24.992859072963736,1.8602977260742886,-253.27640762091738
2.0,10.0,25.085428041396995,1.8699902742814392,-258.7757101293274
2.01,10.0,25.17498954874415,1.87797691070305,-264.24958303025744
2.02,10.0,25.261503527649133,1.8842422955424503,-269.6966609556381
2.03,10.0,25.344930421343864,1.888774093619192,-275.11557734365346
2.04,10.0,25.425231335022875,1.8915629096402038,-280.50496910443695
2.05,10.0,25.502368006641067,1.892602417091584,-285.8634754188349
2.06,10.0,25.5763026976893,1.8918896297209875,-291.18973420592874
2.07,10.0,25.646998402241607,1.8894248252169081,-296.4823885414312
2.08,10.0,25.714419019369004,1.8852118652453946,-300.0
2.09,10.0,25.778548116237182,1.8792632862805374,-300.0
2.1,10.0,25.8393993487567,1.8716027117446825,-300.0
2.11,10.0,25.896988987196746,1.8622577166223642,-300.0
2.12,10.0,25.951333377038655,1.8512594721947702,-300.0
2.13,10.0,26.002448886553246,1.8386419134731995,-300.0
2.14,10.0,26.050351921111744,1.8244426476163198,-300.0
2.15,10.0,26.095058921104364,1.8087028614299496,-300.0
2.16,10.0,26.136586356537002,1.7914670793067884,-300.0
2.17,10.0,26.174950726179457,1.7727837465991667,-300.0
2.18,10.0,26.210168551881747,1.752705440113511,-300.0
2.19,10.0,26.24225636406053,1.7312883345731762,-300.0
2.2,10.0,26.271230708065854,1.7085930569059573,-300.0
2.21,10.0,26.297108121181317,1.6846838711988887,-300.0
2.22,10.0,26.319905130193064,1.6596291254408977,-300.0
2.23,10.0,26.339638246561123,1.6335016972513492,-300.0
2.24,10.0,26.35632394519124,1.6063780417832578,-300.0
2.25,10.0,26.369978649509296,1.5783387479937585,-300.0
2.26,10.0,26.380618716190316,1.5494681729403128,-300.0
2.27,10.0,26.3882604147631,1.5198541739721878,-300.0
2.28,10.0,26.392919919024543,1.4895877437810061,-300.0
2.29,10.0,26.394613278738632,1.4587620352859612,-300.0
2.3,10.0,26.39335639988491,1.427472591653969,-300.0
2.31,10.0,26.38916502386687,1.3958160715882608,-300.0
2.32,10.0,26.382054706848525,1.363889027037562,-300.0
2.33,10.0,26.372040789598724,1.3317890065606075,-300.0
2.34,10.0,26.359138387928677,1.2996123883039132,-300.0
2.35,10.0,26.34336238136943,1.267454021518021,-300.0
2.36,10.0,26.32472740776463,1.2354063700908915,-300.0
2.37,10.0,26.303247855048642,1.2035594271409313,-300.0
2.38,10.0,26.278937845301495,1.1719997674902158,-300.0
2.39,10.0,26.251811258888566,1.1408110781188243,-300.0
2.4,10.0,26.221881716326592,1.1100731011885716,-300.0
2.41,10.0,26.189162591012824,1.0798615147327224,-300.0
2.42,10.0,26.153667059953612,1.0502494263859854,-300.0
2.43,10.0,26.11540804988105,1.0213043453658597,-300.0
2.44,10.0,26.074398307274087,0.9930903776708919,-300.0
2.45,10.0,26.030650389843455,0.9656673409368094,-300.0
2.46,10.0,25.984176683542852,0.9390910681539546,-300.0
2.47,10.0,25.93498944824356,0.9134142538805127,-300.0
2.48,10.0,25.883100799073393,0.8886856326502343,-300.0
2.49,10.0,25.828522746388153,0.8649505812554369,-300.0
2.5,10.0,25.771267200543956,0.8422508738775356,-300.0
2.51,10.0,25.71134597163178,0.8206244479934783,-300.0
2.52,10.0,25.64877080637795,0.8001060042860417,-300.0
2.53,10.0,25.58355339096437,0.7807268342422868,-300.0
2.54,10.0,25.515705370267643,0.7625151582890867,-300.0
2.55,10.0,25.44523835910568,0.7454962373153449,-300.0
2.56,10.0,25.37216394746642,0.7296921337970514,-300.0
2.57,10.0,25.29649370966258,0.7151221847731887,-300.0
2.58,10.0,25.218239202310045,0.7018025873903779,-300.0
2.59,10.0,25.13741197799178,0.6897467060706411,-300.0
2.6,10.0,25.05402359628539,0.6789651901241439,-300.0
2.61,10.0,24.968085605099805,0.6694654389426957,-300.0
2.62,10.0,24.87960957945888,0.6612525922861904,-300.0
2.63,10.0,24.788607097336303,0.6543290136312317,-300.0
2.64,10.0,24.69508974954066,0.6486944970251549,-300.0
2.65,10.0,24.59906914790075,0.644346286982261,-300.0
2.66,10.0,24.500556889079686,0.6412788600582208,-300.0
2.67,10.0,24.399564614580804,0.6394844398476057,-300.0
2.68,10.0,24.296103950686554,0.6389525881107117,-300.0
2.69,10.0,24.19018651743652,0.6396703793881611,-300.0
2.7,10.0,24.081824022682905,0.6416232368359487,-300.0
2.71,10.0,23.971028027696747,0.6447930553813066,-300.0
2.72,10.0,23.85781021042801,0.6491604910505896,-300.0
2.73,10.0,23.742182239938163,0.6547039826440888,-300.0
2.74,10.0,23.624155759240793,0.6613996912268165,-300.0
2.75,10.0,23.503742437408402,0.6692220336612837,-300.0
2.76,10.0,23.380953839695632,0.6781426418767091,-300.0
2.77,10.0,23.255801565530774,0.6881317058924383,-300.0
2.78,10.0,23.12829717564274,0.6991573873630738,-300.0
2.79,10.0,22.99845207073093,0.7111847638677582,-300.0
2.8,10.0,22.866277804457187,0.7241789330341163,-300.0
2.81,10.0,22.73178579755194,0.7381024286745967,-300.0
2.82,10.0,22.594987468791675,0.752916538159715,-300.0
2.83,10.0,22.455894163475833,0.7685807267497274,-300.0
2.84,10.0,22.314517056784688,0.7850518817494709,-300.0
2.85,10.0,22.170867395124183,0.8022866667838577,-300.0
2.86,10.0,22.02495621414581,0.8202389672189164,-300.0
2.87,10.0,21.876794481713766,0.8388613569052924,-300.0
2.88,10.0,21.726393109536968,0.8581053269036575,-300.0
2.89,10.0,21.5737628394616,0.8779203356139362,-300.0
2.9,10.0,21.418914445325115,0.8982559352378806,-300.0
2.91,10.0,21.261858522758804,0.9190598032107781,-300.0
2.92,10.0,21.102605520768048,0.940278183321022,-300.0
2.93,10.0,20.941165777720798,0.9618563727743801,-300.0
2.94,10.0,20.777549496553572,0.9837386934243254,-300.0
2.95,10.0,20.61176677865688,1.0058688501834778,-300.0
2.96,10.0,20.443827599048273,1.028189978854571,-300.0
2.97,10.0,20.27374180436225,1.0506447772688214,-300.0
2.98,10.0,20.101519145198836,1.0731758286731305,-300.0
2.99,10.0,19.927169219870564,1.095725399078469,-300.0
3.0,10.0,19.750701529458397,1.1182360548148056,-300.0
3.01,10.0,19.572125442855054,1.1406505297990488,-300.0
3.02,10.0,19.391450202548675,1.1629119632645433,-300.0
3.03,10.0,19.208685010881876,1.1849649194240872,-300.0
3.04,10.0,19.02383888392507,1.2067539801012261,-300.0
3.05,10.0,18.836920847985773,1.2282261008291109,-300.0
3.06,10.0,18.647939860425975,1.2493298279989222,-300.0
3.07,10.0,18.456904700303326,1.270014084378203,-300.0
3.08,10.0,18.263824156933715,1.2902303860280309,-300.0
3.09,10.0,18.068706918674547,1.3099318295512006,-300.0
3.1,10.0,17.87156167056099,1.3290740623510984,-300.0
3.11,10.0,17.67239708838007,1.3476153045506931,-300.0
3.12,10.0,17.471221745351215,1.365515543695482,-300.0
3.13,10.0,17.268044287853186,1.3827380675266199,-300.0
3.14,10.0,17.062873286439146,1.3992480271240113,-300.0
3.15,10.0,16.855717319727162,1.4150132877758659,-300.0
3.16,10.0,16.646584968508698,1.4300043633768424,-300.0
3.17,10.0,16.435484723441142,1.4441931225926021,-300.0
3.18,10.0,16.22242516117692,1.4575550291350283,-300.0
3.19,10.0,16.007414840337447,1.4700676522205725,-300.0
3.2,10.0,15.790462342395557,1.4817111271541885,-300.0
3.21,10.0,15.571576256293174,1.4924678927097426,-300.0
3.22,10.0,15.35076515044602,1.5023221853316195,-300.0
3.23,10.0,15.128037634272507,1.5112608370592153,-300.0
3.24,10.0,14.9034023055288,1.5192724566172575,-300.0
3.25,10.0,14.676867762743427,1.5263475388822159,-300.0
3.26,10.0,14.448442640474829,1.5324789065281277,-300.0
3.27,10.0,14.218135559682917,1.5376608585517597,-300.0
3.28,10.0,13.985955191025981,1.5418901733573873,-300.0
3.29,10.0,13.751910199472698,1.5451650979405356,-300.0
3.3,10.0,13.51600922881736,1.5474850490741614,-300.0
3.31,10.0,13.278260992587846,1.54885218348414,-300.0
3.32,10.0,13.03867417562516,1.5492696807822837,-300.0
3.33,10.0,12.79725749196189,1.5487426363721024,-300.0
3.34,10.0,12.554019654489196,1.5472775566571075,-300.0
3.35,10.0,12.308969358024877,1.5448821025665915,-300.0
3.36,10.0,12.062115316838316,1.541565645786063,-300.0
3.37,10.0,11.813466232207913,1.5373387487310184,-300.0
3.38,10.0,11.563030823776318,1.5322136729431355,-300.0
3.39,10.0,11.310817823319201,1.5262042805228684,-300.0
3.4,10.0,11.056835940675594,1.5193254876741233,-300.0
3.41,10.0,10.80109388544187,1.5115936460289556,-300.0
3.42,10.0,10.543600363498191,1.5030264572821264,-300.0
3.43,10.0,10.284364069172284,1.4936428880419619,-300.0
3.44,10.0,10.02339368439305,1.4834631703623549,-300.0
3.45,10.0,9.76069789174762,1.4725089818144717,-300.0
3.46,10.0,9.496285367875785,1.4608033680205792,-300.0
3.47,10.0,9.23016473868674,1.4483701289070507,-300.0
3.48,10.0,8.962344624005752,1.4352344447180783,-300.0
3.49,10.0,8.69283362853267,1.4214227395485737,-300.0
3.5,10.0,8.421640332183454,1.4069625622897588,-300.0
3.51,10.0,8.148773280131026,1.391882448539728,-300.0
3.52,10.0,7.8742409892616525,1.3762119995344944,-300.0
3.53,10.0,7.5980519434260545,1.3599818226932299,-300.0
3.54,10.0,7.320214582247013,1.3432233192912881,-300.0
3.55,10.0,7.0407373087734975,1.3259688522049617,-300.0
3.56,10.0,6.759628475497291,1.308251389625277,-300.0
3.57,10.0,6.476896387274384,1.2901046887481549,-300.0
3.58,10.0,6.192549296951079,1.2715629967416715,-300.0
3.59,10.0,5.906595399876236,1.252661118537262,-300.0
3.6,10.0,5.619042833255777,1.2334342182574516,-300.0
3.61,10.0,5.329899671905961,1.2139177724695678,-300.0
3.62,10.0,5.039173924814625,1.194147465246594,-300.0
3.63,10.0,4.746873532882304,1.1741590422418926,-300.0
3.64,10.0,4.453006365551103,1.1539882839234916,-300.0
3.65,10.0,4.157580220363843,1.13367081782347,-300.0
3.66,10.0,3.8606028171516504,1.1132420903631215,-300.0
3.67,10.0,3.5620818041651594,1.0927372503919144,-300.0
3.68,10.0,3.2620247464055216,1.072191028660137,-300.0
3.69,10.0,2.9604391378211674,1.0516377396843808,-300.0
3.7,10.0,2.657332388838875,1.0311110933566194,-300.0
3.71,10.0,2.352711835799254,1.01064422448052,-300.0
3.72,10.0,2.0465847373290673,0.9902695723563212,-300.0
3.73,10.0,1.7389582748074472,0.9700188213923832,-300.0
3.74,10.0,1.429839557777168,0.9499229031765438,-300.0
3.75,10.0,1.119235618804928,0.9300118474113036,-300.0
3.76,10.0,0.8071534243049237,0.9103148852605804,-300.0
3.77,10.0,0.49359986650419285,0.890860238993095,-300.0
3.78,10.0,0.1785817769680207,0.871675290763202,-300.0
3.79,10.0,-0.13789408162831607,0.8527863524687863,-300.0
3.8,10.0,-0.4558210031563029,0.8342188376633211,-300.0
3.81,10.0,-0.7751923422762191,0.8159970884774123,-300.0
3.82,10.0,-1.0960015073275207,0.7981444635395107,-300.0
3.83,10.0,-1.4182419585515005,0.7806832896114742,-300.0
3.84,10.0,-1.74190720599404,0.7636348272230338,-300.0
3.85,10.0,-2.0669904136742168,0.7470190739520772,-296.98538597275046
3.86,10.0,-2.3934494245174456,0.7308307733399515,-286.21777617395094
3.87,10.0,-2.721179006505199,0.7150193432104089,-275.35382679052645
3.88,10.0,-3.0500669685858814,0.6995261603751975,-264.41404852956964
3.89,10.0,-3.3800008433471445,0.6842896146493187,-253.40743622510485
3.9,10.0,-3.710867989134469,0.6692451256096601,-242.33772442511366
3.91,10.0,-4.042555605667013,0.6543250637689149,-231.20639036716153
3.92,10.0,-4.3749507672485475,0.6394590775649387,-220.01448213072138
3.93,10.0,-4.70794042206911,0.624573832421502,-208.76305616785578
3.94,10.0,-5.041411409735408,0.6095932440038805,-197.45319778125025
3.95,10.0,-5.375250474932878,0.5944386472979755,-186.08599761380083
3.96,10.0,-5.709344281673093,0.5790289691277345,-174.6625501193783
3.97,10.0,-6.043579411982974,0.5632806742985884,-163.18397830780543
3.98,10.0,-6.377842366704967,0.5471077418429203,-151.65145317753002
3.99,10.0,-6.712019596173096,0.5304220730988715,-140.0661911183767
4.0,10.0,-7.045997476314767,0.5131331991087505,-128.42945109463437
4.01,10.0,-7.379662341828893,0.49514876807528885,-116.74256444148398
4.02,10.0,-7.71290047128687,0.4763744541910873,-105.00690461879725
4.03,10.0,-8.045598106078891,0.45671436387442005,-93.22390244719355
4.04,10.0,-8.377641448908829,0.43607137756502096,-81.39503465620226
4.05,10.0,-8.70891666493336,0.41434749008079363,-69.5218310129435
4.06,10.0,-9.039309885911512,0.39144444369479653,-57.605876181378164
4.07,10.0,-9.36870721299797,0.3672642635909776,-45.64880973562913
4.08,10.0,-9.696994722202103,0.34171009933349267,-33.65232545624917
4.09,10.0,-10.024058470665858,0.31468702481804645,-21.618168092906103
4.1,10.0,-10.34978450554462,0.28610315488951144,-9.548131111928285
4.11,10.0,-10.67405887674496,0.25587079039650074,2.555946244230995
4.12,10.0,-10.99676765507979,0.22390758745852182,14.69218372057503
4.13,10.0,-11.317796957300253,0.19013771742722452,26.858666582459932
4.14,10.0,-11.637032976049225,0.15449286854419247,39.05345281139387
4.15,10.0,-11.9543620264343,0.11691337505774015,51.27458318210415
4.16,10.0,-12.269670598548599,0.07734899019633355,63.520091104860114
4.17,10.0,-12.58284541555228,0.035759323762899545,75.78801190679803
4.18,10.0,-12.893773505219968,-0.007885846579772848,88.07639292357726
4.19,10.0,-13.202342276394434,-0.05360648145498258,100.3833024744252
4.2,10.0,-13.508439604851576,-0.10141228588267547,112.70683841419228
4.21,10.0,-13.81195392300278,-0.15130286433411322,125.04513503119477
4.22,10.0,-14.112774312828858,-0.20326795312402254,137.39636817532894
4.23,10.0,-14.410790599215813,-0.25728766598688685,149.75875828908804
4.24,10.0,-14.70589344190666,-0.31333268040352685,162.13057128068675
4.25,10.0,-14.997974423537375,-0.3713643160731083,174.51011707671682
4.26,10.0,-15.286926131313734,-0.43133446527147495,186.89574572626614
4.27,10.0,-15.572642229792642,-0.49318533495449063,199.2858409995714
4.28,10.0,-15.855017522512972,-0.5568489551147324,211.6788115900601
4.29,10.0,-16.13394800059278,-0.6222464053139471,224.0730801989975
4.3,10.0,-16.409330876959956,-0.6892867113775709,236.46707094100663
4.31,10.0,-16.68106460552973,-0.7578653660952256,248.85919564189027
4.32,10.0,-16.949048885350336,-0.8278624335969696,261.24783968518904
4.33,10.0,-17.21318465032888,-0.8991402150966732,273.63134801721924
4.34,10.0,-17.473374045308397,-0.971540498363613,286.0080116045849
4.35,10.0,-17.729520391180007,-1.0448815248580636,298.37605405312615
4.36,10.0,-17.981541523745157,-1.1189490916670914,300.0
4.37,10.0,-18.229436000953044,-1.1934691321095157,300.0
4.38,10.0,-18.473230856274213,-1.2681363941101182,300.0
4.39,10.0,-18.71295339162376,-1.3426326354968128,300.0
4.4,10.0,-18.9486300291907,-1.4166354074990348,300.0
4.41,10.0,-19.180286185845024,-1.4898290894714485,300.0
4.42,10.0,-19.40794594987246,-1.5619170342967759,300.0
4.43,10.0,-19.631631887153304,-1.632630466210668,300.0
4.44,10.0,-19.851364944272444,-1.7017335890094543,300.0
4.45,10.0,-20.067164515694376,-1.769023531051996,300.0
4.46,10.0,-20.27904860716666,-1.83432724205365,300.0
4.47,10.0,-20.487033985671655,-1.8974989924123034,300.0
4.48,10.0,-20.69113640820125,-1.9584157887527096,300.0
4.49,10.0,-20.89137086416643,-2.016972559233756,300.0
4.5,10.0,-21.08775174001483,-2.0730796629026065,300.0
4.51,10.0,-21.280292978636336,-2.126660585079529,300.0
4.52,10.0,-21.46900828082318,-2.1776483944388922,300.0
4.53,10.0,-21.653911223392857,-2.2259843856912847,300.0
4.54,10.0,-21.835015315061987,-2.2716181026485183,300.0
4.55,10.0,-22.01233412529549,-2.3145051454144894,300.0
4.56,10.0,-22.185881355653702,-2.354606374210887,300.0
4.57,10.0,-22.355670884656433,-2.391887801508621,300.0
4.58,10.0,-22.5217167898812,-2.4263203570070413,300.0
4.59,10.0,-22.6840333931036,-2.4578796275880794,300.0
4.6,10.0,-22.84263524474625,-2.48654514892438,300.0
4.61,10.0,-22.99753714396007,-2.5123005673496697,300.0
4.62,10.0,-23.148754165499927,-2.5351339032688536,300.0
4.63,10.0,-23.296301618343687,-2.555036902326174,300.0
4.64,10.0,-23.440195073982647,-2.572005535925051,300.0
4.65,10.0,-23.580450362810325,-2.5860399974947312,300.0
4.66,10.0,-23.717083522254146,-2.5971440311145986,300.0
4.67,10.0,-23.850110818525888,-2.6053253568361963,300.0
4.68,10.0,-23.97954872768169,-2.610595421035376,300.0
4.69,10.0,-24.105413914512063,-2.61296925978671,300.0
4.7,10.0,-24.2277232330148,-2.612465459106191,300.0
4.71,10.0,-24.34649371674292,-2.6091060508504014,300.0
4.72,10.0,-24.461742559537488,-2.60291627296519,300.0
4.73,10.0,-24.573487120615425,-2.593924552439675,300.0
4.74,10.0,-24.681744907617944,-2.58216226922457,300.0
4.75,10.0,-24.786533575443084,-2.5676637238854116,300.0
4.76,10.0,-24.887870913096993,-2.5504659169883017,300.0
4.77,10.0,-24.985774835415818,-2.5306084496348156,300.0
4.78,10.0,-25.080263380231408,-2.5081335337980954,300.0
4.79,10.0,-25.17135469388841,-2.4830858314908406,300.0
4.8,10.0,-25.259067015447904,-2.4555124590052873,300.0
4.81,10.0,-25.343418674311472,-2.425463056949204,300.0
4.82,10.0,-25.424428063963283,-2.392989786677451,300.0
4.83,10.0,-25.502113613155505,-2.3581475142118915,300.0
4.84,10.0,-25.576493773987664,-2.320993989389286,300.0
4.85,10.0,-25.647586990578837,-2.281590043653426,300.0
4.86,10.0,-25.715411661074512,-2.2399999178786745,300.0
4.87,10.0,-25.77998609556546,-2.1962916933504726,300.0
4.88,10.0,-25.84132844429538,-2.15053803368905,300.0
4.89,10.0,-25.89945664051082,-2.102816908022968,300.0
4.9,10.0,-25.95438837579155,-2.0532119032741023,300.0
4.91,10.0,-26.006141012165372,-2.001813327476913,300.0
4.92,10.0,-26.05473148586277,-1.948719470828931,300.0
4.93,10.0,-26.100176260620646,-1.8940373323319502,300.0
4.94,10.0,-26.14249123550063,-1.837883890534645,300.0
4.95,10.0,-26.181691628054693,-1.7803878338201542,300.0
4.96,10.0,-26.217791934578646,-1.7216900925208143,300.0
4.97,10.0,-26.250805887697478,-1.6619442909229916,300.0
4.98,10.0,-26.280746431221512,-1.6013166122159248,300.0
4.99,10.0,-26.307625723571576,-1.5399847671016857,300.0
5.0,10.0,-26.331455188166892,-1.47813564547399,300.0
5.01,10.0,-26.35224560565488,-1.4159619472894354,300.0
5.02,10.0,-26.37000716762579,-1.3536599054356901,300.0
5.03,10.0,-26.384749652363013,-1.29142397268548,300.0
5.04,10.0,-26.396482555424036,-1.2294431252571405,300.0
5.05,10.0,-26.40521520144252,-1.1678980448568452,300.0
5.06,10.0,-26.41095682785358,-1.1069596602987872,300.0
5.07,10.0,-26.413716666596347,-1.0467882231043593,300.0
5.08,10.0,-26.413504018125778,-0.9875329073988522,300.0
5.09,10.0,-26.41032830820384,-0.92933204887105,300.0
5.1,10.0,-26.40419912937711,-0.8723138704315974,300.0
5.11,10.0,-26.39512627531537,-0.8165973801735258,300.0
5.12,10.0,-26.38311977195892,-0.7622932449919073,300.0
5.13,10.0,-26.368189903955404,-0.7095046100270457,300.0
5.14,10.0,-26.350347234439052,-0.6583278713899562,300.0
5.15,10.0,-26.329602618312684,-0.6088533704409794,300.0
5.16,10.0,-26.305967209936206,-0.5611659687271404,300.0
5.17,10.0,-26.279452464346967,-0.5153454760658234,300.0
5.18,10.0,-26.25007013052633,-0.47146692557992553,300.0
5.19,10.0,-26.217832248552806,-0.42960095053744907,300.0
5.2,10.0,-26.182751142819388,-0.3898141013268991,300.0
5.21,10.0,-26.144839375912916,-0.35216836323714285,300.0
5.22,10.0,-26.10410974804721,-0.316721594450856,300.0
5.23,10.0,-26.06057526056926,-0.2835273068041463,300.0
5.24,10.0,-26.014249090997154,-0.2526345925040325,300.0
5.25,10.0,-25.965144540236498,-0.22408759937221254,300.0
5.26,10.0,-25.913275021081077,-0.197925669328787,300.0
5.27,10.0,-25.858654019118035,-0.1741830618340775,300.0
5.28,10.0,-25.801295067310708,-0.15288882275489873,300.0
5.29,10.0,-25.74121170855026,-0.13406645473653347,300.0
5.3,10.0,-25.678417469300783,-0.1177337804019338,300.0
5.31,10.0,-25.61292583745246,-0.10390280703988358,300.0
5.32,10.0,-25.54475023914573,-0.092579645860214,300.0
5.33,10.0,-25.47390402120244,-0.08376446548696993,300.0
5.34,10.0,-25.400400442843285,-0.07745163853587027,300.0
5.35,10.0,-25.32425265237468,-0.07362957850235903,300.0
5.36,10.0,-25.245473687420215,-0.07228100826968649,300.0
5.37,10.0,-25.16407648119583,-0.07338327920304384,300.0
5.38,10.0,-25.08007384568301,-0.0769082715733706,300.0
5.39,10.0,-24.993478493230537,-0.08282297716399026,300.0
5.4,10.0,-24.904303043335986,-0.09108976580925719,300.0
5.41,10.0,-24.812560017436688,-0.10166641447088877,300.0
5.42,10.0,-24.718261871715146,-0.11450672784548917,300.0
5.43,10.0,-24.6214210008911,-0.12956069973908044,300.0
5.44,10.0,-24.522049762327526,-0.14677488075520798,300.0
5.45,10.0,-24.420160481390695,-0.1660925793763681,300.0
5.46,10.0,-24.31576547775522,-0.18745418156837154,300.0
5.47,10.0,-24.208877083689103,-0.2107973647158428,300.0
5.48,10.0,-24.099507653559197,-0.2360573025513442,300.0
5.49,10.0,-23.987669591845687,-0.2631668294838702,300.0
5.5,10.0,-23.873375365085682,-0.2920566194252806,300.0
5.51,10.0,-23.756637511043536,-0.32265530245846785,300.0
5.52,10.0,-23.63746866069474,-0.35488941636296367,300.0
5.53,10.0,-23.51588154303347,-0.3886836037163192,300.0
5.54,10.0,-23.391888990889232,-0.423960598663651,300.0
5.55,10.0,-23.26550395251407,-0.46064094639172365,300.0
5.56,10.0,-23.13673949010736,-0.49864331393355127,300.0
5.57,10.0,-23.00560878149222,-0.5378842598252679,300.0
5.58,10.0,-22.87212511590655,-0.5782777592887677,300.0
5.59,10.0,-22.736301890523485,-0.6197357881620205,300.0
5.6,10.0,-22.598152601683545,-0.6621676256736045,300.0
5.61,10.0,-22.45769082700492,-0.7054794536316731,300.0
5.62,10.0,-22.31493022432318,-0.7495750942472587,300.0
5.63,10.0,-22.169884504324283,-0.7943551919829352,300.0
5.64,10.0,-22.022567412973224,-0.8397172832905674,300.0
5.65,10.0,-21.872992723551356,-0.885555826491486,300.0
5.66,10.0,-21.721174195380964,-0.9317620909145059,300.0
5.67,10.0,-21.567125558498997,-0.9782243261411304,300.0
5.68,10.0,-21.41086047937147,-1.0248283244089775,300.0
5.69,10.0,-21.252392533990363,-1.0714580405895269,300.0
5.7,10.0,-21.091735176111015,-1.117995804813393,300.0
5.71,10.0,-20.928901701507876,-1.164323205038742,300.0
5.72,10.0,-20.763905207527397,-1.2103230116125019,300.0
5.73,10.0,-20.59675855993624,-1.2558791491182473,300.0
5.74,10.0,-20.427474353448428,-1.3008784253031005,300.0
5.75,10.0,-20.256064876103142,-1.345212328176275,300.0
5.76,10.0,-20.082542089561674,-1.3887776311405138,300.0
5.77,10.0,-19.906917608528435,-1.4314774392220118,300.0
5.78,10.0,-19.729202697629102,-1.473221618252869,300.0
5.79,10.0,-19.549408271120324,-1.5139269919082667,300.0
5.8,10.0,-19.36754489419369,-1.5535178721596166,300.0
5.81,10.0,-19.183622801292696,-1.5919259381562865,300.0
5.82,10.0,-18.99765191903266,-1.629089957014614,300.0
5.83,10.0,-18.809641893096043,-1.6649553741628291,300.0
5.84,10.0,-18.61960211692376,-1.6994738366407645,300.0
5.85,10.0,-18.427541761075215,-1.7326027053862456,300.0
5.86,10.0,-18.233469801643786,-1.7643046253384997,300.0
5.87,10.0,-18.03739504903192,-1.794547055983798,300.0
5.88,10.0,-17.83932617528594,-1.8233018171631707,300.0
5.89,10.0,-17.639271739408038,-1.850544669393089,300.0
5.9,10.0,-17.437240210340153,-1.8762549366204826,300.0
5.91,10.0,-17.233239987537615,-1.9004151730285086,300.0
5.92,10.0,-17.02727941793143,-1.9230108882793668,300.0
5.93,10.0,-16.81936681127905,-1.944030299329733,300.0
5.94,10.0,-16.609510458587124,-1.9634640228458518,300.0
5.95,10.0,-16.397718647968333,-1.98130480343051,300.0
5.96,10.0,-16.183999666260434,-1.9975474804019528,300.0
5.97,10.0,-15.968361797545747,-2.0121889726571514,300.0
5.98,10.0,-15.75081335669571,-2.025227738451718,300.0
5.99,10.0,-15.531362677892288,-2.036663907700209,300.0
6.0,10.0,-15.310018114967173,-2.046499222602557,300.0
6.01,10.0,-15.08678804850339,-2.054736891153434,300.0
6.02,10.0,-14.86168088527357,-2.0613815177810126,300.0
6.03,10.0,-14.634705065789742,-2.066438975099322,300.0
6.04,10.0,-14.40586906490886,-2.0699163318585345,300.0
6.05,10.0,-14.17518138969607,-2.0718218202847796,300.0
6.06,10.0,-13.942650572179705,-2.072164866909517,300.0
6.07,10.0,-13.708285176299874,-2.070955964791038,300.0
6.08,10.0,-13.472093787393035,-2.0682067508598077,300.0
6.09,10.0,-13.234085018040355,-2.0639298730779547,300.0
6.1,10.0,-12.994267501749524,-2.0581390228757517,300.0
6.11,10.0,-12.752649883677261,-2.050849020498369,300.0
6.12,10.0,-12.509240825147232,-2.0420756896346095,300.0
6.13,10.0,-12.264048995554226,-2.0318359253005798,300.0
6.14,10.0,-12.017083067708619,-2.0201477105430787,300.0
6.15,10.0,-11.768351709671864,-2.0070301923332727,300.0
6.16,10.0,-11.517863583694401,-1.9925036372214346,300.0
6.17,10.0,-11.265627338028954,-1.9765895073018707,300.0
6.18,10.0,-11.011651596567326,-1.9593105829271378,300.0
6.19,10.0,-10.755944956980125,-1.9406909242105872,300.0
6.2,10.0,-10.498515977776364,-1.9207560275677245,300.0
6.21,10.0,-10.239373173835565,-1.8995328475009157,300.0
6.22,10.0,-9.978525002744346,-1.8770499715478204,300.0
6.23,10.0,-9.715979859383195,-1.853337636828795,300.0
6.24,10.0,-9.451746062878517,-1.8284278914388976,300.0
6.25,10.0,-9.185831847432329,-1.8023547051114748,300.0
6.26,10.0,-8.918245352017962,-1.7751540726437347,300.0
6.27,10.0,-8.648994607153922,-1.7468641605324093,300.0
6.28,10.0,-8.37808752708868,-1.717525396492722,300.0
6.29,10.0,-8.105531897780212,-1.6871806083733119,300.0
6.3,10.0,-7.831335366838832,-1.6558751119056647,300.0
6.31,10.0,-7.555505433891338,-1.6236567897153003,300.0
6.32,10.0,-7.278049444435886,-1.5905761392935496,300.0
6.33,10.0,-6.998974581430701,-1.5566863224827956,300.0
6.34,10.0,-6.7182878635766885,-1.5220430343775326,300.0
6.35,10.0,-6.435996134545493,-1.4867046541616118,300.0
6.36,10.0,-6.152106078583718,-1.4507317589562356,300.0
6.37,10.0,-5.866624203237969,-1.4141873592865428,300.0
6.38,10.0,-5.579556862150082,-1.377136218645199,300.0
6.39,10.0,-5.290910248470682,-1.3396449236523131,300.0
6.4,10.0,-5.0006904174845905,-1.301781222886719,300.0
6.41,10.0,-4.708903287602052,-1.2636138532287964,300.0
6.42,10.0,-4.415554654940582,-1.2252120952434142,300.0
6.43,10.0,-4.120650225229314,-1.1866450710135426,300.0
6.44,10.0,-3.824195607414143,-1.1479816737454371,300.0
6.45,10.0,-3.526196344075724,-1.1092900386758673,300.0
6.46,10.0,-3.2266579179204613,-1.0706372594947684,300.0
6.47,10.0,-2.925585768389205,-1.03208917562746,300.0
6.48,10.0,-2.6229853021418155,-0.9937102178388771,300.0
6.49,10.0,-2.318861911004761,-0.9555629560722483,300.0
6.5,10.0,-2.0132209884256906,-0.9177078646018693,300.0
6.51,10.0,-1.7060679278337556,-0.8802036959122544,300.0
6.52,10.0,-1.3974081404863565,-0.8431071336269067,300.0
6.53,10.0,-1.0872470744924134,-0.806472398337661,300.0
6.54,10.0,-0.7755902091069364,-0.7703517385857883,300.0
6.55,10.0,-0.46244305962491083,-0.7347955225308526,300.0
6.56,10.0,-0.14781120170379541,-0.6998516272558559,300.0
6.57,10.0,0.1682997382708444,-0.665565988307677,300.0
6.58,10.0,0.4858840926342875,-0.6319829108232695,300.0
6.59,10.0,0.804936113969529,-0.5991442590315436,300.0
6.6,10.0,1.1254499871389962,-0.5670898563558507,300.0
6.61,10.0,1.4474198647702052,-0.53585822552261,300.0
6.62,10.0,1.770839811049981,-0.5054855788913082,300.0
6.63,10.0,2.0957037981762268,-0.47600577802325367,300.0
6.64,10.0,2.4220057972554305,-0.44745182539300193,300.0
6.65,10.0,2.749739695132513,-0.41985457433761625,300.0
6.66,10.0,3.078899257016507,-0.393242183270923,300.0
6.67,10.0,3.4094782552617398,-0.3676418861429754,300.0
6.68,10.0,3.741470426102801,-0.3430793204125094,300.0
6.69,10.0,4.074869425765057,-0.3195777897870264,300.0
6.7,10.0,4.409668891553696,-0.2971591560421323,300.0
6.71,10.0,4.745862424360837,-0.27584352339667595,300.0
6.72,10.0,5.083443570883456,-0.2556488205314116,300.0
6.73,10.0,5.422405852241678,-0.23659120754593735,300.0
6.74,10.0,5.762742798604455,-0.2186854244341716,300.0
6.75,10.0,6.1044478894761935,-0.2019439658142989,300.0
6.76,10.0,6.447514586018134,-0.18637742677025151,300.0
6.77,10.0,6.7919364081286435,-0.17199527511845755,300.0
6.78,10.0,7.1377068398718695,-0.1588048158562731,300.0
6.79,10.0,7.484819313008485,-0.14681103476661397,300.0
6.8,10.0,7.833267387704843,-0.13601818448846242,300.0
6.81,10.0,8.183044611869988,-0.12642850130527186,300.0
6.82,10.0,8.534144464899859,-0.11804179308014288,300.0
6.83,10.0,8.886560501585937,-0.1108566364885953,300.0
6.84,10.0,9.240286291261532,-0.10486989418315343,300.0
6.85,10.0,9.595315407327556,-0.10007656303265237,300.0
6.86,10.0,9.951641466648674,-0.09647019405756087,300.0
6.87,10.0,10.309258146729844,-0.0940430719577351,300.0
6.88,10.0,10.668159103562326,-0.09278549962325,300.0
6.89,10.0,11.02833804196189,-0.09268644747804268,300.0
6.9,10.0,11.389788739117929,-0.09373380135321621,300.0
6.91,10.0,11.752504942420009,-0.09591358271504315,300.0
6.92,10.0,12.116480393821284,-0.09921021261394684,300.0
6.93,10.0,12.481708971570868,-0.10360759443973587,300.0
6.94,10.0,12.848184512174955,-0.10908789806370434,300.0
6.95,10.0,13.215900771991619,-0.11563141180535662,300.0
6.96,10.0,13.584851723012148,-0.12321847464082719,300.0
6.97,10.0,13.955031320362039,-0.1318280572746232,300.0
6.98,10.0,14.32643339291951,-0.14143717253360386,300.0
6.99,10.0,14.699051872106477,-0.1520223223706427,300.0
7.0,10.0,15.072880693503581,-0.16355895500804568,300.0
7.01,10.0,15.447913763634851,-0.17602132131153211,300.0
7.02,10.0,15.824145021366597,-0.18938288495101205,300.0
7.03,10.0,16.201568464646957,-0.2036165087258901,300.0
7.04,10.0,16.580178016440993,-0.21869378173072856,300.0
7.05,10.0,16.959967622444204,-0.2345855844610822,300.0
7.06,10.0,17.34093130211284,-0.25126234071195225,300.0
7.07,10.0,17.72306298399704,-0.26869329385680424,300.0
7.08,10.0,18.106356532574598,-0.28684666855263613,300.0
7.09,10.0,18.490805981359983,-0.3056907399331031,300.0
7.1,10.0,18.87640526112853,-0.325192683874841,300.0
7.11,10.0,19.263148134461616,-0.34531836576071273,300.0
7.12,10.0,19.651028638398028,-0.36603413802962065,300.0
7.13,10.0,20.04004075844325,-0.3873055766465331,300.0
7.14,10.0,20.430178145450377,-0.40909644117353655,300.0
7.15,10.0,20.82143469181326,-0.43137086836057226,300.0
7.16,10.0,21.213804418550794,-0.45409294723463783,300.0
7.17,10.0,21.607281136142408,-0.4772254798581908,300.0
7.18,10.0,22.00185876689239,-0.500731208139938,300.0
7.19,10.0,22.397531248571365,-0.52457248895844,300.0
7.2,10.0,22.79429240818394,-0.5487108546586051,300.0
7.21,10.0,23.19213605737218,-0.5731073879646499,300.0
7.22,10.0,23.59105616692515,-0.5977233682129242,300.0
7.23,10.0,23.991046573879785,-0.622519296357397,300.0
7.24,10.0,24.39210104905196,-0.6474551824528025,300.0
7.25,10.0,24.794213662469467,-0.6724917567352232,300.0
7.26,10.0,25.19737838598197,-0.6975892508845287,300.0
7.27,10.0,25.60158895098506,-0.7227070395171328,300.0
7.28,10.0,26.006839540040815,-0.7478057732941337,300.0
7.29,10.0,26.413124338963716,-0.7728460963873575,300.0
7.3,10.0,26.82043703997983,-0.7977873369245474,300.0
7.31,10.0,27.228771734662825,-0.822590102766381,300.0
7.32,10.0,27.638122796383694,-0.8472160348097155,300.0
7.33,10.0,28.04848432390818,-0.8716263625065002,300.0
7.34,10.0,28.459850643784485,-0.8957833596814275,300.0
7.35,10.0,28.872216157408793,-0.9196500014996147,300.0
7.36,10.0,29.285575177086418,-0.9431896818730049,300.0
7.37,10.0,29.699922031896822,-0.9663665503084765,300.0
7.38,10.0,30.115251334748134,-0.9891462713795731,300.0
7.39,10.0,30.5315575737551,-1.0114951220573853,300.0
7.4,10.0,30.948835180677733,-1.0333802644954675,300.0
7.41,10.0,31.367079050335676,-1.0547710109239508,300.0
7.42,10.0,31.786284040252742,-1.0756377570617093,300.0
7.43,10.0,32.2064448327885,-1.0959516966928502,300.0
7.44,10.0,32.62755637711196,-1.1156858533560565,300.0
7.45,10.0,33.04961362610839,-1.1348145449715605,300.0
7.46,10.0,33.47261158758953,-1.1533135978280415,300.0
7.47,10.0,33.896545373334334,-1.1711603569310127,300.0
7.48,10.0,34.32141022838464,-1.188333745997317,300.0
7.49,10.0,34.747201370104015,-1.2048141217117083,300.0
7.5,10.0,35.17391413448981,-1.2205833985769716,300.0
7.51,10.0,35.601543989494296,-1.2356249250399216,300.0
7.52,10.0,36.030086343345154,-1.249923451153901,300.0
7.53,10.0,36.45953663942633,-1.2634650992625704,300.0
7.54,10.0,36.88989054873979,-1.2762373878114954,300.0
7.55,10.0,37.32114365955715,-1.2882291238014603,300.0
7.56,10.0,37.75329148464341,-1.2994303793650308,300.0
7.57,10.0,38.1863298935012,-1.3098325051639945,300.0
7.58,10.0,38.62025471178887,-1.3194280446024418,300.0
7.59,10.0,39.05506160794404,-1.3282106712714357,300.0
7.6,10.0,39.49074644674767,-1.33617518070615,300.0
7.61,10.0,39.92730509325851,-1.3433174253483724,300.0
7.62,10.0,40.36473340901711,-1.3496342906798855,300.0
7.63,10.0,40.80302733469251,-1.3551236409812555,300.0
7.64,10.0,41.242182914341136,-1.359784287457629,300.0
7.65,10.0,41.6821961084341,-1.3636159662241374,300.0
7.66,10.0,42.12306295969365,-1.3666192905043097,300.0
7.67,10.0,42.564779632814634,-1.3687957289428316,300.0
7.68,10.0,43.007342180619524,-1.370147584084172,300.0
7.69,10.0,43.450746645617315,-1.370677964445534,300.0
7.7,10.0,43.89498931142667,-1.3703907659507648,300.0
7.71,10.0,44.340066336352464,-1.3692906501683098,300.0
7.72,10.0,44.78597373927738,-1.3673830343031894,300.0
7.73,10.0,45.2327079351284,-1.3646740791607126,300.0
7.74,10.0,45.68026524200945,-1.3611706674172082,300.0
7.75,10.0,46.12864164841756,-1.3568803948924217,300.0
7.76,10.0,46.57783361707737,-1.3518115808895017,300.0
7.77,10.0,47.02783774743779,-1.3459732538033413,300.0
7.78,10.0,47.47864996110037,-1.3393751106673417,300.0
7.79,10.0,47.930266665590544,-1.3320275683334504,300.0
7.8,10.0,48.382684873273,-1.3239417795392983,300.0
7.81,10.0,48.83590055669025,-1.3151295167882096,300.0
7.82,10.0,49.28991017769874,-1.3056032788160692,300.0
7.83,10.0,49.74471031430752,-1.29537626420189,300.0
7.84,10.0,50.20029744286066,-1.2844623499109895,300.0
7.85,10.0,50.65666810978318,-1.2728761046323083,300.0
7.86,10.0,51.113818952947646,-1.2606327807537872,300.0
7.87,10.0,51.571746638866074,-1.2477483212289713,300.0
7.88,10.0,52.03044789001462,-1.2342393545533776,300.0
7.89,10.0,52.48991932310595,-1.2201231288453422,300.0
7.9,10.0,52.95015772111719,-1.2054176281524691,300.0
7.91,10.0,53.41115985969147,-1.1901414814743965,300.0
7.92,10.0,53.87292256177519,-1.174313838551677,300.0
7.93,10.0,54.3354426685944,-1.1579546610273643,300.0
7.94,10.0,54.79871706700793,-1.1410843902689525,300.0
7.95,10.0,55.2627426834264,-1.123724019172305,300.0
7.96,10.0,55.72751647182152,-1.1058952737334615,300.0
7.97,10.0,56.193035432331875,-1.0876201110133101,300.0
7.98,10.0,56.6592965950026,-1.0689213176545251,300.0
7.99,10.0,57.12629702409525,-1.0498217723898406,300.0
8.0,10.0,57.59403382244731,-1.0303451255080984,300.0
8.01,10.0,58.062504116198056,-1.010515061319918,300.0
8.02,10.0,58.531705072285945,-0.9903559313156799,300.0
8.03,10.0,59.0016338783543,-0.9698920904390412,300.0
8.04,10.0,59.47228775735053,-0.9491483752878348,300.0
8.05,10.0,59.943663953239465,-0.9281496460451684,300.0
8.06,10.0,60.41575973878053,-0.9069210332720233,300.0
8.07,10.0,60.88857240757363,-0.8854877195256309,300.0
8.08,10.0,61.36209927459319,-0.8638749412007724,300.0
8.09,10.0,61.836337675880195,-0.8421080134264971,300.0
8.1,10.0,62.31128496051806,-0.8202121064259723,300.0
8.11,10.0,62.78693849902991,-0.7982124782216699,300.0
8.12,10.0,63.26329566669677,-0.7761340759733107,300.0
8.13,10.0,63.74035386129287,-0.7540019453009567,300.0
8.14,10.0,64.21811047847972,-0.7318407023232294,300.0
8.15,10.0,64.69656292908856,-0.7096748978279012,300.0
8.16,10.0,65.17570862360141,-0.6875287239210457,300.0
8.17,10.0,65.6555449767928,-0.6654260794590727,300.0
8.18,10.0,66.1360307006579,-0.6433600160014528,270.6293698953447
8.19,10.0,66.6169087387151,-0.6211501874617327,237.1598297798343
8.2,10.0,67.09784259825696,-0.5985355248609582,203.72928460979193
8.21,10.0,67.57849771375838,-0.5752365877394862,170.3763915646805
8.22,10.0,68.05854199398668,-0.5509534258245704,137.1154880828251
8.23,10.0,68.53764545128087,-0.5253632333436755,103.9523564825135
8.24,10.0,69.01548053072622,-0.4981182500982805,70.89013589680519
8.25,10.0,69.4917221216919,-0.46884609156774126,37.93120377698091
8.26,10.0,69.96604767929674,-0.43715106101032464,5.077423338044468
8.27,10.0,70.43813741586794,-0.40262002887580167,-27.66955927108745
8.28,10.0,70.90767453334804,-0.3648363018141448,-60.308226917945035
8.29,10.0,71.3743455202408,-0.32340293209424203,-92.83724073815449
8.3,10.0,71.83784045830481,-0.2779733967924247,-125.2554338753431
8.31,10.0,72.29785322679422,-0.22827943519385765,-157.56175101741002
8.32,10.0,72.75408153502904,-0.17414322689733777,-189.755123256738
8.33,10.0,73.20622684073881,-0.11547220126367057,-221.8343478096159
8.34,10.0,73.6539942496496,-0.05224357748696098,-253.79804257348394
8.35,10.0,74.09709247628899,0.015512492179726277,-285.64466931622877
8.36,10.0,74.53523774251411,0.08772295108082308,-300.0
8.37,10.0,74.9683251140237,0.16414131947040567,-300.0
8.38,10.0,75.39637780260632,0.24442939562524257,-300.0
8.39,10.0,75.819429379493,0.32826733116053197,-300.0
8.4,10.0,76.23751340220545,0.41535646541800536,-300.0
8.41,10.0,76.6506635521752,0.5054084460304602,-300.0
8.42,10.0,77.05891323293805,0.5981404237944173,-300.0
8.43,10.0,77.46229528237443,0.6932683618312945,-300.0
8.44,10.0,77.86084149060196,0.7904987665363529,-300.0
8.45,10.0,78.2545821606049,0.8895209332117865,-300.0
8.46,10.0,78.64354545110355,0.9899965596691916,-300.0
8.47,10.0,79.02775695825889,1.0915528707521989,-300.0
8.48,10.0,79.40723923261595,1.193774909929356,-300.0
8.49,10.0,79.78201134207505,1.2962010443245024,-300.0
8.5,10.0,80.1520891494173,1.3983354221749715,-300.0
8.51,10.0,80.51748594291888,1.499675091520538,-300.0
8.52,10.0,80.87821334986737,1.599744185396787,-300.0
8.53,10.0,81.23428234612034,1.6981250036688222,-300.0
8.54,10.0,81.58570396655645,1.7944716565030017,-300.0
8.55,10.0,81.93248961429505,1.8885051852783117,-300.0
8.56,10.0,82.27465116455454,1.9800007270453,-300.0
8.57,10.0,82.61220106567046,2.068775302633043,-300.0
8.58,10.0,82.94515242022666,2.154676481644591,-300.0
8.59,10.0,83.27351907375116,2.2375735035728734,-300.0
8.6,10.0,83.59731571480896,2.317351064349547,-300.0
8.61,10.0,83.9165579653492,2.39390468425792,-300.0
8.62,10.0,84.23126244415343,2.467137485478754,-300.0
8.63,10.0,84.54144678918061,2.536958399499225,-300.0
8.64,10.0,84.84712964782264,2.6032807094225636,-300.0
8.65,10.0,85.14833064790916,2.6660207501159205,-300.0
8.66,10.0,85.44507033717271,2.7250977589517675,-300.0
8.67,10.0,85.73737007143426,2.7804342152214354,-300.0
8.68,10.0,86.02525189821522,2.8319560679701326,-300.0
8.69,10.0,86.30873847159123,2.8795929687022173,-300.0
8.7,10.0,86.58785286715099,2.9232791747958102,-300.0
8.71,10.0,86.8626183986987,2.9629548157067096,-300.0
8.72,10.0,87.13305860258902,2.99856614087477,-300.0
8.73,10.0,87.39919697073697,3.0300675608388765,-300.0
8.74,10.0,87.66105695237833,3.057421777059461,-300.0
8.75,10.0,87.91866172136979,3.080601775269839,-300.0
8.76,10.0,88.17203420371675,3.099590594541922,-300.0
8.77,10.0,88.42119688810924,3.11438294403361,-300.0
8.78,10.0,88.66617181604384,3.1249850428614914,-300.0
8.79,10.0,88.90698055878788,3.1314143012779567,-300.0
8.8,10.0,89.14364417488416,3.1336992302012785,-300.0
8.81,10.0,89.37618319748015,3.131878760847022,-300.0
8.82,10.0,89.6046176514328,3.1260011262945877,-300.0
8.83,10.0,89.8289670781517,3.1161227870074755,-300.0
8.84,10.0,90.04925056269296,3.102307441811532,-300.0
8.85,10.0,90.26548677704201,3.0846249022080188,-300.0
8.86,10.0,90.47769403299397,3.0631498468302967,-300.0
8.87,10.0,90.68589034730152,3.0379610171952742,-300.0
8.88,10.0,90.89009351207781,3.009140271090726,-300.0
8.89,10.0,91.09032116092956,2.976771885133147,-300.0
8.9,10.0,91.28659084681787,2.940941908013918,-300.0
8.91,10.0,91.47892011939379,2.901737749368658,-300.0
8.92,10.0,91.66732661051525,2.8592481005766524,-300.0
8.93,10.0,91.85182811404648,2.813562466513101,-300.0
8.94,10.0,92.03244266427917,2.7647709333459316,-300.0
8.95,10.0,92.20918859011489,2.7129643767827765,-300.0
8.96,10.0,92.38208457499793,2.658234484692467,-300.0
8.97,10.0,92.55114973856257,2.6006739624622854,-300.0
8.98,10.0,92.71640367575876,2.5403770087958,-300.0
8.99,10.0,92.87786651893687,2.4774400807902794,-300.0
9.0,10.0,93.0355588993743,2.4119622660306463,-300.0
9.01,10.0,93.1895019912277,2.344046687965929,-300.0
9.02,10.0,93.33971748610564,2.2738012689642715,-300.0
9.03,10.0,93.4862275672499,2.2013411396082008,-300.0
9.04,10.0,93.62905486391995,2.1267906437028934,-300.0
9.05,10.0,93.76822240087368,2.0502856829664156,-300.0
9.06,10.0,93.90375354027755,1.971976703075097,-300.0
9.07,10.0,94.03567190194833,1.892032857645129,-300.0
9.08,10.0,94.1640013292961,1.8106434793160888,-300.0
9.09,10.0,94.28876576828884,1.7280225797208322,-300.0
9.1,10.0,94.40998911118513,1.6444118198109579,-300.0
9.11,10.0,94.52769501727641,1.5600785613590091,-300.0
9.12,10.0,94.64190668203348,1.4753105014410133,-300.0
9.13,10.0,94.75264649356215,1.3904062084453785,-300.0
9.14,10.0,94.85993566466054,1.305664403939085,-300.0
9.15,10.0,94.96379395035065,1.2213733378763993,-300.0
9.16,10.0,95.06423949173083,1.1378029252719624,-300.0
9.17,10.0,95.1612887767103,1.0552008452109494,-300.0
9.18,10.0,95.25495673073044,0.9737923819672685,-300.0
9.19,10.0,95.34525687955501,0.893781998356254,-300.0
9.2,10.0,95.43220156382088,0.815356072589296,-300.0
9.21,10.0,95.51580216462352,0.7386858482803175,-300.0
9.22,10.0,95.59606932975505,0.6639303406850643,-300.0
9.23,10.0,95.67301318844925,0.5912389395821817,-300.0
9.24,10.0,95.74664354411406,0.5207535910586745,-300.0
9.25,10.0,95.81697003686341,0.4526105143917623,-300.0
9.26,10.0,95.88400229504204,0.38694177942312785,-300.0
9.27,10.0,95.94775006075665,0.323876523499079,-300.0
9.28,10.0,96.00822324785636,0.26354125018595903,-300.0
9.29,10.0,96.0654320239522,0.2060605644099561,-300.0
9.3,10.0,96.11938686820285,0.15155747045237652,-300.0
9.31,10.0,96.17009855981033,0.10015282170407487,-300.0
9.32,10.0,96.21757820727635,0.05196506064763628,-300.0
9.33,10.0,96.26183726488746,0.007109796119561992,-300.0
9.34,10.0,96.30288750538492,-0.03430158970379149,-300.0
9.35,10.0,96.34074102489825,-0.07216327718529346,-300.0
9.36,10.0,96.3754102386046,-0.10637634548031985,-300.0
9.37,10.0,96.40690786654022,-0.13685104431643913,-300.0
9.38,10.0,96.43524693636147,-0.16350900322945042,-300.0
9.39,10.0,96.46044077930348,-0.1862851514465107,-300.0
9.4,10.0,96.48250303642311,-0.20513045042932912,-300.0
9.41,10.0,96.50144766523148,-0.2200138383655366,-300.0
9.42,10.0,96.51728893563804,-0.2309233232110469,-300.0
9.43,10.0,96.53004142203439,-0.2378665275829695,-300.0
9.44,10.0,96.53971999257493,-0.2408705902029334,-300.0
9.45,10.0,96.54633979497089,-0.23998131919293678,-300.0
9.46,10.0,96.54991623156656,-0.2352613377884622,-300.0
9.47,10.0,96.55046492995653,-0.22678773191882015,-300.0
9.48,10.0,96.54800171248313,-0.21464949139016645,-300.0
9.49,10.0,96.54254257072849,-0.19894526529700096,-300.0
9.5,10.0,96.53410364154145,-0.17978119180702723,-300.0
9.51,10.0,96.5227011866685,-0.15726898229700878,-300.0
9.52,10.0,96.50835157785957,-0.13152441471891752,-300.0
9.53,10.0,96.49107128635251,-0.10266615403241941,-300.0
9.54,10.0,96.47087686936591,-0.07081437081516068,-300.0
9.55,10.0,96.44778497019911,-0.03609045802917793,-300.0
9.56,10.0,96.42181231369997,0.001383561843658884,-300.0
9.57,10.0,96.39297569806115,0.0414857239241794,-300.0
9.58,10.0,96.3612919935331,0.08409368190488209,-300.0
9.59,10.0,96.32677813190725,0.1290855008535043,-300.0
9.6,10.0,96.28945109221219,0.17633920937281755,-300.0
9.61,10.0,96.24932788488768,0.2257328809572631,-300.0
9.62,10.0,96.20642552749113,0.27714449539732033,-300.0
9.63,10.0,96.16076100588933,0.3304513238777443,-300.0
9.64,10.0,96.11235124868675,0.3855298584097077,-300.0
9.65,10.0,96.0612130581138,0.4422550436209157,-300.0
9.66,10.0,96.00736307436817,0.5004998050084599,-300.0
9.67,10.0,95.95081769628614,0.5601343903263668,-300.0
9.68,10.0,95.89159300305374,0.6210255873492403,-300.0
9.69,10.0,95.82970470614741,0.683035789310003,-300.0
9.7,10.0,95.76516802124537,0.7460224437952591,-300.0
9.71,10.0,95.69799761567664,0.8098369697337182,-300.0
9.72,10.0,95.62820751914165,0.8743241973128177,-300.0
9.73,10.0,95.5558110554624,0.9393216476202763,-300.0
9.74,10.0,95.48082078787156,1.0046592926598712,-300.0
9.75,10.0,95.4032484867889,1.0701600568248537,-300.0
9.76,10.0,95.32310511933382,1.1356407899345933,-300.0
9.77,10.0,95.24040088795249,1.2009144146913115,-300.0
9.78,10.0,95.15514531459995,1.265793040317528,-300.0
9.79,10.0,95.06734728181374,1.3300902433240036,-300.0
9.8,10.0,94.97701520733385,1.3936261055191514,-300.0
9.81,10.0,94.88415719622961,1.456231236870089,-300.0
9.82,10.0,94.7887811713598,1.5177498151336473,-300.0
9.83,10.0,94.69089496875527,1.57804107410965,-300.0
9.84,10.0,94.59050642353525,1.636979918663776,-300.0
9.85,10.0,94.48762344231925,1.6944567748982633,-300.0
9.86,10.0,94.38225405137408,1.7503766663354738,-300.0
9.87,10.0,94.27440642329309,1.8046577593648532,-300.0
9.88,10.0,94.16408889339019,1.8572297576657246,-300.0
9.89,10.0,94.05130997282468,1.9080323885216535,-300.0
9.9,10.0,93.93607835870402,1.9570140364266846,-300.0
9.91,10.0,93.81840293991196,2.0041305168495906,-300.0
9.92,10.0,93.6982927992494,2.0493440048927978,-300.0
9.93,10.0,93.57575721325952,2.0926221387724757,-300.0
9.94,10.0,93.45080565017201,2.133937289332928,-300.0
9.95,10.0,93.32344776555618,2.1732659642542926,-300.0
9.96,10.0,93.19369339541171,2.21058831816121,-300.0
9.97,10.0,93.06155254693488,2.2458877516602165,-300.0
9.98,10.0,92.92703538738489,2.2791505868120234,-300.0
9.99,10.0,92.79015223137066,2.310365804653246,-300.0
10.0,10.0,92.65091352680727,2.3395248300841094,-300.0
10.01,10.0,92.50932983985876,2.3666213527537048,-300.0
10.02,10.0,92.36541183926019,2.39165117615755,-300.0
10.03,10.0,92.21917028041004,2.4146120887936786,-300.0
10.04,10.0,92.07061598957037,2.435503751766263,-300.0
10.05,10.0,91.91975984846788,2.454327598102528,-300.0
10.06,10.0,91.76661278002652,2.4710867429550816,-300.0
10.07,10.0,91.61118573437594,2.4857858956421732,-300.0
10.08,10.0,91.45348967578185,2.4984312712538883,-300.0
10.09,10.0,91.29353556871907,2.5090305042912124,-300.0
10.1,10.0,91.13133437511536,2.5175926151027377,-300.0
10.11,10.0,90.96689703425089,2.5241278854302087,-300.0
10.12,10.0,90.80023446883835,2.5286478290174332,-300.0
10.13,10.0,90.6313575637414,2.5311650946655857,-300.0
10.14,10.0,90.46027718077968,2.53169343605088,-300.0
10.15,10.0,90.2870041345554,2.530247613830841,-300.0
10.16,10.0,90.11154921330784,2.526843385809349,-300.0
10.17,10.0,89.93392315695236,2.521497410323667,-300.0
10.18,10.0,89.7541366786288,2.514227266072046,-300.0
10.19,10.0,89.57220044815249,2.505051352316921,-300.0
10.2,10.0,89.38812511224033,2.493988941717304,-300.0
10.21,10.0,89.20192128358094,2.4810600853119174,-300.0
10.22,10.0,89.01359955920505,2.466285687826095,-300.0
10.23,10.0,88.82317051476348,2.4496874334513894,-300.0
10.24,10.0,88.63064472047095,2.4312878724110734,-300.0
10.25,10.0,88.43603274002649,2.4111103815056802,-300.0
10.26,10.0,88.23934514370875,2.3891792557225755,-300.0
10.27,10.0,88.04059251093597,2.3655197153251555,-300.0
10.28,10.0,87.8397854406576,2.3401579971233306,-300.0
10.29,10.0,87.63693455586699,2.313121423359097,-300.0
10.3,10.0,87.43205051211578,2.284438483292834,-300.0
10.31,10.0,87.22514400163432,2.2541389872570514,-300.0
10.32,10.0,87.01622576138088,2.222254122767045,-300.0
10.33,10.0,86.80530657391434,2.1888167281940216,-300.0
10.34,10.0,86.59239727688617,2.1538612983620036,-300.0
10.35,10.0,86.37750875747943,2.117424425052291,-300.0
10.36,10.0,86.16065196538567,2.0795447212482596,-300.0
10.37,10.0,85.94183789873291,2.0402634542164133,-300.0
10.38,10.0,85.72107762023559,1.9996244104755079,-300.0
10.39,10.0,85.49838223549581,1.9576746711951594,-300.0
10.4,10.0,85.27376290992524,1.9144644843544665,-300.0
10.41,10.0,85.04723084077666,1.8700480856928168,-300.0
10.42,10.0,84.81879727318005,1.8244836385121324,-300.0
10.43,10.0,84.58847346527666,1.7778339515025257,-300.0
10.44,10.0,84.35627070309374,1.730166557888809,-300.0
10.45,10.0,84.12220025850904,1.6815541075421583,-300.0
10.46,10.0,83.88627339518098,1.63207457457813,-300.0
10.47,10.0,83.64850132532627,1.5818112561984339,-300.0
10.48,10.0,83.40889518811326,1.5308524235288132,-300.0
10.49,10.0,83.1674660261219,1.4792913868086726,-300.0
10.5,10.0,82.9242247325494,1.4272252183500642,-300.0
10.51,10.0,82.67918202346158,1.374754203379981,-300.0
10.52,10.0,82.43234840057909,1.3219813684098891,-300.0
10.53,10.0,82.18373410929766,1.2690113600730886,-300.0
10.54,10.0,81.93334909350439,1.215948622936962,-300.0
10.55,10.0,81.6812029723335,1.1628967915295016,-300.0
10.56,10.0,81.42730501215145,1.1099574712729088,-300.0
10.57,10.0,81.17166412410931,1.0572297022893675,-300.0
10.58,10.0,80.91428885956037,1.0048096048946678,-300.0
10.59,10.0,80.65518741463968,0.9527898549462029,-300.0
10.6,10.0,80.39436763159752,0.9012592020039806,-300.0
10.61,10.0,80.13183702047753,0.8503023975357127,-300.0
10.62,10.0,79.86760280046906,0.8000006391396879,-300.0
10.63,10.0,79.60167189643862,0.750430747761743,-300.0
10.64,10.0,79.33405100680906,0.7016664331290605,-300.0
10.65,10.0,79.06474661971977,0.653778024904555,-300.0
10.66,10.0,78.79376504440998,0.6068326689351526,-300.0
10.67,10.0,78.52111242900096,0.5608940998619194,-300.0
10.68,10.0,78.24679481735214,0.5160236355992086,-300.0
10.69,10.0,77.97081814124891,0.4722791615855864,-300.0
10.7,10.0,77.69318827663963,0.4297162163818602,-300.0
10.71,10.0,77.4139110790904,0.3883884764061098,-300.0
10.72,10.0,77.13299235469819,0.3483460680759074,-300.0
10.73,10.0,76.85043792063598,0.30963719714856014,-300.0
10.74,10.0,76.56625360839803,0.2723074379815946,-300.0
10.75,10.0,76.28044528298223,0.23640007834026314,-300.0
10.76,10.0,75.99301885158577,0.20195620066136022,-300.0
10.77,10.0,75.70398028217829,0.16901409560276043,-300.0
10.78,10.0,75.41333559090619,0.13760995213869234,-300.0
10.79,10.0,75.12109087143386,0.10777697790546256,-300.0
10.8,10.0,74.82725228978241,0.07954555432004715,-300.0
10.81,10.0,74.53182605831681,0.05294403216902192,-300.0
10.82,10.0,74.23481852853281,0.027996479496320253,-300.0
10.83,10.0,73.9362360810068,0.004725210071877837,-300.0
10.84,10.0,73.63608518065467,-0.016850567239720973,-300.0
10.85,10.0,73.33437237117074,-0.03671472438789026,-300.0
10.86,10.0,73.0311042667999,-0.054853981190623055,-300.0
10.87,10.0,72.7262875835424,-0.07125871536519987,-300.0
10.88,10.0,72.41992908835482,-0.08592195450296304,-300.0
10.89,10.0,72.11203563630845,-0.09884004103334991,-300.0
10.9,10.0,71.80261417613038,-0.11001269271526735,-300.0
10.91,10.0,71.49167162953559,-0.11944127787596549,-300.0
10.92,10.0,71.17921506777093,-0.12713118977440743,-300.0
10.93,10.0,70.86525159856271,-0.13309025549400816,-300.0
10.94,10.0,70.54978839575834,-0.137329098587601,-300.0
10.95,10.0,70.23283268940963,-0.13986099173635974,-300.0
10.96,10.0,69.914391734068,-0.1407013325705998,-300.0
10.97,10.0,69.59447283466459,-0.1398679526716388,-300.0
10.98,10.0,69.27308332825183,-0.13738081001254077,-300.0
10.99,10.0,68.95023059434648,-0.1332620424116855,-300.0
11.0,10.0,68.62592206608676,-0.12753599937711266,-300.0
11.01,10.0,68.30016518694343,-0.12022872518796812,-300.0
11.02,10.0,67.9729674654962,-0.11136838446273527,-300.0
11.03,10.0,67.64433641749089,-0.10098467505976687,-300.0
11.04,10.0,67.31427955127582,-0.08910864246822932,-300.0
11.05,10.0,66.9828044557598,-0.07577335419097506,-300.0
11.06,10.0,66.64991871228159,-0.061013137752475376,-300.0
11.07,10.0,66.31562993418511,-0.04486382145046671,-300.0
11.08,10.0,65.97994574182516,-0.02736251079639048,-300.0
11.09,10.0,65.64287375241115,-0.00854747839871105,-300.0
11.1,10.0,65.30442161502798,0.011541668654262403,-300.0
11.11,10.0,64.96459694567397,0.032864396148226435,-300.0
11.12,10.0,64.6234073971359,0.05537886158962343,-300.0
11.13,10.0,64.28086063244803,0.07904208928552717,-300.0
11.14,10.0,63.93696426038945,0.10381036831917047,-300.0
11.15,10.0,63.591725901298645,0.1296388653873869,-300.0
11.16,10.0,63.24515314412862,0.15648190227058884,-300.0
11.17,10.0,62.897253558941,0.18429284460797785,-300.0
11.18,10.0,62.54803469672838,0.21302407439925053,-300.0
11.19,10.0,62.19750407806587,0.2426270665629066,-300.0
11.2,10.0,61.84566914808554,0.2730526840576766,-300.0
11.21,10.0,61.492537322941885,0.30425079837499014,-300.0
11.22,10.0,61.13811594855168,0.3361703607037018,-300.0
11.23,10.0,60.782412297555034,0.3687596041631036,-300.0
11.24,10.0,60.42543356043269,0.40196581491713024,-300.0
11.25,10.0,60.06718683772911,0.4357354829227868,-300.0
11.26,10.0,59.70767913160929,0.47001423756460237,-300.0
11.27,10.0,59.34691733520416,0.5047468677129141,-300.0
11.28,10.0,58.98490822427075,0.5398773343953132,-300.0
11.29,10.0,58.62165844843275,0.5753487861527813,-300.0
11.3,10.0,58.257174521709324,0.6111035779109334,-300.0
11.31,10.0,57.89146281761622,0.6470833414412285,-300.0
11.32,10.0,57.52452955853951,0.6832289814867686,-300.0
11.33,10.0,57.15638081867747,0.7194808724080457,-300.0
11.34,10.0,56.78702250856419,0.755778776876004,-300.0
11.35,10.0,56.416460389317905,0.7920622177608099,-300.0
11.36,10.0,56.044700054257056,0.8282703515004187,-300.0
11.37,10.0,55.671746950861895,0.8643424626039405,-300.0
11.38,10.0,55.29760636394201,0.9002178552735636,-300.0
11.39,10.0,54.92228344209915,0.9358364129026402,-300.0
11.4,10.0,54.545783185715436,0.9711385587515224,-300.0
11.41,10.0,54.168110474409865,1.0060658054556746,-300.0
11.42,10.0,53.789270062654694,1.0405608200662104,-300.0
11.43,10.0,53.40926660407057,1.0745678905435525,-300.0
11.44,10.0,53.02810465620535,1.1080330790174835,-300.0
11.45,10.0,52.64578869871136,1.1409045877156327,-300.0
11.46,10.0,52.26232314527462,1.1731329112055369,-300.0
11.47,10.0,51.87771235692307,1.2046711510891812,-300.0
11.48,10.0,51.49196065636264,1.2354749382088643,-300.0
11.49,10.0,51.10507233855347,1.2655028508909028,-300.0
11.5,10.0,50.71705167996428,1.2947162777188896,-300.0
11.51,10.0,50.32790295000804,1.3230794945622906,-300.0
11.52,10.0,49.93763041974251,1.350559682225317,-300.0
11.53,10.0,49.54623836576897,1.3771267876581927,-300.0
11.54,10.0,49.15373108190703,1.4027536105181295,-300.0
11.55,10.0,48.760112877153325,1.4274154730563509,-300.0
11.56,10.0,48.36538808483696,1.4510902973078468,-300.0
11.57,10.0,47.969561063319894,1.473758383777698,-300.0
11.58,10.0,47.572636196347425,1.4954022647109848,-300.0
11.59,10.0,47.17461789902352,1.516006628004461,-300.0
11.6,10.0,46.775510613534685,1.5355581238208775,-300.0
11.61,10.0,46.375318813460055,1.5540452624837988,-300.0
11.62,10.0,45.974047001708,1.5714582643384472,-300.0
11.63,10.0,45.57169971039515,1.5877889630021573,-300.0
11.64,10.0,45.16828150174059,1.603030656592824,-300.0
11.65,10.0,44.76379696489833,1.617178032281022,-300.0
11.66,10.0,44.358250716983434,1.6302270378227592,-300.0
11.67,10.0,43.951647400700814,1.6421748076581548,-300.0
11.68,10.0,43.54399168345707,1.6530195829559664,-300.0
11.69,10.0,43.135288256440674,1.6627606039999967,-300.0
11.7,10.0,42.72554183258102,1.6713981055933167,-300.0
11.71,10.0,42.31475714592857,1.6789331724639411,-300.0
11.72,10.0,41.90293895031024,1.6853677589968885,-300.0
11.73,10.0,41.49009201797824,1.6907045696891643,-300.0
11.74,10.0,41.07622113811134,1.694947040019946,-300.0
11.75,10.0,40.66133111491567,1.6980994003238388,-300.0
11.76,10.0,40.245426767504924,1.7001664184757146,-300.0
11.77,10.0,39.828512929291016,1.7011536123069615,-300.0
11.78,10.0,39.41059444525042,1.7010670339441445,-300.0
11.79,10.0,38.99167617199004,1.6999133658493057,-300.0
11.8,10.0,38.57176297777016,1.6977000317398663,-300.0
11.81,10.0,38.15085973898881,1.6944348694030864,-300.0
11.82,10.0,37.72897134338024,1.6901264363579647,-300.0
11.83,10.0,37.306102685435704,1.684783797223927,-300.0
11.84,10.0,36.88225866882084,1.6784166542979468,-300.0
11.85,10.0,36.457444204823176,1.6710353067254407,-300.0
11.86,10.0,36.03166421045428,1.6626506145984554,-300.0
11.87,10.0,35.60492360852071,1.6532740484716375,-300.0
11.88,10.0,35.17722732766983,1.6429176875138838,-300.0
11.89,10.0,34.74858030358514,1.6315944107593172,-300.0
11.9,10.0,34.31898747521705,1.6193176548750823,-300.0
11.91,10.0,33.88845378477549,1.606101566650403,-300.0
11.92,10.0,33.45698417866518,1.5919610118120575,-300.0
11.93,10.0,33.02458360677407,1.5769117169808677,-300.0
11.94,10.0,32.59125702150037,1.5609702057151036,-300.0
11.95,10.0,32.15700937561544,1.5441538171149036,-300.0
11.96,10.0,31.721845619965393,1.526480773651538,-300.0
11.97,10.0,31.285770706875184,1.5079702168299232,-300.0
11.98,10.0,30.84878958670697,1.4886422166469788,-300.0
11.99,10.0,30.41090720710743,1.4685178218854527,-300.0
12.0,10.0,29.97212850680598,1.4476190837981653,-300.0
12.01,10.0,29.532458418348774,1.4259690889465764,-300.0
12.02,10.0,29.09190186491801,1.403591970964268,-300.0
12.03,10.0,28.650463753614286,1.380512914133148,-300.0
12.04,10.0,28.208148980367863,1.3567582301509467,-300.0
12.05,10.0,27.764962417593292,1.3323552056517909,-300.0
12.06,10.0,27.32090892068817,1.3073323201152047,-300.0
12.07,10.0,26.875993315458494,1.2817189867622252,-300.0
12.08,10.0,26.430220399737475,1.2555456860730243,-300.0
12.09,10.0,25.983594938446025,1.2288439017633581,-300.0
12.1,10.0,25.536121653744065,1.2016459054858868,-300.0
12.11,10.0,25.0878052304328,1.1739850213584382,-300.0
12.12,10.0,24.63865029827904,1.1458950140813264,-300.0
12.13,10.0,24.188661439541352,1.117410609581229,-300.0
12.14,10.0,23.737843178928184,1.0885671116547369,-300.0
12.15,10.0,23.286199980085666,1.0594004170176503,-300.0
12.16,10.0,22.833736240405194,1.0299468142606012,-300.0
12.17,10.0,22.380456285835706,1.0002426535089979,-300.0
12.18,10.0,21.92636436865161,0.97032474665993,-300.0
12.19,10.0,21.471464670306492,0.9402297694530625,-300.0
12.2,10.0,21.015761285868443,0.9099944454348823,-300.0
12.21,10.0,20.55925823616565,0.8796554095487963,-300.0
12.22,10.0,20.101959458365915,0.849249075971883,-300.0
12.23,10.0,19.643868808038462,0.8188116071323579,-300.0
12.24,10.0,19.184990062850655,0.7883788910842798,-300.0
12.25,10.0,18.725326916373877,0.7579863620128932,-300.0
12.26,10.0,18.26488299023954,0.7276690589495047,-300.0
12.27,10.0,17.803661819237412,0.6974614179639561,-300.0
12.28,10.0,17.341666856821444,0.6673971896699598,-300.0
12.29,10.0,16.878901483102993,0.6375095220889483,-300.0
12.3,10.0,16.415369023565322,0.6078310870689735,-300.0
12.31,10.0,15.951072723756674,0.5783936935448417,-300.0
12.32,10.0,15.486015781146575,0.5492286498049362,-300.0
12.33,10.0,15.02020133066623,0.5203664552872495,-300.0
12.34,10.0,14.553632442355159,0.4918366931952363,-300.0
12.35,10.0,14.086312140113451,0.46366822286045084,-300.0
12.36,10.0,13.618243416550806,0.43588936576403636,-300.0
12.37,10.0,13.149429214613269,0.4085274983412905,-300.0
12.38,10.0,12.67987243951282,0.38160919894447437,-300.0
12.39,10.0,12.209575966186001,0.3551602603584571,-300.0
12.4,10.0,11.7385426442786,0.3292056560112368,-300.0
12.41,10.0,11.266775300653944,0.30376951780026185,-300.0
12.42,10.0,10.79427674043003,0.2788751076177556,-300.0
12.43,10.0,10.321049752287433,0.2545448034476405,-300.0
12.44,10.0,9.847097116606811,0.23080014341382232,-300.0
12.45,10.0,9.372421608449745,0.20766182916483486,-300.0
12.46,10.0,8.897025994465729,0.18514960206386794,-300.0
12.47,10.0,8.420913031516585,0.1632822200483576,-300.0
12.48,10.0,7.944085484930554,0.14207758809849386,-300.0
12.49,10.0,7.466546130384717,0.12155278385422928,-300.0
12.5,10.0,6.9882977455830195,0.10172387643054538,-300.0
12.51,10.0,6.5093431064765515,0.0826059533886202,-300.0
12.52,10.0,6.029685007863041,0.06421319461878794,-300.0
12.53,10.0,5.549326259286177,0.04655878135033625,-300.0
12.54,10.0,5.068269682693183,0.029654914103379112,-300.0
12.55,10.0,4.58651809521297,0.0135127944403381,-300.0
12.56,10.0,4.104074336271437,-0.0018573920258257823,-300.0
12.57,10.0,3.6209412804619516,-0.016446412589248078,-300.0
12.58,10.0,3.1371218145019992,-0.03024606884702841,-300.0
12.59,10.0,2.65261881269921,-0.04324914501926653,-300.0
12.6,10.0,2.16743516412499,-0.055449428971100646,-300.0
12.61,10.0,1.6815738151416941,-0.06684168223828406,-300.0
12.62,10.0,1.1950377489367163,-0.0774216436677849,-300.0
12.63,10.0,0.7078299239703292,-0.08718603619997312,-300.0
12.64,10.0,0.2199532876946776,-0.09613254534608126,-300.0
12.65,10.0,-0.2685891672109926,-0.10425980419603996,-300.0
12.66,10.0,-0.7577944358824664,-0.11156736170117781,-300.0
12.67,10.0,-1.2476595071541423,-0.11805571338814577,-300.0
12.68,10.0,-1.738181322892272,-0.12372626023935114,-300.0
12.69,10.0,-2.229356822020265,-0.12858130397234316,-300.0
12.7,10.0,-2.7211829357061452,-0.13262402233229106,-300.0
12.71,10.0,-3.213656563353449,-0.13585846798570145,-300.0
12.72,10.0,-3.706774602429379,-0.13828951539127737,-300.0
12.73,10.0,-4.200533931405219,-0.13992288488546373,-300.0
12.74,10.0,-4.694931428163415,-0.1407650942399896,-300.0
12.75,10.0,-5.189963960111931,-0.14082345605535865,-300.0
12.76,10.0,-5.68562837379356,-0.14010601949788015,-300.0
12.77,10.0,-6.181921515254532,-0.1386215894716186,-300.0
12.78,10.0,-6.6788402274967975,-0.13637971957082637,-300.0
12.79,10.0,-7.176381346418328,-0.13339066658190632,-300.0
12.8,10.0,-7.67454168547048,-0.12966534151209272,-300.0
12.81,10.0,-8.173318045820984,-0.12521531283557558,-300.0
12.82,10.0,-8.672707242667062,-0.12005285403552711,-300.0
12.83,10.0,-9.172706098144065,-0.11419090828858183,-300.0
12.84,10.0,-9.673311407748212,-0.10764297354128807,-300.0
12.85,10.0,-10.174519947188823,-0.10042309685608515,-300.0
12.86,10.0,-10.676328507623898,-0.09254594967203279,-300.0
12.87,10.0,-11.178733888858373,-0.08402677253206069,-300.0
12.88,10.0,-11.681732875061991,-0.07488131372357514,-300.0
12.89,10.0,-12.185322245735103,-0.06512584799192063,-300.0
12.9,10.0,-12.68949879010462,-0.054777156510786434,-300.0
12.91,10.0,-13.194259323801813,-0.04385253707805452,-300.0
12.92,10.0,-13.699600656783954,-0.03236974449547987,-300.0
12.93,10.0,-14.205519564709165,-0.020346930896288848,-300.0
12.94,10.0,-14.71201284903251,-0.007802706217137074,-300.0
12.95,10.0,-15.219077374463167,0.005243844702157128,-300.0
12.96,10.0,-15.726709992595072,0.01877326828082869,-300.0
12.97,10.0,-16.234907482214613,0.032765842537040624,-300.0
12.98,10.0,-16.743666653070147,0.04720146611916417,-300.0
12.99,10.0,-17.252984434754193,0.062059566150154566,-300.0
13.0,10.0,-17.762857781054084,0.07731923909905593,-300.0
13.01,10.0,-18.27328351084491,0.09295947403395971,-300.0
13.02,10.0,-18.784258391184114,0.10895906758677536,-300.0
13.03,10.0,-19.295779366044066,0.12529635168162676,-300.0
13.04,10.0,-19.80784350249438,0.14194928212606997,-300.0
13.05,10.0,-20.32044776719551,0.158895746286327,-300.0
13.06,10.0,-20.833589119383902,0.1761134652765085,-300.0
13.07,10.0,-21.347264628533022,0.1935798635820343,-300.0
13.08,10.0,-21.86147138678237,0.21127220658152557,-300.0
13.09,10.0,-22.37620648838631,0.2291676443088804,-300.0
13.1,10.0,-22.891466954517835,0.24724334021952454,-300.0
13.11,10.0,-23.407249874311685,0.2654763005837505,-300.0
13.12,10.0,-23.923552531207264,0.28384323671420353,-300.0
13.13,10.0,-24.44037214607947,0.3023209218509916,-300.0
13.14,10.0,-24.957705835530973,0.3208862850829554,-300.0
13.15,10.0,-25.475550830975756,0.3395161287949075,-300.0
13.16,10.0,-25.99390447730662,0.3581871817719018,-300.0
13.17,10.0,-26.51276409345184,0.37687628638995985,-300.0
13.18,10.0,-27.032126999456363,0.3955603850318248,-300.0
13.19,10.0,-27.55199056395623,0.41421649285563666,-300.0
13.2,10.0,-28.072352278726985,0.43282165063534056,-300.0
13.21,10.0,-28.59320970844643,0.45135300036781123,-300.0
13.22,10.0,-29.114560331196817,0.4697880009116749,-300.0
13.23,10.0,-29.636401580096063,0.48810441185608217,-300.0
13.24,10.0,-30.15873110133105,0.5062800232719662,-300.0
13.25,10.0,-30.68154673778002,0.5242927117242638,-300.0
13.26,10.0,-31.20484617789478,0.5421208672370535,-300.0
13.27,10.0,-31.728626934724417,0.5597434587174576,-300.0
13.28,10.0,-32.25288672630857,0.5771396167503673,-300.0
13.29,10.0,-32.77762338171604,0.594288778772621,-300.0
13.3,10.0,-33.30283462670487,0.6111709631166773,-300.0
13.31,10.0,-33.82851821319199,0.6277666430610976,-300.0
13.32,10.0,-34.35467194412503,0.6440567578255986,-300.0
13.33,10.0,-34.88129376395481,0.6600226203315648,-300.0
13.34,10.0,-35.40838162099278,0.6756461182799213,-300.0
13.35,10.0,-35.935933403777916,0.6909097627773056,-300.0
13.36,10.0,-36.463947110417614,0.7057965717524747,-300.0
13.37,10.0,-36.99242076224227,0.7202902012269762,-300.0
13.38,10.0,-37.52135239791935,0.7343749459740969,-300.0
13.39,10.0,-38.050739992786596,0.7480357731342145,-300.0
13.4,10.0,-38.58058151213497,0.7612583529118371,-300.0
13.41,10.0,-39.110875036877985,0.7740290017264223,-300.0
13.42,10.0,-39.64161869847553,0.786334731605565,-300.0
13.43,10.0,-40.17281052879252,0.7981632995783866,-300.0
13.44,10.0,-40.70444851119007,0.8095031800190848,-300.0
13.45,10.0,-41.23653072223039,0.820343529580475,-300.0
13.46,10.0,-41.76905529433969,0.8306741318343466,-300.0
13.47,10.0,-42.30202029499342,0.8404855751112098,-300.0
13.48,10.0,-42.835423754786625,0.8497692692344987,-300.0
13.49,10.0,-43.36926376695066,0.8585172468843882,-300.0
13.5,10.0,-43.90353854473705,0.8667220426154851,-300.0
13.51,10.0,-44.43824624111042,0.874377045302777,-300.0
13.52,10.0,-44.97338479949231,0.88147666218471,-300.0
13.53,10.0,-45.50895227542931,0.8880158451308742,-300.0
13.54,10.0,-46.04494702437735,0.8939896796643605,-300.0
13.55,10.0,-46.581367274050535,0.8993941616730007,-300.0
13.56,10.0,-47.118210925674695,0.9042264907099065,-300.0
13.57,10.0,-47.65547604304674,0.9084842384250115,-300.0
13.58,10.0,-48.19316077788897,0.9121654684504964,-300.0
13.59,10.0,-48.73126319366531,0.9152690188966623,-300.0
13.6,10.0,-49.26978130990971,0.9177944187165937,-300.0
13.61,10.0,-49.808713140006375,0.919741813209091,-300.0
13.62,10.0,-50.348056775813255,0.9211118151155411,-300.0
13.63,10.0,-50.887810374474135,0.9219055165043196,-300.0
13.64,10.0,-51.42797203217285,0.9221246887409903,-300.0
13.65,10.0,-51.968539809141866,0.9217717338395022,-300.0
13.66,10.0,-52.50951183929468,0.9208494817388606,-300.0
13.67,10.0,-53.05088625354792,0.9193612999563971,-300.0
13.68,10.0,-53.59266115525649,0.9173111477552862,-300.0
13.69,10.0,-54.134834571567175,0.9147036541242749,-300.0
13.7,10.0,-54.67740454986562,0.9115439212201668,-300.0
13.71,10.0,-55.22036918796409,0.9078374869380851,-300.0
13.72,10.0,-55.76372651743111,0.9035905026902386,-300.0
13.73,10.0,-56.30747457374718,0.8988096034179577,-300.0
13.74,10.0,-56.85161139377712,0.893501911706647,-300.0
13.75,10.0,-57.39613507506096,0.8876749408771493,-300.0
13.76,10.0,-57.94104370948218,0.8813366804763646,-300.0
13.77,10.0,-58.48633540016587,0.8744955690270495,-300.0
13.78,10.0,-59.03200816366184,0.8671606412008293,-300.0
13.79,10.0,-59.57806010413407,0.8593412412696142,-300.0
13.8,10.0,-60.12448933340344,0.8510471444232959,-300.0
13.81,10.0,-60.67129399587872,0.8422885090734885,-300.0
13.82,10.0,-61.21847221706648,0.8330759500672246,-300.0
13.83,10.0,-61.76602206096985,0.8234205869106717,-300.0
13.84,10.0,-62.31394162401099,0.8133339007520011,-300.0
13.85,10.0,-62.8622290068224,0.8028277642079586,-300.0
13.86,10.0,-63.410882421835026,0.7919142339122709,-300.0
13.87,10.0,-63.95989999740518,0.780605896036922,-300.0
13.88,10.0,-64.50927989310861,0.7689156382255082,-300.0
13.89,10.0,-65.05902023796276,0.7568567300331263,-300.0
13.9,10.0,-65.60911921201625,0.7444427153329638,-300.0
13.91,10.0,-66.15957502597394,0.7316873869323731,-300.0
13.92,10.0,-66.71038592216641,0.7186047871605247,-300.0
13.93,10.0,-67.26155014214868,0.7052092670992374,-300.0
13.94,10.0,-67.8130659007831,0.6915154697131404,-300.0
13.95,10.0,-68.3649314623115,0.677538230581137,-300.0
13.96,10.0,-68.91714510638616,0.6632926005258483,-300.0
13.97,10.0,-69.46970516390311,0.6487937388492346,-300.0
13.98,10.0,-70.02260995702082,0.6340570530710726,-300.0
13.99,10.0,-70.57585782907579,0.6190980928589003,-300.0
14.0,10.0,-71.12944711905705,0.6039325782080545,-300.0
14.01,10.0,-71.68337620825959,0.5885763215705033,-300.0
14.02,10.0,-72.23764350709864,0.5730452052983386,-300.0
14.03,10.0,-72.79224745113157,0.557355182583644,-300.0
14.04,10.0,-73.34718648936278,0.5415222876437832,-300.0
14.05,10.0,-73.90245907175672,0.5255626293251535,-300.0
14.06,10.0,-74.45806368741096,0.5094923093586883,-300.0
14.07,10.0,-75.01399884404329,0.49332743889135644,-300.0
14.08,10.0,-75.57026308662117,0.4770840803123465,-300.0
14.09,10.0,-76.12685497003416,0.46077829001509624,-300.0
14.1,10.0,-76.68377306929982,0.4444260788131996,-300.0
14.11,10.0,-77.24101596816013,0.4280434199970514,-300.0
14.12,10.0,-77.79858228432288,0.41164617221521993,-300.0
14.13,10.0,-78.35647065693584,0.39525009604430855,-300.0
14.14,10.0,-78.91467974525871,0.3788708351506993,-300.0
14.15,10.0,-79.47320822639787,0.36252390236268334,-300.0
14.16,10.0,-80.03205478111002,0.34622471293545515,-300.0
14.17,10.0,-80.59121811991366,0.32998848327230523,-300.0
14.18,10.0,-81.15069696663886,0.3138302675718695,-300.0
14.19,10.0,-81.71049006785356,0.2977649237725876,-300.0
14.2,10.0,-82.27059618003503,0.2818071123015062,-300.0
14.21,10.0,-82.83101407275106,0.26597128960913785,-300.0
14.22,10.0,-83.39174252420864,0.25027170314680375,-300.0
14.23,10.0,-83.95278033046397,0.2347223379368814,-300.0
14.24,10.0,-84.51412630053841,0.21933693265218646,-300.0
14.25,10.0,-85.07577925369748,0.20412896078462167,-300.0
14.26,10.0,-85.6377380184898,0.1891116180237353,-300.0
14.27,10.0,-86.20000142583167,0.17429784805871662,-300.0
14.28,10.0,-86.76256831984008,0.15970026795610515,-300.0
14.29,10.0,-87.32543755001294,0.1453311958304683,-300.0
14.3,10.0,-87.88860797515328,0.13120263008954203,-300.0
14.31,10.0,-88.45207845607858,0.11732623836705715,-300.0
14.32,10.0,-89.01584785750964,0.10371336083316071,-300.0
14.33,10.0,-89.57991504600014,0.0903750005228873,-300.0
14.34,10.0,-90.1442788917408,0.07732178822651636,-300.0
14.35,10.0,-90.70893826881886,0.06456399791911784,-300.0
14.36,10.0,-91.27389205104006,0.05211152724856904,-300.0
14.37,10.0,-91.83913911188318,0.03997389026100422,-300.0
14.38,10.0,-92.40467832389871,0.0281602446265856,-300.0
14.39,10.0,-92.97050855875692,0.016679325242636277,-300.0
14.4,10.0,-93.53662868564834,0.005539472685461672,-300.0
14.41,10.0,-94.10303757208305,-0.0052513783879909,-300.0
14.42,10.0,-94.66973408592355,-0.015685698013997114,-300.0
14.43,10.0,-95.23671708678044,-0.02575639428749317,-300.0
14.44,10.0,-95.80398543154907,-0.03545680074045568,-300.0
14.45,10.0,-96.37153797479014,-0.04478064235675669,-300.0
14.46,10.0,-96.93937356678296,-0.05372206617582671,-300.0
14.47,10.0,-97.50749104964187,-0.06227570635149683,-300.0
14.48,10.0,-98.07588926065404,-0.07043662071364058,-300.0
14.49,10.0,-98.64456703651815,-0.07820022972717945,-300.0
14.5,10.0,-99.21352320416405,-0.08556244894161479,-300.0
14.51,10.0,-99.78275658329282,-0.09251964932026394,-300.0
14.52,10.0,-100.3522659877599,-0.09906863509093726,-300.0
14.53,10.0,-100.92205023301055,-0.10520655059692406,-300.0
14.54,10.0,-101.49210811861452,-0.11093109830427417,-300.0
14.55,10.0,-102.06243844015904,-0.11624038782527675,-300.0
14.56,10.0,-102.63303998774514,-0.12113295121307285,-300.0
14.57,10.0,-103.20391154987139,-0.1256076877075251,-300.0
14.58,10.0,-103.7750519012295,-0.12966402983926367,-300.0
14.59,10.0,-104.3464598121128,-0.1333018121470153,-300.0
14.6,10.0,-104.91813404885653,-0.13652125269711207,-300.0
14.61,10.0,-105.49007337264298,-0.13932297137055755,-300.0
14.62,10.0,-106.06227653436902,-0.14170807596995563,-300.0
14.63,10.0,-106.63474228010162,-0.14367806596049174,-300.0
14.64,10.0,-107.20746935371135,-0.14523477767207751,-300.0
14.65,10.0,-107.78045649104672,-0.1463804920887136,-300.0
14.66,10.0,-108.35370242126692,-0.14711790730802676,-300.0
14.67,10.0,-108.92720586865958,-0.1474501018773898,-300.0
14.68,10.0,-109.500965557377,-0.14738045152658238,-300.0
14.69,10.0,-110.07498020116968,-0.14691280455276257,-300.0
14.7,10.0,-110.64924851081503,-0.14605135070131328,-300.0
14.71,10.0,-111.22376919326005,-0.1448006344488012,-300.0
14.72,10.0,-111.79854095431178,-0.14316550885088888,-300.0
14.73,10.0,-112.37356249218817,-0.14115123728243212,-300.0
14.74,10.0,-112.94883250288508,-0.13876340397685877,-300.0
14.75,10.0,-113.52434968042743,-0.13600790526070666,-300.0
14.76,10.0,-114.10011271696843,-0.13289094551827063,-300.0
14.77,10.0,-114.67612030012722,-0.12941908207948744,-300.0
14.78,10.0,-115.25237111616332,-0.12559916670029264,-300.0
14.79,10.0,-115.82886385131057,-0.12143831668192208,-300.0
14.8,10.0,-116.40559718970798,-0.11694395294406182,-300.0
14.81,10.0,-116.98256981383983,-0.11212378967284416,-300.0
14.82,10.0,-117.55978040593023,-0.10698580558556436,-300.0
14.83,10.0,-118.13722765043606,-0.10153819848180515,-300.0
14.84,10.0,-118.71491022961415,-0.09578946066043895,-300.0
14.85,10.0,-119.29282682702255,-0.08974831505597268,-300.0
14.86,10.0,-119.87097612759855,-0.08342371221602328,-300.0
14.87,10.0,-120.44935681952995,-0.07682479848465487,-300.0
14.88,10.0,-121.02796759085078,-0.06996096512019895,-300.0
14.89,10.0,-121.60680713270867,-0.06284179489948284,-300.0
14.9,10.0,-122.18587413967971,-0.05547705329443369,-300.0
14.91,10.0,-122.76516731030232,-0.04787667690371389,-300.0
14.92,10.0,-123.34468534571921,-0.040050793317725084,-300.0
14.93,10.0,-123.92442695175562,-0.032009683904935346,-300.0
14.94,10.0,-124.50439083955622,-0.02376376498868562,-300.0
14.95,10.0,-125.08457572526419,-0.015323596652420644,-300.0
14.96,10.0,-125.66498033033366,-0.006699875777092276,-300.0
14.97,10.0,-126.24560338247659,0.0020965866993602057,-300.0
14.98,10.0,-126.8264436161749,0.011054892877159264,-300.0
14.99,10.0,-127.4074997726848,0.020164030515875907,-300.0
15.0,10.0,-127.98877060074761,0.029412906325068225,-300.0
15.01,10.0,-128.57025485691938,0.03879035553074744,-300.0
15.02,10.0,-129.1519513054731,0.04828516394874963,-300.0
15.03,10.0,-129.73385872004408,0.057886050231449306,-300.0
15.04,10.0,-130.31597588316652,0.06758169783755295,-300.0
15.05,10.0,-130.8983015863154,0.07736076408635437,-300.0
15.06,10.0,-131.48083462998667,0.08721189301101213,-300.0
15.07,10.0,-132.06357382622886,0.0971237139681421,-300.0
15.08,10.0,-132.64651799717043,0.10708486351583561,-300.0
15.09,10.0,-133.22966597179746,0.11708391419960762,-300.0
15.1,10.0,-133.81301659038132,0.12710946627278932,-300.0
15.11,10.0,-134.39656871603185,0.13715050015122135,-300.0
15.12,10.0,-134.98032121397483,0.14719580703672125,-300.0
15.13,10.0,-135.56417669879835,0.15713764500620078,-229.2501896862757
15.14,10.0,-136.14752838503887,0.16634831694775834,-150.80355474950943
15.15,10.0,-136.72959838045864,0.1739918905738495,-72.72914242916545
15.16,10.0,-137.30961868413436,0.1791906261246612,4.889888885045366
15.17,10.0,-137.88682835778891,0.18101022543102027,82.02405117508283
15.18,10.0,-138.46047612622644,0.17845329486828412,158.66077475142288
15.19,10.0,-139.02981905579446,0.1704662342728537,234.79516580655513
15.2,10.0,-139.59412225875695,0.15598518122941654,300.0
15.21,10.0,-140.1528402056336,0.13436067613281488,300.0
15.22,10.0,-140.70591607415113,0.10590826357374993,300.0
15.23,10.0,-141.25337261553108,0.07108706641348995,300.0
15.24,10.0,-141.79523240896555,0.030331295837533957,300.0
15.25,10.0,-142.33151818514852,-0.015955360093533995,300.0
15.26,10.0,-142.8622530939286,-0.06739875607961918,300.0
15.27,10.0,-143.3874609067625,-0.12365204048317781,300.0
15.28,10.0,-143.9071662389178,-0.18439195598441813,300.0
15.29,10.0,-144.4213947106576,-0.24931517932004196,300.0
15.3,10.0,-144.93017308535923,-0.3181345468288772,300.0
15.31,10.0,-145.4335293645832,-0.39057524642628805,300.0
15.32,10.0,-145.9314928359796,-0.46637112595591024,300.0
15.33,10.0,-146.42409406651078,-0.5452608843609236,300.0
15.34,10.0,-146.91136485049003,-0.6269838592760407,300.0
15.35,10.0,-147.39333811931692,-0.7112751950019152,300.0
15.36,10.0,-147.87004780777622,-0.7978603773194368,300.0
15.37,10.0,-148.34152869228694,-0.8864489963091905,300.0
15.38,10.0,-148.80781621678634,-0.9767276875137954,300.0
15.39,10.0,-149.26894631197234,-1.0683524819144634,300.0
15.4,10.0,-149.72495520292125,-1.1609417652611769,300.0
15.41,10.0,-150.17587917130976,-1.2540721183070453,300.0
15.42,10.0,-150.62175420534183,-1.3472808680204187,300.0
15.43,10.0,-151.06261542656776,-1.4400812682185682,300.0
15.44,10.0,-151.4984963368759,-1.5319881179428978,300.0
15.45,10.0,-151.92942798035702,-1.622550756865816,300.0
15.46,10.0,-152.35543840878753,-1.7113756941859426,300.0
15.47,10.0,-152.77655259984397,-1.798132941042258,300.0
15.48,10.0,-153.19279266222927,-1.8825531773677273,300.0
15.49,10.0,-153.6041783156951,-1.964416438476944,300.0
15.5,10.0,-154.01072737007155,-2.043542098152527,300.0
15.51,10.0,-154.41245621552196,-2.1197792566545814,300.0
15.52,10.0,-154.80938027233705,-2.1929988424842457,300.0
15.53,10.0,-155.2015143656956,-2.2630882220380175,300.0
15.54,10.0,-155.58887302784095,-2.3299475174007136,300.0
15.55,10.0,-155.971470808643,-2.393485041331147,300.0
15.56,10.0,-156.34932237832996,-2.4536181506882215,300.0
15.57,10.0,-156.7224427682693,-2.5102694157519903,300.0
15.58,10.0,-157.0908473968786,-2.5633675334309065,300.0
15.59,10.0,-157.4545521896151,-2.612846050870344,300.0
15.6,10.0,-157.8135736118449,-2.6586434099807366,300.0
15.61,10.0,-158.16792866839373,-2.7007032171049024,300.0
15.62,10.0,-158.5176348979624,-2.7389745823131504,300.0
15.63,10.0,-158.86271035936164,-2.773412546898917,300.0
15.64,10.0,-159.20317360729987,-2.8039785627535987,300.0
15.65,10.0,-159.5390436617106,-2.8306410252988634,300.0
15.66,10.0,-159.8703399702512,-2.853375863116881,300.0
15.67,10.0,-160.19708237385356,-2.87216702458133,300.0
15.68,10.0,-160.5192910724204,-2.887006855016307,300.0
15.69,10.0,-160.83698659540516,-2.897896286132053,300.0
15.7,10.0,-161.15018977920715,-2.9048448338420463,300.0
15.71,10.0,-161.45892173558752,-2.9078708559892292,300.0
15.72,10.0,-161.76320383757016,-2.907001042316254,300.0
15.73,10.0,-162.06305770242233,-2.902270019305547,300.0
15.74,10.0,-162.35850517917413,-2.893719748462003,300.0
15.75,10.0,-162.6495683284229,-2.8813993750892397,300.0
15.76,10.0,-162.9362694261643,-2.8653641396176757,300.0
15.77,10.0,-163.2186309595059,-2.8456747927443415,300.0
15.78,10.0,-163.49667562513065,-2.822396969628778,300.0
15.79,10.0,-163.77042632938975,-2.79560051810372,300.0
15.8,10.0,-164.039906188488,-2.7653589190595227,300.0
15.81,10.0,-164.30513853192278,-2.7317489027824817,300.0
15.82,10.0,-164.56614690109922,-2.694850110051054,300.0
15.83,10.0,-164.822955049031,-2.6547444917360665,300.0
15.84,10.0,-165.07558692741802,-2.6115165321024207,300.0
15.85,10.0,-165.32406667553568,-2.565252960581241,300.0
15.86,10.0,-165.5684186008343,-2.516042535890542,300.0
15.87,10.0,-165.80866712734178,-2.4639772236298243,300.0
15.88,10.0,-166.04483673130431,-2.4091521644151492,300.0
15.89,10.0,-166.276951916851,-2.351666114464428,300.0
15.9,10.0,-166.50503707919353,-2.2916226827812025,300.0
15.91,10.0,-166.72911642179636,-2.2291313125184455,300.0
15.92,10.0,-166.94921386887546,-2.1643085273750664,300.0
15.93,10.0,-167.16535277015046,-2.097280959261299,300.0
15.94,10.0,-167.377555980414,-2.0281859173541057,300.0
15.95,10.0,-167.5858453462272,-1.9571763637687527,300.0
15.96,10.0,-167.7902417588928,-1.884422250690635,300.0
15.97,10.0,-167.99076497077363,-1.810113855708784,300.0
15.98,10.0,-168.18743328880407,-1.734465926208075,300.0
15.99,10.0,-168.38026345232666,-1.6577190201020542,300.0
16.0,10.0,-168.56927061698607,-1.580138819549792,300.0
16.01,10.0,-168.7544684987834,-1.5020114377336349,300.0
16.02,10.0,-168.9358695324249,-1.423636156253845,300.0
16.03,10.0,-169.1134851286615,-1.3453155798641916,300.0
16.04,10.0,-169.28732601594112,-1.2673445473951868,300.0
16.05,10.0,-169.4574025641352,-1.1900015445368384,300.0
16.06,10.0,-169.62372502511553,-1.1135436729101615,300.0
16.07,10.0,-169.786303695305,-1.038205479784582,300.0
16.08,10.0,-169.94514904601806,-0.9641995993555579,300.0
16.09,10.0,-170.10027182909022,-0.8917187201812005,300.0
16.1,10.0,-170.25168315620436,-0.8209383677437135,300.0
16.11,10.0,-170.3993945700997,-0.7520195143600368,300.0
16.12,10.0,-170.54341810588585,-0.6851110782085297,300.0
16.13,10.0,-170.6837663399642,-0.6203521920261539,300.0
16.14,10.0,-170.82045243062413,-0.5578739539509645,300.0
16.15,10.0,-170.95349014424193,-0.4978007815934232,300.0
16.16,10.0,-171.08289386319439,-0.4402515702722415,300.0
16.17,10.0,-171.20867857979852,-0.3853404501529161,300.0
16.18,10.0,-171.33085987518572,-0.3331772007351054,300.0
16.19,10.0,-171.4494538818182,-0.2838674759286407,300.0
16.2,10.0,-171.56447722913654,-0.23751280518662407,300.0
16.21,10.0,-171.67594699404552,-0.19421023194795983,300.0
16.22,10.0,-171.78388062707995,-0.15405194668175354,300.0
16.23,10.0,-171.88829587179686,-0.11712457857666252,300.0
16.24,10.0,-171.98921066935148,-0.08350817565680363,300.0
16.25,10.0,-172.0866430851355,-0.05327517912410203,300.0
16.26,10.0,-172.18061124516032,-0.026489377163154512,300.0
16.27,10.0,-172.2711332568334,-0.003204870337084204,300.0
16.28,10.0,-172.35822713641986,0.016534896391744873,300.0
16.29,10.0,-172.44191072882217,0.03269841548827059,300.0
16.3,10.0,-172.52220165842706,0.04526697801043012,300.0
16.31,10.0,-172.5991172851181,0.05423531954966545,300.0
16.32,10.0,-172.67267468313204,0.059611794808598025,300.0
16.33,10.0,-172.7428906256873,0.06141809256583099,300.0
16.34,10.0,-172.8097815748413,0.059688739818448806,300.0
16.35,10.0,-172.87336368055102,0.054470525679075545,300.0
16.36,10.0,-172.93365280117473,0.04582156842490367,300.0
16.37,10.0,-172.99066453814476,0.033810009702802325,300.0
16.38,10.0,-173.04441427192313,0.01851263897356126,300.0
16.39,10.0,-173.09491719777708,1.3687520046494005e-05,300.0
16.4,10.0,-173.14218836893906,-0.021596257018504896,300.0
16.41,10.0,-173.1862427488742,-0.04622134202379297,300.0
16.42,10.0,-173.2270952650592,-0.07376149958476783,300.0
16.43,10.0,-173.26476085795207,-0.10411330009519425,300.0
16.44,10.0,-173.29925452692163,-0.13717056534978503,300.0
16.45,10.0,-173.33059137724302,-0.17282483687960004,300.0
16.46,10.0,-173.35878666685824,-0.21096577623810409,300.0
16.47,10.0,-173.3838558475708,-0.2514814614817967,300.0
16.48,10.0,-173.40581459807655,-0.2942585127800487,300.0
16.49,10.0,-173.42467885076886,-0.3391820554184615,300.0
16.5,10.0,-173.44046481415893,-0.38613558599815395,300.0
16.51,10.0,-173.45318898916065,-0.435000771966171,300.0
16.52,10.0,-173.46286817618443,-0.485657150848324,300.0
16.53,10.0,-173.4695194666665,-0.5379816080615166,300.0
16.54,10.0,-173.47316023594956,-0.5918478761788373,300.0
16.55,10.0,-173.47380814253904,-0.6471261402679243,300.0
16.56,10.0,-173.47148111900262,-0.7036825082864914,300.0
16.57,10.0,-173.4661972604397,-0.7613772739413163,300.0
16.58,10.0,-173.45797489291985,-0.8200653546224409,300.0
16.59,10.0,-173.4468324679947,-0.8795949723825908,300.0
16.6,10.0,-173.43278855305587,-0.939807091756314,300.0
16.61,10.0,-173.4158617289735,-1.0005348507088796,300.0
16.62,10.0,-173.3960705530133,-1.0616038752330839,300.0
16.63,10.0,-173.37343350292508,-1.1228328213097658,300.0
16.64,10.0,-173.34796889876318,-1.1840348996878518,300.0
16.65,10.0,-173.3196948122616,-1.24502013206063,300.0
16.66,10.0,-173.28862895021416,-1.3055977252237536,300.0
16.67,10.0,-173.2547885448243,-1.3655801094270665,300.0
16.68,10.0,-173.21819024644302,-1.4247866275638652,300.0
16.69,10.0,-173.17885003177335,-1.4830473459580649,300.0
16.7,10.0,-173.13678315062904,-1.5402058584633966,300.0
16.71,10.0,-173.09200410235297,-1.5961206308940983,300.0
16.72,10.0,-173.044526655185,-1.6506650178796864,300.0
16.73,10.0,-172.99436385888572,-1.7037280210292112,300.0
16.74,10.0,-172.9415281334316,-1.7552122702675859,300.0
16.75,10.0,-172.88603131955225,-1.8050338076316912,300.0
16.76,10.0,-172.8278847856437,-1.8531195537031158,300.0
16.77,10.0,-172.7670994892294,-1.8994066550895776,300.0
16.78,10.0,-172.70368605790577,-1.9438410393702903,300.0
16.79,10.0,-172.6376548716734,-1.9863757328766647,300.0
16.8,10.0,-172.56901610097492,-2.026971183943133,300.0
16.81,10.0,-172.4977798052707,-2.0655923995384065,300.0
16.82,10.0,-172.42395593280656,-2.1022108240248154,300.0
16.83,10.0,-172.34755442387504,-2.1368004119075827,300.0
16.84,10.0,-172.26858518295535,-2.169340787662157,300.0
16.85,10.0,-172.18705814760222,-2.199814560616187,300.0
16.86,10.0,-172.1029833037006,-2.228207609542534,300.0
16.87,10.0,-172.01637071047662,-2.254508317570969,300.0
16.88,10.0,-171.9272305063597,-2.278707763759232,300.0
16.89,10.0,-171.83557291986756,-2.3007998048481992,300.0
16.9,10.0,-171.7414082741512,-2.3207804749013503,300.0
16.91,10.0,-171.64474700126502,-2.3386484311680285,300.0
16.92,10.0,-171.54559963669718,-2.354403966078714,300.0
16.93,10.0,-171.44397682148502,-2.3680493928532678,300.0
16.94,10.0,-171.33988930361667,-2.3795890594407503,300.0
16.95,10.0,-171.23334793436612,-2.3890290942504637,300.0
16.96,10.0,-171.12436366700678,-2.396377377621632,300.0
16.97,10.0,-171.01294755190418,-2.401643394824392,300.0
16.98,10.0,-170.8991107343702,-2.404838244780648,300.0
16.99,10.0,-170.78286444692313,-2.4059744952885973,300.0
17.0,10.0,-170.66422000853493,-2.4050662048102005,300.0
17.01,10.0,-170.5431888194888,-2.4021288535749057,300.0
17.02,10.0,-170.41978235413748,-2.397179268750108,300.0
17.03,10.0,-170.2940121565831,-2.390235602645665,300.0
17.04,10.0,-170.16588983972238,-2.381317331049227,300.0
17.05,10.0,-170.03542707448756,-2.3704451829215394,300.0
17.06,10.0,-169.90263558598525,-2.357641156962741,300.0
17.07,10.0,-169.76752715161956,-2.3429285264940094,300.0
17.08,10.0,-169.6301135894788,-2.326331829981009,300.0
17.09,10.0,-169.49040675185083,-2.3078769143541353,300.0
17.1,10.0,-169.34841851872417,-2.2875909728575463,300.0
17.11,10.0,-169.20416078861487,-2.2655026290278597,300.0
17.12,10.0,-169.05764546839603,-2.241641927231021,300.0
17.13,10.0,-168.90888446556136,-2.2160404234697104,300.0
17.14,10.0,-168.75788966829242,-2.188731526874073,300.0
17.15,10.0,-168.60467294250864,-2.159750328128956,300.0
17.16,10.0,-168.4492461062961,-2.1291338393171375,300.0
17.17,10.0,-168.29162091936323,-2.0969212699637967,300.0
17.18,10.0,-168.13180905143435,-2.0631544275015123,300.0
17.19,10.0,-167.96982207872043,-2.027877477916386,300.0
17.2,10.0,-167.8056714563922,-1.991137362611325,300.0
17.21,10.0,-167.63936846270028,-1.95298474371103,300.0
17.22,10.0,-167.4709242097957,-1.913473583221854,300.0
17.23,10.0,-167.30034961775053,-1.872661515407044,300.0
17.24,10.0,-167.12765537021463,-1.8306104908274912,300.0
17.25,10.0,-166.95285187841174,-1.7873873080474656,300.0
17.26,10.0,-166.7759492728601,-1.7430635877550422,300.0
17.27,10.0,-166.59695735904356,-1.6977164287794653,300.0
17.28,10.0,-166.41588562431463,-1.6514280655923141,300.0
17.29,10.0,-166.23274320038053,-1.6042863982379494,300.0
17.3,10.0,-166.0475388764183,-1.5563844490112237,300.0
17.31,10.0,-165.8602810897598,-1.5078202272439511,300.0
17.32,10.0,-165.67097793727194,-1.45869617081444,300.0
17.33,10.0,-165.4796371913443,-1.4091183930740425,300.0
17.34,10.0,-165.28626633575,-1.3591955424800013,300.0
17.35,10.0,-165.090872585892,-1.309038004445991,300.0
17.36,10.0,-164.89346294720139,-1.2587562735364026,300.0
17.37,10.0,-164.69404424734356,-1.2084600230693336,300.0
17.38,10.0,-164.4926231823184,-1.1582569565646552,300.0
17.39,10.0,-164.28920636192922,-1.1082518533407817,300.0
17.4,10.0,-164.08380033518816,-1.0585461782885885,300.0
17.41,10.0,-163.87641161997192,-1.009237758740038,300.0
17.42,10.0,-163.66704674871013,-0.960419848931103,300.0
17.43,10.0,-163.45571227727032,-0.9121816827959524,300.0
17.44,10.0,-163.2424148229574,-0.8646079129213065,300.0
17.45,10.0,-163.02716108175585,-0.817778812347944,300.0
17.46,10.0,-162.80995782990217,-0.7717709681323166,300.0
17.47,10.0,-162.59081197118564,-0.7266563176554209,300.0
17.48,10.0,-162.36973050128856,-0.6825039245439034,300.0
17.49,10.0,-162.14672057465353,-0.6393783531715904,300.0
17.5,10.0,-161.92178945451872,-0.5973416054984182,300.0
17.51,10.0,-161.69494456195244,-0.5564520151744705,300.0
17.52,10.0,-161.46619347058194,-0.5167645974141902,300.0
17.53,10.0,-161.23554386114944,-0.47833247581985777,300.0
17.54,10.0,-161.0030036208688,-0.4412042209245982,300.0
17.55,10.0,-160.76858069325377,-0.4054277517254053,300.0
17.56,10.0,-160.53228324431146,-0.37104603474592784,300.0
17.57,10.0,-160.29411948129334,-0.3381013160705857,300.0
17.58,10.0,-160.05409776105512,-0.3066323198771364,300.0
17.59,10.0,-159.81222656936873,-0.2766744775880138,300.0
17.6,10.0,-159.56851445223805,-0.24826118623679969,300.0
17.61,10.0,-159.3229700495874,-0.2214228653168565,300.0
17.62,10.0,-159.07560205409828,-0.19618732603162908,300.0
17.63,10.0,-158.82641921674406,-0.1725794427511172,300.0
17.64,10.0,-158.57543032121873,-0.150621234749717,300.0
17.65,10.0,-158.3226441743861,-0.13033174161922526,300.0
17.66,10.0,-158.0680695989389,-0.1117270094171226,300.0
17.67,10.0,-157.81171541131448,-0.09482011241449394,300.0
17.68,10.0,-157.55359043062217,-0.079621119942826,300.0
17.69,10.0,-157.2937034296125,-0.06613703528196845,300.0
17.7,10.0,-157.03206315983275,-0.054371877580375684,300.0
17.71,10.0,-156.76867832110847,-0.04432663864970045,300.0
17.72,10.0,-156.5035575664485,-0.035999394804983695,300.0
17.73,10.0,-156.23670950317873,-0.029385283001608333,300.0
17.74,10.0,-155.96814267435286,-0.024476620734008737,300.0
17.75,10.0,-155.69786556254832,-0.021262997316906857,300.0
17.76,10.0,-155.42588659108836,-0.0197312603567248,300.0
17.77,10.0,-155.15221411677854,-0.01986571609451357,300.0
17.78,10.0,-154.87685643651793,-0.021648172361268255,300.0
17.79,10.0,-154.5998217873935,-0.025058036753498353,300.0
17.8,10.0,-154.3211183485592,-0.03007240382731858,300.0
17.81,10.0,-154.04075424667235,-0.03666622137508385,300.0
17.82,10.0,-153.75873756116448,-0.04481237365115834,300.0
17.83,10.0,-153.47507632592172,-0.05448171130314215,300.0
17.84,10.0,-153.18977853808553,-0.06564323129557488,300.0
17.85,10.0,-152.90285216418144,-0.07826414959305054,300.0
17.86,10.0,-152.61430514657832,-0.0923099886558697,300.0
17.87,10.0,-152.3241454119724,-0.10774469998240047,300.0
17.88,10.0,-152.0323808751101,-0.12453068148571997,300.0
17.89,10.0,-151.73901944881567,-0.14262889950167018,300.0
17.9,10.0,-151.4440690484529,-0.16199892942542207,300.0
17.91,10.0,-151.14753759845235,-0.18259901326632746,300.0
17.92,10.0,-150.84943303915804,-0.20438612873615053,300.0
17.93,10.0,-150.54976333293723,-0.22731604908931274,300.0
17.94,10.0,-150.24853646808717,-0.25134337210062463,300.0
17.95,10.0,-149.94576046340796,-0.2764215593119683,300.0
17.96,10.0,-149.6414433776071,-0.3025030356525631,300.0
17.97,10.0,-149.3355932969153,-0.32953901300012745,300.0
17.98,10.0,-149.02821836088938,-0.357479798675606,300.0
17.99,10.0,-148.71932674456434,-0.3862745935033134,300.0
18.0,10.0,-148.4089266611727,-0.4158715262767822,300.0
18.01,10.0,-148.09702638235117,-0.44621782390903447,300.0
18.02,10.0,-147.7836341890045,-0.4772594908654617,300.0
18.03,10.0,-147.46875842994078,-0.5089416751723927,300.0
18.04,10.0,-147.15240747426728,-0.5412084446696892,300.0
18.05,10.0,-146.83458971075387,-0.5740028188542076,300.0
18.06,10.0,-146.51531357631418,-0.6072668508512891,300.0
18.07,10.0,-146.19458749709364,-0.6409416033633405,300.0
18.08,10.0,-145.87241993784613,-0.6749671242101977,300.0
18.09,10.0,-145.54881934375308,-0.7092826437642306,300.0
18.1,10.0,-145.22379415718282,-0.7438264835750377,300.0
18.11,10.0,-144.89735281243605,-0.7785361871591385,300.0
18.12,10.0,-144.56950371260967,-0.8133487624629507,300.0
18.13,10.0,-144.24025523345253,-0.8482005565576339,300.0
18.14,10.0,-143.9096157026804,-0.8830278290365516,300.0
18.15,10.0,-143.5775933982474,-0.9177664960928926,300.0
18.16,10.0,-143.24419652770516,-0.9523529099112582,300.0
18.17,10.0,-142.90943322829006,-0.9867234447399447,300.0
18.18,10.0,-142.5733115483637,-1.0208150696697496,300.0
18.19,10.0,-142.2358394405478,-1.0545656111246975,300.0
18.2,10.0,-141.89702474576933,-1.0879146667742274,300.0
18.21,10.0,-141.5568751888168,-1.120802930789709,300.0
18.22,10.0,-141.21539836979414,-1.1531729235447963,300.0
18.23,10.0,-140.87260175093195,-1.1849693828564791,300.0
18.24,10.0,-140.528492665699,-1.2161396301319753,300.0
18.25,10.0,-140.18307829624078,-1.2466335763551235,300.0
18.26,10.0,-139.8363656880545,-1.276404021890486,300.0
18.27,10.0,-139.4883617419021,-1.3054065954819074,300.0
18.28,10.0,-139.13907321673352,-1.3335999342778293,300.0
18.29,10.0,-138.7885067352396,-1.3609455339566656,300.0
18.3,10.0,-138.43666878163629,-1.3874079950306162,300.0
18.31,10.0,-138.08356571351862,-1.4129548309414848,300.0
18.32,10.0,-137.72920376594092,-1.4375564573959678,300.0
18.33,10.0,-137.37358905767712,-1.4611861597649771,300.0
18.34,10.0,-137.01672760400726,-1.4838198138993697,300.0
18.35,10.0,-136.6586253200497,-1.505435924947004,300.0
18.36,10.0,-136.29928803325166,-1.526015326846895,300.0
18.37,10.0,-135.93872148910538,-1.5455411400610266,300.0
18.38,10.0,-135.5769313604143,-1.5639985986783815,300.0
18.39,10.0,-135.21392325419208,-1.5813749345781107,300.0
18.4,10.0,-134.84970271976405,-1.597659236880209,300.0
18.41,10.0,-134.48427525529206,-1.6128423418653781,300.0
18.42,10.0,-134.11764631365665,-1.626916711390118,300.0
18.43,10.0,-133.74982131007746,-1.6398763094238458,300.0
18.44,10.0,-133.38080562493403,-1.6517165205524211,300.0
18.45,10.0,-133.01060461053981,-1.662434038155404,300.0
18.46,10.0,-132.63922359423677,-1.6720267880895767,300.0
18.47,10.0,-132.26666788135935,-1.680493868052752,300.0
18.48,10.0,-131.8929427604739,-1.6878354428164526,300.0
18.49,10.0,-131.5180535032378,-1.6940527275641133,300.0
18.5,10.0,-131.1420053685052,-1.6991479008114099,300.0
18.51,10.0,-130.76480360338135,-1.7031240668917922,300.0
18.52,10.0,-130.38645344365867,-1.7059852244071563,300.0
18.53,10.0,-130.00696011648694,-1.7077362047941769,300.0
18.54,10.0,-129.6263288388138,-1.7083826712017207,300.0
18.55,10.0,-129.2445648187194,-1.7079310768770224,300.0
18.56,10.0,-128.86167325516263,-1.7063886456665744,300.0
18.57,10.0,-128.4776593364696,-1.7037633732832516,300.0
18.58,10.0,-128.09252824097263,-1.700063994615466,300.0
18.59,10.0,-127.70628513456066,-1.695299999439472,300.0
18.6,10.0,-127.31893516986689,-1.689481623117988,300.0
18.61,10.0,-126.93048348506258,-1.6826198428962529,300.0
18.62,10.0,-126.54093520089836,-1.6747264034429816,300.0
18.63,10.0,-126.1502954198131,-1.6658138084391845,300.0
18.64,10.0,-125.75856922275015,-1.6558953502622011,300.0
18.65,10.0,-125.36576166680429,-1.64498512622558,300.0
18.66,10.0,-124.97187778320213,-1.6330980486434727,300.0
18.67,10.0,-124.57692257338533,-1.620249887774366,300.0
18.68,10.0,-124.18090100696269,-1.6064572824357692,300.0
18.69,10.0,-123.78381801805396,-1.5917377783519489,300.0
18.7,10.0,-123.38567850214937,-1.5761098572733143,300.0
18.71,10.0,-122.98648731322467,-1.5595929619665931,300.0
18.72,10.0,-122.58624925990408,-1.542207536451141,300.0
18.73,10.0,-122.18496910263035,-1.52397504916064,300.0
18.74,10.0,-121.78265155016294,-1.5049180269737776,300.0
18.75,10.0,-121.3793012566997,-1.4850600757945505,300.0
18.76,10.0,-120.97492281864086,-1.4644259106544668,300.0
18.77,10.0,-120.56952077215908,-1.4430413641934676,300.0
18.78,10.0,-120.16309959058638,-1.4209334020750644,300.0
18.79,10.0,-119.75566368201116,-1.3981301318997794,300.0
18.8,10.0,-119.34721738837845,-1.3746607782393894,300.0
18.81,10.0,-118.93776498280991,-1.3505556987682439,300.0
18.82,10.0,-118.52731067015043,-1.3258463263811,300.0
18.83,10.0,-118.11585858609504,-1.300565145102026,300.0
18.84,10.0,-117.70341279671864,-1.274745655815187,300.0
18.85,10.0,-117.28997730117882,-1.24842227378946,300.0
18.86,10.0,-116.87555603071385,-1.221630307641248,300.0
18.87,10.0,-116.4601528526259,-1.194405831001571,300.0
18.88,10.0,-116.04377157226118,-1.1667856025386694,300.0
18.89,10.0,-115.62641593465358,-1.138806987585456,300.0
18.9,10.0,-115.20808963051327,-1.1105078039923495,300.0
18.91,10.0,-114.788796297589,-1.0819262539471917,300.0
18.92,10.0,-114.36853952655618,-1.0531007777046184,300.0
18.93,10.0,-113.9473228651071,-1.0240699521782828,300.0
18.94,10.0,-113.52514982164463,-0.9948723784054263,300.0
18.95,10.0,-113.10202387160432,-0.9655465667485188,300.0
18.96,10.0,-112.67794846101984,-0.9361308364322662,300.0
18.97,10.0,-112.25292701212112,-0.9066632138681562,300.0
18.98,10.0,-111.82696292780577,-0.8771813573208438,300.0
18.99,10.0,-111.40005959646186,-0.8477224469496626,300.0
19.0,10.0,-110.97222039649115,-0.8183231463523216,300.0
19.01,10.0,-110.54344870075425,-0.7890195117955183,300.0
19.02,10.0,-110.11374788091321,-0.7598469433536704,300.0
19.03,10.0,-109.68312131096086,-0.7308401514147722,300.0
19.04,10.0,-109.25157237179882,-0.7020330817271352,300.0
19.05,10.0,-108.81910445382395,-0.6734589179493468,300.0
19.06,10.0,-108.38572096066551,-0.6451500283712203,300.0
19.07,10.0,-107.95142531225139,-0.6171379452684234,300.0
19.08,10.0,-107.5162209466043,-0.5894533587388205,300.0
19.09,10.0,-107.0801113233896,-0.5621260778856302,300.0
19.1,10.0,-106.64309992473153,-0.5351850385440846,300.0
19.11,10.0,-106.20519025733164,-0.508658280659425,300.0
19.12,10.0,-105.76638585433378,-0.4825729380082165,300.0
19.13,10.0,-105.3266902750463,-0.45695523788140324,300.0
19.14,10.0,-104.88610710709509,-0.43183048417056025,300.0
19.15,10.0,-104.4446399656574,-0.40722305740951636,300.0
19.16,10.0,-104.00229249364521,-0.3831564047027363,300.0
19.17,10.0,-103.55906836245177,-0.3596530328063748,300.0
19.18,10.0,-103.11497126975715,-0.3367345030702609,300.0
19.19,10.0,-102.67000493961551,-0.31442142292265807,300.0
19.2,10.0,-102.22417312007258,-0.2927334394596324,300.0
19.21,10.0,-101.77747958395223,-0.27168923269652423,300.0
19.22,10.0,-101.32992812681545,-0.251306508973674,300.0
19.23,10.0,-100.88152256597766,-0.2316019948947355,300.0
19.24,10.0,-100.43226674022743,-0.21259142871936898,300.0
19.25,10.0,-99.98216450675349,-0.19428955528551115,300.0
19.26,10.0,-99.53121972033861,-0.1767101236354384,300.0
19.27,10.0,-99.07943626761464,-0.1598658718700657,300.0
19.28,10.0,-98.62681804095809,-0.14376852633021484,300.0
19.29,10.0,-98.17336893436892,-0.1284288242807133,300.0
19.3,10.0,-97.71909285233733,-0.1138564668558406,300.0
19.31,10.0,-97.2639937041108,-0.10006012734475662,300.0
19.32,10.0,-96.80807539702238,-0.08704749001319112,300.0
19.33,10.0,-96.35134183577823,-0.07482523499693751,300.0
19.34,10.0,-95.89379692509442,-0.06339897125270282,300.0
19.35,10.0,-95.4354445642813,-0.05277336997736158,300.0
19.36,10.0,-94.9762886459026,-0.04295212554624558,300.0
19.37,10.0,-94.51633305132962,-0.03393785586031909,300.0
19.38,10.0,-94.05558165602989,-0.025732262230351115,300.0
19.39,10.0,-93.59403832470548,-0.018336079898065846,300.0
19.4,10.0,-93.13170690411114,-0.01174902358924928,300.0
19.41,10.0,-92.66859123338456,-0.0059699378656194214,300.0
19.42,10.0,-92.2046951370225,-0.0009967388674510178,300.0
19.43,10.0,-91.74002241879914,0.0031736345487813527,300.0
19.44,10.0,-91.27457687319506,0.006545073829924923,300.0
19.45,10.0,-90.80836227723951,0.009122357014844793,300.0
19.46,10.0,-90.34138238626717,0.010911163619553715,300.0
19.47,10.0,-89.8736409467127,0.01191796087914212,300.0
19.48,10.0,-89.40514168608397,0.012150050083882287,300.0
19.49,10.0,-88.93588831060383,0.01161556099591275,300.0
19.5,10.0,-88.46588451858955,0.010323369770448135,300.0
19.51,10.0,-87.9951339894021,0.008283126199037864,300.0
19.52,10.0,-87.52364038348432,0.005505234592096216,300.0
19.53,10.0,-87.05140735457722,0.002000798234524148,300.0
19.54,10.0,-86.57843853885839,-0.0022183693918181777,300.0
19.55,10.0,-86.10473755710089,-0.007139769144041146,300.0
19.56,10.0,-85.63030802428166,-0.01275025262626247,300.0
19.57,10.0,-85.15515354058591,-0.01903602688918207,300.0
19.58,10.0,-84.67927769477208,-0.025982678694133284,300.0
19.59,10.0,-84.20268407084595,-0.033575199144104825,300.0
19.6,10.0,-83.7253762416228,-0.04179799943122217,300.0
19.61,10.0,-83.24735777235514,-0.05063493267383275,300.0
19.62,10.0,-82.76863222453161,-0.0600693115004602,300.0
19.63,10.0,-82.28920315262313,-0.07008393232484424,300.0
19.64,10.0,-81.8090741069679,-0.08066109340993567,300.0
19.65,10.0,-81.32824863481792,-0.09178260975261744,300.0
19.66,10.0,-80.84673028085439,-0.1034298416165302,300.0
19.67,10.0,-80.36452258831832,-0.11558370973978807,300.0
19.68,10.0,-79.88162909728386,-0.12822470999000066,300.0
19.69,10.0,-79.3980533498095,-0.14133294315429454,300.0
19.7,10.0,-78.9137988879805,-0.15488812844520106,300.0
19.71,10.0,-78.42886924911338,-0.16886962008562517,300.0
19.72,10.0,-77.94326797680618,-0.18325643458016191,300.0
19.73,10.0,-77.4569986148908,-0.19802726545200122,300.0
19.74,10.0,-76.97006470960348,-0.21316050399773193,300.0
19.75,10.0,-76.4824697945729,-0.22863426993437064,300.0
19.76,10.0,-75.99421741739627,-0.24442641276937865,300.0
19.77,10.0,-75.50531112559445,-0.26051454176743893,300.0
19.78,10.0,-75.01575446753816,-0.2768760453772745,300.0
19.79,10.0,-74.52555098647072,-0.2934881119601232,300.0
19.8,10.0,-74.03470423116777,-0.3103277473709866,300.0
19.81,10.0,-73.54321775375067,-0.32737179537965966,300.0
19.82,10.0,-73.05109510663958,-0.3445969582814187,300.0
19.83,10.0,-72.5583398137738,-0.3619798766968501,300.0
19.84,10.0,-72.06495539995502,-0.37949709158985145,300.0
19.85,10.0,-71.57094540953125,-0.39712502742322214,300.0
19.86,10.0,-71.07631337124208,-0.41484008204665473,300.0
19.87,10.0,-70.58106279365192,-0.4326186946443217,300.0
19.88,10.0,-70.08519716799479,-0.45043735188139955,300.0
19.89,10.0,-69.58872000066292,-0.46827246126790156,300.0
19.9,10.0,-69.09163477731823,-0.4861005307920309,300.0
19.91,10.0,-68.59394495606695,-0.5038983188517481,300.0
19.92,10.0,-68.0956539885022,-0.5216426212736313,300.0
19.93,10.0,-67.59676531426534,-0.5393103425444089,300.0
19.94,10.0,-67.09728235254832,-0.5568786051359246,300.0
19.95,10.0,-66.5972085068852,-0.5743250028438449,300.0
19.96,10.0,-66.09654715819745,-0.5916271212536589,300.0
19.97,10.0,-65.59530166759828,-0.6087629270665665,300.0
19.98,10.0,-65.09347537082749,-0.6257106956911128,300.0
19.99,10.0,-64.59107157032118,-0.6424490120485523,300.0
20.0,10.0,-64.08809355434481,-0.6589568908366388,300.0
20.0,10.0,-64.08809355434481,-0.6589568908366388,300.0
