time,setpoint.y,gantry.x,gantry.theta,pid.y
0.0,10.0,0.0,0.0,300.0
0.01,10.0,0.0014975530828175516,-0.0014942104969953684,300.0
0.02,10.0,0.005980487961531792,-0.005951079726526893,300.0
0.03,10.0,0.01343435456315022,-0.013326363198245072,300.0
0.04,10.0,0.023844871390402096,-0.02356883718902055,300.0
0.05,10.0,0.0371979047995762,-0.03662093793731308,300.0
0.06,10.0,0.05347944425893702,-0.052419410706402075,300.0
0.07,10.0,0.07267557446018007,-0.07089594428619336,300.0
0.08,10.0,0.09477244515361527,-0.09197777111579952,300.0
0.09,10.0,0.11975623944668827,-0.11558821957077471,300.0
0.1,10.0,0.14761314179175286,-0.14164720179391188,300.0
0.11,10.0,0.17832930606153305,-0.17007163693072586,300.0
0.12,10.0,0.21189082413035054,-0.20077580908784895,300.0
0.13,10.0,0.24828369679008658,-0.2336716427117628,300.0
0.14,10.0,0.28749380612572223,-0.2686689189920592,300.0
0.15,10.0,0.3295068906145721,-0.30567540737615434,300.0
0.16,10.0,0.37430852817648896,-0.34459691190789987,300.0
0.17,10.0,0.42188411759679156,-0.385337277156174,300.0
0.18,10.0,0.47221886508920957,-0.4277983229359403,300.0
0.19,10.0,0.5252977782440956,-0.47187969505619204,300.0
0.2,10.0,0.5811056646329151,-0.5174786606890317,300.0
0.21,10.0,0.6396271344252549,-0.5644898341110707,300.0
0.22,10.0,0.7008466083188548,-0.6128048643299362,300.0
0.23,10.0,0.7647483325302239,-0.6623120599445165,300.0
0.24,10.0,0.8313163942232201,-0.7128960182740252,300.0
0.25,10.0,0.9005347366142213,-0.7644372489277347,300.0
0.26,10.0,0.9723871979473354,-0.8168117369956708,300.0
0.27,10.0,1.0468575305596575,-0.8698905901657468,300.0
0.28,10.0,1.1239294354809417,-0.9235397926828225,300.0
0.29,10.0,1.2035866069011292,-0.9776202016274615,300.0
0.3,10.0,1.285812767602015,-1.031987509989997,300.0
0.31,10.0,1.3705917211701102,-1.086492980935097,300.0
0.32,10.0,1.457907402324748,-1.1409843864767388,300.0
0.33,10.0,1.5477439407149394,-1.195307572126364,300.0
0.34,10.0,1.640085717294314,-1.2493076098144908,300.0
0.35,10.0,1.7349174329632422,-1.3028307837144228,300.0
0.36,10.0,1.832224189694945,-1.3557278974183244,300.0
0.37,10.0,1.9319915442210343,-1.4078561985691587,300.0
0.38,10.0,2.034205555145241,-1.4590813134269305,300.0
0.39,10.0,2.1388457958248086,-1.5092785086495286,287.1014285155168
0.4,10.0,2.245777733727445,-1.558328112089755,265.1346624378999
0.41,10.0,2.3547778361917957,-1.6061314922449124,243.84917993679812
0.42,10.0,2.46562834726111,-1.6526202292693946,223.38808055969434
0.43,10.0,2.578120913164135,-1.6977516356329312,203.78769526371127
0.44,10.0,2.692057036433927,-1.7415055141638318,185.04071043406248
0.45,10.0,2.8072477713386363,-1.7838801263835968,167.12567651541337
0.46,10.0,2.9235139000658164,-1.824890236812369,150.01520115202857
0.47,10.0,3.0406848296596345,-1.8645621272235806,133.68362268350188
0.48,10.0,3.15859837771572,-1.90293233003478,118.10477101432525
0.49,10.0,3.2771005319442037,-1.94004607893136,103.25181899402048
0.5,10.0,3.3960450518176106,-1.975955352128076,89.09969063171798
0.51,10.0,3.5152931440382664,-2.010717797240413,75.62463170065382
0.52,10.0,3.6347132122488204,-2.04439599217627,62.80280914660011
0.53,10.0,3.7541805552540053,-2.0770562899979526,50.61133427013874
0.54,10.0,3.8735770644959313,-2.108768005523841,39.02854562563664
0.55,10.0,3.992791011860436,-2.139603042910768,28.033265299959226
0.56,10.0,4.1117167729030735,-2.1696353271657176,17.604636472067227
0.57,10.0,4.230254674178023,-2.1989405619157485,7.722462256250992
0.58,10.0,4.348310780872245,-2.2275958444519377,-1.6326329629558813
0.59,10.0,4.465796446434895,-2.255678803688489,-10.480073072593655
0.6,10.0,4.58262833060906,-2.28326780140603,-18.838355739419285
0.61,10.0,4.698728249819414,-2.310441951759861,-26.725026215524963
0.62,10.0,4.814022819780283,-2.3372804458690366,-34.1574650718203
0.63,10.0,4.928443384031659,-2.363862741566685,-41.152613243109045
0.64,10.0,5.041925745012227,-2.390268138567693,-47.72705506203965
0.65,10.0,5.154410025058355,-2.416575719284215,-53.89690635882022
0.66,10.0,5.265840464710019,-2.442864125647039,-59.67768410398446
0.67,10.0,5.376165294189476,-2.4692115482839347,-65.08441906689694
0.68,10.0,5.485336534303426,-2.4956955012663475,-70.13162786611213
0.69,10.0,5.593309876109419,-2.5223928172930874,-74.83346642762632
0.7,10.0,5.700044501018388,-2.549379416885125,-79.20365885281461
0.71,10.0,5.805502933940476,-2.576730219675634,-83.25554845054887
0.72,10.0,5.909650896446881,-2.6045189130916557,-87.00201158327474
0.73,10.0,6.012457166191293,-2.6328177920452123,-90.45550809300698
0.74,10.0,6.113893430977113,-2.6616975597759134,-93.62805015015118
0.75,10.0,6.2139341726567725,-2.6912270635321187,-96.5312760061401
0.76,10.0,6.312556526577222,-2.7214730750049037,-99.17643236656153
0.77,10.0,6.409740164379562,-2.752500012647546,-101.57442468231659
0.78,10.0,6.505467179993829,-2.7843696133001483,-103.73578674306401
0.79,10.0,6.59972196757565,-2.8171406810064004,-105.67071388890565
0.8,10.0,6.692491120340162,-2.8508687297244357,-107.38904822925161
0.81,10.0,6.783763332053848,-2.885605711359267,-108.9003274565332
0.82,10.0,6.873529288705584,-2.9213997359477917,-110.21378474013716
0.83,10.0,6.961781591279132,-2.958294819472371,-111.33839498190457
0.84,10.0,7.04851466862917,-2.996330738830611,-112.28287279292022
0.85,10.0,7.1337246863232995,-3.0355427885472435,-113.05570110716934
0.86,10.0,7.217409487880694,-3.0759618078313675,-113.66513487673802
0.87,10.0,7.299568517666403,-3.117614139351099,-114.1192268944468
0.88,10.0,7.380202747471726,-3.1605215469862773,-114.4258394566179
0.89,10.0,7.459314628458815,-3.204701496527361,-114.59266358109318
0.9,10.0,7.5369080211562025,-3.2501671582513567,-114.62722519593484
0.91,10.0,7.612988140380495,-3.2969275983774966,-114.53689916126933
0.92,10.0,7.6875615047853145,-3.344988052858806,-114.32890333542485
0.93,10.0,7.760635876518971,-3.394350042491915,-114.01031024821174
0.94,10.0,7.832220212392504,-3.4450116611031842,-113.5880410178199
0.95,10.0,7.902324610147573,-3.4969677653607665,-113.06886481861994
0.96,10.0,7.970960254038612,-3.5502101687011085,-112.45939765532125
0.97,10.0,8.038139363466927,-3.6047278421921694,-111.76609291545117
0.98,10.0,8.103875136977717,-3.6605070308073198,-110.99523118606288
0.99,10.0,8.168181698773939,-3.717531431897707,-110.15291580960303
1.0,10.0,8.231074041088293,-3.7757822243154986,-109.24505497013752
1.01,10.0,8.292567966263517,-3.83523810137841,-108.27735468831088
1.02,10.0,8.352680030821707,-3.895875356305982,-107.25530719261849
1.03,10.0,8.411427482063548,-3.957667702636539,-106.18417839930171
1.04,10.0,8.468828199620932,-4.020586219160296,-105.06899863924878
1.05,10.0,8.524900634832626,-4.0845992467580166,-103.91455171004765
1.06,10.0,8.579663747169361,-4.149672029676454,-102.72536776460026
1.07,10.0,8.63313694487825,-4.215766553409052,-101.50571574316064
1.08,10.0,8.685340022497925,-4.282841191626308,-100.2595972552063
1.09,10.0,8.736293100818827,-4.350850263961192,-98.99074493810835
1.1,10.0,8.786016566123932,-4.419743767834909,-97.70261475465864
1.11,10.0,8.834531010397631,-4.489466882726733,-96.39838484038185
1.12,10.0,8.881857171326892,-4.559959690243633,-95.08094681123816
1.13,10.0,8.928015870703167,-4.631156900931699,-93.75289875864092
1.14,10.0,8.973027953174451,-4.702987718516387,-92.41653239602127
1.15,10.0,9.016914219958629,-4.775376085867752,-91.07381571510584
1.16,10.0,9.059695364397564,-4.848240868785228,-89.72638080171235
1.17,10.0,9.101391900100833,-4.921496884332808,-88.37550040169091
1.18,10.0,9.142024097780194,-4.995055468381898,-87.02209245709611
1.19,10.0,9.181611920808294,-5.068825782677001,-85.6667233053061
1.2,10.0,9.22017496620256,-5.142715968733219,-84.30962503557073
1.21,10.0,9.25773242384684,-5.216634491432098,-82.95075408679187
1.22,10.0,9.294303041675692,-5.290491131610931,-81.58984088921304
1.23,10.0,9.329905117377022,-5.364197822051768,-80.22647310858272
1.24,10.0,9.364556509278593,-5.4376691208734185,-78.86018370841234
1.25,10.0,9.398274653481089,-5.510822248476569,-77.49050486547469
1.26,10.0,9.43107656434675,-5.58357778436276,-76.11702458031857
1.27,10.0,9.462978898148776,-5.6558589940916715,-74.7394418454986
1.28,10.0,9.493997971865012,-5.727592156084931,-73.35760177415882
1.29,10.0,9.524149813336882,-5.798706231143269,-71.97152016603587
1.3,10.0,9.553450214090311,-5.869132328066425,-70.58139681293063
1.31,10.0,9.581914751026085,-5.9388039814956235,-69.18761656403171
1.32,10.0,9.60955884085205,-6.007656389456088,-67.79074375763724
1.33,10.0,9.63639776500988,-6.075626536586521,-66.39151112695606
1.34,10.0,9.662446699503736,-6.142653005272704,-64.99079941840591
1.35,10.0,9.687720746433778,-6.208675631709377,-63.5896185942798
1.36,10.0,9.712234945418194,-6.273635895165315,-62.189088242474135
1.37,10.0,9.73600429754309,-6.337476579816235,-60.790415041415024
1.38,10.0,9.759043774147294,-6.400142139996137,-59.39487392483976
1.39,10.0,9.781368323655364,-6.461578956168769,-58.003790011412974
1.4,10.0,9.802992880639202,-6.521735465424189,-56.61852288390839
1.41,10.0,9.823932365586993,-6.580562920692844,-55.240457361071584
1.42,10.0,9.844201690186457,-6.638015627966251,-53.8709927040872
1.43,10.0,9.863815757326957,-6.694051691980529,-52.511537202169556
1.44,10.0,9.88278946101958,-6.748633696313978,-51.16350513951334
1.45,10.0,9.901137687290232,-6.801729138355728,-49.828309599728705
1.46,10.0,9.91887531122892,-6.853311218349948,-48.50735811830423
1.47,10.0,9.936017192978264,-6.903359017793616,-47.20203924863339
1.48,10.0,9.95257817109849,-6.95185791196723,-45.913710754398444
1.49,10.0,9.968573050360215,-6.998799539757217,-44.64367886828056
1.5,10.0,9.984016585500092,-7.044181435000264,-43.39317404626937
1.51,10.0,9.998923461547225,-7.0880067713976045,-42.16333056086812
1.52,10.0,10.013308268934166,-7.130283569691696,-40.9551634893527
1.53,10.0,10.027185478805839,-7.17102411477457,-39.76955196597174
1.54,10.0,10.040569413623173,-7.210244106784415,-38.60722971879318
1.55,10.0,10.053474220752587,-7.247961875130859,-37.46878084734948
1.56,10.0,10.065913848608673,-7.284197835511192,-36.354644092602136
1.57,10.0,10.077902023078629,-7.318973772757656,-35.265118660796
1.58,10.0,10.089452227458537,-7.352312358271302,-34.20037449490682
1.59,10.0,10.100577687397172,-7.384236786086963,-33.160467635804615
1.6,10.0,10.111291355970039,-7.414770329678149,-32.14535090733133
1.61,10.0,10.121605904188156,-7.443936165567834,-31.154888965977122
1.62,10.0,10.131533711896195,-7.471757076026145,-30.188870254254738
1.63,10.0,10.141086862035465,-7.498255312318367,-29.24701993649441
1.64,10.0,10.150277138490527,-7.523452520646126,-28.329010948834096
1.65,10.0,10.159116023020788,-7.547369588197194,-27.434473030287727
1.66,10.0,10.167614696362143,-7.57002666422895,-26.563002173757873
1.67,10.0,10.17578403860342,-7.591443071850938,-25.71416736065097
1.68,10.0,10.183634631811687,-7.611637315110941,-24.887517270963002
1.69,10.0,10.19117676395446,-7.630627097205528,-24.082585397827216
1.7,10.0,10.198420431908943,-7.648429278890957,-23.298894333370455
1.71,10.0,10.20537534691787,-7.66505994253915,-22.53596007910855
1.72,10.0,10.212050938990375,-7.680534373189644,-21.793294877882317
1.73,10.0,10.218456362575898,-7.694867094886219,-21.070410004528107
1.74,10.0,10.224600502652619,-7.7080719101930315,-20.366817841871626
1.75,10.0,10.230491980271848,-7.72016189740569,-19.682033038997332
1.76,10.0,10.236139158353133,-7.731149447024194,-19.015575066404022
1.77,10.0,10.241550148152946,-7.741046318086371,-18.366969692243142
1.78,10.0,10.24673281464661,-7.749863635483365,-17.735750889183954
1.79,10.0,10.2516947843433,-7.757611928759396,-17.121458487119828
1.8,10.0,10.2564434507499,-7.764301163581756,-16.523641152732125
1.81,10.0,10.260985980613057,-7.76994076614784,-15.941855950408186
1.82,10.0,10.265329321121724,-7.774539650307128,-15.375666535423015
1.83,10.0,10.26948020444755,-7.778106247580947,-14.824647548224945
1.84,10.0,10.273445153473546,-7.780648528154969,-14.28838199267733
1.85,10.0,10.277230489251288,-7.782174038165962,-13.766463285120345
1.86,10.0,10.280842333036038,-7.782689930018431,-13.258497198256272
1.87,10.0,10.284286616352501,-7.782202982649986,-12.764099561254188
1.88,10.0,10.28756908611542,-7.780719651098526,-12.28289617570766
1.89,10.0,10.290695308893882,-7.778246076568584,-11.814525810673384
1.9,10.0,10.293670678602977,-7.7747881368123295,-11.358634787053056
1.91,10.0,10.29650042162297,-7.770351463622264,-10.914882116482877
1.92,10.0,10.299189599568276,-7.764941477395942,-10.482936779506963
1.93,10.0,10.301743118154885,-7.758563419278111,-10.062478233557378
1.94,10.0,10.304165728598282,-7.751222390769307,-9.65319902273218
1.95,10.0,10.306462033975068,-7.7429233811547356,-9.254803844214909
1.96,10.0,10.308636495911948,-7.733671323061557,-8.867010033095012
1.97,10.0,10.31069343848252,-7.7234711394922195,-8.489549514573765
1.98,10.0,10.31263705457299,-7.712327767785505,-8.12216686942101
1.99,10.0,10.314471413482055,-7.700246255335629,-7.764619605308216
2.0,10.0,10.316200462648688,-7.687231747454613,-7.416680036762893
2.01,10.0,10.317828034954337,-7.673289589273597,-7.078132122122579
2.02,10.0,10.319357853964998,-7.658425337185846,-6.748774942161721
2.03,10.0,10.320793533167352,-7.642644839050033,-6.42842339061131
2.04,10.0,10.322138588287606,-7.625954262182225,-6.11690591482026
2.05,10.0,10.323396435669334,-7.608360226579766,-5.814071202955139
2.06,10.0,10.324570400443253,-7.589869771874831,-5.519783057525487
2.07,10.0,10.325663725020657,-7.570490567717977,-5.233923290736248
2.08,10.0,10.326679569622186,-7.550230874358106,-4.956392671333987
2.09,10.0,10.32762102180663,-7.529099689208282,-4.6871068355529175
2.1,10.0,10.328491101236128,-7.5071068090168875,-4.425998314186254
2.11,10.0,10.329292760405252,-7.484262871789723,-4.173016173380873
2.12,10.0,10.33002888996795,-7.4605794483674375,-3.9281231283268156
2.13,10.0,10.330702324231625,-7.436069115192886,-3.691298760242824
2.14,10.0,10.33131583621596,-7.410745494071845,-3.462537880244149
2.15,10.0,10.331872152462257,-7.3846233647886566,-3.2418490883506204
2.16,10.0,10.332373948273482,-7.35771872560386,-3.029254669881321
2.17,10.0,10.332823855131423,-7.330048845390015,-2.824789792067668
2.18,10.0,10.333224466694197,-7.3016323118368485,-2.6284905387663535
2.19,10.0,10.33357833774785,-7.272489138222362,-2.4404063787278076
2.2,10.0,10.333887980113634,-7.2426406026187475,-2.260583173103479
2.21,10.0,10.334155877689906,-7.212109541848938,-2.0890711159982573
2.22,10.0,10.334384462009579,-7.180919952017275,-1.9259125590983088
2.23,10.0,10.334576132695197,-7.149097316043065,-1.771144630472032
2.24,10.0,10.334733240644356,-7.116668311535134,-1.624795278424799
2.25,10.0,10.334858090264676,-7.083660859761585,-1.4868797284044524
2.26,10.0,10.334952942939683,-7.050104109312024,-1.3573993906830508
2.27,10.0,10.335020010134166,-7.016028275651378,-1.2363399415482772
2.28,10.0,10.335061454169864,-6.981464689193193,-1.123666742085884
2.29,10.0,10.335079387187902,-6.946445585155716,-1.019324818529388
2.3,10.0,10.335075865570316,-6.911004156393005,-0.9232350169545698
2.31,10.0,10.335052878976727,-6.87517423127625,-0.8352932118309666
2.32,10.0,10.33501236040155,-6.838990438347547,-0.7553674016589214
2.33,10.0,10.33495615641999,-6.802487803204027,-0.6833027610269324
2.34,10.0,10.334886047242655,-6.7657018973950835,-0.6189116345664201
2.35,10.0,10.334803729348328,-6.7286686587486475,-0.5619890589101835
2.36,10.0,10.334710812558203,-6.691424259487316,-0.5122969312940913
2.37,10.0,10.334608833474666,-6.654005246328688,-0.46957788210972673
2.38,10.0,10.334499236287796,-6.616448270183101,-0.43354844142637683
2.39,10.0,10.334383381558059,-6.5787901778647875,-0.4039007210886565
2.4,10.0,10.334262543104503,-6.541067924060037,-0.38030353924149995
2.41,10.0,10.334137896434852,-6.503318456131492,-0.3624031166392987
2.42,10.0,10.334010517290606,-6.465578707185718,-0.3498234367953308
2.43,10.0,10.333881383614376,-6.4278855314013255,-0.34216932450252946
2.44,10.0,10.333751361230593,-6.3902756403339405,-0.33903233304456704
2.45,10.0,10.333621214212368,-6.352785583336154,-0.33998563228763956
2.46,10.0,10.333491613476694,-6.31545182341192,-0.34459924259281527
2.47,10.0,10.333363114262138,-6.278310525598408,-0.352429851403234
2.48,10.0,10.333236202279178,-6.241397817778298,-0.36303168887221693
2.49,10.0,10.33311125103301,-6.204749509778005,-0.3759561024541336
2.5,10.0,10.332988552911315,-6.168401160159013,-0.3907511798529275
2.51,10.0,10.332868310741254,-6.132388085521533,-0.4069687386224947
2.52,10.0,10.332750627222751,-6.096745082589556,-0.4241672172398929
2.53,10.0,10.332635520066747,-6.061506586815304,-0.4419120405796182
2.54,10.0,10.332522922422097,-6.026706476463131,-0.45978634401652263
2.55,10.0,10.332412680949128,-5.992378026544349,-0.4773920587747247
2.56,10.0,10.332304577603148,-5.958553938948084,-0.4943519595800421
2.57,10.0,10.33219834319745,-5.925266257482774,-0.510317660433846
2.58,10.0,10.332093643688147,-5.892546277828427,-0.5249672381518327
2.59,10.0,10.331990125530911,-5.860424569407843,-0.538004421159521
2.6,10.0,10.331887386204414,-5.8289308241385385,-0.5491696638622767
2.61,10.0,10.33178498635832,-5.798093669850344,-0.558226373894454
2.62,10.0,10.331682473115341,-5.7679408090089925,-0.5649778378418029
2.63,10.0,10.33157934193265,-5.7384985685888985,-0.5692599643655485
2.64,10.0,10.331475083916152,-5.7097921354511545,-0.5709454039954203
2.65,10.0,10.331369186944935,-5.6818454265765865,-0.5699459088588639
2.66,10.0,10.33126112198317,-5.65468087406933,-0.5662126111130914
2.67,10.0,10.331150394943812,-5.628319725677678,-0.559726177058959
2.68,10.0,10.331036524272163,-5.602781713879611,-0.5505079155815267
2.69,10.0,10.330919057351572,-5.578085279068907,-0.5385996980160934
2.7,10.0,10.330797583910902,-5.5542474992389925,-0.5240673110763212
2.71,10.0,10.33067171707266,-5.531283906479875,-0.5070069864558753
2.72,10.0,10.330541088396263,-5.50920853739091,-0.48753472081435856
2.73,10.0,10.330405377001918,-5.488034003884893,-0.4657855328659948
2.74,10.0,10.330264261271244,-5.467771455624804,-0.44191333581630365
2.75,10.0,10.330117469119672,-5.4484305729047104,-0.4160854336457067
2.76,10.0,10.329964773906925,-5.43002000790968,-0.38847840965087066
2.77,10.0,10.329805974602566,-5.41254688977463,-0.35927928888933813
2.78,10.0,10.32964095788101,-5.396017630224407,-0.32867360507158194
2.79,10.0,10.329469646828827,-5.38043737260677,-0.2968509740323837
2.8,10.0,10.329291981348968,-5.365810058876018,-0.26400351625717855
2.81,10.0,10.32910797983256,-5.352138813803771,-0.23031638658166687
2.82,10.0,10.328917641472177,-5.339425570996996,-0.1959804000759129
2.83,10.0,10.328721001991523,-5.327671325625802,-0.1611799282017481
2.84,10.0,10.328518144378933,-5.316876385364295,-0.12609404816515823
2.85,10.0,10.328309177824003,-5.3070403077893555,-0.09089640299795532
2.86,10.0,10.328094244842527,-5.298161950784089,-0.05575383458021754
2.87,10.0,10.327873528071436,-5.290239644167979,-0.020824810028400087
2.88,10.0,10.327647232448802,-5.283271038023798,0.013738384071245946
2.89,10.0,10.327415599803967,-5.277253322311723,0.04779275373569014
2.9,10.0,10.327178872931098,-5.272182965276862,0.08120047620862314
2.91,10.0,10.326937318924134,-5.268055966234754,0.11383250855682236
2.92,10.0,10.326691214579437,-5.26486778724777,0.14556623148999126
2.93,10.0,10.326440841749465,-5.2626133659954535,0.17628641460602523
2.94,10.0,10.326186516880343,-5.261287339709151,0.20588630571684519
2.95,10.0,10.325928557353718,-5.2608838799962125,0.23426616687735002
2.96,10.0,10.32566730835634,-5.26139680251259,0.2613339840425799
2.97,10.0,10.32540312786188,-5.2628195937939,0.2870053835483133
2.98,10.0,10.325136369782273,-5.265145170092277,0.3112012911524169
2.99,10.0,10.324867404524712,-5.268366145203735,0.33385008837459873
3.0,10.0,10.324596589226827,-5.272474555652737,0.35488513885272477
3.01,10.0,10.324324286034576,-5.277462037228449,0.37424606195073995
3.02,10.0,10.324050864106976,-5.283319832249529,0.39187930083730826
3.03,10.0,10.32377668706941,-5.2900387017934225,0.40773676150239613
3.04,10.0,10.323502136317138,-5.297609067869146,0.4217779955625378
3.05,10.0,10.323227587628358,-5.306020865483738,0.43396825612307355
3.06,10.0,10.322953418128023,-5.315263530208207,0.4442792610063524
3.07,10.0,10.322680002421066,-5.32532601254019,0.45268904238718566
3.08,10.0,10.32240769849665,-5.336196621563874,0.45918121307608084
3.09,10.0,10.322136861932703,-5.347863153801204,0.46374626303902433
3.1,10.0,10.321867833303774,-5.360312783194686,0.4663811721470097
3.11,10.0,10.321600948849632,-5.373532131112884,0.4670904046996509
3.12,10.0,10.321336539518548,-5.387507260423071,0.46588646510227516
3.13,10.0,10.321074925844874,-5.4022236151285625,0.46278975645335807
3.14,10.0,10.320816424002452,-5.417666065825681,0.4578295769068421
3.15,10.0,10.320561328913744,-5.433818779091254,0.4510432693898223
3.16,10.0,10.320309923498156,-5.450665274474308,0.4424773397673367
3.17,10.0,10.320062465661211,-5.468188367206289,0.43218709282525936
3.18,10.0,10.319819191175247,-5.486370149189657,0.4202371577572581
3.19,10.0,10.319580320853225,-5.505192127605381,0.40670256091727897
3.2,10.0,10.319346046085608,-5.524635057569071,0.3916680644771735
3.21,10.0,10.319116547030841,-5.544679166698081,0.3752293943730276
3.22,10.0,10.318891977486631,-5.5653040066928705,0.3574930136175678
3.23,10.0,10.31867246441584,-5.586488513638282,0.3385749376320728
3.24,10.0,10.318458112336906,-5.608211034567915,0.318602435983105
3.25,10.0,10.318248985378656,-5.630449262641477,0.29771078974946175
3.26,10.0,10.318045120149092,-5.653180324888473,0.2760456735808505
3.27,10.0,10.31784651862885,-5.6763808250669765,0.2537603614822568
3.28,10.0,10.317653146821886,-5.700026813926634,0.23101675052037773
3.29,10.0,10.317464947079355,-5.724093976054831,0.20798373262477376
3.3,10.0,10.317281823598178,-5.748557516821795,0.18483690054378688
3.31,10.0,10.317103654108761,-5.773392307359282,0.16175653346786367
3.32,10.0,10.31693028157585,-5.798572852166917,0.138927459715104
3.33,10.0,10.316761512045677,-5.824073297918242,0.11653586486668788
3.34,10.0,10.316597119903584,-5.849867521343383,0.09476974108383329
3.35,10.0,10.316436841745839,-5.87592910388299,0.073815648809747
3.36,10.0,10.316280384477762,-5.902231431397104,0.05385879659523862
3.37,10.0,10.316127426586922,-5.928747730829067,0.03508084112961107
3.38,10.0,10.315977619114157,-5.955451095371087,0.0176588747319939
3.39,10.0,10.315830592353933,-5.982314561945198,0.0017640468719042346
3.4,10.0,10.315685950918159,-6.009311076272536,-0.012440193643890485
3.41,10.0,10.315543280428654,-6.036413568425485,-0.024799271699806447
3.42,10.0,10.315402144174554,-6.063594924249185,-0.03516898195262419
3.43,10.0,10.315262087130973,-6.090828039568084,-0.04341691753013288
3.44,10.0,10.315122641777588,-6.1180858620085745,-0.04942255400728257
3.45,10.0,10.314983325316787,-6.145341389266019,-0.05307962660144261
3.46,10.0,10.314843654669039,-6.172567775809756,-0.05429435966492058
3.47,10.0,10.3147031387921,-6.199738295831692,-0.052988824488480635
3.48,10.0,10.314561289439219,-6.226826400525008,-0.04909860962020263
3.49,10.0,10.31441762167062,-6.253805753496517,-0.04257556850153099
3.5,10.0,10.314271650649092,-6.280650176039111,-0.033386383115451945
3.51,10.0,10.314122902161188,-6.307333754652071,-0.0215140929179376
3.52,10.0,10.313970907458236,-6.333830797897628,-0.006956618292118577
3.53,10.0,10.313815210865362,-6.360115896296378,0.010271805405376977
3.54,10.0,10.313655374588162,-6.386163989389824,0.030143358337267223
3.55,10.0,10.31349097719912,-6.4119503363699115,0.05261460732425327
3.56,10.0,10.313321622118599,-6.437450619168324,0.07762979758673705
3.57,10.0,10.313146935412762,-6.462640914417957,0.10511912336300133
3.58,10.0,10.312966566409896,-6.487497725443664,0.13500106388920363
3.59,10.0,10.312780192782911,-6.511998027913647,0.16718202076107147
3.6,10.0,10.312587514736517,-6.536119251968756,0.20155758562222337
3.61,10.0,10.312388263510481,-6.559839360119411,0.23801326586781402
3.62,10.0,10.312182198244729,-6.583136862409531,0.2764257306959954
3.63,10.0,10.31196910994488,-6.605990854491676,0.3166635841556822
3.64,10.0,10.31174882330127,-6.628381076479454,0.3585890113118846
3.65,10.0,10.311521194697736,-6.6502879046102485,0.40205815646922227
3.66,10.0,10.311286114892702,-6.671692409705478,0.44692273890625733
3.67,10.0,10.311043505244292,-6.692576344133047,0.4930303712679298
3.68,10.0,10.310793319006523,-6.712922180517614,0.5402258720580493
3.69,10.0,10.310535539818773,-6.732713127995509,0.5883520103308255
3.7,10.0,10.31027018120245,-6.751933150722615,0.6372504895522155
3.71,10.0,10.309997288353454,-6.7705670129622995,0.686763268833976
3.72,10.0,10.309716935488307,-6.788600280482024,0.736733176602173
3.73,10.0,10.309429227006014,-6.806019343168791,0.7870051539905631
3.74,10.0,10.309134296361023,-6.822811443565333,0.8374270906451331
3.75,10.0,10.308832300835702,-6.838964618151205,0.8878498433027131
3.76,10.0,10.308523425585898,-6.854467783375994,0.9381290547117955
3.77,10.0,10.308207874639118,-6.869310633985801,0.9881240588499143
3.78,10.0,10.307885875280467,-6.883483727526565,1.037700049630792
3.79,10.0,10.307557674030932,-6.896978431631692,1.0867273187403743
3.8,10.0,10.307223535289499,-6.909786945157133,1.1350826054577512
3.81,10.0,10.306883742864919,-6.9219022939651,1.1826490480447132
3.82,10.0,10.306538595231519,-6.93331831757776,1.2293168119025433
3.83,10.0,10.306188405437926,-6.944029639366128,1.2749826718792
3.84,10.0,10.305833499211388,-6.954031680968407,1.3195509039137354
3.85,10.0,10.30547421052377,-6.963320588414755,1.362931938291609
3.86,10.0,10.305110883106599,-6.97189327251338,1.4050437066816044
3.87,10.0,10.304743866368675,-6.979747347139338,1.4458101888810573
3.88,10.0,10.304373515790228,-6.986881145074224,1.4851623965249363
3.89,10.0,10.304000192563446,-6.993293701563149,1.5230376108273243
3.9,10.0,10.303624260746423,-6.9989847274005905,1.5593794580350386
3.91,10.0,10.303246088439126,-7.003954610014192,1.5941376082581646
3.92,10.0,10.302866044094733,-7.008204374377058,1.6272672811358735
3.93,10.0,10.302484496436879,-7.011735671594113,1.6587288964534372
3.94,10.0,10.302101812851,-7.0145507608582545,1.688487624455838
3.95,10.0,10.301718357848303,-7.016652484524791,1.7165128914582373
3.96,10.0,10.30133449427612,-7.018044278731112,1.7427782821291822
3.97,10.0,10.300950580718894,-7.01873013877141,1.76726090707654
3.98,10.0,10.300566974038393,-7.01871464077832,1.7899415371466008
3.99,10.0,10.300184026529703,-7.018002906769931,1.8108038957542227
4.0,10.0,10.299802086795632,-7.016600604297667,1.8298345310825228
4.01,10.0,10.299421499009311,-7.014513936899054,1.8470224477748225
4.02,10.0,10.299042601083995,-7.0117496148846294,1.8623584989768993
4.03,10.0,10.298665725790384,-7.008314863628614,1.8758353648143609
4.04,10.0,10.298291199895115,-7.004217411355579,1.8874472091813699
4.05,10.0,10.297919343589403,-6.999465473980652,1.89718929685894
4.06,10.0,10.297550473512823,-6.994067788806984,1.9050586984429247
4.07,10.0,10.297184899149155,-6.988033565641018,1.9110530458388713
4.08,10.0,10.296822924090272,-6.9813724902881615,1.91517124080193
4.09,10.0,10.296464846082806,-6.97409472477205,1.9174129508611064
4.1,10.0,10.296110957249795,-6.966210908558796,1.9177786378610584
4.11,10.0,10.295761544358957,-6.95773216157228,1.916269760463475
4.12,10.0,10.295416887816863,-6.948670052825553,1.9128881743477582
4.13,10.0,10.29507725986114,-6.9390365416045885,1.9076373714210666
4.14,10.0,10.294742927621236,-6.928844061770544,1.9005210338727858
4.15,10.0,10.294414152790477,-6.918105510678683,1.891544330160798
4.16,10.0,10.29409119159516,-6.90683424317028,1.8807136508210367
4.17,10.0,10.293774292571305,-6.895043996377918,1.8680363623812286
4.18,10.0,10.29346369494064,-6.882748823301473,1.85352192513125
4.19,10.0,10.293159633101528,-6.869963244636737,1.8371808653147599
4.2,10.0,10.29286233370306,-6.856702144643897,1.8190265888367527
4.21,10.0,10.29257201557002,-6.842980762575914,1.799074310716426
4.22,10.0,10.292288889883137,-6.8288146993126375,1.7773412051422208
4.23,10.0,10.292013160183977,-6.814219917177156,1.7538462877102625
4.24,10.0,10.291745021554203,-6.799212699556745,1.7286116512455187
4.25,10.0,10.29148465767102,-6.783809581150153,1.7016638448328019
4.26,10.0,10.291232244713933,-6.768027439652969,1.6730314626070757
4.27,10.0,10.290987949819204,-6.751883447334534,1.642745344492874
4.28,10.0,10.29075193060253,-6.735395055547857,1.6108392502515962
4.29,10.0,10.290524332502526,-6.718579926675547,1.577351500459609
4.3,10.0,10.290305284127236,-6.701455817602495,1.542326368277302
4.31,10.0,10.290094905317765,-6.684040764056545,1.50581063756516
4.32,10.0,10.289893308630116,-6.666353098785718,1.4678519177415366
4.33,10.0,10.28970059031846,-6.648411245385884,1.4285037593388887
4.34,10.0,10.289516833201747,-6.630233773924557,1.3878233253166354
4.35,10.0,10.289342105032778,-6.611839357019316,1.3458719222611975
4.36,10.0,10.2891764611417,-6.593246822836919,1.3027142385502972
4.37,10.0,10.289019941754745,-6.574475082722066,1.2584189604013463
4.38,10.0,10.28887257150812,-6.555543118900604,1.2130588815966887
4.39,10.0,10.288734358056688,-6.536469939137841,1.1667100998403805
4.4,10.0,10.28860529234133,-6.517274578002174,1.1194525843254737
4.41,10.0,10.28848534968694,-6.497976104655179,1.0713697366517874
4.42,10.0,10.288374491919495,-6.478593642896244,1.0225471373208381
4.43,10.0,10.28827266113073,-6.459146256812422,0.9730743370952042
4.44,10.0,10.288179779589814,-6.439652919287606,0.9230425806653701
4.45,10.0,10.288095753708111,-6.420132590171718,0.8725460568705152
4.46,10.0,10.288020475872344,-6.4006042009068285,0.8216803769809
4.47,10.0,10.287953824930847,-6.38108665182655,0.7705424689640141
4.48,10.0,10.287895658645258,-6.361598693050374,0.719230969370225
4.49,10.0,10.287845809949147,-6.342158834143268,0.6678452459134445
4.5,10.0,10.287804099665982,-6.322785536531674,0.6164853300194837
4.51,10.0,10.287770340685821,-6.303497205577732,0.5652507120588308
4.52,10.0,10.287744327299787,-6.28431205649521,0.5142407757593626
4.53,10.0,10.287725837351482,-6.265248092890302,0.4635540428404199
4.54,10.0,10.287714633715085,-6.246323069408203,0.4132873814025535
4.55,10.0,10.287710467469918,-6.227554589854782,0.3635362123408288
4.56,10.0,10.28771307480718,-6.208960061718346,0.31439416313775714
4.57,10.0,10.28772217916755,-6.190556615208505,0.2659520969542899
4.58,10.0,10.287737493489848,-6.172361067944475,0.21829733623891912
4.59,10.0,10.287758720039111,-6.154389918053996,0.1715133808993885
4.6,10.0,10.287785549675348,-6.136659412659398,0.12568031383619482
4.61,10.0,10.287817665705695,-6.119185634298724,0.08087516602683875
4.62,10.0,10.28785474199428,-6.101984239847858,0.03716937722912039
4.63,10.0,10.28789645178232,-6.085070365752818,-0.00537181226431338
4.64,10.0,10.287942461208445,-6.068458855652123,-0.04668820165521481
4.65,10.0,10.287992430972949,-6.052164282298673,-0.0867240022987783
4.66,10.0,10.2880460158402,-6.036201036945847,-0.12542697014466642
4.67,10.0,10.288102871707823,-6.020582951850474,-0.16275276506013414
4.68,10.0,10.288162661390196,-6.0053230960471575,-0.19866567752793118
4.69,10.0,10.288225043957475,-5.990434355843392,-0.23313461901215282
4.7,10.0,10.288289679770234,-5.975929196257305,-0.2661330432555742
4.71,10.0,10.288356232692232,-5.961819609670863,-0.2976405737905172
4.72,10.0,10.288424373078575,-5.948117029271801,-0.3276445625322211
4.73,10.0,10.288493778041262,-5.934832380684677,-0.35613951403959554
4.74,10.0,10.288564130871196,-5.921976099966679,-0.38312569090611914
4.75,10.0,10.288635114648462,-5.909558346569757,-0.40860373850733556
4.76,10.0,10.288706424362708,-5.8975886694598305,-0.4325828970375758
4.77,10.0,10.288777768277221,-5.886075998369535,-0.4550793593948117
4.78,10.0,10.28884887167413,-5.875028558292733,-0.4761177465890434
4.79,10.0,10.28891946562809,-5.8644541891053885,-0.4957250356570224
4.8,10.0,10.2889892793679,-5.854360495887693,-0.5139259545205315
4.81,10.0,10.28905806530346,-5.844754290847874,-0.5307548699096327
4.82,10.0,10.289125587153883,-5.835641815384809,-0.5462500080367891
4.83,10.0,10.289191620419276,-5.827028790116828,-0.5604524297319031
4.84,10.0,10.289255953265185,-5.818920425334454,-0.5734056967924293
4.85,10.0,10.289318388729276,-5.8113214019931405,-0.5851562632833613
4.86,10.0,10.289378744267497,-5.804235806546903,-0.5957533418921939
4.87,10.0,10.28943685037543,-5.797667085372111,-0.6052496270216654
4.88,10.0,10.28949255432695,-5.791618151981842,-0.6136993629434828
4.89,10.0,10.289545714599702,-5.786091471388356,-0.6211567551245571
4.9,10.0,10.289596202062656,-5.781089054332405,-0.6276757159677677
4.91,10.0,10.2896439041789,-5.776612258445772,-0.6333123813047372
4.92,10.0,10.289688723076193,-5.772661709772804,-0.6381259225647207
4.93,10.0,10.2897305737764,-5.769237637478951,-0.6421733525674975
4.94,10.0,10.289769378088868,-5.766339974906656,-0.6455081037931927
4.95,10.0,10.289805071824851,-5.7639680713678265,-0.648183494158793
4.96,10.0,10.289837602310817,-5.762120730764118,-0.6502525648436737
4.97,10.0,10.289866927409,-5.760796180235594,-0.6517688907026149
4.98,10.0,10.28989301425443,-5.75999227989556,-0.6527818168908812
4.99,10.0,10.289915842224792,-5.759706413271526,-0.6533384294379556
5.0,10.0,10.289935398880832,-5.759935463261382,-0.6534841205680242
5.01,10.0,10.289951680526391,-5.760675781383444,-0.6532635497829475
5.02,10.0,10.289964691884272,-5.761923213956141,-0.6527197092330628
5.03,10.0,10.289974445779615,-5.763673176923059,-0.6518922044652062
5.04,10.0,10.289980960293237,-5.765920721800294,-0.6508171445865352
5.05,10.0,10.289984261118914,-5.768660358637884,-0.6495290849110238
5.06,10.0,10.289984378821403,-5.771886174242581,-0.6480591368512747
5.07,10.0,10.289981348953017,-5.775591835414585,-0.6464352005064611
5.08,10.0,10.289975210003554,-5.779770635010329,-0.6446816095574719
5.09,10.0,10.289966002081952,-5.784415527724718,-0.6428188629266622
5.1,10.0,10.289953768639508,-5.789519037864991,-0.6408638976609535
5.11,10.0,10.289938557604582,-5.7950731484010065,-0.6388324973605064
5.12,10.0,10.289920415792725,-5.801069572732985,-0.6367352291932704
5.13,10.0,10.289899387609385,-5.80749975182266,-0.6345790094674157
5.14,10.0,10.289875516223907,-5.814354788115192,-0.6323671290302948
5.15,10.0,10.289848845566153,-5.82162535611015,-0.630100202080357
5.16,10.0,10.289819422734297,-5.829301618555855,-0.6277776391210272
5.17,10.0,10.289787288733383,-5.837373523291838,-0.6253942948862607
5.18,10.0,10.289752482060887,-5.845830811305678,-0.6229417144755316
5.19,10.0,10.289715039839697,-5.8546627780721865,-0.6204093996514106
5.2,10.0,10.289674994620233,-5.863858440386472,-0.6177837262973664
5.21,10.0,10.28963237411456,-5.873406509444388,-0.6150482038782017
5.22,10.0,10.28958720209469,-5.8832954421645205,-0.6121838142454501
5.23,10.0,10.289539499308589,-5.893513541332734,-0.6091696976831598
5.24,10.0,10.289489279414823,-5.904048810763158,-0.6059820951343093
5.25,10.0,10.28943655094848,-5.91488907942798,-0.6025952050829333
5.26,10.0,10.289381316365883,-5.926021998000018,-0.5989811322594116
5.27,10.0,10.289323572204905,-5.937434824287942,-0.5951109550219162
5.28,10.0,10.28926330874422,-5.949114409167416,-0.5909549763306496
5.29,10.0,10.289200508096775,-5.961047809055281,-0.5864804234404324
5.3,10.0,10.289135145264467,-5.973221713478365,-0.5816539726589522
5.31,10.0,10.28906719291548,-5.9856227427723265,-0.5764428370150707
5.32,10.0,10.288996626605144,-5.998237581616268,-0.5708165346146838
5.33,10.0,10.288923399667178,-6.011052429567614,-0.5647399951251102
5.34,10.0,10.288847464750946,-6.024053502030805,-0.5581799876457825
5.35,10.0,10.288768776967641,-6.037226960024222,-0.5511050045640085
5.36,10.0,10.288687283874303,-6.050558870333198,-0.543484074699681
5.37,10.0,10.288602922906641,-6.0640352057342755,-0.5352866533022818
5.38,10.0,10.288515629142207,-6.0776419007914875,-0.5264840059838614
5.39,10.0,10.288425339065144,-6.0913647912179725,-0.5170469247439882
5.4,10.0,10.288331978889225,-6.105189742485827,-0.5069500745350624
5.41,10.0,10.288235472804246,-6.119102585587236,-0.4961694556026557
5.42,10.0,10.288135743278131,-6.13308914685873,-0.4846829129641619
5.43,10.0,10.288032715247242,-6.147135259319824,-0.4724696395714556
5.44,10.0,10.287926304350629,-6.161226784983477,-0.45951266691179216
5.45,10.0,10.287816426864884,-6.175349621542959,-0.445797280285368
5.46,10.0,10.287703002045191,-6.189489722890014,-0.4313108745333629
5.47,10.0,10.287585948953279,-6.203633108712017,-0.41604381953042946
5.48,10.0,10.287465183374346,-6.21776587419048,-0.39999030933875535
5.49,10.0,10.287340623501661,-6.231874209689647,-0.383147592737771
5.5,10.0,10.287212193743253,-6.245944404675345,-0.3655136943902315
5.51,10.0,10.287079816612806,-6.2599628753186645,-0.34709240973394406
5.52,10.0,10.28694341845783,-6.273916169798508,-0.32789056174376086
5.53,10.0,10.286802929553222,-6.287790977959087,-0.30791776614264244
5.54,10.0,10.286658285015983,-6.3015741279267665,-0.2871841441727918
5.55,10.0,10.286509423925656,-6.3152526435502585,-0.2657069155674887
5.56,10.0,10.286356291030145,-6.328813723682226,-0.24350548540714234
5.57,10.0,10.286198835822788,-6.342244746991819,-0.22060065055282818
5.58,10.0,10.286037013728132,-6.35553329340115,-0.19701571533720985
5.59,10.0,10.28587078829118,-6.368667179434914,-0.172779359004394
5.6,10.0,10.285700129830857,-6.381634444546983,-0.14792233048650116
5.61,10.0,10.28552501229776,-6.394423340119203,-0.12247506938588204
5.62,10.0,10.285345420643017,-6.4070223922672005,-0.09647308162689772
5.63,10.0,10.285161347884086,-6.419420388741968,-0.06995418981029733
5.64,10.0,10.28497279456788,-6.431606384201323,-0.04295795202704378
5.65,10.0,10.284779764932594,-6.4435696844756185,-0.015523777357353108
5.66,10.0,10.284582277978826,-6.455299927506669,0.012304364016386682
5.67,10.0,10.284380359868932,-6.466787042812897,0.04048164803599397
5.68,10.0,10.284174043212186,-6.478021252507811,0.06896243834719717
5.69,10.0,10.283963367822645,-6.488993085576543,0.09770030040754918
5.7,10.0,10.283748387151514,-6.499693435074977,0.12664649711567932
5.71,10.0,10.283529162322333,-6.5101135215553585,0.15575180196373895
5.72,10.0,10.283305757836159,-6.520244857397536,0.18496708383608862
5.73,10.0,10.283078250991235,-6.530079343805389,0.2142421495299769
5.74,10.0,10.282846728673492,-6.539609248658774,0.2435263921187345
5.75,10.0,10.282611285311924,-6.548827193767417,0.2727691963997234
5.76,10.0,10.282372017238014,-6.55772609407996,0.30192018091432216
5.77,10.0,10.282129036594345,-6.566299330047597,0.33092898342882204
5.78,10.0,10.281882461192733,-6.574540635649437,0.3597457280836269
5.79,10.0,10.281632414531943,-6.582444098602436,0.388320897521949
5.8,10.0,10.281379024977959,-6.59000415609691,0.4166054390318896
5.81,10.0,10.281122432634591,-6.597215706405859,0.44455161882427907
5.82,10.0,10.280862782791763,-6.604074018253586,0.4721125704619391
5.83,10.0,10.280600223577588,-6.610574684211883,0.49924166619168053
5.84,10.0,10.280334910919532,-6.616713728714448,0.5258939493392347
5.85,10.0,10.280067007452471,-6.622487595150878,0.552026076049438
5.86,10.0,10.27979668029361,-6.627893108881087,0.5775959428121906
5.87,10.0,10.279524097792871,-6.632927390503962,0.60256134425215
5.88,10.0,10.279249436661722,-6.637588067972033,0.6268834288450265
5.89,10.0,10.278972876363923,-6.641873129459738,0.6505244507531849
5.9,10.0,10.278694599386405,-6.645780930419338,0.6734479050083526
5.91,10.0,10.278414790282584,-6.649310167192208,0.6956181382387925
5.92,10.0,10.278133638085718,-6.65246000192581,0.7170026743370341
5.93,10.0,10.277851333578116,-6.655229956531799,0.7375703958776527
5.94,10.0,10.277568068968765,-6.657619880705279,0.7572909910831296
5.95,10.0,10.27728403817486,-6.659630019077592,0.7761363137222173
5.96,10.0,10.276999436526234,-6.661261018823972,0.7940806118258781
5.97,10.0,10.276714459966714,-6.662513884669777,0.8110997572736056
5.98,10.0,10.2764293050875,-6.6633899073230625,0.8271699752465271
5.99,10.0,10.276144168230871,-6.663890822363624,0.8422709379480118
6.0,10.0,10.275859245467457,-6.664018694663094,0.8563836595943215
6.01,10.0,10.27557473240408,-6.6637759260570295,0.8694907529425104
6.02,10.0,10.275290824268696,-6.663165224150464,0.8815759687691123
6.03,10.0,10.275007714035212,-6.662189689563219,0.8926257850339567
6.04,10.0,10.274725593282724,-6.660852737952455,0.9026281364144593
6.05,10.0,10.274444652456909,-6.659158082958958,0.9115723138229188
6.06,10.0,10.274165079668936,-6.657109760637747,0.9194493636449486
6.07,10.0,10.273887059814045,-6.654712142983133,0.9262523373104923
6.08,10.0,10.27361077519008,-6.6519699002771855,0.9319758389101551
6.09,10.0,10.273336406725065,-6.6488879589505485,0.9366157564107014
6.1,10.0,10.273064130312225,-6.6454715810205,0.9401699780741515
6.11,10.0,10.272794118634195,-6.641726304118474,0.9426379170577177
6.12,10.0,10.272526540861142,-6.6376579367217765,0.9440205510051767
6.13,10.0,10.272261563331895,-6.633272530614857,0.9443203454487228
6.14,10.0,10.271999346478758,-6.62857643624717,0.9435414393937824
6.15,10.0,10.271740046734473,-6.623576247901234,0.9416894724813951
6.16,10.0,10.27148381658591,-6.618278790751422,0.9387716147537857
6.17,10.0,10.271230803755735,-6.612691125744387,0.9347965467756296
6.18,10.0,10.270981150000955,-6.606820562563251,0.929774436813124
6.19,10.0,10.270734992079412,-6.600674626857743,0.9237169329278223
6.2,10.0,10.270492462602824,-6.594261030608912,0.9166371727166558
6.21,10.0,10.270253687373971,-6.587587714686167,0.9085497199677199
6.22,10.0,10.270018786498387,-6.580662813702034,0.8994705747448006
6.23,10.0,10.26978787434669,-6.573494644868541,0.8894171485792532
6.24,10.0,10.269561060273421,-6.566091682497866,0.8784082094256083
6.25,10.0,10.269338445965138,-6.558462596643062,0.866463954896806
6.26,10.0,10.269120127107332,-6.550616209362666,0.8536059282533444
6.27,10.0,10.26890619340654,-6.542561484649938,0.8398569245556722
6.28,10.0,10.268696728203992,-6.534307523177178,0.8252410022607655
6.29,10.0,10.268491807159817,-6.5258635716157265,0.8097836246808483
6.3,10.0,10.26829149931091,-6.517238994731592,0.7935114698051287
6.31,10.0,10.268095867952324,-6.50844325682564,0.7764521222969814
6.32,10.0,10.267904968349887,-6.499485936219957,0.7586345689343568
6.33,10.0,10.26771884851358,-6.490376706221726,0.7400889526721861
6.34,10.0,10.267537549475753,-6.4811253224605725,0.7208464341029908
6.35,10.0,10.267361106564591,-6.471741605659256,0.7009387280911787
6.36,10.0,10.267189545887597,-6.462235453784491,0.6803991058580365
6.37,10.0,10.267022886735342,-6.45261681696828,0.6592615978756262
6.38,10.0,10.266861141740058,-6.442895689759281,0.6375608675474562
6.39,10.0,10.26670431687361,-6.433082101515081,0.6153321438125507
6.4,10.0,10.266552409208668,-6.423186112688376,0.5926118636509363
6.41,10.0,10.266405408916754,-6.413217799948869,0.5694369703165223
6.42,10.0,10.266263300659618,-6.403187247990357,0.5458444506633597
6.43,10.0,10.266126060752262,-6.393104540385956,0.5218721032254443
6.44,10.0,10.265993657866826,-6.382979750034439,0.4975582645468819
6.45,10.0,10.265866053929058,-6.372822929905461,0.47294148771583666
6.46,10.0,10.26574320655115,-6.362644107970446,0.44805988833477883
6.47,10.0,10.265625063392003,-6.352453268881499,0.42295247702096406
6.48,10.0,10.265511566259297,-6.342260350962474,0.3976580759689088
6.49,10.0,10.265402651214876,-6.332075238244539,0.37221529313464385
6.5,10.0,10.265298249283278,-6.321907752952159,0.34666232188896284
6.51,10.0,10.265198282858433,-6.311767635868319,0.3210375392026319
6.52,10.0,10.265102669021799,-6.30166454617329,0.29537882095011936
6.53,10.0,10.265011321032485,-6.291608058813486,0.26972337163123994
6.54,10.0,10.264924145714264,-6.281607644411775,0.24410793042936385
6.55,10.0,10.2648410436407,-6.271672660379684,0.21856867450819895
6.56,10.0,10.264761910708685,-6.261812347701766,0.1931409795980623
6.57,10.0,10.264686641027712,-6.252035837893389,0.16785934876493425
6.58,10.0,10.26461512085004,-6.242352109418018,0.1427573810953433
6.59,10.0,10.264547233183848,-6.232770003433058,0.1178676334528479
6.6,10.0,10.264482857682752,-6.223298215244512,0.09322163094803404
6.61,10.0,10.264421871846169,-6.2139452936493695,0.06884989601044555
6.62,10.0,10.264364147690236,-6.204719603427288,0.044781412108411356
6.63,10.0,10.264309554964559,-6.195629341087906,0.02104390445499238
6.64,10.0,10.26425796192083,-6.186682537414588,-0.0023359035381504967
6.65,10.0,10.264209234295237,-6.177887032099356,-0.025332817126638485
6.66,10.0,10.264163235108715,-6.169250459292842,-0.04792341654082266
6.67,10.0,10.264119826089765,-6.160780254809315,-0.07008574658388822
6.68,10.0,10.264078868927218,-6.152483679898962,-0.09179840548301366
6.69,10.0,10.264040223130234,-6.144367746415882,-0.1130426635483297
6.7,10.0,10.264003747985575,-6.136439254625627,-0.1338011482671373
6.71,10.0,10.263969302593178,-6.128704785729647,-0.15405790303016031
6.72,10.0,10.26393674631521,-6.121170715355639,-0.17379779855046662
6.73,10.0,10.263905938675048,-6.113843145632823,-0.1930084838229753
6.74,10.0,10.263876740018585,-6.106727947157244,-0.21167890980511528
6.75,10.0,10.26384901135858,-6.099830766763647,-0.2297989709995618
6.76,10.0,10.263822614993837,-6.093157001092988,-0.24736012385247585
6.77,10.0,10.2637974151599,-6.086711768015754,-0.26435606785709664
6.78,10.0,10.263773277867859,-6.080499933254697,-0.2807818114306051
6.79,10.0,10.263750069735016,-6.074526148664124,-0.2966325854252423
6.8,10.0,10.263727661097054,-6.068794754060294,-0.31190623632502
6.81,10.0,10.263705924643263,-6.063309827099212,-0.3266018060083269
6.82,10.0,10.263684735443382,-6.058075183333848,-0.3407194409624177
6.83,10.0,10.26366396971099,-6.0530944077794455,-0.354259614877098
6.84,10.0,10.263643509069773,-6.048370753539306,-0.3672251792207897
6.85,10.0,10.263623237729453,-6.043907212670032,-0.37961973398713367
6.86,10.0,10.263603042018731,-6.039706524269097,-0.39144748991316414
6.87,10.0,10.263582811290547,-6.03577115722127,-0.40271345462763986
6.88,10.0,10.263562440227508,-6.032103264129053,-0.4134240926333965
6.89,10.0,10.26354182664724,-6.028704727853778,-0.42358646189374527
6.9,10.0,10.263520869343425,-6.025577201900123,-0.4332077505109302
6.91,10.0,10.2634994731125,-6.02272201697317,-0.4422962402617405
6.92,10.0,10.263477546546243,-6.020140223520159,-0.45086074391650355
6.93,10.0,10.263455001514727,-6.017832602184231,-0.4589104466989271
6.94,10.0,10.26343175087615,-6.015799706000107,-0.4664546143849111
6.95,10.0,10.263407714665167,-6.014041749386809,-0.4735031543303885
6.96,10.0,10.263382815627454,-6.012558689903344,-0.4800660663832219
6.97,10.0,10.26335697903204,-6.011350232831419,-0.4861534808934631
6.98,10.0,10.263330132845363,-6.010415828968523,-0.49177558156952195
6.99,10.0,10.263302210681776,-6.009754621731483,-0.49694253449469805
7.0,10.0,10.263273148911168,-6.009365500932857,-0.5016644041003335
7.01,10.0,10.263242885137599,-6.009247134284097,-0.5059513327445728
7.02,10.0,10.263211361589695,-6.009397902478551,-0.5098130937135177
7.03,10.0,10.263178523931092,-6.009815923283624,-0.5132591436984906
7.04,10.0,10.263144320408426,-6.010499069614535,-0.5162986658358504
7.05,10.0,10.263108700061355,-6.011445011120679,-0.5189409834033398
7.06,10.0,10.263071616995786,-6.012651119971996,-0.5211944003035431
7.07,10.0,10.263033027146998,-6.0141145436922105,-0.5230669312299803
7.08,10.0,10.262992888380229,-6.015832207496798,-0.5245663266496328
7.09,10.0,10.262951160174582,-6.0178008235891305,-0.5257001194826234
7.1,10.0,10.262907805277717,-6.020016844128104,-0.5264747263242486
7.11,10.0,10.262862787992194,-6.022476510469357,-0.5268961646614616
7.12,10.0,10.26281607383429,-6.025175875065634,-0.526970464652031
7.13,10.0,10.262767630256366,-6.028110765858542,-0.5267027654166521
7.14,10.0,10.262717426401338,-6.031276795832677,-0.5260973955652575
7.15,10.0,10.262665432640986,-6.03466938387666,-0.5251582064349902
7.16,10.0,10.262611620406016,-6.038283790585825,-0.523889384685623
7.17,10.0,10.262555962372621,-6.042115049132435,-0.5222935033733718
7.18,10.0,10.262498432094027,-6.046158022781139,-0.5203728745283018
7.19,10.0,10.262439004076858,-6.050407407018583,-0.5181294909524699
7.2,10.0,10.262377653799085,-6.054857744427933,-0.5155652995332338
7.21,10.0,10.262314356920955,-6.0595033892286825,-0.5126809954257259
7.22,10.0,10.262249089711231,-6.064338547613989,-0.5094770438786687
7.23,10.0,10.26218182950234,-6.069357292516597,-0.5059539897521348
7.24,10.0,10.262112553764466,-6.074553549369988,-0.5021118327362135
7.25,10.0,10.262041239845933,-6.07992109853534,-0.4979499279474462
7.26,10.0,10.261967865413185,-6.085453595196309,-0.4934674374776029
7.27,10.0,10.261892409900033,-6.091144596321828,-0.48866402121501684
7.28,10.0,10.261814851116837,-6.0969875189081355,-0.48353831325262764
7.29,10.0,10.261735167464382,-6.10297568010517,-0.47808903330618113
7.3,10.0,10.261653337766369,-6.109102300182784,-0.47231489576808494
7.31,10.0,10.261569342042382,-6.115360517314546,-0.46621489380726366
7.32,10.0,10.26148315876437,-6.121743368653756,-0.4597875472304094
7.33,10.0,10.261394766971923,-6.128243817984018,-0.4530315821557207
7.34,10.0,10.261304146846312,-6.134854764838679,-0.44594600277087526
7.35,10.0,10.261211278644707,-6.141569044885176,-0.4385299655738333
7.36,10.0,10.261116141927136,-6.148379432188404,-0.43078270188209355
7.37,10.0,10.261018716793709,-6.155278654376178,-0.42270377240310264
7.38,10.0,10.260918985511433,-6.162259405280616,-0.4142931453531098
7.39,10.0,10.260816928900145,-6.169314337856204,-0.40555107561966386
7.4,10.0,10.260712528616965,-6.176436080404112,-0.3964782610516018
7.41,10.0,10.260605767171963,-6.183617242981291,-0.38707584626186353
7.42,10.0,10.260496628941668,-6.190850426048968,-0.37734538181501387
7.43,10.0,10.260385097412865,-6.198128223487274,-0.3672891044710904
7.44,10.0,10.26027115740988,-6.205443233282009,-0.35690980493672564
7.45,10.0,10.260154795334714,-6.21278806284926,-0.34621073161527827
7.46,10.0,10.260035998790586,-6.2201553370608496,-0.3351957490629709
7.47,10.0,10.259914755801379,-6.227537706904306,-0.32386960015280497
7.48,10.0,10.259791055943905,-6.234927855139516,-0.3122376777637119
7.49,10.0,10.25966489102804,-6.242318497458625,-0.3003056337428256
7.5,10.0,10.25953625367393,-6.249702400739353,-0.2880802651859682
7.51,10.0,10.25940513821235,-6.25707238440147,-0.2755690958810382
7.52,10.0,10.259271540839803,-6.264421325915386,-0.2627803138798468
7.53,10.0,10.259135459978896,-6.271742159906593,-0.24972235133654186
7.54,10.0,10.258996895609757,-6.279027905370343,-0.2364050600927694
7.55,10.0,10.258855849958952,-6.286271657497016,-0.22283886570577938
7.56,10.0,10.258712327421085,-6.29346659106894,-0.20903467236440632
7.57,10.0,10.258566334676921,-6.300605969282757,-0.19500396531376518
7.58,10.0,10.258417880871521,-6.307683163754744,-0.18075941622932934
7.59,10.0,10.258266977646901,-6.314691647417492,-0.16631426937531524
7.6,10.0,10.258113638759289,-6.321624987346486,-0.1516818981605339
7.61,10.0,10.257957880957829,-6.328476878348887,-0.13687675891534123
7.62,10.0,10.257799723767366,-6.3352411383469045,-0.12191399895271537
7.63,10.0,10.25763918938906,-6.341911709002195,-0.10680927155632025
7.64,10.0,10.257476301971685,-6.348482642619385,-0.09157822857260456
7.65,10.0,10.257311089610592,-6.354948154703527,-0.07623774873562628
7.66,10.0,10.25714358302493,-6.361302595773246,-0.06080500881645756
7.67,10.0,10.256973815444594,-6.367540454157064,-0.045297469107484556
7.68,10.0,10.256801822597588,-6.3736563599158105,-0.029732816749037383
7.69,10.0,10.256627644163128,-6.379645120105427,-0.014129511685855967
7.7,10.0,10.256451322520597,-6.385501696218974,0.001493779049713595
7.71,10.0,10.25627290192124,-6.391221191282109,0.017118393760636508
7.72,10.0,10.256092430224058,-6.3967988903296895,0.03272525730878284
7.73,10.0,10.255909958531644,-6.40223025701732,0.04829502201138158
7.74,10.0,10.255725540634993,-6.407510926155758,0.06380824856098899
7.75,10.0,10.255539231598542,-6.412636676967602,0.07924564949855295
7.76,10.0,10.255351091109278,-6.417603510090624,0.09458759772918368
7.77,10.0,10.255161181078023,-6.422407599631427,0.10981454959807735
7.78,10.0,10.254969565661039,-6.4270452967429845,0.12490703156083338
7.79,10.0,10.254776310858476,-6.4315131243273305,0.13984570937163499
7.8,10.0,10.254581486503122,-6.435807828350715,0.15461129576537624
7.81,10.0,10.254385164470483,-6.439926339664102,0.16918471352533482
7.82,10.0,10.254187418018935,-6.443865759154485,0.18354708721865398
7.83,10.0,10.253988323036866,-6.447623395530983,0.19767981262265888
7.84,10.0,10.253787958015378,-6.451196768925448,0.21156460151774814
7.85,10.0,10.253586403269367,-6.454583594209604,0.22518350986007674
7.86,10.0,10.25338373965041,-6.457781743782027,0.23851882349887887
7.87,10.0,10.253180051299095,-6.460789339149261,0.2515534143204037
7.88,10.0,10.2529754235666,-6.463604689931026,0.26427056177445163
7.89,10.0,10.252769943100441,-6.466226298947239,0.27665398055954604
7.9,10.0,10.252563697316258,-6.468652846962282,0.2886877665784402
7.91,10.0,10.252356775817564,-6.470883253329151,0.30035676866508787
7.92,10.0,10.252149269031277,-6.472916628149924,0.3116463516662624
7.93,10.0,10.251941267907956,-6.474752259488346,0.32254231556362045
7.94,10.0,10.25173286430918,-6.476389639982757,0.3330311153985317
7.95,10.0,10.251524151110297,-6.477828478836574,0.34309997686808114
7.96,10.0,10.251315221600802,-6.479068677723305,0.35273675437212404
7.97,10.0,10.251106168931699,-6.480110294734533,0.3619296575976332
7.98,10.0,10.250897087047232,-6.480953625072657,0.3706679411806961
7.99,10.0,10.250688069847813,-6.481599147234073,0.37894149448777625
8.0,10.0,10.250479211136772,-6.48204752458434,0.3867408786157336
8.01,10.0,10.250270604352629,-6.482299584624381,0.39405717309364263
8.02,10.0,10.250062342830258,-6.482356377329194,0.40088252081895703
8.03,10.0,10.24985451934404,-6.482219127181425,0.4072097349579469
8.04,10.0,10.249647226042832,-6.481889224012645,0.41303224127366556
8.05,10.0,10.249440554312397,-6.481368235950733,0.4183442274705176
8.06,10.0,10.249234594638793,-6.480657926011464,0.42314082605410763
8.07,10.0,10.249029436460248,-6.479760225204769,0.4274178981641976
8.08,10.0,10.248825168236133,-6.478677205697061,0.43117181235205204
8.09,10.0,10.24862187695048,-6.477411134452903,0.43439997680199993
8.1,10.0,10.248419648178878,-6.475964438710407,0.43710054763827966
8.11,10.0,10.248218566001194,-6.474339701190778,0.43927241434653164
8.12,10.0,10.248018713122415,-6.47253963921771,0.44091503301796675
8.13,10.0,10.247820170073368,-6.47056715169436,0.4420289026010873
8.14,10.0,10.247623015586925,-6.46842527815563,0.4426152082360264
8.15,10.0,10.247427326607655,-6.466117192531358,0.44267579027540216
8.16,10.0,10.24723317805244,-6.463646205289672,0.44221319709749185
8.17,10.0,10.247040642284247,-6.461015779258556,0.4412308708188619
8.18,10.0,10.246849789437576,-6.458229504834665,0.4397329383776296
8.19,10.0,10.246660687781993,-6.45529108199092,0.4377240579201698
8.2,10.0,10.246473402635054,-6.452204349282253,0.43520974960996406
8.21,10.0,10.246287996703984,-6.448973264761322,0.4321962340163297
8.22,10.0,10.246104530130356,-6.4456018977716045,0.42869037952264555
8.23,10.0,10.245923060959718,-6.442094411276027,0.42469953955208517
8.24,10.0,10.245743643613848,-6.438455092985897,0.42023193991191676
8.25,10.0,10.245566329853263,-6.434688324961554,0.4152963751537433
8.26,10.0,10.245391168790755,-6.430798579067191,0.40990218374659926
8.27,10.0,10.24521820678762,-6.42679041285047,0.4040592398630918
8.28,10.0,10.245047486547236,-6.422668480061096,0.3977781344115372
8.29,10.0,10.2448790478408,-6.418437511401936,0.39106997123300036
8.3,10.0,10.244712927988703,-6.414102303700965,0.38394624378848285
8.31,10.0,10.244549160663578,-6.40966773007183,0.37641905212603777
8.32,10.0,10.244387776182053,-6.405138730445593,0.36850101211663433
8.33,10.0,10.244228801752083,-6.400520303025608,0.36020517588618306
8.34,10.0,10.244072262249412,-6.395817492380548,0.35154486381989813
8.35,10.0,10.243918178187517,-6.391035402421461,0.34253400640600784
8.36,10.0,10.243766567106302,-6.386179178475871,0.33318686153288546
8.37,10.0,10.243617443564968,-6.381254003349586,0.3235179961094379
8.38,10.0,10.243470819276183,-6.376265091359354,0.31354223677191295
8.39,10.0,10.243326701865053,-6.371217689944827,0.3032748389249176
8.4,10.0,10.243185095932686,-6.366117068578937,0.2927312898932395
8.41,10.0,10.243046003555342,-6.360968513334197,0.2819272237134576
8.42,10.0,10.242909423236286,-6.355777324231735,0.27087853174388377
8.43,10.0,10.242775350004024,-6.350548809845281,0.25960132244300826
8.44,10.0,10.242643775873972,-6.345288281153872,0.2481118343690174
8.45,10.0,10.242514690837659,-6.340001047371196,0.23642631647840462
8.46,10.0,10.242388080600334,-6.3346924096446955,0.22456122455797467
8.47,10.0,10.242263928206945,-6.3293676567207795,0.2125330329884476
8.48,10.0,10.242142213996186,-6.324032060721483,0.20035822547527493
8.49,10.0,10.242022915974735,-6.318690873209816,0.18805324514666943
8.5,10.0,10.241906008430991,-6.31334931524474,0.1756345467227527
8.51,10.0,10.241791463165884,-6.308012576370835,0.16311849700024483
8.52,10.0,10.24167924989105,-6.302685812946317,0.15052135940253608
8.53,10.0,10.241569335551056,-6.297374138305911,0.1378592671926253
8.54,10.0,10.24146168420682,-6.292082616649446,0.1251481939901058
8.55,10.0,10.24135625762263,-6.286816261600794,0.11240392042067082
8.56,10.0,10.24125301617809,-6.281580041105571,0.09964207144038717
8.57,10.0,10.24115191699361,-6.276378851860979,0.08687796131868941
8.58,10.0,10.241052915344126,-6.271217528829672,0.07412665053659717
8.59,10.0,10.240955964608572,-6.266100840242727,0.06140292727439012
8.6,10.0,10.2408610167149,-6.261033488936293,0.04872133880226115
8.61,10.0,10.24076802108074,-6.256020088928198,0.03609597704424994
8.62,10.0,10.240676925617743,-6.251065175936614,0.023540600857063776
8.63,10.0,10.24058767693335,-6.246173208130178,0.011068682720476897
8.64,10.0,10.240500220128846,-6.241348553972393,-0.0013067113291895804
8.65,10.0,10.240414498651097,-6.236595481470457,-0.013573024999665284
8.66,10.0,10.240330454777554,-6.231918164019433,-0.02571811165190696
8.67,10.0,10.240248029997506,-6.227320692026487,-0.03773004049020323
8.68,10.0,10.240167164403433,-6.22280703518673,-0.04959757027275402
8.69,10.0,10.240087797234125,-6.218381059186931,-0.061309890984423854
8.7,10.0,10.240009866950157,-6.2140465229022555,-0.07285662653531966
8.71,10.0,10.239933311427883,-6.209807086888022,-0.08422768224784005
8.72,10.0,10.23985806779993,-6.205666275497049,-0.09541373266294362
8.73,10.0,10.239784072771862,-6.2016274997378975,-0.10640587106315325
8.74,10.0,10.239711262645518,-6.197694059155929,-0.11719555282097649
8.75,10.0,10.239639573447048,-6.193869131661374,-0.12777469838001698
8.76,10.0,10.239568941077065,-6.190155755326476,-0.13813590433011624
8.77,10.0,10.23949930137005,-6.186556843179059,-0.14827221069555718
8.78,10.0,10.239430589949125,-6.183075198891379,-0.15817687863556418
8.79,10.0,10.23936274277294,-6.179713474296762,-0.16784389134037658
8.8,10.0,10.239295696012313,-6.1764741871325475,-0.17726770101320843
8.81,10.0,10.239229386081076,-6.1733597226079056,-0.18644318404934146
8.82,10.0,10.239163749396734,-6.170372349507097,-0.19536543744545676
8.83,10.0,10.239098723325162,-6.167514169809514,-0.20403031173736097
8.84,10.0,10.239034245641882,-6.16478715250085,-0.212434007878048
8.85,10.0,10.238970254497039,-6.16219313526781,-0.22057305406436445
8.86,10.0,10.238906688568541,-6.159733819755946,-0.22844432657687475
8.87,10.0,10.2388434876936,-6.157410745511725,-0.23604527007630338
8.88,10.0,10.238780592393793,-6.155225313227841,-0.24337365674986788
8.89,10.0,10.238717943470279,-6.153178801160311,-0.25042746071386746
8.9,10.0,10.238655483052758,-6.151272325999535,-0.25720512382887795
8.91,10.0,10.238593154295591,-6.149506856280767,-0.2637054376262342
8.92,10.0,10.238530901237828,-6.1478832192106845,-0.2699274796929463
8.93,10.0,10.23846866823327,-6.146402122482198,-0.2758704923431503
8.94,10.0,10.238406401553927,-6.145064097715001,-0.2815341521218364
8.95,10.0,10.23834404831898,-6.143869540608761,-0.2869183480069908
8.96,10.0,10.238281556325799,-6.142818718227078,-0.2920231802802826
8.97,10.0,10.238218873989247,-6.141911772558879,-0.29684893691716874
8.98,10.0,10.238155951738216,-6.141148672111572,-0.3013961788498212
8.99,10.0,10.23809274078887,-6.140529257057091,-0.30566562921503015
9.0,10.0,10.23802919352198,-6.140053227171535,-0.3096581823612845
9.01,10.0,10.237965263513251,-6.139720142151183,-0.31337488712724504
9.02,10.0,10.237900905563622,-6.139529421928525,-0.3168169299472634
9.03,10.0,10.237836075731122,-6.139480347429655,-0.3199856403294923
9.04,10.0,10.237770731383023,-6.139572067153512,-0.322882789632011
9.05,10.0,10.23770483117085,-6.139803581640403,-0.3255097755062075
9.06,10.0,10.23763833510642,-6.140173756890443,-0.327868265480024
9.07,10.0,10.2375712045796,-6.140681321089407,-0.3299599991042774
9.08,10.0,10.237503402388748,-6.14132486495454,-0.3317867727169146
9.09,10.0,10.237434892771105,-6.142102842080372,-0.33335042405533155
9.1,10.0,10.237365634612301,-6.143013832222563,-0.3346529883483398
9.11,10.0,10.237295594410933,-6.144056043046925,-0.33569635793474273
9.12,10.0,10.237224740377256,-6.14522753913652,-0.33648241606686646
9.13,10.0,10.23715304042814,-6.146526320800825,-0.33701307258873947
9.14,10.0,10.237080463690102,-6.147950267654999,-0.3372902117675285
9.15,10.0,10.237006975711143,-6.149497357837507,-0.33731651506659266
9.16,10.0,10.236932546703184,-6.151165294850706,-0.3370940066584327
9.17,10.0,10.236857148810262,-6.15295163329567,-0.33662451686600514
9.18,10.0,10.236780753905505,-6.154853880569748,-0.3359100532895074
9.19,10.0,10.236703334738117,-6.156869446269316,-0.3349525863568288
9.2,10.0,10.236624865926345,-6.158995667299057,-0.3337549786986844
9.21,10.0,10.236545322318557,-6.161229774266105,-0.33231947498161185
9.22,10.0,10.236464679328831,-6.1635689019242035,-0.33064802189594444
9.23,10.0,10.23638291352786,-6.166010105313025,-0.32874282495320495
9.24,10.0,10.23630000234953,-6.168550356169757,-0.32660608539295
9.25,10.0,10.236215925671,-6.171186542652154,-0.3242405392074017
9.26,10.0,10.236130663437706,-6.173915476299655,-0.32164864867190945
9.27,10.0,10.236044195869612,-6.1767338942706225,-0.31883267327850295
9.28,10.0,10.23595650464603,-6.179638459788717,-0.3157950740027897
9.29,10.0,10.235867572409118,-6.182625765666246,-0.31253834486008136
9.3,10.0,10.235777382117549,-6.1856924104011375,-0.3090653552906635
9.31,10.0,10.23568591793477,-6.188834899521593,-0.3053788789687506
9.32,10.0,10.235593165274858,-6.192049642861004,-0.3014815692509838
9.33,10.0,10.235499110214484,-6.195333024014712,-0.29737627059036775
9.34,10.0,10.235403739712323,-6.198681377852333,-0.29306590206117344
9.35,10.0,10.235307041155286,-6.202091060699392,-0.2885537850471125
9.36,10.0,10.23520900292197,-6.205558368223643,-0.2838432326562086
9.37,10.0,10.235109614506984,-6.2090795190634935,-0.2789374577316701
9.38,10.0,10.23500886603153,-6.212650730350496,-0.2738399265801108
9.39,10.0,10.2349067484087,-6.216268195205267,-0.268554237328021
9.4,10.0,10.234803254417445,-6.219928091090287,-0.26308427762698994
9.41,10.0,10.234698377425524,-6.223626578611776,-0.2574340550504395
9.42,10.0,10.23459211079696,-6.227359803102334,-0.2516076227464319
9.43,10.0,10.234484449254216,-6.231123904144558,-0.24560927728625437
9.44,10.0,10.234375388396138,-6.234915017602542,-0.23944349974048573
9.45,10.0,10.234264926031488,-6.238729257912381,-0.23311487530258113
9.46,10.0,10.234153060785175,-6.242562744743665,-0.22662819394553146
9.47,10.0,10.234039791030844,-6.246411624351562,-0.21998852941314273
9.48,10.0,10.23392511684994,-6.250272041690348,-0.21320111736955893
9.49,10.0,10.233809039382926,-6.254140154954661,-0.20627140656669396
9.5,10.0,10.23369156123164,-6.258012132793061,-0.19920485267987775
9.51,10.0,10.233572686120075,-6.261884164019297,-0.1920071199743405
9.52,10.0,10.233452418485166,-6.265752468502742,-0.18468432131792833
9.53,10.0,10.233330764148032,-6.2696132898507475,-0.1772426641993119
9.54,10.0,10.233207730117192,-6.273462902719608,-0.16968857409641447
9.55,10.0,10.233083324314798,-6.2772976184415405,-0.16202844690065032
9.56,10.0,10.232957555818855,-6.281113787212873,-0.15426884628292048
9.57,10.0,10.232830435295748,-6.2849077990132916,-0.14641686482778304
9.58,10.0,10.232701974451302,-6.288676091067304,-0.13847963949548747
9.59,10.0,10.23257218622756,-6.292415150334983,-0.13046450964006628
9.6,10.0,10.232441084510818,-6.296121505626137,-0.12237874269794324
9.61,10.0,10.232308684330762,-6.299791738238074,-0.11422970094507101
9.62,10.0,10.232175002420352,-6.30342250619753,-0.10602533244459411
9.63,10.0,10.232040056550181,-6.307010522282319,-0.09777356098710599
9.64,10.0,10.231903865752423,-6.310552565593907,-0.08948247516749319
9.65,10.0,10.231766449949596,-6.314045451222717,-0.08116000399808243
9.66,10.0,10.23162783012417,-6.317486047832891,-0.07281404843728367
9.67,10.0,10.231488029161333,-6.320871354889622,-0.0644531803546815
9.68,10.0,10.231347070894671,-6.324198420661535,-0.05608582663949302
9.69,10.0,10.231204980407593,-6.327464371486928,-0.04772051175988912
9.7,10.0,10.231061783946924,-6.330666411115938,-0.03936579186503608
9.71,10.0,10.230917508947678,-6.333801824548415,-0.031030260370393803
9.72,10.0,10.230772184281149,-6.336867990895642,-0.02272269757348333
9.73,10.0,10.23062583999578,-6.339862375743739,-0.01445189331170571
9.74,10.0,10.230478507401227,-6.342782537386291,-0.006226690843016636
9.75,10.0,10.230330218148225,-6.345626085564867,0.0019443399776053472
9.76,10.0,10.230181004205027,-6.3483906831437675,0.010052919857385545
9.77,10.0,10.2300309007668,-6.351074188235947,0.01809006411598557
9.78,10.0,10.229879943239085,-6.353674512551578,0.02604713358712707
9.79,10.0,10.22972816812115,-6.35618966650347,0.03391553858879459
9.8,10.0,10.229575611855724,-6.358617720126392,0.04168690379472073
9.81,10.0,10.229422310474671,-6.360956792891725,0.04935312682833226
9.82,10.0,10.229268303841222,-6.363205210389702,0.05690582304096603
9.83,10.0,10.229113631399684,-6.365361352709785,0.06433690438817852
9.84,10.0,10.228958333381177,-6.3674237008898755,0.07163842974340073
9.85,10.0,10.228802451211186,-6.369390855142435,0.07880244200669217
9.86,10.0,10.22864602774858,-6.371261546672468,0.08582087367746638
9.87,10.0,10.228489105316909,-6.3730345655603,0.0926863500156303
9.88,10.0,10.228331727535723,-6.374708833118211,0.09939144736329175
9.89,10.0,10.228173938761644,-6.376283383370974,0.10592892310111424
9.9,10.0,10.228015782463793,-6.377757294839853,0.11229186077599884
9.91,10.0,10.227857299624109,-6.379129623415111,0.11847381308497296
9.92,10.0,10.22769853707405,-6.380399769958252,0.12446811937769175
9.93,10.0,10.22753953968588,-6.381567141520894,0.1302685644406789
9.94,10.0,10.22738035253137,-6.38263124865195,0.1358692093471905
9.95,10.0,10.227221021862956,-6.383591735007255,0.1412641568151609
9.96,10.0,10.227061596533915,-6.384448419325083,0.14644721121398296
9.97,10.0,10.226902121534986,-6.385201115347975,0.151413432561871
9.98,10.0,10.226742643741904,-6.3858497956854,0.15615775679323352
9.99,10.0,10.226583210249268,-6.386394546858061,0.16067539720643786
10.0,10.0,10.226423866484664,-6.386835484813197,0.16496202144993566
10.01,10.0,10.22626465255605,-6.387172588897822,0.1690140885616147
10.02,10.0,10.226105616795408,-6.387406329501183,0.17282762729733991
10.03,10.0,10.225946803723582,-6.387537115144067,0.17639933304314304
10.04,10.0,10.225788257313832,-6.387565445658474,0.17972627803952856
10.05,10.0,10.225630022793073,-6.387491969160637,0.1828055864492102
10.06,10.0,10.225472151469361,-6.387317632539226,0.18563356594596203
10.07,10.0,10.225314684184518,-6.387043171436588,0.18820867909222128
10.08,10.0,10.225157665476527,-6.386669549195026,0.19052899781439248
10.09,10.0,10.225001139621428,-6.386197835861135,0.19259291334328177
10.1,10.0,10.224845148724132,-6.385629126284706,0.1943992779682755
10.11,10.0,10.224689726220603,-6.38496425744803,0.19594788473116553
10.12,10.0,10.224534916721701,-6.384204678352559,0.19723800841901618
10.13,10.0,10.224380759134164,-6.3833517131260615,0.19826964916214718
10.14,10.0,10.224227291185139,-6.382406760625322,0.19904320086058314
10.15,10.0,10.224074550394286,-6.381371314136464,0.19955924671121195
10.16,10.0,10.223922578779547,-6.380247058397183,0.199817607752671
10.17,10.0,10.223771409077079,-6.379035583791085,0.1998200901123166
10.18,10.0,10.223621076060862,-6.377738620337109,0.19956821017016102
10.19,10.0,10.223471613396605,-6.376357972105355,0.19906381409290286
10.2,10.0,10.223323054022734,-6.37489551706373,0.1983089966323195
10.21,10.0,10.223175432667501,-6.373353213185486,0.19730561720690054
10.22,10.0,10.223028778911324,-6.37173307684506,0.19605659838385203
10.23,10.0,10.222883122790332,-6.370037197971943,0.194564860155106
10.24,10.0,10.222738493246128,-6.368267734236861,0.19283360270920125
10.25,10.0,10.222594917575236,-6.366426891767208,0.19086635225280668
10.26,10.0,10.222452417153935,-6.364516778318075,0.1886673626567541
10.27,10.0,10.222311018254713,-6.3625397732311715,0.18624057474478173
10.28,10.0,10.222170743256777,-6.360498226020297,0.18359044938951663
10.29,10.0,10.22203161293467,-6.358394534309388,0.18072174199962032
10.3,10.0,10.221893646991429,-6.356231144686487,0.1776394057693229
10.31,10.0,10.221756870757952,-6.354010587587393,0.17434750034934954
10.32,10.0,10.221621298637437,-6.351735383841425,0.17085185158496108
10.33,10.0,10.221486947201997,-6.349408114859956,0.16715792837247712
10.34,10.0,10.22135383168089,-6.347031401167368,0.163271398315173
10.35,10.0,10.221221965575543,-6.34460788995576,0.15919815298362283
10.36,10.0,10.22109135416546,-6.342140073930271,0.15494488758976876
10.37,10.0,10.22096200972182,-6.339630709630432,0.15051771001072045
10.38,10.0,10.220833939504516,-6.337082484143736,0.1459232205713985
10.39,10.0,10.220707148879914,-6.334498099391117,0.14116821933649915
10.4,10.0,10.220581641725467,-6.331880275338919,0.13625965177810073
10.41,10.0,10.22045743463565,-6.32923194883175,0.13120306954322647
10.42,10.0,10.220334524494756,-6.326555811444567,0.12600610883568653
10.43,10.0,10.220212913628945,-6.323854663466543,0.12067577347096314
10.44,10.0,10.220092603210082,-6.321131317883486,0.11521913376053106
10.45,10.0,10.21997359314512,-6.318388595549752,0.10964332309520675
10.46,10.0,10.219855868368343,-6.315629056360001,0.10395653180623787
10.47,10.0,10.219739429136212,-6.312855584765741,0.09816577266705462
10.48,10.0,10.219624267744448,-6.310070935038805,0.09227857748049373
10.49,10.0,10.219510374579082,-6.30727784607607,0.08630254142537974
10.5,10.0,10.219397738071576,-6.304479037846596,0.08024531445527638
10.51,10.0,10.219286367616377,-6.301677574743166,0.07411306111911586
10.52,10.0,10.219176244136884,-6.298876072868302,0.0679137469104909
10.53,10.0,10.219067357215007,-6.296077290471148,0.061654649884614
10.54,10.0,10.218959696000917,-6.293283979863848,0.05534295555658075
10.55,10.0,10.218853249083118,-6.290498882510161,0.04898575417630524
10.56,10.0,10.218747980151319,-6.287724305127535,0.04259213298107767
10.57,10.0,10.218643879501844,-6.284963007634274,0.036168717511627424
10.58,10.0,10.21854092698228,-6.282217559264788,0.029722862360159752
10.59,10.0,10.218439099840008,-6.279490471385926,0.02326196346800069
10.6,10.0,10.218338373372212,-6.276784205799865,0.016793391934655233
10.61,10.0,10.218238748569666,-6.2741016209554115,0.010322790594104125
10.62,10.0,10.218140195020844,-6.2714450411396,0.0038575666438274148
10.63,10.0,10.21804269011281,-6.268816890491445,-0.0025955205839593987
10.64,10.0,10.217946212376035,-6.266219581854983,-0.009029959897669304
10.65,10.0,10.217850736698868,-6.263655440962211,-0.015439191237220484
10.66,10.0,10.217756233962728,-6.261126698166527,-0.02181659005875236
10.67,10.0,10.217662682352591,-6.258635653410298,-0.028156207997606097
10.68,10.0,10.217570056189539,-6.256184507672098,-0.034452057632398336
10.69,10.0,10.21747832922387,-6.253775408975002,-0.04069833388438959
10.7,10.0,10.21738746934615,-6.251410387587108,-0.046888559139707686
10.71,10.0,10.217297448628676,-6.249091471078553,-0.0530172201103829
10.72,10.0,10.217208237428752,-6.246820612391468,-0.05907881426891337
10.73,10.0,10.217119804692366,-6.244599690653279,-0.06506790394722795
10.74,10.0,10.217032120944861,-6.242430559153603,-0.07097928660369113
10.75,10.0,10.216945160130212,-6.240315075592876,-0.07680806447451216
10.76,10.0,10.21685888858713,-6.238254902056437,-0.08254925042403682
10.77,10.0,10.216773275271066,-6.2362516853291075,-0.08819813989710767
10.78,10.0,10.21668828894657,-6.234307003955581,-0.09375021291173713
10.79,10.0,10.216603898467692,-6.2324224351176465,-0.09920115726574807
10.8,10.0,10.216520072447494,-6.230599432605327,-0.10454684286132743
10.81,10.0,10.216436779510405,-6.228839385026402,-0.10978334257841893
10.82,10.0,10.216353988378657,-6.22714362269913,-0.11490694000209523
10.83,10.0,10.21627166718554,-6.225513388371169,-0.11991413769861503
10.84,10.0,10.216189782495213,-6.223949808240272,-0.12480167021813537
10.85,10.0,10.216108303552451,-6.222454003812888,-0.12956648019169048
10.86,10.0,10.216027198647918,-6.2210269914401115,-0.13420575007441982
10.87,10.0,10.215946436169066,-6.219669708034498,-0.13871690066337927
10.88,10.0,10.215865983854107,-6.218383071749155,-0.1430963658443014
10.89,10.0,10.21578581010939,-6.21716787848315,-0.14734161285008662
10.9,10.0,10.215705883562373,-6.216024838769209,-0.15145038720622028
10.91,10.0,10.215626172850612,-6.214954595884498,-0.1554203289847187
10.92,10.0,10.215546646914802,-6.213957735319451,-0.15924929293110002
10.93,10.0,10.215467275328384,-6.213034836550603,-0.16293559849283445
10.94,10.0,10.215388027350233,-6.212186301605452,-0.16647718879780005
10.95,10.0,10.215308872779103,-6.211412498583698,-0.1698723290042048
10.96,10.0,10.215229781763945,-6.210713722658469,-0.17311941261262942
10.97,10.0,10.21515072470189,-6.210090127968952,-0.17621773117451078
10.98,10.0,10.21507167247431,-6.209541829626504,-0.17916631291247587
10.99,10.0,10.214992596435671,-6.209068881330147,-0.18196417337823778
11.0,10.0,10.214913468374583,-6.208671238989979,-0.18461072500219955
11.01,10.0,10.21483426039998,-6.208348811140528,-0.1871053637470408
11.02,10.0,10.214754944279857,-6.208101595454716,-0.18944655031499424
11.03,10.0,10.214675493414724,-6.207929293069141,-0.19163440747019012
11.04,10.0,10.214595881278765,-6.2078316229900175,-0.1936686033787196
11.05,10.0,10.214516081865144,-6.207808239290701,-0.19554890959532045
11.06,10.0,10.214436069700179,-6.207858607734932,-0.19727479964873185
11.07,10.0,10.214355819876557,-6.207982173609711,-0.1988459718668707
11.08,10.0,10.214275308075674,-6.208178363069947,-0.20026234386614417
11.09,10.0,10.214194510583573,-6.208446486824574,-0.20152373700269033
11.1,10.0,10.214113404103003,-6.208785801752948,-0.2026302508744786
11.11,10.0,10.21403196443223,-6.2091956678220805,-0.20358394361650012
11.12,10.0,10.213950169881564,-6.2096751495358244,-0.20438454500211556
11.13,10.0,10.213867998592436,-6.210223332272036,-0.20503284934320765
11.14,10.0,10.213785429254104,-6.210839240272456,-0.20552982917975027
11.15,10.0,10.213702441207515,-6.211521856639581,-0.20587601564030633
11.16,10.0,10.213619014340107,-6.212270102751617,-0.20607223231375582
11.17,10.0,10.21353512905554,-6.2130828322214136,-0.20611984403090688
11.18,10.0,10.213450766384279,-6.213958852196545,-0.20602009380474762
11.19,10.0,10.213365907954913,-6.214896913563135,-0.20577422548608637
11.2,10.0,10.213280535991906,-6.215895665565639,-0.20538227243763063
11.21,10.0,10.213194633348838,-6.216953766705927,-0.2048458821164001
11.22,10.0,10.213108183497491,-6.218069801127042,-0.2041661174005962
11.23,10.0,10.213021170541158,-6.219242301702188,-0.20334401350194753
11.24,10.0,10.212933579133061,-6.220469788261184,-0.2023814041190981
11.25,10.0,10.212845394569559,-6.221750733424252,-0.2012801146692973
11.26,10.0,10.212756602873226,-6.223083532647679,-0.2000412507817917
11.27,10.0,10.212667190674896,-6.224466557502654,-0.19866636378483538
11.28,10.0,10.212577145248746,-6.225898140404778,-0.19715713145147018
11.29,10.0,10.212486454203233,-6.227376581025906,-0.1955169501312397
11.3,10.0,10.212395106181775,-6.228900137320101,-0.1937474379306281
11.31,10.0,10.212303090341294,-6.230467035172056,-0.1918510974233787
11.32,10.0,10.212210396492068,-6.2320754679687465,-0.18983064540589623
11.33,10.0,10.212117014985317,-6.233723604872614,-0.18768787351850147
11.34,10.0,10.212022936797934,-6.23540958787314,-0.18542445972909904
11.35,10.0,10.211928153695276,-6.237131524394268,-0.1830435522717151
11.36,10.0,10.211832658025386,-6.238887500883651,-0.18054770630912365
11.37,10.0,10.211736442787128,-6.240675580958578,-0.17793951806684283
11.38,10.0,10.211639501892765,-6.242493837632075,-0.17522025232534277
11.39,10.0,10.2115418296258,-6.244340291422353,-0.17239268915343597
11.4,10.0,10.211443421049944,-6.246212959703592,-0.16945898350143063
11.41,10.0,10.21134427190964,-6.248109846588665,-0.16642119087525242
11.42,10.0,10.21124437847327,-6.250028945668676,-0.16328297454625784
11.43,10.0,10.211143737599377,-6.25196824172269,-0.16004892230134282
11.44,10.0,10.211042347062545,-6.25392571122817,-0.15672107904541743
11.45,10.0,10.210940205190774,-6.255899326051239,-0.1533028611474332
11.46,10.0,10.210837310976006,-6.257887054951598,-0.14979789749033223
11.47,10.0,10.210733664181108,-6.259886877675541,-0.14620901560485855
11.48,10.0,10.210629265128032,-6.2618967627474245,-0.14254032608066147
11.49,10.0,10.210524114846597,-6.263914686325563,-0.1387958020280955
11.5,10.0,10.210418215046943,-6.265938630978345,-0.13497957245975445
11.51,10.0,10.2103115681389,-6.267966581381021,-0.1310948454797396
11.52,10.0,10.210204177233525,-6.2699965264873745,-0.12714392805350583
11.53,10.0,10.210096046086678,-6.272026478481397,-0.12313134669247261
11.54,10.0,10.209987179160612,-6.274054457554903,-0.11906065277493272
11.55,10.0,10.20987758160887,-6.2760784989084435,-0.11493533498411246
11.56,10.0,10.209767259011217,-6.278096654178231,-0.11075899252142873
11.57,10.0,10.209656217887115,-6.280106994454049,-0.1065349542090257
11.58,10.0,10.209544465377071,-6.282107611596609,-0.10226649001437238
11.59,10.0,10.20943200927744,-6.284096620277234,-0.09795677097765809
11.6,10.0,10.209318858013392,-6.286072152726084,-0.09361054525027224
11.61,10.0,10.209205020617803,-6.2880323573278165,-0.08923491488250979
11.62,10.0,10.209090506901264,-6.289975427995178,-0.08483288495281283
11.63,10.0,10.208975327289307,-6.291899579950286,-0.0804094978732166
11.64,10.0,10.20885949286704,-6.293803058906919,-0.07597012407014381
11.65,10.0,10.20874301495365,-6.295684130204957,-0.07151758507951755
11.66,10.0,10.208625905598057,-6.297541095399708,-0.06705558972660097
11.67,10.0,10.208508177749376,-6.2993722991595105,-0.06258994173008081
11.68,10.0,10.208389844784534,-6.3011761170022655,-0.05812534132080227
11.69,10.0,10.208270920666799,-6.302950961836858,-0.05366651101139963
11.7,10.0,10.208151420341427,-6.304695299114343,-0.04921500204382312
11.71,10.0,10.208031358972118,-6.3064076229888055,-0.044775171116211876
11.72,10.0,10.20791075237153,-6.308086472640931,-0.04035071116328992
11.73,10.0,10.207789616988656,-6.309730433696305,-0.03594468775260884
11.74,10.0,10.207667969750645,-6.31133813355674,-0.031560411184127224
11.75,10.0,10.207545826907278,-6.312908192300096,-0.027207320463228157
11.76,10.0,10.20742320680774,-6.314439347070186,-0.02288666274382445
11.77,10.0,10.207300127701389,-6.315930356930925,-0.018602739599405504
11.78,10.0,10.207176608301964,-6.3173800296399625,-0.014359954692030996
11.79,10.0,10.207052667649105,-6.318787208794294,-0.010162860685768438
11.8,10.0,10.206928325011525,-6.3201507656876945,-0.006016195586445727
11.81,10.0,10.206803600418516,-6.321469662223535,-0.00192476187480084
11.82,10.0,10.206678514131614,-6.322742893973405,0.002106429062957549
11.83,10.0,10.206553086774393,-6.3239695076619125,0.00607217727508691
11.84,10.0,10.206427339546774,-6.325148616574823,0.009970533846630047
11.85,10.0,10.206301293958179,-6.326279385819551,0.013799032641762299
11.86,10.0,10.206174971667982,-6.327361024308712,0.01755252944320418
11.87,10.0,10.20604839476584,-6.328392804303993,0.021227630304263778
11.88,10.0,10.205921585657093,-6.329374056217401,0.024821204434508637
11.89,10.0,10.205794565876301,-6.330304071275347,0.028331040746885083
11.9,10.0,10.205667358220056,-6.3311822828300475,0.031754724979061955
11.91,10.0,10.20553998559293,-6.332008171747702,0.03509027900391781
11.92,10.0,10.205412470905134,-6.3327812600822355,0.03833623616217441
11.93,10.0,10.205284837238606,-6.333501128124901,0.04149097687489944
11.94,10.0,10.205157108435126,-6.334167478196676,0.0445438161102365
11.95,10.0,10.205029307649994,-6.334779987196501,0.04749586665946537
11.96,10.0,10.204901458439942,-6.335338422288497,0.05034381179397229
11.97,10.0,10.204773584454124,-6.335842611542533,0.0530841228972152
11.98,10.0,10.20464570883038,-6.3362923906920905,0.055713472409590015
11.99,10.0,10.204517853583624,-6.336687549164088,0.05822915277575813
12.0,10.0,10.20439004256999,-6.337028106345228,0.06062674811322322
12.01,10.0,10.204262298731434,-6.337314059625294,0.06290220030304994
12.02,10.0,10.204134644830711,-6.337545454789717,0.06505119331841658
12.03,10.0,10.204007104838764,-6.337722485675522,0.06707657400831168
12.04,10.0,10.203879702526988,-6.337845396648276,0.06898112563002146
12.05,10.0,10.2037524601921,-6.337914394435625,0.07076103659929944
12.06,10.0,10.20362540072308,-6.3379297957199565,0.07241688205142593
12.07,10.0,10.203498546893401,-6.337891978992743,0.07395006532078052
12.08,10.0,10.203371918674254,-6.337801143793492,0.07535690425613839
12.09,10.0,10.203245537950375,-6.337657738998048,0.07663930684501219
12.1,10.0,10.203119426249238,-6.337462259650884,0.07779978962217582
12.11,10.0,10.202993604263822,-6.337215205901559,0.07884051547580562
12.12,10.0,10.202868092330178,-6.336917124344854,0.07976346534855905
12.13,10.0,10.202742912963851,-6.3365687504548776,0.08055326195028534
12.14,10.0,10.202618085022195,-6.336170683348597,0.08121595786980995
12.15,10.0,10.20249362814552,-6.335723634594176,0.08174912996107842
12.16,10.0,10.20236956157324,-6.335228362877888,0.08214956577618437
12.17,10.0,10.202245903768816,-6.334685648893318,0.08241632803393273
12.18,10.0,10.202122671894598,-6.334096259767251,0.08255515178681305
12.19,10.0,10.201999883919326,-6.3334610970290734,0.08255946544172676
12.2,10.0,10.20187755669841,-6.332781063808688,0.08242717078588435
12.21,10.0,10.201755706473719,-6.332057100718977,0.08215593937810906
12.22,10.0,10.201634350029803,-6.331290203171642,0.08175332231480525
12.23,10.0,10.201513503673313,-6.330481405119401,0.08122826525125859
12.24,10.0,10.201393181840245,-6.329631757058626,0.08057944484401869
12.25,10.0,10.201273399068187,-6.328742355930488,0.07981234864657027
12.26,10.0,10.201154169341962,-6.327814334512076,0.07893391895953128
12.27,10.0,10.20103550471005,-6.326848795759188,0.07793947112739064
12.28,10.0,10.200917417613946,-6.325846922960697,0.0768353770454473
12.29,10.0,10.200799919905116,-6.324809933048599,0.07562984205147738
12.3,10.0,10.200683022453383,-6.323739057911357,0.07432937843573173
12.31,10.0,10.200566735414958,-6.32263555525766,0.07294033754500662
12.32,10.0,10.20045107043505,-6.321500735776819,0.07143118458549824
12.33,10.0,10.200336035749924,-6.320335899607065,0.06981512471611295
12.34,10.0,10.200221639887793,-6.319142382633021,0.06808698239542044
12.35,10.0,10.200107890695866,-6.3179215430859275,0.0662393007823674
12.36,10.0,10.199994795354387,-6.316674742387504,0.06427365774951199
12.37,10.0,10.199882360411287,-6.315403309608294,0.062222463523436966
12.38,10.0,10.199770591614792,-6.314108666805056,0.06006784421756994
12.39,10.0,10.19965949404353,-6.312792217449176,0.05781207586502801
12.4,10.0,10.199549072060416,-6.3114553751932405,0.05545824422019319
12.41,10.0,10.199439329474842,-6.310099589332426,0.05301895439892412
12.42,10.0,10.19933026941668,-6.308726324327566,0.050510490420515364
12.43,10.0,10.199221894080603,-6.307337018648738,0.0479404246111772
12.44,10.0,10.199114205044793,-6.305933135191359,0.045324231366538514
12.45,10.0,10.199007203163186,-6.304516143703739,0.04268036654748175
12.46,10.0,10.19890088858888,-6.3030874619110495,0.03997481361147148
12.47,10.0,10.198795260721706,-6.30164854870581,0.03721261195254977
12.48,10.0,10.198690318219041,-6.300200870488778,0.03440677688702909
12.49,10.0,10.198586059001638,-6.2987458775850085,0.03155695786022461
12.5,10.0,10.198482480244483,-6.297285014609393,0.028660610872171866
12.51,10.0,10.198379579046483,-6.295819818482212,0.02570070230746535
12.52,10.0,10.198277350986608,-6.294351703838157,0.022671082718515922
12.53,10.0,10.19817579120798,-6.292882122337832,0.019556804412669493
12.54,10.0,10.19807489413663,-6.291412520034836,0.016338773817182295
12.55,10.0,10.197974655294548,-6.289944320580748,0.013082028560115866
12.56,10.0,10.19787506865783,-6.288478946904529,0.00980632839754736
12.57,10.0,10.197776127120983,-6.2870178160657915,0.006508526872993414
12.58,10.0,10.197677823538038,-6.285562329126705,0.0032131273354847334
12.59,10.0,10.197580149891321,-6.284113864912142,-8.356155688349354e-05
12.6,10.0,10.197483097327655,-6.2826737790016,-0.003411439443002706
12.61,10.0,10.197386657263648,-6.281243425328383,-0.0067337263157565275
12.62,10.0,10.197290820294715,-6.279824131337023,-0.01004081191059325
12.63,10.0,10.197195576456087,-6.278417205655414,-0.013327584466780618
12.64,10.0,10.197100914802494,-6.277023951713317,-0.01662057413845952
12.65,10.0,10.19700682448327,-6.275645628812825,-0.019911521890137784
12.66,10.0,10.196913293916735,-6.2742834799873926,-0.023209881458302606
12.67,10.0,10.196820311012205,-6.272938723048946,-0.026529768807901588
12.68,10.0,10.196727864187833,-6.2716125721191185,-0.029825435782086407
12.69,10.0,10.196635940546434,-6.270306194980538,-0.03310928775432198
12.7,10.0,10.196544526930353,-6.269020735444049,-0.03638497959370679
12.71,10.0,10.19645360990049,-6.267757311421086,-0.039649612123096256
12.72,10.0,10.196363175909898,-6.266517016481059,-0.042896664354345804
12.73,10.0,10.19627321108831,-6.265300914396638,-0.04611808130816808
12.74,10.0,10.19618370108445,-6.264110034778683,-0.0493057867779878
12.75,10.0,10.196094631392908,-6.262945377847064,-0.05244837384204515
12.76,10.0,10.196005987186819,-6.261807912510872,-0.05554264898561434
12.77,10.0,10.195917753218048,-6.2606985767190935,-0.058608286957071876
12.78,10.0,10.195829914318157,-6.259618271158899,-0.06162846971899838
12.79,10.0,10.195742455000419,-6.258567862907191,-0.06460126706570746
12.8,10.0,10.195655359590267,-6.257548183554051,-0.0675257166616976
12.81,10.0,10.195568612207456,-6.256560041043808,-0.07039854829805581
12.82,10.0,10.195482196858487,-6.255604191893226,-0.07322156841538163
12.83,10.0,10.195396097398696,-6.2546813602383455,-0.07599644560794028
12.84,10.0,10.195310297563722,-6.253792231966527,-0.07872619951739646
12.85,10.0,10.195224781115103,-6.252937468291578,-0.081398154844182
12.86,10.0,10.19513953166445,-6.252117683236367,-0.08400995798759392
12.87,10.0,10.195054532744766,-6.251333448864729,-0.08656248558091506
12.88,10.0,10.194969767883135,-6.250585300669603,-0.08905256660654248
12.89,10.0,10.19488522055096,-6.24987374154771,-0.0914784472733503
12.9,10.0,10.194800874194408,-6.249199239218196,-0.0938391309555695
12.91,10.0,10.19471671234526,-6.248562209669126,-0.09612978017257356
12.92,10.0,10.194632718540278,-6.247963033881194,-0.09834649759782765
12.93,10.0,10.194548876339306,-6.247402054540309,-0.10048662935993602
12.94,10.0,10.194465169211227,-6.246879585621891,-0.10255679865792589
12.95,10.0,10.194381580898028,-6.246395885724578,-0.10455167140788268
12.96,10.0,10.194298095156162,-6.245951178620259,-0.1064708434901136
12.97,10.0,10.194214695844842,-6.2455456474970275,-0.10831448807827737
12.98,10.0,10.194131366882749,-6.245179448707827,-0.11007889344373911
12.99,10.0,10.19404809237533,-6.244852685205275,-0.11176502427089452
13.0,10.0,10.193964856561122,-6.2445654227429035,-0.11337326713014173
13.01,10.0,10.193881643835455,-6.244317687790755,-0.11490408315953071
13.02,10.0,10.193798438655403,-6.244109481590379,-0.11635489812012745
13.03,10.0,10.193715225679796,-6.243940763611335,-0.11772384043479112
13.04,10.0,10.19363198983351,-6.243811444986376,-0.1190112196075559
13.05,10.0,10.19354871620203,-6.2437214043061635,-0.12021594130602042
13.06,10.0,10.193465390085919,-6.243670482345455,-0.1213366932892106
13.07,10.0,10.19338199701425,-6.243658482197828,-0.1223719067795348
13.08,10.0,10.193298522758035,-6.2436851694104165,-0.12331971768663585
13.09,10.0,10.193214953343663,-6.243750272118638,-0.12417792794152871
13.1,10.0,10.193131275053897,-6.243853481312965,-0.12494522500714011
13.11,10.0,10.193047474253694,-6.243994452972381,-0.12564019320333286
13.12,10.0,10.192963537898418,-6.244172802928632,-0.1262510420295344
13.13,10.0,10.192879453126666,-6.244388111481052,-0.1267782671263078
13.14,10.0,10.192795207392367,-6.244639922267344,-0.12722256488000605
13.15,10.0,10.192710788477676,-6.244927742403748,-0.1275848454246089
13.16,10.0,10.192626184505924,-6.24525104262521,-0.12786624585692552
13.17,10.0,10.192541383954508,-6.245609257425545,-0.12806814321153404
13.18,10.0,10.192456373653826,-6.246001996087233,-0.12818145956676275
13.19,10.0,10.192371143537434,-6.246428546774338,-0.12821186216595137
13.2,10.0,10.192285682924696,-6.24688826727719,-0.12815994336979397
13.21,10.0,10.1921999814256,-6.247380491759988,-0.12802597579172903
13.22,10.0,10.192114029010686,-6.247904524931749,-0.12781022850067703
13.23,10.0,10.192027816020387,-6.248459642558561,-0.1275129611333401
13.24,10.0,10.191941333174425,-6.249045091975805,-0.12713441820277382
13.25,10.0,10.191854570325479,-6.249660197794129,-0.12667881868444764
13.26,10.0,10.191767519210702,-6.250304132689009,-0.12614562490423054
13.27,10.0,10.191680171663569,-6.250976068498742,-0.12553525623744122
13.28,10.0,10.191592519734455,-6.251675167420501,-0.12484872950814663
13.29,10.0,10.191504555861664,-6.25240056897869,-0.1240871387388458
13.3,10.0,10.191416272878566,-6.253151390724301,-0.12325165646900849
13.31,10.0,10.19132766355706,-6.253926764387301,-0.1223435887205151
13.32,10.0,10.19123872095886,-6.25472581026128,-0.12136433650609013
13.33,10.0,10.191149439351342,-6.255547568417154,-0.12031529173024391
13.34,10.0,10.191059812987167,-6.2563910932643285,-0.11919798084014577
13.35,10.0,10.190969836516079,-6.257255423306594,-0.11801401915655463
13.36,10.0,10.19087950498999,-6.258139581998285,-0.11676511244333376
13.37,10.0,10.190788813844959,-6.259042579902071,-0.11545293680739399
13.38,10.0,10.19069775843014,-6.259963442393098,-0.11407663303331761
13.39,10.0,10.19060633522008,-6.260901142444945,-0.1126391650849159
13.4,10.0,10.19051454081778,-6.261854657985676,-0.11114204522326632
13.41,10.0,10.19042237223688,-6.262822957128076,-0.10958679471451394
13.42,10.0,10.190329826905655,-6.263804999088203,-0.10797493969352856
13.43,10.0,10.19023690267097,-6.26479973510395,-0.10630800673211671
13.44,10.0,10.190143597385449,-6.265806128651991,-0.10458838935450121
13.45,10.0,10.190049909591634,-6.266823124873794,-0.10281792283592761
13.46,10.0,10.189955838440797,-6.2678496554364935,-0.10099805772302806
13.47,10.0,10.189861383339165,-6.268884656015873,-0.09913060298948362
13.48,10.0,10.189766544108082,-6.269927059983345,-0.097217395451066
13.49,10.0,10.189671320986465,-6.270975799393818,-0.09526029852474904
13.5,10.0,10.189575714436199,-6.272029813134223,-0.09326142188839781
13.51,10.0,10.189479724835596,-6.2730880591375255,-0.09122346633173817
13.52,10.0,10.189383353923482,-6.274149462997671,-0.08914810821075903
13.53,10.0,10.189286603433908,-6.275212968646663,-0.08703752983500856
13.54,10.0,10.189189475499498,-6.276277524780716,-0.08489396965642548
13.55,10.0,10.189091972651802,-6.277342085923912,-0.08271972328062382
13.56,10.0,10.188994097821693,-6.278405613491898,-0.08051714467900095
13.57,10.0,10.188895853641132,-6.279467077922843,-0.07828737617422288
13.58,10.0,10.188797243927747,-6.280525457473727,-0.07603305020580131
13.59,10.0,10.188698272728317,-6.281579740745889,-0.07375654935040088
13.6,10.0,10.188598944380978,-6.282628927654252,-0.07146011995466539
13.61,10.0,10.188499263596146,-6.283672030367964,-0.06914601985069635
13.62,10.0,10.188399235455073,-6.284708074376914,-0.06681651623508289
13.63,10.0,10.18829886512647,-6.285736085676672,-0.06447377508289343
13.64,10.0,10.18819815807644,-6.286755102243952,-0.06211994025779677
13.65,10.0,10.18809712059322,-6.287764201016264,-0.059757333389886425
13.66,10.0,10.187995759071699,-6.2887624637977595,-0.057388177358006054
13.67,10.0,10.187894080246359,-6.289748989866959,-0.0550146842723882
13.68,10.0,10.187792091188214,-6.290722896966004,-0.05263905254292589
13.69,10.0,10.1876897992583,-6.291683319290226,-0.050263498260427086
13.7,10.0,10.187587211345226,-6.292629356099776,-0.04789084818300138
13.71,10.0,10.187484335803756,-6.293560206623809,-0.04552301367436096
13.72,10.0,10.187381180837404,-6.294475059705572,-0.04316225438932331
13.73,10.0,10.187277754941785,-6.295373125577637,-0.040810825371592196
13.74,10.0,10.187174066899606,-6.296253636715183,-0.03847097577312919
13.75,10.0,10.18707012577565,-6.297115848689287,-0.036144947545379225
13.76,10.0,10.186965940628049,-6.297959030883745,-0.03383500877515022
13.77,10.0,10.186861520973059,-6.298782484131057,-0.031543395261041995
13.78,10.0,10.186756876704903,-6.299585538880747,-0.02927231844787248
13.79,10.0,10.186652017861752,-6.300367547871794,-0.02702399190518312
13.8,10.0,10.186546954722926,-6.3011278906362955,-0.024800617793660384
13.81,10.0,10.186441697802856,-6.301865974315966,-0.022604385670030203
13.82,10.0,10.186336257590886,-6.302581214747984,-0.020437209438100012
13.83,10.0,10.186230644189806,-6.303273009688916,-0.018300359852316817
13.84,10.0,10.186124869067653,-6.303940876092521,-0.016196275146630246
13.85,10.0,10.186018943369762,-6.304584320358287,-0.014126826411159144
13.86,10.0,10.185912878407292,-6.305202877540465,-0.012093826226919013
13.87,10.0,10.185806685648583,-6.305796111962927,-0.010099024774093301
13.88,10.0,10.185700376710544,-6.306363617834038,-0.008144106141558138
13.89,10.0,10.185593962327584,-6.306904926725749,-0.0062313153240194374
13.9,10.0,10.18548745453136,-6.3074197075335166,-0.0043621041529160465
13.91,10.0,10.185380865203298,-6.3079076360230015,-0.002538015248552128
13.92,10.0,10.185274206187632,-6.308368406526288,-0.0007606032972682364
13.93,10.0,10.185167489392077,-6.308801742516487,0.0009686364192724728
13.94,10.0,10.185060726776554,-6.30920739697891,0.002648270001830655
13.95,10.0,10.184953930482584,-6.309585153294952,0.004276640746244453
13.96,10.0,10.18484711270885,-6.309934825201072,0.005852101599461257
13.97,10.0,10.184740285455145,-6.310256256268043,0.007373515400355579
13.98,10.0,10.184633460852982,-6.310549321518038,0.008839561121343431
13.99,10.0,10.18452665104124,-6.310813927383911,0.010248966144586369
14.0,10.0,10.184419868155633,-6.311050012083161,0.011600506838469249
14.01,10.0,10.184313124258676,-6.311257536898341,0.012893052782900316
14.02,10.0,10.184206430438506,-6.3114363504336035,0.014126221249822546
14.03,10.0,10.184099799106328,-6.311586541721751,0.015298683409393332
14.04,10.0,10.183993242058879,-6.311708146090487,0.016409579552229214
14.05,10.0,10.183886771001756,-6.311801227130596,0.017458127833296144
14.06,10.0,10.183780397536514,-6.3118658767073335,0.01844362655031717
14.07,10.0,10.18367413314776,-6.311902214971799,0.019365456463484643
14.08,10.0,10.183567989577439,-6.311910390684983,0.020223177373583034
14.09,10.0,10.183461978160622,-6.311890580703251,0.021016371995120853
14.1,10.0,10.18335610993922,-6.311842990091965,0.021744679049012117
14.11,10.0,10.183250395942089,-6.311767852373469,0.022407866898749962
14.12,10.0,10.183144847038,-6.31166542943018,0.02300580325867041
14.13,10.0,10.183039473924099,-6.311536011517082,0.023538457918852007
14.14,10.0,10.18293428698995,-6.311379878476367,0.02400552038209458
14.15,10.0,10.18282929615169,-6.3111972516518415,0.02440592541611264
14.16,10.0,10.182724511654875,-6.310988547763763,0.02474037435279719
14.17,10.0,10.182619943276888,-6.310754133879276,0.02500890659940258
14.18,10.0,10.18251560054734,-6.310494399726785,0.02521161968211172
14.19,10.0,10.182411492735332,-6.310209757325393,0.025348668026135668
14.2,10.0,10.182307628836675,-6.309900640614356,0.02542026194952829
14.21,10.0,10.182204018607315,-6.3095675355624214,0.02542665036947178
14.22,10.0,10.18210067029506,-6.30921091408282,0.02536815433544204
14.23,10.0,10.181997592137618,-6.308831277679947,0.025245142730511816
14.24,10.0,10.181894792194099,-6.308429152540868,0.02505803346297819
14.25,10.0,10.181792278228937,-6.3080050861547,0.024807293971567335
14.26,10.0,10.181690057701841,-6.307559647020813,0.02449344003919962
14.27,10.0,10.181588137824745,-6.307093356804936,0.02411770087595233
14.28,10.0,10.181486525494398,-6.306606747879211,0.02368144753497803
14.29,10.0,10.181385227173978,-6.3061004722485485,0.023185114602623624
14.3,10.0,10.181284249039193,-6.305575143819753,0.022629751822007993
14.31,10.0,10.181183596916249,-6.305031390543236,0.022016505636316186
14.32,10.0,10.181083276272123,-6.304469853760703,0.021346621760321982
14.33,10.0,10.180983292305118,-6.303891191818274,0.020621362198055326
14.34,10.0,10.18088365123842,-6.303296134871773,0.019840898766382953
14.35,10.0,10.180784356885313,-6.302685338484777,0.019007229637095113
14.36,10.0,10.18068541351147,-6.30205950518944,0.018121738191744008
14.37,10.0,10.180586825027914,-6.301419349904844,0.017185873825105613
14.38,10.0,10.18048859498491,-6.300765599436398,0.01620115119586818
14.39,10.0,10.180390726565822,-6.300098991975223,0.01516914965624605
14.4,10.0,10.180293222913836,-6.299420182123926,0.014089988610797688
14.41,10.0,10.1801960865574,-6.298729901735545,0.012964929473734399
14.42,10.0,10.180099319533117,-6.298028922796317,0.011795784286244393
14.43,10.0,10.180002923615127,-6.297317990069833,0.010583836753057296
14.44,10.0,10.179906900198194,-6.296597852052336,0.00933034884221895
14.45,10.0,10.179811250292719,-6.295869260139442,0.008036554883323221
14.46,10.0,10.179715974848508,-6.295132987857516,0.0067042861032058365
14.47,10.0,10.179621075108301,-6.294389851911474,0.005336652183100865
14.48,10.0,10.179526550567168,-6.2936405870976735,0.003934130474436026
14.49,10.0,10.17943240095051,-6.2928859665082015,0.002498363664956482
14.5,10.0,10.179338625621916,-6.292126764857593,0.0010310275846083794
14.51,10.0,10.179245223581377,-6.2913637578411175,-0.0004661689667184721
14.52,10.0,10.179152194056762,-6.290597698446506,-0.0019910448610778175
14.53,10.0,10.179059535887616,-6.2898293401781515,-0.003541401615564599
14.54,10.0,10.178967246871302,-6.289059461741227,-0.005115505819142996
14.55,10.0,10.178875324858495,-6.288288823778118,-0.006711277042026786
14.56,10.0,10.178783767378825,-6.28751818269681,-0.00832656352747696
14.57,10.0,10.178692571642552,-6.286748289893707,-0.009959139639805992
14.58,10.0,10.178601734913803,-6.285979883725522,-0.011608951585355243
14.59,10.0,10.178511253822842,-6.285213702185405,-0.013273943315215142
14.6,10.0,10.178421124672447,-6.284450476179278,-0.014951897718457952
14.61,10.0,10.17833134355306,-6.283690926534439,-0.01664112068649537
14.62,10.0,10.17824190626676,-6.282935764738517,-0.018339968375101545
14.63,10.0,10.178152808332584,-6.282185692455671,-0.020046848478793455
14.64,10.0,10.178064045283216,-6.281441446043436,-0.021759446918751646
14.65,10.0,10.17797561199217,-6.280703691345111,-0.02347653118687365
14.66,10.0,10.177887503213848,-6.279973105784445,-0.02519653058835236
14.67,10.0,10.17779971344324,-6.279250355399471,-0.026917924211409927
14.68,10.0,10.177712236920112,-6.278536094180951,-0.0286392452630011
14.69,10.0,10.177625067756177,-6.277830962531327,-0.030358662028832306
14.7,10.0,10.17753820017871,-6.277135584891458,-0.032073158368776555
14.71,10.0,10.17745162757097,-6.276450575968396,-0.03378185339685236
14.72,10.0,10.177365343355884,-6.275776533786569,-0.035482980064623915
14.73,10.0,10.177279340749939,-6.275114040815102,-0.03717475021737249
14.74,10.0,10.177193612769413,-6.2744636632917254,-0.03885535199257806
14.75,10.0,10.17710815242748,-6.273825974059714,-0.040523236169939025
14.76,10.0,10.17702295258595,-6.2732015328698365,-0.042176879533701195
14.77,10.0,10.176938005664677,-6.27259084915822,-0.04381433244989563
14.78,10.0,10.176853304064029,-6.2719944326323285,-0.04543384675499973
14.79,10.0,10.176768840035882,-6.271412775943175,-0.047033668258286365
14.8,10.0,10.17668460569127,-6.270846354191649,-0.0486120360861515
14.81,10.0,10.176600593373852,-6.270295609365733,-0.05016921145790887
14.82,10.0,10.176516795024675,-6.269760976333098,-0.05170391055224055
14.83,10.0,10.17643320241373,-6.269242873124039,-0.05321454601870368
14.84,10.0,10.176349807317099,-6.26874169345568,-0.05470016662335686
14.85,10.0,10.176266601433433,-6.268257809996067,-0.05615995081075065
14.86,10.0,10.176183576393365,-6.267791573798171,-0.05759321584715993
14.87,10.0,10.17610072347647,-6.267343401128562,-0.058996956011794444
14.88,10.0,10.176018034276058,-6.266913577075476,-0.060371388831145456
14.89,10.0,10.175935500206055,-6.266502405146307,-0.06171571838252876
14.9,10.0,10.175853112631833,-6.266110170427837,-0.06302917021957288
14.91,10.0,10.175770862883775,-6.265737137785848,-0.06431103550939099
14.92,10.0,10.175688742361663,-6.265383545499332,-0.06556004363812495
14.93,10.0,10.175606742813557,-6.265049587821001,-0.06677259291341886
14.94,10.0,10.175524855402111,-6.264735474509447,-0.06794892011866316
14.95,10.0,10.17544307154965,-6.264441377445872,-0.06908762374010569
14.96,10.0,10.175361382711257,-6.264167445299749,-0.07018720588588256
14.97,10.0,10.175279780385111,-6.263913803136459,-0.07124606121260957
14.98,10.0,10.175198255770153,-6.263680593368171,-0.07226453045507086
14.99,10.0,10.175116799987078,-6.263467950664551,-0.07324365601442007
15.0,10.0,10.175035404806865,-6.2632759173433845,-0.07418096443933009
15.01,10.0,10.174954061757612,-6.2631045489159645,-0.07507574643046455
15.02,10.0,10.174872762420526,-6.262953880196191,-0.07592737249591064
15.03,10.0,10.174791498437262,-6.262823925256565,-0.07673529921440081
15.04,10.0,10.174710261520268,-6.262714693734711,-0.07750015812414701
15.05,10.0,10.174629043455143,-6.262626163583168,-0.0782219605706278
15.06,10.0,10.174547836109149,-6.262558287529322,-0.07890053447132339
15.07,10.0,10.174466631440461,-6.26251100338647,-0.07953621629615992
15.08,10.0,10.174385421504635,-6.262484229189017,-0.08012953811843548
15.09,10.0,10.174304198461943,-6.262477863231663,-0.08068123931182503
15.1,10.0,10.174222954822246,-6.262491767344463,-0.08118686024709287
15.11,10.0,10.174141682932731,-6.262525803608309,-0.08164860760374681
15.12,10.0,10.17406037536454,-6.262579807624121,-0.08206671426529133
15.13,10.0,10.17397902484444,-6.262653593892734,-0.08244117703823628
15.14,10.0,10.173897624252712,-6.262746956524479,-0.08277198522916507
15.15,10.0,10.173816166548635,-6.262859681024619,-0.08305870459956743
15.16,10.0,10.17373464444721,-6.2629915916112076,-0.08329883140948291
15.17,10.0,10.173653051463367,-6.263142403248026,-0.08349290740585413
15.18,10.0,10.173571381021944,-6.263311849890533,-0.08364007185841937
15.19,10.0,10.173489626715948,-6.263499648754654,-0.0837392907708645
15.2,10.0,10.173407782312838,-6.26370550057097,-0.08378934028443652
15.21,10.0,10.173325841776526,-6.263929082537869,-0.08379235965162124
15.22,10.0,10.173243799268096,-6.264170051147823,-0.08375257696415694
15.23,10.0,10.173161649111224,-6.264428061394034,-0.08366702627294043
15.24,10.0,10.173079385845728,-6.264702745086384,-0.08353625697324207
15.25,10.0,10.172997004219246,-6.264993717883612,-0.08336100330519702
15.26,10.0,10.17291449919364,-6.265300579480307,-0.08314220053399901
15.27,10.0,10.17283186538547,-6.2656229695760715,-0.08288166438887168
15.28,10.0,10.17274909795574,-6.265960480996241,-0.08258107200292186
15.29,10.0,10.172666192524552,-6.266312668922352,-0.08224208563875957
15.3,10.0,10.172583144713366,-6.266679096831252,-0.08186691294430282
15.31,10.0,10.172499950346532,-6.267059317447573,-0.081458094380771
15.32,10.0,10.172416605454664,-6.267452873232271,-0.08101852306248425
15.33,10.0,10.172333106204377,-6.267859301643771,-0.08053478502637845
15.34,10.0,10.172249449058496,-6.268278125456012,-0.08001272310891583
15.35,10.0,10.17216563067147,-6.268708860247023,-0.07945299289454755
15.36,10.0,10.172081647908538,-6.269151013860631,-0.0788546708846698
15.37,10.0,10.171997497854083,-6.2696040865718405,-0.07821640380300465
15.38,10.0,10.171913177807825,-6.270067568570155,-0.07753791673908506
15.39,10.0,10.171828685248393,-6.270540923119184,-0.07682886403946432
15.4,10.0,10.171744017949814,-6.271023636842824,-0.0760832694844118
15.41,10.0,10.171659173888349,-6.271515177980056,-0.07530114396055265
15.42,10.0,10.171574151272111,-6.272015008543869,-0.07448247055228885
15.43,10.0,10.171488948543965,-6.272522584740395,-0.07362720779821319
15.44,10.0,10.17140356419261,-6.273037370440388,-0.0727392035908041
15.45,10.0,10.171317996767945,-6.273558836748319,-0.0718259436411437
15.46,10.0,10.171232245507449,-6.274086419994242,-0.0708858429418957
15.47,10.0,10.171146309663316,-6.274619568136517,-0.06992202624899369
15.48,10.0,10.17106018870995,-6.275157727258309,-0.06893815995213215
15.49,10.0,10.170973882344901,-6.275700342118738,-0.06793849477031877
15.5,10.0,10.170887390556315,-6.276246843389687,-0.06691680754425278
15.51,10.0,10.170800713527662,-6.2767966674705304,-0.06587250523231081
15.52,10.0,10.170713851632174,-6.277349258348477,-0.0648117593653954
15.53,10.0,10.170626805502028,-6.27790405448026,-0.0637361515560364
15.54,10.0,10.170539576002724,-6.278460494669245,-0.06264715700848322
15.55,10.0,10.17045216423438,-6.279018018539897,-0.061546123169351485
15.56,10.0,10.170364570908507,-6.279576117623503,-0.06042430838792412
15.57,10.0,10.170276797642174,-6.28013423107128,-0.059283436399447
15.58,10.0,10.17018884613066,-6.280691813276901,-0.05812248685045085
15.59,10.0,10.17010071821374,-6.281248329089937,-0.05693870755647157
15.6,10.0,10.170012415937885,-6.281803249355373,-0.055728562428187356
15.61,10.0,10.169923941550906,-6.282356045106562,-0.05449070966445135
15.62,10.0,10.169835297464402,-6.282906133362392,-0.05325167843036693
15.63,10.0,10.169746486350368,-6.283453024763005,-0.05199687894850347
15.64,10.0,10.169657511058784,-6.283996201839592,-0.05072795114180906
15.65,10.0,10.169568374638756,-6.284535153149077,-0.04944700899278187
15.66,10.0,10.169479080337313,-6.28506937370009,-0.04815669536485778
15.67,10.0,10.169389631225217,-6.285598385959954,-0.046861836937372114
15.68,10.0,10.169300030092767,-6.286121745962409,-0.04556994064903641
15.69,10.0,10.16921028095087,-6.286638960828758,-0.04428480183395189
15.7,10.0,10.169120387486387,-6.287149574367383,-0.04301318180808922
15.71,10.0,10.169030353519974,-6.287653142166199,-0.04176289263772248
15.72,10.0,10.168940183000666,-6.288149232249108,-0.04054286976166699
15.73,10.0,10.168849880935303,-6.288637357582132,-0.03933246008730995
15.74,10.0,10.168759452149022,-6.289117066695599,-0.03812213326876823
15.75,10.0,10.168668900917387,-6.289587970766483,-0.036925491357126417
15.76,10.0,10.168578232135163,-6.290049658673533,-0.035740673934899325
15.77,10.0,10.168487450879658,-6.2905017290935,-0.034564632587698485
15.78,10.0,10.168396562411049,-6.290943790738201,-0.03339301392828631
15.79,10.0,10.168305570684945,-6.291375542569757,-0.032230000567927686
15.8,10.0,10.168214481334266,-6.291796613760685,-0.03106823873995257
15.81,10.0,10.168123299920286,-6.292206657967955,-0.029900429709359466
15.82,10.0,10.168032031909233,-6.292605354844877,-0.028719371487619938
15.83,10.0,10.167940682865487,-6.29299239991152,-0.027516551299892722
15.84,10.0,10.167849258402782,-6.293367499745774,-0.02628775499480618
15.85,10.0,10.16775776359841,-6.293730300321647,-0.025109467281505093
15.86,10.0,10.167666204454981,-6.29408057026425,-0.023945338613223344
15.87,10.0,10.167574586693227,-6.294418051820742,-0.022804510495798347
15.88,10.0,10.167482916072196,-6.29474250199373,-0.021698576068840403
15.89,10.0,10.16739119838126,-6.295053692814092,-0.020641808327214406
15.9,10.0,10.167299439797878,-6.295351397148141,-0.019629250532642972
15.91,10.0,10.167207647131283,-6.295635379015291,-0.0186217092209644
15.92,10.0,10.167115825997772,-6.295905465716669,-0.01765594900657308
15.93,10.0,10.167023982598066,-6.296161477493278,-0.01673685372041067
15.94,10.0,10.166932123186605,-6.29640324847294,-0.015869293830118147
15.95,10.0,10.166840254068154,-6.296630626762071,-0.015058077701134653
15.96,10.0,10.166748381463258,-6.2968435025447285,-0.014277319705197522
15.97,10.0,10.16665651165933,-6.297041775171344,-0.01350642970868643
15.98,10.0,10.166564651100535,-6.297225333327378,-0.012751819884778026
15.99,10.0,10.166472806186036,-6.297394097485484,-0.012000599528074973
16.0,10.0,10.166380983336065,-6.297548005157759,-0.011236730635094228
16.01,10.0,10.166289188987639,-6.297687011172293,-0.010440777326333528
16.02,10.0,10.166197428825962,-6.297811025531491,-0.009695392947570047
16.03,10.0,10.166105709257325,-6.297920034322145,-0.008980714128438816
16.04,10.0,10.166014036631005,-6.298014036796322,-0.008281164933613416
16.05,10.0,10.165922417123662,-6.2980930365590435,-0.007600602887591457
16.06,10.0,10.16583085686068,-6.298157052102598,-0.006944691621082466
16.07,10.0,10.165739361873973,-6.2982061165393075,-0.00632105909815639
16.08,10.0,10.165647937362445,-6.298240270777438,-0.0057357430367388496
16.09,10.0,10.16555658981819,-6.298259580527021,-0.005195685919432647
16.1,10.0,10.165465325163431,-6.298264122416572,-0.004709556907569246
16.11,10.0,10.165374149284157,-6.298253987802569,-0.004287022783776129
16.12,10.0,10.165283068030107,-6.298229282769463,-0.00393874794273219
16.13,10.0,10.165192086337425,-6.29819010840897,-0.0036031619066345666
16.14,10.0,10.1651012100897,-6.298136602651534,-0.003301799749284351
16.15,10.0,10.165010444940275,-6.298068913794678,-0.003041000117354642
16.16,10.0,10.164919796389004,-6.297987202228526,-0.002818312888687613
16.17,10.0,10.164829269880105,-6.297891642635468,-0.0026306675250640232
16.18,10.0,10.164738869957203,-6.297782394197574,-0.002476509528079207
16.19,10.0,10.164648601673234,-6.29765965030805,-0.002352235665469049
16.2,10.0,10.164558470335422,-6.297523629579459,-0.002252838768148857
16.21,10.0,10.164468480890283,-6.297374554159804,-0.0021734626553346903
16.22,10.0,10.164378638182571,-6.297212658877368,-0.002109227894536936
16.23,10.0,10.164288945605765,-6.297038144686432,-0.00209299063952062
16.24,10.0,10.164199408230015,-6.296851286571559,-0.0021078247231824943
16.25,10.0,10.16411003036481,-6.296652349466957,-0.0021552169655840725
16.26,10.0,10.164020816202438,-6.296441610454732,-0.002237062713021487
16.27,10.0,10.163931769630159,-6.296219343955954,-0.002352858677505898
16.28,10.0,10.163842894156222,-6.295985815899591,-0.0024985974718039206
16.29,10.0,10.163754193709886,-6.295741346789971,-0.0026787232141591844
16.3,10.0,10.163665671856688,-6.29548624984373,-0.0028944042876197784
16.31,10.0,10.163577332027371,-6.295220849038317,-0.003146954694227988
16.32,10.0,10.163489177208993,-6.294945443746594,-0.0034297349759817575
16.33,10.0,10.163401210434964,-6.294660364839452,-0.003741000435068198
16.34,10.0,10.16331343471462,-6.294365966622325,-0.004082054498932619
16.35,10.0,10.163225852814328,-6.294062601776366,-0.0044515098827604405
16.36,10.0,10.163138467342598,-6.293750631071347,-0.004847850241694207
16.37,10.0,10.163051280260053,-6.293430365735722,-0.0052737184749125365
16.38,10.0,10.162964294012337,-6.293102200695538,-0.005726002121920981
16.39,10.0,10.162877510651127,-6.292766511196602,-0.006203526012320992
16.4,10.0,10.162790932065471,-6.29242368001436,-0.006705027418177911
16.41,10.0,10.162704559883592,-6.2920740787955,-0.007230463555184974
16.42,10.0,10.162618395440731,-6.29171806194949,-0.007781439635074605
16.43,10.0,10.162532440180698,-6.291356042935526,-0.008355863193858282
16.44,10.0,10.162446695259483,-6.2909884189572995,-0.008953220936133599
16.45,10.0,10.16236116166114,-6.290615592976849,-0.00957303619591654
16.46,10.0,10.162275840141774,-6.2902379418126175,-0.010214209178265765
16.47,10.0,10.162190731309765,-6.289855861832087,-0.010875961923459965
16.48,10.0,10.162105835617492,-6.289469764245865,-0.011557740899492241
16.49,10.0,10.162021153322708,-6.289080053097602,-0.012258761937038676
16.5,10.0,10.161936684505836,-6.288687133528556,-0.012978184332635534
16.51,10.0,10.161852429162487,-6.288291396924898,-0.013714941251400381
16.52,10.0,10.161768387000182,-6.287893252086853,-0.014468085041027035
16.53,10.0,10.161684557591967,-6.287493100873712,-0.015236511392215046
16.54,10.0,10.161600940336706,-6.287091343922219,-0.016019019854921712
16.55,10.0,10.161517534495891,-6.286688383359314,-0.016814813576284227
16.56,10.0,10.161434339213121,-6.28628462401318,-0.01762375910855063
16.57,10.0,10.161351353367094,-6.2858804602239555,-0.018444343428760446
16.58,10.0,10.16126857571206,-6.285476287522488,-0.019275607393477667
16.59,10.0,10.161186004838896,-6.28507249879032,-0.020116597712543927
16.6,10.0,10.161103639256314,-6.28466948580628,-0.02096660941526718
16.61,10.0,10.161021477275128,-6.284267636041938,-0.021824842607194528
16.62,10.0,10.16093951702478,-6.283867332647967,-0.022690452555332863
16.63,10.0,10.16085775650683,-6.283468955332312,-0.023562709630355894
16.64,10.0,10.160776193577721,-6.283072879530997,-0.024440907428626923
16.65,10.0,10.160694826043564,-6.282679478283389,-0.025323210569441423
16.66,10.0,10.160613651458263,-6.282289116949099,-0.026209199729589905
16.67,10.0,10.160532667280842,-6.281902156590903,-0.027097940996370085
16.68,10.0,10.16045187083786,-6.281518952655754,-0.02798848351677763
16.69,10.0,10.16037125934741,-6.281139854800088,-0.028879888610779725
16.7,10.0,10.160290829931307,-6.280765206618381,-0.029771241477404065
16.71,10.0,10.160210579535413,-6.280395344615916,-0.03066152868627592
16.72,10.0,10.16013050501138,-6.280030598509347,-0.0315497515979164
16.73,10.0,10.16005060309718,-6.279671290694347,-0.03243489195780769
16.74,10.0,10.15997087046065,-6.279317738266348,-0.03331643095041259
16.75,10.0,10.159891303642777,-6.2789702491803006,-0.03419357917558097
16.76,10.0,10.159811899070494,-6.2786291224715365,-0.03506540010745374
16.77,10.0,10.159732653084843,-6.278294649377343,-0.03593113125733027
16.78,10.0,10.15965356193616,-6.277967112584658,-0.03679003943877346
16.79,10.0,10.159574621854215,-6.277646791417586,-0.03764107726055288
16.8,10.0,10.159495828904598,-6.2773339493553175,-0.03848365479416738
16.81,10.0,10.15941717910479,-6.277028843016151,-0.03931705649028405
16.82,10.0,10.159338668399094,-6.276731719474137,-0.0401405944811013
16.83,10.0,10.15926029267885,-6.276442818091513,-0.04095346403897482
16.84,10.0,10.15918204779255,-6.27616237103576,-0.04175469007286714
16.85,10.0,10.159103929490238,-6.2758905952277395,-0.04254366624735706
16.86,10.0,10.159025933485484,-6.275627699619588,-0.043319633827840764
16.87,10.0,10.15894805544322,-6.275373882804849,-0.04408182924467319
16.88,10.0,10.158870290996967,-6.2751293371711805,-0.044829749867464797
16.89,10.0,10.158792635734008,-6.274894242112605,-0.04556275129985354
16.9,10.0,10.158715085203474,-6.274668765047147,-0.04628012181759966
16.91,10.0,10.15863763492824,-6.274453063756782,-0.04698123725970582
16.92,10.0,10.158560280406315,-6.274247285332285,-0.04766550068071629
16.93,10.0,10.158483017118188,-6.274051571922141,-0.04833250977222092
16.94,10.0,10.158405840525138,-6.27386604735516,-0.048981687655058614
16.95,10.0,10.158328746078537,-6.273690827082313,-0.049612567801532226
16.96,10.0,10.158251729223183,-6.273526015421196,-0.05022472283996304
16.97,10.0,10.15817478539753,-6.273371708749741,-0.05081763593420208
16.98,10.0,10.158097910036904,-6.273227996387665,-0.05139066295217254
16.99,10.0,10.158021098593391,-6.273094948703719,-0.05194349727598313
17.0,10.0,10.157944346525365,-6.272972628519057,-0.05247571819789498
17.01,10.0,10.157867649306255,-6.272861087737354,-0.05298692037864794
17.02,10.0,10.157791002429013,-6.272760367285554,-0.05347671319839398
17.03,10.0,10.15771440141057,-6.2726704970546105,-0.05394471996210348
17.04,10.0,10.15763784179629,-6.272591495840239,-0.05439057720255058
17.05,10.0,10.15756131916445,-6.272523371283653,-0.05481393398884071
17.06,10.0,10.157484829127142,-6.272466120290347,-0.05521448872870072
17.07,10.0,10.157408367272138,-6.272419737439737,-0.05559265439079475
17.08,10.0,10.157331929333978,-6.272384192386931,-0.055947785564458785
17.09,10.0,10.15725551105518,-6.272359449179274,-0.05627970120608383
17.1,10.0,10.157179108231636,-6.272345460660364,-0.05658824858305733
17.11,10.0,10.157102716716963,-6.272342168427123,-0.05687330387947287
17.12,10.0,10.157026332426822,-6.272349502786892,-0.05713477267938494
17.13,10.0,10.156949951343273,-6.272367382714502,-0.05737259058891708
17.14,10.0,10.156873569519105,-6.272395715809362,-0.05758672374770546
17.15,10.0,10.156797183082187,-6.272434398252542,-0.057777169469940715
17.16,10.0,10.156720787903422,-6.272483403978503,-0.0579432972404621
17.17,10.0,10.156644380291297,-6.272542601576291,-0.05808520253778937
17.18,10.0,10.15656795666753,-6.272611841413526,-0.05820306287160215
17.19,10.0,10.156491513441837,-6.2726909899708065,-0.05829688442753822
17.2,10.0,10.15641504711309,-6.27277990411324,-0.05836669235501324
17.21,10.0,10.15633855427326,-6.27287843115604,-0.058412530633100035
17.22,10.0,10.156262031611341,-6.272986408930124,-0.05843446174004141
17.23,10.0,10.156185475917283,-6.27310366584772,-0.05843256647303341
17.24,10.0,10.156108884085922,-6.273230020967961,-0.0584069436825152
17.25,10.0,10.156032252778962,-6.273365323605258,-0.05835794786169468
17.26,10.0,10.15595557866615,-6.273509425959493,-0.0582860238880103
17.27,10.0,10.15587885929175,-6.273662083438424,-0.05819110690438345
17.28,10.0,10.155802091907239,-6.2738230901638605,-0.05807343667219689
17.29,10.0,10.155725273876868,-6.273992232592582,-0.05793327798386683
17.3,10.0,10.155648402681013,-6.274169289649512,-0.057770920830996886
17.31,10.0,10.15557147591952,-6.274354032860883,-0.05758668059174865
17.32,10.0,10.155494491315045,-6.274546226487407,-0.0573808981375723
17.33,10.0,10.155417446716402,-6.274745627657456,-0.057153940054291974
17.34,10.0,10.155340340015385,-6.274951994101522,-0.05690615162556378
17.35,10.0,10.155263168040552,-6.275165181741527,-0.056637251683770096
17.36,10.0,10.155185929767194,-6.275384863171048,-0.056348081959457064
17.37,10.0,10.155108623444615,-6.2756107804092505,-0.056039038465153235
17.38,10.0,10.155031247449402,-6.275842670378022,-0.05571053514809421
17.39,10.0,10.154953800288057,-6.2760802651012,-0.055363003824842716
17.4,10.0,10.154876280599561,-6.27632329190377,-0.05499689379692363
17.41,10.0,10.15479868715798,-6.276571473611093,-0.05461267164938555
17.42,10.0,10.154721018875067,-6.276824528748113,-0.054210821064782255
17.43,10.0,10.154643273741279,-6.2770822327983575,-0.053791615524040104
17.44,10.0,10.15456545086665,-6.277344301164036,-0.053355553889316454
17.45,10.0,10.154487549811297,-6.277610428023758,-0.05290321648927354
17.46,10.0,10.154409569865733,-6.277880328075283,-0.0524351104148808
17.47,10.0,10.154331510448618,-6.278153714006668,-0.05195175377542238
17.48,10.0,10.154253371108249,-6.278430296758347,-0.05145367519614674
17.49,10.0,10.154175151524077,-6.278709785785228,-0.050941413411171865
17.5,10.0,10.154096851508184,-6.2789918893187835,-0.05041551665997246
17.51,10.0,10.15401847074498,-6.279276319455705,-0.04987657473575191
17.52,10.0,10.153940008607114,-6.2795627958406115,-0.04932524129762017
17.53,10.0,10.153861465715103,-6.279851017206366,-0.04876204089296743
17.54,10.0,10.1537828422968,-6.280140691904756,-0.048187571388730976
17.55,10.0,10.153704138704622,-6.2804315286619055,-0.047602439762213455
17.56,10.0,10.153625355416256,-6.280723236855003,-0.047007261747867846
17.57,10.0,10.153546493035371,-6.281015526789033,-0.04640266144761518
17.58,10.0,10.153467552292309,-6.281308109973486,-0.04578927088524898
17.59,10.0,10.153388533383282,-6.281600700643835,-0.045167656594261585
17.6,10.0,10.153309437280823,-6.281893013573803,-0.04453846395070271
17.61,10.0,10.1532302651664,-6.282184765421055,-0.04390235408608523
17.62,10.0,10.153151018142912,-6.282475675546182,-0.04325997155332728
17.63,10.0,10.153071697426038,-6.2827654659307255,-0.042611965041001953
17.64,10.0,10.152992304344023,-6.283053861455635,-0.04195898691946831
17.65,10.0,10.152912840337478,-6.283340590179716,-0.04130169275635831
17.66,10.0,10.152833306857127,-6.283625382483483,-0.0406407195909162
17.67,10.0,10.152753704968429,-6.283907966953481,-0.03997660320987828
17.68,10.0,10.152674036728781,-6.284188085977021,-0.039310064312994664
17.69,10.0,10.152594303919221,-6.284465481919921,-0.03864174416011368
17.7,10.0,10.152514508417859,-6.2847399015598455,-0.037972281786015305
17.71,10.0,10.152434652198892,-6.285011096355855,-0.03730231347103197
17.72,10.0,10.152354737331565,-6.28527882271796,-0.03663247195206165
17.73,10.0,10.152274765979188,-6.2855428422766755,-0.035963385884842713
17.74,10.0,10.152194740177801,-6.285802916667507,-0.03529569408755817
17.75,10.0,10.152114662193227,-6.286058816714986,-0.03463002062603859
17.76,10.0,10.152034534515899,-6.286310322598813,-0.0339669744205644
17.77,10.0,10.151954359613274,-6.2865572179841855,-0.033307165358683166
17.78,10.0,10.151874140033689,-6.286799292902283,-0.03265119648633763
17.79,10.0,10.151793878404908,-6.287036344008519,-0.03199966347645411
17.8,10.0,10.151713577432643,-6.287268174840788,-0.03135315392332583
17.81,10.0,10.151633239861097,-6.287494594338569,-0.030712250989467726
17.82,10.0,10.151552867762053,-6.287715384635391,-0.03007761175547774
17.83,10.0,10.151472464420902,-6.287930387692626,-0.02944975655763926
17.84,10.0,10.15139203271741,-6.288139431526011,-0.028829248315472622
17.85,10.0,10.15131157558506,-6.288342351549802,-0.028216640778631952
17.86,10.0,10.151231096008573,-6.288538990789881,-0.027612477904998434
17.87,10.0,10.151150597021473,-6.28872920009686,-0.027017293419246746
17.88,10.0,10.151070081703633,-6.288912838359178,-0.026431610261844485
17.89,10.0,10.15098955304111,-6.289089756285982,-0.02585590717245978
17.9,10.0,10.150909014081348,-6.289259815430249,-0.02529065581198875
17.91,10.0,10.150828468089768,-6.289422907373481,-0.024736358479264364
17.92,10.0,10.150747918258514,-6.289578919484797,-0.02419347836241137
17.93,10.0,10.15066736780735,-6.289727747464239,-0.023662463794977828
17.94,10.0,10.150586819980846,-6.289869295512008,-0.02314374765453553
17.95,10.0,10.150506278045576,-6.290003476497728,-0.022637746828626293
17.96,10.0,10.15042574528727,-6.290130212129682,-0.022144861515781544
17.97,10.0,10.150345224676949,-6.290249379108332,-0.02166548515646971
17.98,10.0,10.150264719653478,-6.290360937433524,-0.021199979031098604
17.99,10.0,10.150184233506405,-6.290464830340022,-0.02074869106012245
18.0,10.0,10.150103769511457,-6.290561007034645,-0.020311950828366454
18.01,10.0,10.150023330941899,-6.290649425177448,-0.01989006855048281
18.02,10.0,10.149942921065294,-6.29073005098275,-0.019483334484154513
18.03,10.0,10.149862543140273,-6.290802859320183,-0.01909201835268237
18.04,10.0,10.149782200423338,-6.2908678193667065,-0.018716455994691295
18.05,10.0,10.14970189616169,-6.290924900383777,-0.018357014517367043
18.06,10.0,10.149621633559876,-6.290974115124734,-0.018013830285987797
18.07,10.0,10.14954141581307,-6.2910154674144625,-0.017687125350847932
18.08,10.0,10.149461246091962,-6.291048969342169,-0.017377103777053815
18.09,10.0,10.149381127539545,-6.2910746413112175,-0.017083951295963073
18.1,10.0,10.149301063267927,-6.291092512088972,-0.016807835063413545
18.11,10.0,10.149221056355126,-6.291102618856619,-0.016548903389094427
18.12,10.0,10.149141109845774,-6.291104963848371,-0.016307366722248418
18.13,10.0,10.149061226739388,-6.291099609206854,-0.016083319886496028
18.14,10.0,10.14898140999262,-6.291086616549418,-0.015876855084238084
18.15,10.0,10.148901662515929,-6.291066048373243,-0.015688059048019953
18.16,10.0,10.148821987169779,-6.291037974689488,-0.015517000416918947
18.17,10.0,10.148742386761457,-6.291002473009088,-0.015363729618610433
18.18,10.0,10.148662864041885,-6.290959628328568,-0.015228278754775282
18.19,10.0,10.148583421756992,-6.290909524295038,-0.01511063988789707
18.2,10.0,10.148504062697402,-6.290852234654603,-0.015010744342234927
18.21,10.0,10.148424789349626,-6.290787879073393,-0.014928598042105445
18.22,10.0,10.148345604243154,-6.290716566528488,-0.014864143874035562
18.23,10.0,10.148266509840017,-6.290638412623878,-0.014817303731983866
18.24,10.0,10.148187508531858,-6.290553539530967,-0.014787978184672035
18.25,10.0,10.148108602637018,-6.290462075929081,-0.0147760461901989
18.26,10.0,10.14802979439764,-6.290364156945978,-0.01478136495127469
18.27,10.0,10.147951086167753,-6.290259893200058,-0.014803941412401711
18.28,10.0,10.147872480040265,-6.290149430607539,-0.014843599039462196
18.29,10.0,10.1477939779947,-6.290032925952571,-0.014900113057915165
18.3,10.0,10.147715581984832,-6.289910532181758,-0.014973291684540646
18.31,10.0,10.147637293879638,-6.289782407425479,-0.015062925407053562
18.32,10.0,10.147559115460725,-6.2896487148841524,-0.015168787002728168
18.33,10.0,10.147481048419719,-6.289509622714515,-0.015290631462617332
18.34,10.0,10.147403094417985,-6.289365299939351,-0.015428235109428146
18.35,10.0,10.147325255344565,-6.289215899688484,-0.01558155807736683
18.36,10.0,10.147247532429104,-6.289061615590718,-0.015750192339635705
18.37,10.0,10.147169927047857,-6.2889026300037205,-0.015933866385489992
18.38,10.0,10.14709244048383,-6.288739129060421,-0.016132297243812266
18.39,10.0,10.14701507392474,-6.2885713025198315,-0.016345190823881417
18.4,10.0,10.146937828460986,-6.288399343617874,-0.01657224224769438
18.41,10.0,10.146860705083641,-6.288223448918202,-0.016813136319782096
18.42,10.0,10.146783704981829,-6.288043801299531,-0.017067465125778503
18.43,10.0,10.146706829061372,-6.287860596803081,-0.017334860862466384
18.44,10.0,10.146630077931757,-6.287674045104672,-0.017614999333689818
18.45,10.0,10.146553452252485,-6.287484349742953,-0.017907503980050032
18.46,10.0,10.14647695258497,-6.287291716198424,-0.01821198667293822
18.47,10.0,10.14640057939116,-6.2870963517081435,-0.018528047944813997
18.48,10.0,10.146324333032146,-6.286898465080444,-0.018855277161641704
18.49,10.0,10.146248213791692,-6.286698265990809,-0.019193252410326656
18.5,10.0,10.146172222405687,-6.286495953739942,-0.019541533364980213
18.51,10.0,10.146096358662446,-6.2862917461936725,-0.019899680777802242
18.52,10.0,10.146020622596133,-6.2860858547115885,-0.020267240281986565
18.53,10.0,10.14594501414556,-6.285878491039206,-0.020643747140076885
18.54,10.0,10.145869533153556,-6.285669867107578,-0.021028726580844204
18.55,10.0,10.145794179366295,-6.285460194832938,-0.021421693941438447
18.56,10.0,10.145718952432635,-6.285249685916319,-0.021822154840916985
18.57,10.0,10.145643852165282,-6.285038547878033,-0.022229791560659073
18.58,10.0,10.145568878248817,-6.2848269880463326,-0.022644256007402053
18.59,10.0,10.145494029916089,-6.284615218002225,-0.023064940596657646
18.6,10.0,10.145419306513796,-6.284403445235124,-0.023491380735681133
18.61,10.0,10.145344707300522,-6.284191875837946,-0.023923112049255346
18.62,10.0,10.145270231446768,-6.283980714296546,-0.024359671005048433
18.63,10.0,10.145195878035006,-6.283770163279156,-0.024800595620355192
18.64,10.0,10.145121646059746,-6.283560423425815,-0.02524542624494508
18.65,10.0,10.145047534950454,-6.28335169948305,-0.02569363547806347
18.66,10.0,10.144973543335967,-6.283144185098825,-0.02614479594574015
18.67,10.0,10.144899670003126,-6.282938074244228,-0.026598451461280703
18.68,10.0,10.144825913688145,-6.282733558470802,-0.027054145846367117
18.69,10.0,10.144752273051532,-6.282530826394886,-0.027511427085765705
18.7,10.0,10.144678746678808,-6.282330063495137,-0.0279698479556032
18.71,10.0,10.144605333081216,-6.282131451910036,-0.028428966599314487
18.72,10.0,10.144532030860136,-6.281935173914883,-0.028888214652598387
18.73,10.0,10.14445883865226,-6.281741410471416,-0.02934694268170479
18.74,10.0,10.144385754618211,-6.281550329513342,-0.029804835635177884
18.75,10.0,10.144312777056202,-6.2813620995224095,-0.030261417047349415
18.76,10.0,10.144239904204069,-6.281176884859936,-0.03071621047161255
18.77,10.0,10.144167134240597,-6.280994845577592,-0.031168739720769167
18.78,10.0,10.14409446528682,-6.280816137228172,-0.03161852897076001
18.79,10.0,10.144021895407311,-6.280640910676392,-0.03206510281631858
18.8,10.0,10.14394942291962,-6.280469329862609,-0.0325082309745055
18.81,10.0,10.143877045726294,-6.280301532616354,-0.03294739732816554
18.82,10.0,10.143804761736602,-6.280137654963796,-0.033382133669482394
18.83,10.0,10.143732568865632,-6.27997783081014,-0.033812018027954416
18.84,10.0,10.14366046498679,-6.279822188905745,-0.034236636162146006
18.85,10.0,10.143588447933544,-6.279670852683615,-0.0346555819499077
18.86,10.0,10.143516515501206,-6.2795239400969125,-0.03506845794614044
18.87,10.0,10.143444665513645,-6.279381569311734,-0.03547493670161894
18.88,10.0,10.143372895894828,-6.279243864836545,-0.03587482650737517
18.89,10.0,10.143301204242512,-6.279110918766028,-0.036267671255179046
18.9,10.0,10.143229588260871,-6.27898282946311,-0.03665315420876758
18.91,10.0,10.143158045630683,-6.278859689533812,-0.0370309753569229
18.92,10.0,10.143086574011436,-6.278741585695564,-0.037400852229933834
18.93,10.0,10.143015171043428,-6.278628598645496,-0.03776252068383368
18.94,10.0,10.142943834349886,-6.278520802928751,-0.03811573577274485
18.95,10.0,10.142872561650814,-6.278418288965966,-0.038459833819733724
18.96,10.0,10.142801350550336,-6.278321120334186,-0.03879457643179052
18.97,10.0,10.142730198622626,-6.278229350261843,-0.039119821995915904
18.98,10.0,10.142659103470605,-6.278143032711585,-0.03943530464601852
18.99,10.0,10.14258806269418,-6.278062215536061,-0.03974076791549619
19.0,10.0,10.142517073892542,-6.2779869403855235,-0.0400359647012396
19.01,10.0,10.142446134666486,-6.277917242615421,-0.04032065743394786
19.02,10.0,10.142375242627631,-6.27785315556477,-0.04059460040123897
19.03,10.0,10.142304395431873,-6.277794730101097,-0.04085746076576635
19.04,10.0,10.142233590677995,-6.277741969134914,-0.04110908193309415
19.05,10.0,10.142162826004352,-6.2776948870458575,-0.04134924393875794
19.06,10.0,10.142092099063525,-6.277653492156881,-0.04157773363156836
19.07,10.0,10.142021407524693,-6.277617786682401,-0.04179434458038944
19.08,10.0,10.141950749076,-6.277587766676431,-0.041998876953637465
19.09,10.0,10.141880121426933,-6.277563421980706,-0.04219113739997882
19.1,10.0,10.14180952226748,-6.277544756053469,-0.04237131787525228
19.11,10.0,10.141738949338707,-6.277531754527507,-0.04253939714227073
19.12,10.0,10.141668400439062,-6.277524383355373,-0.04269510635170515
19.13,10.0,10.141597873374511,-6.277522612784918,-0.042838386836823616
19.14,10.0,10.141527365982556,-6.27752640735556,-0.04296920039981056
19.15,10.0,10.141456876134477,-6.277535725889513,-0.04308752983585795
19.16,10.0,10.141386401737643,-6.277550521482997,-0.04319337982392657
19.17,10.0,10.141315940732296,-6.277570742718466,-0.04328676274529375
19.18,10.0,10.141245490958891,-6.277596363767111,-0.04336733533753545
19.19,10.0,10.14117505051242,-6.277627305822167,-0.0434353492486832
19.2,10.0,10.14110461744477,-6.2776635040111755,-0.04349084248686719
19.21,10.0,10.141034189852203,-6.27770488838348,-0.04353387010854548
19.22,10.0,10.140963765877414,-6.277751383941764,-0.043564504235465096
19.23,10.0,10.140893343711626,-6.27780291067358,-0.04358283427370235
19.24,10.0,10.14082292159672,-6.277859383582878,-0.043588967301069204
19.25,10.0,10.140752497724598,-6.277920726384458,-0.043582663350162365
19.26,10.0,10.14068207035015,-6.277986856786192,-0.04356372942845943
19.27,10.0,10.140611637928373,-6.2780576685569285,-0.04353249927426517
19.28,10.0,10.140541198887387,-6.278133062035126,-0.04348901997836352
19.29,10.0,10.14047075171146,-6.278212933393398,-0.04343333960598983
19.3,10.0,10.140400294942811,-6.2782971747075385,-0.04336550638546899
19.31,10.0,10.14032982718344,-6.278385674025557,-0.04328556797305971
19.32,10.0,10.140259347096924,-6.278478315436712,-0.0431935706142863
19.33,10.0,10.140188853126492,-6.2785750035654075,-0.04309027284809397
19.34,10.0,10.14011834416474,-6.278675606147417,-0.042975462936289066
19.35,10.0,10.140047819041712,-6.278779998320669,-0.04284925164909281
19.36,10.0,10.139977276634552,-6.278888053411136,-0.04271179991136931
19.37,10.0,10.139906715884482,-6.278999641696849,-0.042563279843284896
19.38,10.0,10.139836135798255,-6.279114630508274,-0.04240387490763897
19.39,10.0,10.139765535449595,-6.279232884328683,-0.04223378000564404
19.4,10.0,10.13969491386622,-6.279354271661233,-0.04205334378148429
19.41,10.0,10.139624270063775,-6.279478663209505,-0.04186302847999124
19.42,10.0,10.139553603420788,-6.279605909888091,-0.041662945804244345
19.43,10.0,10.139482913238679,-6.279735869029089,-0.04145340562975064
19.44,10.0,10.139412198885749,-6.279868396053781,-0.0412347391054364
19.45,10.0,10.139341459798194,-6.280003344597837,-0.041007299199159464
19.46,10.0,10.139270695481136,-6.280140566636541,-0.04077146137471832
19.47,10.0,10.139199905509653,-6.28027991261001,-0.04052762425543932
19.48,10.0,10.139129089252275,-6.280421242662786,-0.0402751362533289
19.49,10.0,10.139058246471567,-6.280564402758812,-0.04001461638654202
19.5,10.0,10.13898737695457,-6.280709239647382,-0.039746520845254096
19.51,10.0,10.138916480509039,-6.280855601180345,-0.0394711250545956
19.52,10.0,10.13884555701035,-6.281003334599802,-0.03918870192018442
19.53,10.0,10.138774606402118,-6.281152286680014,-0.03889952082203241
19.54,10.0,10.138703628696812,-6.281302303869314,-0.038603846736299685
19.55,10.0,10.13863262389255,-6.281453233973496,-0.038301952157893115
19.56,10.0,10.138561591874316,-6.281604928126241,-0.03799413166431953
19.57,10.0,10.138490532989845,-6.281757230349326,-0.03768061159849423
19.58,10.0,10.13841944747516,-6.28190998827248,-0.03736163839006945
19.59,10.0,10.13834833563034,-6.2820630500534715,-0.03703745040301176
19.6,10.0,10.138277197819681,-6.28221626452833,-0.03670827703055135
19.61,10.0,10.138206034471853,-6.282369481361559,-0.036374337799315315
19.62,10.0,10.138134846080067,-6.282522551196364,-0.03603584150311412
19.63,10.0,10.138063632948732,-6.282675325636573,-0.03569400933051048
19.64,10.0,10.137992395676772,-6.282827657717624,-0.03534912217588437
19.65,10.0,10.137921134977478,-6.282979401937083,-0.03500124811331773
19.66,10.0,10.13784985154211,-6.283130414314199,-0.03465079319174125
19.67,10.0,10.13777854611917,-6.28328055259265,-0.034298180921590316
19.68,10.0,10.137707219514109,-6.283429676390462,-0.03394385322018412
19.69,10.0,10.137635872589035,-6.283577647349932,-0.03358827135664755
19.7,10.0,10.137564506221553,-6.28372432841403,-0.03323179493441297
19.71,10.0,10.137493121107353,-6.283869579761967,-0.03287409473229275
19.72,10.0,10.137421718404399,-6.284013272737611,-0.03251607655504829
19.73,10.0,10.137350299148578,-6.2841552775125615,-0.032158139557891374
19.74,10.0,10.137278864424125,-6.284295466886523,-0.031800686512070575
19.75,10.0,10.13720741536297,-6.284433716428785,-0.03144412372149019
19.76,10.0,10.137135953144021,-6.284569904619684,-0.031088860662924267
19.77,10.0,10.137064478992489,-6.284703912992103,-0.030735309820385526
19.78,10.0,10.136992994025812,-6.284835619134895,-0.030383120891344095
19.79,10.0,10.136921499491711,-6.284964907944831,-0.03003237210639509
19.8,10.0,10.13684999678983,-6.285091672807611,-0.029683681439516718
19.81,10.0,10.136778487278645,-6.285215806784894,-0.02933724612553168
19.82,10.0,10.136706972353537,-6.285337206421074,-0.028993235455484268
19.83,10.0,10.136635453445747,-6.2854557718691115,-0.02865178884114683
19.84,10.0,10.136563932021371,-6.2855714070163415,-0.028313013937512288
19.85,10.0,10.136492409571952,-6.285684019037237,-0.027977046903262748
19.86,10.0,10.136420887370303,-6.285793501873575,-0.027645857350637737
19.87,10.0,10.136349367097955,-6.28589977938357,-0.027318576332886035
19.88,10.0,10.136277850310345,-6.28600276892625,-0.026995460930643755
19.89,10.0,10.136206338587147,-6.286102391848854,-0.026676767605372964
19.9,10.0,10.136134833530928,-6.286198573590771,-0.026362752639525144
19.91,10.0,10.136063336765806,-6.286291243787479,-0.0260536726411027
19.92,10.0,10.135991849936095,-6.286380336374498,-0.02574978492108615
19.93,10.0,10.13592037462587,-6.286465780227786,-0.02545164563901947
19.94,10.0,10.135848912440315,-6.286547509162876,-0.025159798984420556
19.95,10.0,10.135777465114979,-6.286625475267415,-0.02487436177523006
19.96,10.0,10.135706034332472,-6.286699627238996,-0.024595708275119366
19.97,10.0,10.135634621785009,-6.2867699181313625,-0.02432423037550957
19.98,10.0,10.13556322917284,-6.286836305431999,-0.024060338868199915
19.99,10.0,10.13549185820269,-6.286898751139726,-0.02380446473997755
20.0,10.0,10.135420510586187,-6.28695722184231,-0.02355706045155115
20.0,10.0,10.135420510586187,-6.28695722184231,-0.02355706045155115
