time,setpoint.y,gantry.x,gantry.theta,pid.y
0.0,10.0,0.0,0.0,300.0
0.01,10.0,0.0014975530828158516,-0.0014942104969904865,300.0
0.02,10.0,0.005980487961529918,-0.005951079726525236,300.0
0.03,10.0,0.0134343545631482,-0.013326363198243141,300.0
0.04,10.0,0.023844871390399935,-0.023568837189016662,300.0
0.05,10.0,0.03719790479957335,-0.03662093793730087,300.0
0.06,10.0,0.05347944425893451,-0.05241941070638717,300.0
0.07,10.0,0.07267557446017694,-0.07089594428612932,300.0
0.08,10.0,0.09477244515361882,-0.09197777111657307,300.0
0.09,10.0,0.11975623944836351,-0.11558821954708497,300.0
0.1,10.0,0.14761314179040183,-0.14164720180990223,300.0
0.11,10.0,0.17832930606039493,-0.17007163694371397,300.0
0.12,10.0,0.21189082412494364,-0.20077580915012358,300.0
0.13,10.0,0.24828369678524687,-0.23367164274124105,300.0
0.14,10.0,0.2874938061367359,-0.2686689189631579,300.0
0.15,10.0,0.32950689094026697,-0.30567540666865634,300.0
0.16,10.0,0.3741551640301106,-0.34447658669009146,194.12010808921787
0.17,10.0,0.42054062904861605,-0.3842712221503985,103.72200255319513
0.18,10.0,0.46775308250219655,-0.4242187159291937,45.07499791971031
0.19,10.0,0.5151950816975144,-0.46371971467133505,12.603964986729125
0.2,10.0,0.5625318975957309,-0.5024064552163956,-2.1896726911302267
0.21,10.0,0.6096082813255777,-0.5400870564241521,-6.794304810980975
0.22,10.0,0.6563739564559072,-0.5766799862491073,-6.4876235275673935
0.23,10.0,0.7028300102335172,-0.6121601755414166,-4.427852544544521
0.24,10.0,0.7489964872995197,-0.6465245093495985,-2.2115459246915634
0.25,10.0,0.7948957867088018,-0.6797740852651497,-0.46678403570763294
0.26,10.0,0.8405459636250007,-0.711907361682239,0.6901120756290311
0.27,10.0,0.8859593645043334,-0.7429190224886304,1.358541354090221
0.28,10.0,0.9311434704083694,-0.7728010546278681,1.6947835356156702
0.29,10.0,0.9761024440025792,-0.8015444090078282,1.8385846404237327
0.3,10.0,1.0208385438510534,-0.8291404171807878,1.884185259118567
0.31,10.0,1.0653530968232905,-0.8555816482732138,1.8887274504911602
0.32,10.0,1.1096470604650832,-0.8808623134378439,1.8819025616089675
0.33,10.0,1.1537213120346763,-0.9049783747150806,1.8757885325810548
0.34,10.0,1.197576850582141,-0.9279275468712399,1.8743695698694864
0.35,10.0,1.241214694756537,-0.9497090837885332,1.876022847497552
0.36,10.0,1.2846359128982248,-0.9703236019843324,1.8781452285734304
0.37,10.0,1.3278416341816872,-0.98977295666333,1.878582468556715
0.38,10.0,1.3708330153865471,-1.0080600529776371,1.876179621215897
0.39,10.0,1.4136112123565996,-1.0251886859411028,1.8706526883702281
0.4,10.0,1.456177362438005,-1.0411634032716448,1.8621734885739443
0.41,10.0,1.4985325866103967,-1.055989401033492,1.8511447852201854
0.42,10.0,1.5406779849546106,-1.0696724169328022,1.837973175498064
0.43,10.0,1.582614622869121,-1.0822185804550688,1.8229182422619488
0.44,10.0,1.624343559426106,-1.09363439912301,1.8061419819252933
0.45,10.0,1.665865853673685,-1.1039266808444135,1.7878039577699383
0.46,10.0,1.7071825559435065,-1.1131025212980004,1.7685471202523786
0.47,10.0,1.7482947118300802,-1.1211691922872955,1.7490523585372557
0.48,10.0,1.7892033287241154,-1.128134126557114,1.7300381666354951
0.49,10.0,1.8299094028335494,-1.13400483825483,1.711781927067932
0.5,10.0,1.8704138997360196,-1.1387888772985628,1.6938969430502766
0.51,10.0,1.9107178112430023,-1.1424938743044812,1.6759801045654967
0.52,10.0,1.9508221189669972,-1.1451274828620577,1.6575423845156365
0.53,10.0,1.9907278329437847,-1.1466975027114317,1.6396310415370863
0.54,10.0,2.030435923765675,-1.1472117112239892,1.6225527034930565
0.55,10.0,2.0699473522930383,-1.146677941440104,1.6070178849097374
0.56,10.0,2.1092630499159277,-1.1451040348039,1.592719267461689
0.57,10.0,2.148383962008758,-1.1424979009084912,1.5791951274111398
0.58,10.0,2.1873110325622305,-1.1388675096077958,1.5655706514971826
0.59,10.0,2.2260452389052436,-1.1342209882899363,1.5521888701571243
0.6,10.0,2.2645875324904776,-1.1285665584485296,1.539189899774101
0.61,10.0,2.3029388655310457,-1.121912599591485,1.527156413270859
0.62,10.0,2.341100152619514,-1.1142676373804665,1.5158334923050916
0.63,10.0,2.3790723280939434,-1.1056404223756662,1.5047155419629235
0.64,10.0,2.416856323239141,-1.0960399490351564,1.4929924604141434
0.65,10.0,2.4544531058552006,-1.085475546949747,1.4805572200557435
0.66,10.0,2.4918636240906014,-1.0739568819685084,1.4677114604758117
0.67,10.0,2.529088827728316,-1.06149400642713,1.454943194369207
0.68,10.0,2.5661296301154723,-1.048097370195709,1.4421094151607576
0.69,10.0,2.6029869627186875,-1.0337779000790388,1.428411998692809
0.7,10.0,2.6396617587470126,-1.0185470513112438,1.4129348210087755
0.71,10.0,2.6761549887293787,-1.0024168970288108,1.395233681337686
0.72,10.0,2.712467610411762,-0.985400160411026,1.3757579506548154
0.73,10.0,2.7486005786123164,-0.9675102476770605,1.3549522884393355
0.74,10.0,2.7845548148687924,-0.9487612731228489,1.3329753206799069
0.75,10.0,2.82033125031984,-0.9291680998169438,1.3088204221019168
0.76,10.0,2.8559308254464666,-0.9087464144401204,1.2816295078162057
0.77,10.0,2.8913545114008645,-0.8875127736910546,1.250629814323247
0.78,10.0,2.9266032767682595,-0.8654846562772149,1.2165226842132597
0.79,10.0,2.961678074025008,-0.8426804461077982,1.1797512410612399
0.8,10.0,2.996579829355886,-0.8191194628312416,1.140932284784185
0.81,10.0,3.031309460550533,-0.794821924377412,1.098967179236979
0.82,10.0,3.0658679062909355,-0.7698090086658826,1.0531847162349095
0.83,10.0,3.100256119000026,-0.7441028358755577,1.0025817023938544
0.84,10.0,3.1344750628997513,-0.7177264952954164,0.9481805476389127
0.85,10.0,3.1685256645281448,-0.6907039804055308,0.8905881619261891
0.86,10.0,3.202408834391908,-0.6630601969373623,0.8309372759274538
0.87,10.0,3.2361254503969317,-0.634820869400792,0.7682491571065384
0.88,10.0,3.269676420471318,-0.6060125468585148,0.7019416474668105
0.89,10.0,3.3030626512864774,-0.5766625480503705,0.6310220255024888
0.9,10.0,3.336285071485893,-0.5467989287712538,0.5566959931677502
0.91,10.0,3.3693445572374388,-0.5164504212319658,0.48001420156151653
0.92,10.0,3.402241968044931,-0.4856463976655652,0.4024010347668536
0.93,10.0,3.434978114904475,-0.4544168080946339,0.3231952943210672
0.94,10.0,3.4675538425476837,-0.4227921339056882,0.24170461390940545
0.95,10.0,3.4999699877693837,-0.3908033254873254,0.1570923071822108
0.96,10.0,3.5322274156474456,-0.3584817379885353,0.07053245337419867
0.97,10.0,3.5643269290573762,-0.3258590903233283,-0.016393362563576375
0.98,10.0,3.596269311331784,-0.2929674387995603,-0.10216176566086688
0.99,10.0,3.6280552875078196,-0.2598391593790845,-0.1869932718009295
1.0,10.0,3.6596856247465115,-0.22650691363692096,-0.27176091481146614
1.01,10.0,3.6911610736489986,-0.19300355493195065,-0.35672395627420883
1.02,10.0,3.7224823900016726,-0.15936213812606548,-0.44134403792963894
1.03,10.0,3.75365030042614,-0.12561584443129845,-0.5244359964497107
1.04,10.0,3.78466550446495,-0.09179797047351651,-0.6050180189979528
1.05,10.0,3.815528674482105,-0.057941909106605634,-0.6820690097204078
1.06,10.0,3.8462404673992756,-0.024081123086199308,-0.7557454174884697
1.07,10.0,3.876801543480563,0.00975085688621889,-0.826003707506743
1.08,10.0,3.907212553528777,0.043520457818677284,-0.892961903307878
1.09,10.0,3.9374741466467893,0.07719413296516911,-0.9558905108910949
1.1,10.0,3.967586943122296,0.11073840259476388,-1.0140859559305682
1.11,10.0,3.9975515461039253,0.14411985851656817,-1.0666853341158458
1.12,10.0,4.027368541980084,0.1773051857561052,-1.1135852253919438
1.13,10.0,4.057038518292511,0.2102611999495969,-1.1547891249526856
1.14,10.0,4.086562057791673,0.24295488650140182,-1.1906147186036833
1.15,10.0,4.115939748989428,0.27535347515982206,-1.220687336067158
1.16,10.0,4.145172160835674,0.3074245045172298,-1.2445707242541175
1.17,10.0,4.174259856193942,0.3391358582493058,-1.2616741660351636
1.18,10.0,4.203203379929567,0.3704558196094767,-1.2721316536112681
1.19,10.0,4.232003291228218,0.4013531040826916,-1.27634718319473
1.2,10.0,4.260660151167498,0.43179694547274866,-1.274907922259672
1.21,10.0,4.289174540194242,0.46175717708931974,-1.2678591830472214
1.22,10.0,4.317547025297833,0.49120435007431695,-1.2549555761224838
1.23,10.0,4.345778175443534,0.5201097724779756,-1.235965694438164
1.24,10.0,4.373868545190152,0.5484455989790111,-1.2112123321790023
1.25,10.0,4.401818711629913,0.576184840163486,-1.1815706122670235
1.26,10.0,4.429629262843029,0.6033014752370661,-1.1478985298808766
1.27,10.0,4.457300816056114,0.6297705028009855,-1.1107119375158163
1.28,10.0,4.48483398257856,0.6555680761402404,-1.069859642974052
1.29,10.0,4.5122293768298185,0.6806715194548812,-1.0253857914585751
1.3,10.0,4.53948760176285,0.7050594046033624,-0.9775681483147309
1.31,10.0,4.566609280663178,0.7287115010073247,-0.9275941335029074
1.32,10.0,4.593595056018229,0.7516088490942318,-0.8763507515079709
1.33,10.0,4.62044559783011,0.773733759784889,-0.8246694708611813
1.34,10.0,4.647161578230554,0.7950698909511869,-0.7722365309280121
1.35,10.0,4.6737436607111915,0.815602233082577,-0.7191330395519344
1.36,10.0,4.700192500876343,0.835317123227857,-0.6652733458583953
1.37,10.0,4.726508758495898,0.8542021470862265,-0.6118800363699393
1.38,10.0,4.752693120842025,0.8722461151138875,-0.5596791808627586
1.39,10.0,4.778746289941067,0.8894390432299055,-0.5096008213708956
1.4,10.0,4.804668980089835,0.9057721325033344,-0.46107988228345675
1.41,10.0,4.830461880268268,0.9212377724862436,-0.41392244281882995
1.42,10.0,4.856125672449625,0.9358294766675642,-0.3676677554174148
1.43,10.0,4.8816610233044075,0.9495418147649212,-0.32331160167962025
1.44,10.0,4.9070686316278405,0.9623702979026587,-0.28153868696063
1.45,10.0,4.932349201864383,0.974311366246242,-0.24318659611572002
1.46,10.0,4.957503459859856,0.9853623148352366,-0.20760963457848902
1.47,10.0,4.982532093608829,0.9955213455529232,-0.17422998860979533
1.48,10.0,5.007435783422623,1.0047874700030468,-0.14236708773887585
1.49,10.0,5.032215177902655,1.01316050911778,-0.11268274430847214
1.5,10.0,5.056870960895622,1.0206409352153258,-0.08599105294683795
1.51,10.0,5.081403818140295,1.0272298776201834,-0.06302211280353731
1.52,10.0,5.105814465608782,1.0329290297426557,-0.04330600301659615
1.53,10.0,5.130103576843389,1.037740739616745,-0.025864729832392186
1.54,10.0,5.154271813921026,1.0416679447461699,-0.009988461721036401
1.55,10.0,5.178319800820726,1.0447142003997607,0.004041404450049413
1.56,10.0,5.202248200071545,1.0468835487347454,0.015191533023312331
1.57,10.0,5.226057667006905,1.0481805241439468,0.02331143001026703
1.58,10.0,5.249748867621956,1.0486101431253092,0.0283767962210959
1.59,10.0,5.2733224573594875,1.0481778906415211,0.030888487976426404
1.6,10.0,5.296779079008408,1.0468897381554902,0.0311667436950529
1.61,10.0,5.320119366972812,1.0447521306535985,0.029468576896192644
1.62,10.0,5.343343944494953,1.0417719863278376,0.025694240881193764
1.63,10.0,5.36645343814724,1.0379566869368642,0.0196612306139059
1.64,10.0,5.389448474342904,1.0333140777326248,0.011382738386032543
1.65,10.0,5.412329675062585,1.027852475390036,0.0009218829267183537
1.66,10.0,5.435097657123073,1.021580672420488,-0.011506344284725856
1.67,10.0,5.457753026958099,1.0145079570610656,-0.025799778621490077
1.68,10.0,5.480296387554685,1.0066441118316,-0.041910521621844055
1.69,10.0,5.502728336791539,0.9979994275005497,-0.059838608844984265
1.7,10.0,5.525049470999182,0.988584711224656,-0.07955318750907736
1.71,10.0,5.547260381261645,0.9784112996300462,-0.10092008349454318
1.72,10.0,5.569361651578137,0.9674910734963609,-0.12380380366528243
1.73,10.0,5.591353859541105,0.9558364690743122,-0.14806221849210033
1.74,10.0,5.613237575835248,0.9434604910214148,-0.17361878800090835
1.75,10.0,5.6350133673795115,0.9303767193849204,-0.2004016820387733
1.76,10.0,5.6566817955662145,0.9165993191020052,-0.22828740546424342
1.77,10.0,5.6782434156395984,0.9021430487962623,-0.2571227780958907
1.78,10.0,5.699698775277718,0.8870232673876365,-0.2867092746258777
1.79,10.0,5.7210484140323175,0.8712559385772987,-0.31688494446905224
1.8,10.0,5.742292865066137,0.8548576299501565,-0.347499238662067
1.81,10.0,5.763432654198823,0.8378455076583328,-0.37838018896820813
1.82,10.0,5.78446830089421,0.8202373315906932,-0.40931719405239164
1.83,10.0,5.8054003177376705,0.802051453722955,-0.44008223165951676
1.84,10.0,5.826229206622704,0.7833068118769309,-0.4705769036372658
1.85,10.0,5.846955463734766,0.764022927333054,-0.5006204165708823
1.86,10.0,5.8675795770113774,0.744219844242235,-0.529969236274269
1.87,10.0,5.888102026690364,0.7239181158833019,-0.5582745176911885
1.88,10.0,5.9085232838005926,0.7031388650495084,-0.5852342051188089
1.89,10.0,5.928843810640416,0.6819036113422663,-0.6107326906374055
1.9,10.0,5.949064060934984,0.660234398507604,-0.6344908764540378
1.91,10.0,5.969184480434705,0.6381536808261541,-0.6562790055452297
1.92,10.0,5.98920551054652,0.6156842250720145,-0.675904002281527
1.93,10.0,6.009127581163311,0.5928492534998276,-0.6931982511869137
1.94,10.0,6.028951118071236,0.5696722500931019,-0.7079676892014959
1.95,10.0,6.048676541141825,0.5461769780383806,-0.7200178472121479
1.96,10.0,6.068304262604199,0.5223874953132808,-0.7292106513336876
1.97,10.0,6.087834690040444,0.49832802078064153,-0.7353592816434684
1.98,10.0,6.107268225417313,0.4740229916968315,-0.7383112544143842
1.99,10.0,6.126605266040397,0.44949698051480025,-0.7379262565572162
2.0,10.0,6.1458462051729,0.4247746673359877,-0.734133297801236
2.01,10.0,6.164991431680972,0.39988081301679707,-0.7268289335446525
2.02,10.0,6.184041332872,0.37484023572643876,-0.7159766108488839
2.03,10.0,6.202996293702086,0.34967776845914156,-0.7015788974274528
2.04,10.0,6.221856696453375,0.32441821917500496,-0.6836678309822446
2.05,10.0,6.240622924935831,0.299086399313703,-0.6622434280523066
2.06,10.0,6.259295361208405,0.27370701260740354,-0.6373961682853633
2.07,10.0,6.277874388102549,0.24830468939208594,-0.6092099459414158
2.08,10.0,6.296360388837931,0.22290397320985275,-0.5777484676581253
2.09,10.0,6.314753749006394,0.19752922800212344,-0.543126363576107
2.1,10.0,6.333054854342215,0.1722046953970507,-0.5054752192257865
2.11,10.0,6.351264092983554,0.14695442758146526,-0.4649364920876451
2.12,10.0,6.3693818561890065,0.1218022587406348,-0.4216586159632243
2.13,10.0,6.3874085365318924,0.0967718391391319,-0.3758446553623571
2.14,10.0,6.405344530766156,0.07188654338459304,-0.327688826666531
2.15,10.0,6.4231902385256525,0.047169497109638775,-0.2774040101172659
2.16,10.0,6.440946062680927,0.022643555233875512,-0.2252024269789672
2.17,10.0,6.458612410650581,-0.0016687450891804578,-0.1713273381944873
2.18,10.0,6.476189692196276,-0.0257451781092654,-0.11599323306461429
2.19,10.0,6.493678321639323,-0.04956386192676682,-0.05942285197966157
2.2,10.0,6.511078717592781,-0.0731032783975128,-0.0018418357974496757
2.21,10.0,6.528391299797473,-0.09634229547551608,0.056520955767723535
2.22,10.0,6.545616494008657,-0.11926018119632133,0.11545557433657905
2.23,10.0,6.56275472828383,-0.14183663364654178,0.1747431413942877
2.24,10.0,6.579806433219377,-0.16405180318495846,0.2341528200746552
2.25,10.0,6.5967720437030115,-0.18588630263825423,0.29347693255010654
2.26,10.0,6.613651996606946,-0.20732124542773497,0.3525054904409899
2.27,10.0,6.630446731957651,-0.22833825534324154,0.41103209991888434
2.28,10.0,6.647156692389836,-0.24891949112517797,0.46885802152712586
2.29,10.0,6.663782321994605,-0.26904766940011865,0.5258122983580051
2.3,10.0,6.680324067767555,-0.288706085649921,0.5817200820088146
2.31,10.0,6.6967823777859365,-0.3078786289884802,0.6364233314798184
2.32,10.0,6.713157701129415,-0.3265498023969144,0.6897771392444838
2.33,10.0,6.729450488674864,-0.34470475499504927,0.7416556598655006
2.34,10.0,6.745661191231961,-0.36232926058782955,0.7919246373814985
2.35,10.0,6.761790260402415,-0.3794097810187704,0.8404747949163038
2.36,10.0,6.777838147883104,-0.39593345674941727,0.8872063039380009
2.37,10.0,6.793805305211861,-0.41188808247583797,0.9320230850706821
2.38,10.0,6.809692183411739,-0.4272622025531921,0.9748434907872934
2.39,10.0,6.825499232885261,-0.44204503593808897,1.015599574096541
2.4,10.0,6.841226903091991,-0.4562265080404784,1.0542375657810226
2.41,10.0,6.856875642118472,-0.469797308958217,1.0907108663884628
2.42,10.0,6.872445896662434,-0.4827487723709604,1.124986790556136
2.43,10.0,6.887938111543276,-0.4950730193998881,1.1570454553943819
2.44,10.0,6.903352729615278,-0.5067628779957047,1.186876386065478
2.45,10.0,6.918690191758318,-0.5178118411767695,1.2144682753274765
2.46,10.0,6.933950936078477,-0.5282141854324811,1.2398289212279678
2.47,10.0,6.949135398567219,-0.5379648474621325,1.2629662521893579
2.48,10.0,6.964244012563841,-0.5470594619155147,1.2838926135054862
2.49,10.0,6.979277208142652,-0.5554943954200979,1.302627255551215
2.5,10.0,6.994235413526431,-0.5632666295086228,1.3191985607275
2.51,10.0,7.0091190530925065,-0.570373876204619,1.333633839722097
2.52,10.0,7.023928548508157,-0.5768144915582832,1.345966112299834
2.53,10.0,7.038664318854247,-0.5825874560689824,1.3562342292314042
2.54,10.0,7.053326779469107,-0.5876924258638018,1.3644776524456574
2.55,10.0,7.067916343110104,-0.5921296624355564,1.3707359936735202
2.56,10.0,7.082433419378079,-0.5959000450800402,1.3750497344620953
2.57,10.0,7.0968784144793275,-0.5990050680133421,1.377460810540697
2.58,10.0,7.1112517323435345,-0.6014468052489396,1.3780076012014888
2.59,10.0,7.125553773226489,-0.6032279216938538,1.376728047018446
2.6,10.0,7.139784934709609,-0.6043516507785032,1.3736588350925558
2.61,10.0,7.153945611820025,-0.6048217864942508,1.3688381141063246
2.62,10.0,7.168036196325811,-0.604642670241397,1.3622974265553012
2.63,10.0,7.182057077533518,-0.6038191885542706,1.354071672058467
2.64,10.0,7.1960086420063005,-0.6023567555333084,1.344193358812845
2.65,10.0,7.209891273590424,-0.6002613023018104,1.3326919623207232
2.66,10.0,7.2237053536262525,-0.5975392836797031,1.3195967113116467
2.67,10.0,7.2374512608766635,-0.5941976449337527,1.304934709156214
2.68,10.0,7.25112937161667,-0.5902438308288745,1.288731529690267
2.69,10.0,7.2647400596547635,-0.5856857772545141,1.2710109763714854
2.7,10.0,7.278283696440557,-0.580531888384325,1.2517950893326315
2.71,10.0,7.291760650929604,-0.5747910453508375,1.2311072456029706
2.72,10.0,7.305171289781562,-0.5684725874168195,1.2089689991811383
2.73,10.0,7.318515977341874,-0.5615863047999653,1.185401173676837
2.74,10.0,7.331795075324814,-0.5541424344526149,1.1604287195373217
2.75,10.0,7.345008943378078,-0.5461516469489482,1.1340744174365227
2.76,10.0,7.358157938577363,-0.5376250384808997,1.1063633301008622
2.77,10.0,7.371242415429449,-0.528574120851545,1.077322289000449
2.78,10.0,7.384262726267869,-0.5190108170342724,1.0469802361233178
2.79,10.0,7.397219220550694,-0.508947438578517,1.0153670859561998
2.8,10.0,7.410112245360859,-0.4983966894730105,0.9825158663832099
2.81,10.0,7.422942145176158,-0.48737165014757894,0.9484623921124467
2.82,10.0,7.4357092614926374,-0.47588575233245545,0.9132453561276179
2.83,10.0,7.448413933329523,-0.46395279469435213,0.8769067613071684
2.84,10.0,7.461056496687605,-0.4515869062337581,0.8394924393348333
2.85,10.0,7.473637284558093,-0.43880253833621424,0.801052381604336
2.86,10.0,7.4861566270931315,-0.4256144686963056,0.7616406869443608
2.87,10.0,7.4986148510966455,-0.4120377557447685,0.7213145745428164
2.88,10.0,7.511012280311445,-0.3980877567174835,0.680136666023202
2.89,10.0,7.523349235172537,-0.383780098614526,0.6381736652822951
2.9,10.0,7.535626032648337,-0.3691306510945733,0.5954943563013444
2.91,10.0,7.5478429863163825,-0.3541555406937603,0.5521738883857097
2.92,10.0,7.560000406199679,-0.33887111036120643,0.5082900151837748
2.93,10.0,7.572098598700082,-0.3232939112538422,0.4639239684596532
2.94,10.0,7.58413786648916,-0.3074406975525778,0.41916157557830047
2.95,10.0,7.596118508622565,-0.29132839049507653,0.3740909387527154
2.96,10.0,7.608040820210529,-0.2749740828700748,0.328804270677324
2.97,10.0,7.619905092544758,-0.2583950123784519,0.283396440760896
2.98,10.0,7.631711613176704,-0.24160854364830198,0.2379638275614866
2.99,10.0,7.643460665504414,-0.22463216130951336,0.19260649542104602
3.0,10.0,7.655152529189195,-0.2074834469370389,0.14742485856942267
3.01,10.0,7.666787479940642,-0.1901800653519765,0.10252047885740012
3.02,10.0,7.678365789319755,-0.17273974983837398,0.0579967476243155
3.03,10.0,7.6898877254460265,-0.1551802854556272,0.013955386681061555
3.04,10.0,7.701353552101263,-0.137519493010471,-0.02950075349923509
3.05,10.0,7.712763529389861,-0.11977521399340178,-0.07227014149646038
3.06,10.0,7.724117913941909,-0.10196529553859002,-0.11425307418363673
3.07,10.0,7.73541695822586,-0.08410757281248317,-0.1553511877379492
3.08,10.0,7.746660911763625,-0.06621985529977743,-0.19546934210302425
3.09,10.0,7.7578500205931205,-0.048319910302242954,-0.23451550839990887
3.1,10.0,7.768984527100785,-0.030425447007323636,-0.2724010744296379
3.11,10.0,7.780064670512993,-0.012554101230626698,-0.3090418110803057
3.12,10.0,7.791090686853246,0.005276580387964411,-0.34435830300424186
3.13,10.0,7.80206280913193,0.02304915896766299,-0.3782762551198857
3.14,10.0,7.812981267443172,0.04074631948238956,-0.41072701184924654
3.15,10.0,7.8238462887364655,0.05835087814732211,-0.44164881941026124
3.16,10.0,7.834658097209899,0.07584580645073552,-0.47098666792334143
3.17,10.0,7.845416914306352,0.09321424455424372,-0.49869304004135984
3.18,10.0,7.856122964579763,0.11043953233822457,-0.5247272799404641
3.19,10.0,7.866776468412234,0.1275052057470205,-0.5490576382067047
3.2,10.0,7.877377641261569,0.1443950103677564,-0.5716619872462161
3.21,10.0,7.88792669896677,0.161092930995911,-0.5925273043937409
3.22,10.0,7.898423855989004,0.1775832025578188,-0.6116505923861268
3.23,10.0,7.908869328002323,0.19385036283908383,-0.6290197403412776
3.24,10.0,7.9192633273997215,0.2098791977607558,-0.6446519428520219
3.25,10.0,7.92960606633389,0.22565480093352192,-0.6585709043515067
3.26,10.0,7.939897756674065,0.24116258643821772,-0.6708090991389781
3.27,10.0,7.950138612180457,0.2563883320785615,-0.6813887164165635
3.28,10.0,7.960328846500534,0.2713181655998818,-0.6903431579210633
3.29,10.0,7.9704686718306785,0.2859385600366813,-0.6977321248012345
3.3,10.0,7.980558301926241,0.30023638871831393,-0.7036148146155483
3.31,10.0,7.990597950709239,0.31419892000337823,-0.7080517401465727
3.32,10.0,8.000587831420274,0.3278138195526693,-0.7110935198501238
3.33,10.0,8.010528160886986,0.3410692218462471,-0.7128235480518583
3.34,10.0,8.02041915623604,0.3539536994357602,-0.7133210916279609
3.35,10.0,8.030261035988847,0.3664562909129794,-0.7126709006676606
3.36,10.0,8.04005401409563,0.37856635906867186,-0.7109411223538586
3.37,10.0,8.049798312798456,0.3902739326098014,-0.7082280390332016
3.38,10.0,8.059494153455331,0.40156948188100205,-0.7046225899181309
3.39,10.0,8.069141758420022,0.4124439693091246,-0.7002163382257436
3.4,10.0,8.078741346683229,0.42288868159591936,-0.6950866115861345
3.41,10.0,8.0882931443994,0.4328956667764367,-0.6893294301107744
3.42,10.0,8.097797377090574,0.4424574267389259,-0.6830336122266658
3.43,10.0,8.107254269200338,0.4515668517192176,-0.6762838507310107
3.44,10.0,8.116664046733858,0.46021739479583235,-0.6691628321917165
3.45,10.0,8.12602693810631,0.4684031332423824,-0.6617514286780306
3.46,10.0,8.135343171818278,0.4761186231109266,-0.6541270591828265
3.47,10.0,8.144612975901824,0.48335883835947935,-0.6463707101023033
3.48,10.0,8.153836580740466,0.4901194321131615,-0.638550573294026
3.49,10.0,8.163014216951291,0.49639655395588117,-0.6307330986359716
3.5,10.0,8.172146114612715,0.5021868227832674,-0.6229841900179167
3.51,10.0,8.181232504636743,0.5074874194396275,-0.6153635336165166
3.52,10.0,8.19027361878261,0.5122960944392584,-0.6079239010951483
3.53,10.0,8.199269688319484,0.5166110874674121,-0.6007140280260614
3.54,10.0,8.208220942396832,0.5204310185448695,-0.5937789264681896
3.55,10.0,8.217127612344202,0.5237551965977871,-0.5871554067215925
3.56,10.0,8.225989928237928,0.5265833863733027,-0.580874830015091
3.57,10.0,8.23480812028339,0.5289158597482323,-0.574966020219108
3.58,10.0,8.243582417824413,0.5307534002313457,-0.5694498745896226
3.59,10.0,8.25231304937631,0.5320972999695825,-0.564339994072327
3.6,10.0,8.261000242476028,0.5329493064722605,-0.5596468792504083
3.61,10.0,8.269644222648868,0.5333114982060995,-0.5553839040508706
3.62,10.0,8.278245215421888,0.5331866084586809,-0.551548912037731
3.63,10.0,8.286803444528973,0.5325777652287205,-0.5481384092071266
3.64,10.0,8.29531913263255,0.531488525386874,-0.5451463381482995
3.65,10.0,8.303792500561832,0.5299229004156277,-0.5425609153963364
3.66,10.0,8.312223767386433,0.5278853381246391,-0.5403658181517699
3.67,10.0,8.320613151152086,0.5253807246482671,-0.538540165494453
3.68,10.0,8.32896086803234,0.5224143669045493,-0.5370589384025379
3.69,10.0,8.337267131925666,0.5189919797116473,-0.5358933446398737
3.7,10.0,8.3455321552476,0.5151196888514049,-0.5350111707446672
3.71,10.0,8.353756148583638,0.5108040208098162,-0.5343768898182475
3.72,10.0,8.361939320143346,0.5060518985701556,-0.5339505772333837
3.73,10.0,8.370081876207532,0.5008706152246177,-0.5336905938968357
3.74,10.0,8.378184020980472,0.49526781372542694,-0.5335545182976489
3.75,10.0,8.386245956278412,0.48925153328143633,-0.5334950011459796
3.76,10.0,8.394267881752514,0.482830147451381,-0.533463736562112
3.77,10.0,8.402249995057659,0.4760123421567827,-0.5334112306016436
3.78,10.0,8.410192491093916,0.4688071652883502,-0.5332860725968089
3.79,10.0,8.418095562551484,0.46122397165175727,-0.5330358385581349
3.8,10.0,8.425959400424667,0.45327241027136955,-0.5326063088205046
3.81,10.0,8.43378419261102,0.44496244065650337,-0.5319434441556723
3.82,10.0,8.441570124851681,0.43630430372046564,-0.53099249273032
3.83,10.0,8.449317381933563,0.4273084945848077,-0.5297004005594204
3.84,10.0,8.457026145150664,0.41798578871670533,-0.5280128421830454
3.85,10.0,8.464696593992535,0.4083472065586447,-0.5258766841777174
3.86,10.0,8.472328905762518,0.3984040082808703,-0.5232397874710273
3.87,10.0,8.479923255587954,0.38816768283077013,-0.5200513137793905
3.88,10.0,8.487479816430357,0.37764993698226684,-0.5162620312404442
3.89,10.0,8.494998758947835,0.36686264270856467,-0.5118260614150358
3.9,10.0,8.502480251762153,0.35581789866383523,-0.5066986828193194
3.91,10.0,8.509924461358231,0.34452798802074336,-0.5008377152666412
3.92,10.0,8.517331552052871,0.3330053558242092,-0.4942042303533185
3.93,10.0,8.52470168603129,0.32126260546702,-0.48676260131054505
3.94,10.0,8.532035026342857,0.3093124261739702,-0.47848168762914156
3.95,10.0,8.539331739105673,0.29716753668454976,-0.469335791670801
3.96,10.0,8.54659197912108,0.284840968600259,-0.4593008117929571
3.97,10.0,8.553815903759311,0.2723457709092896,-0.44835858062236866
3.98,10.0,8.561003668992326,0.25969508002875796,-0.43649603375899915
3.99,10.0,8.568155432022076,0.24690204975546254,-0.4237004169894476
4.0,10.0,8.575271350884979,0.23397984909106775,-0.40996054456593356
4.01,10.0,8.582351577548517,0.2209418061474475,-0.3952810770670112
4.02,10.0,8.589396265539596,0.20780122586171315,-0.3796677250942935
4.03,10.0,8.596405568799124,0.19457141714734394,-0.36312491077308096
4.04,10.0,8.603379641907907,0.18126567829236354,-0.345655161222453
4.05,10.0,8.61031863710651,0.16789731518991463,-0.3272808774991063
4.06,10.0,8.617222707442476,0.15447959681981752,-0.30802333943711346
4.07,10.0,8.624092005230093,0.14102578797036674,-0.28790574295101123
4.08,10.0,8.630926681941904,0.1275491465449003,-0.26695240853729274
4.09,10.0,8.637726890862742,0.11406279172251658,-0.2451986559393049
4.1,10.0,8.644492784794354,0.10057980349925885,-0.2226815676667684
4.11,10.0,8.65122451621921,0.08711319521012828,-0.19944050821396786
4.12,10.0,8.657922237160795,0.07367590755857618,-0.1755163124141177
4.13,10.0,8.664586101275297,0.06028074258194574,-0.15095813945754344
4.14,10.0,8.671216262074772,0.04694040174950661,-0.1258170388393296
4.15,10.0,8.677812874300637,0.03366744061312294,-0.10014489252438352
4.16,10.0,8.684376094362522,0.020474247891478305,-0.07399306413515205
4.17,10.0,8.69090607777159,0.007373100242375864,-0.047421707696287285
4.18,10.0,8.697402981682822,-0.005623911623109618,-0.020490957776758023
4.19,10.0,8.703866963007115,-0.018504848268228274,0.0067410905365932194
4.2,10.0,8.710298177831486,-0.03125791835856086,0.03422076452284273
4.21,10.0,8.71669678614648,-0.043871597052655226,0.06188414106810569
4.22,10.0,8.72306294767565,-0.05633454058511536,0.08967097139134239
4.23,10.0,8.729396822782954,-0.06863562058747313,0.11752127684587776
4.24,10.0,8.735698572343756,-0.0807639332285701,0.1453757006085823
4.25,10.0,8.741968358947567,-0.0927088244735095,0.17317580780195385
4.26,10.0,8.748206345897355,-0.10445988867329416,0.20086447026662313
4.27,10.0,8.754412696165442,-0.11600694516930941,0.22838060991395537
4.28,10.0,8.760587571557064,-0.12734002515177592,0.2556559698859928
4.29,10.0,8.76673113788427,-0.13844952513212738,0.2826363373760046
4.3,10.0,8.772843560320354,-0.14932608820769802,0.30926281771746744
4.31,10.0,8.778925003980135,-0.1599606236870867,0.3354801253283881
4.32,10.0,8.784975633427985,-0.17034429893658076,0.3612387922657945
4.33,10.0,8.790995615288747,-0.18046864689437203,0.3864837637966332
4.34,10.0,8.796985115850468,-0.19032548689160375,0.4111649653278846
4.35,10.0,8.802944301880872,-0.19990694228569242,0.4352357089235568
4.36,10.0,8.808873340746864,-0.20920543752090603,0.458653701253553
4.37,10.0,8.814772399524088,-0.2182137666569267,0.4813772815445816
4.38,10.0,8.820641645717687,-0.2269250478819318,0.5033692697111292
4.39,10.0,8.826481246690271,-0.23533273248207973,0.524593339656235
4.4,10.0,8.832291369352992,-0.2434306014760277,0.5450118681327467
4.41,10.0,8.838072181492013,-0.2512128294845742,0.5645982675687833
4.42,10.0,8.84382385051506,-0.2586739425329858,0.5833264693070248
4.43,10.0,8.849546543623735,-0.26580879151117887,0.601168421028234
4.44,10.0,8.855240427667415,-0.2726125169318317,0.618089234444966
4.45,10.0,8.860905669556132,-0.27908075755717343,0.6340710075147058
4.46,10.0,8.866542435801053,-0.28520947843386524,0.6490918970691268
4.47,10.0,8.872150892332638,-0.2909949595091992,0.6631327385022701
4.48,10.0,8.87773120421576,-0.2964337380083755,0.676177946294473
4.49,10.0,8.883283536645022,-0.3015228983541993,0.6882109277029258
4.5,10.0,8.888808053962757,-0.30625982529743584,0.6992179718789657
4.51,10.0,8.894304919830082,-0.3106422446511409,0.709190553484234
4.52,10.0,8.899774297147486,-0.3146681950301374,0.7181288422152647
4.53,10.0,8.905216348057348,-0.3183361632082982,0.726026188317519
4.54,10.0,8.91063123382116,-0.3216449692779431,0.7328826987365176
4.55,10.0,8.916019115103781,-0.3245937841989525,0.7386984395175773
4.56,10.0,8.92138015227972,-0.3271821142042989,0.7434699270390865
4.57,10.0,8.926714503812507,-0.32940987118697834,0.7472054195624196
4.58,10.0,8.93202232755238,-0.3312773128692795,0.7499117349812536
4.59,10.0,8.937303780664065,-0.33278502622615386,0.7515938972325102
4.6,10.0,8.942559019984632,-0.3339338883241927,0.7522504828163221
4.61,10.0,8.947788200325942,-0.33472522626323536,0.751892258229617
4.62,10.0,8.95299147586111,-0.335160678372364,0.750525872394519
4.63,10.0,8.958168999805604,-0.3352421880778237,0.7481607749909358
4.64,10.0,8.9633209245085,-0.3349719492816049,0.7448125394443252
4.65,10.0,8.968447400932881,-0.334352614020148,0.7404887323112064
4.66,10.0,8.973548579044655,-0.33338711010197764,0.7352007347009248
4.67,10.0,8.978624607637538,-0.3320786600401553,0.7289639213315411
4.68,10.0,8.983675634258548,-0.3304307425411091,0.7218022751658282
4.69,10.0,8.988701805356207,-0.3284472228143066,0.713730413021807
4.7,10.0,8.993703266100418,-0.3261322340084573,0.7047689121410485
4.71,10.0,8.998680160471284,-0.32349019299195764,0.6949382980806718
4.72,10.0,9.003632631341492,-0.3205257809848197,0.6842562722020773
4.73,10.0,9.008560820031976,-0.3172439933058342,0.6727483434689532
4.74,10.0,9.013464866637571,-0.31365008808258515,0.6604388646430266
4.75,10.0,9.01834491012999,-0.30974957979242623,0.6473513036743554
4.76,10.0,9.023201088672062,-0.30554821324354875,0.6335050039045029
4.77,10.0,9.02803353836926,-0.30105203338523784,0.6189267493017212
4.78,10.0,9.032842394287249,-0.29626731616176344,0.6036408612158937
4.79,10.0,9.037627790058293,-0.2912005664389882,0.5876724142735554
4.8,10.0,9.042389857701677,-0.28585849087168813,0.5710482686509977
4.81,10.0,9.047128728188182,-0.28024806652783507,0.5537928806932086
4.82,10.0,9.051844530934062,-0.2743764717484759,0.5359316277322819
4.83,10.0,9.056537394142866,-0.2682510820524439,0.5174942206036235
4.84,10.0,9.061207445180695,-0.26187943918187634,0.49852215754668805
4.85,10.0,9.065854809205947,-0.25526932792950907,0.4790428553986885
4.86,10.0,9.070479610291313,-0.24842869907780346,0.45909135536791723
4.87,10.0,9.075081970933825,-0.24136565828063747,0.4387026957122373
4.88,10.0,9.079662011721076,-0.23408841827039467,0.4179084207077608
4.89,10.0,9.08421985241441,-0.22660542668715106,0.3967488855565193
4.9,10.0,9.088755611023855,-0.21892524500245317,0.3752631748998283
4.91,10.0,9.093269404090622,-0.21105658553354084,0.3534883953461758
4.92,10.0,9.097761346779722,-0.20300833255423942,0.3314531499667055
4.93,10.0,9.102231552503735,-0.19478943678299115,0.30919902262863275
4.94,10.0,9.106680133206332,-0.18640898805124453,0.28676264737566726
4.95,10.0,9.111107199424746,-0.1778761602650948,0.2641791004723757
4.96,10.0,9.115512860588774,-0.16920015151727494,0.24147936485940136
4.97,10.0,9.119897224005227,-0.16039034342161415,0.2186977915652335
4.98,10.0,9.124260395679366,-0.15145615409743096,0.19586559148319793
4.99,10.0,9.128602480389045,-0.14240707146327442,0.17301791188072002
5.0,10.0,9.132923582312932,-0.13325265645449552,0.1502055496349044
5.01,10.0,9.137223803039156,-0.1240024949798191,0.12745729602823985
5.02,10.0,9.141503243210101,-0.11466622103100262,0.10481080651680941
5.03,10.0,9.145762001948837,-0.10525349630376296,0.08230469729912215
5.04,10.0,9.150000176529693,-0.09577399449920275,0.05997898420434922
5.05,10.0,9.154217863442458,-0.08623741361493006,0.03787416935932697
5.06,10.0,9.158415157534792,-0.07665344963833477,0.01603219182158
5.07,10.0,9.162592152501135,-0.06703179496102593,-0.005511135631564912
5.08,10.0,9.166748941491987,-0.05738213607246286,-0.026743545189077622
5.09,10.0,9.170885615286318,-0.0477141242683214,-0.047623226439867494
5.1,10.0,9.175002263803108,-0.03803738333575836,-0.06812234995993549
5.11,10.0,9.179098976109902,-0.0283614928419423,-0.0882155653323764
5.12,10.0,9.183175841391561,-0.018695970630114432,-0.10787927542457965
5.13,10.0,9.18723294615003,-0.0090502896912925,-0.12709514822600454
5.14,10.0,9.191270376536773,0.0005661517775064136,-0.14584785747240403
5.15,10.0,9.195288217691685,0.010144033931359313,-0.1641209281199565
5.16,10.0,9.19928655352525,0.019674124350576076,-0.18188365875494128
5.17,10.0,9.203265467523677,0.029147287070531342,-0.1991305327131272
5.18,10.0,9.207225042169275,0.03855449167012283,-0.2158495769361366
5.19,10.0,9.211165359316068,0.0478868183058011,-0.23202458784084
5.2,10.0,9.215086500709514,0.0571354557744691,-0.24761846925773057
5.21,10.0,9.21898854663571,0.0662917421742367,-0.262621035362713
5.22,10.0,9.222871577087869,0.07534714823821671,-0.2770100576123298
5.23,10.0,9.226735671467164,0.08429328052246306,-0.2907716623090266
5.24,10.0,9.23058090847719,0.09312185483305434,-0.3039306233944217
5.25,10.0,9.23440736660763,0.10182480507483223,-0.3164630748976549
5.26,10.0,9.238215123829468,0.11039421088765367,-0.32836656139122056
5.27,10.0,9.242004257699662,0.11882233250682771,-0.3396449017001828
5.28,10.0,9.245774845309677,0.12710163627488752,-0.35031714568791017
5.29,10.0,9.24952696359825,0.13522475370884143,-0.36039375923434136
5.3,10.0,9.253260689179518,0.14318452898794712,-0.36989642296597935
5.31,10.0,9.256976098823028,0.15097399568613107,-0.37884248709721646
5.32,10.0,9.260673270706118,0.15858631728772019,-0.3872106022095352
5.33,10.0,9.264352281132451,0.16601498197931425,-0.3950370317951979
5.34,10.0,9.268013207251443,0.17325366088684216,-0.4023389959494068
5.35,10.0,9.271656125929136,0.18029624340723308,-0.4091278257010913
5.36,10.0,9.27528111213316,0.18713680940154984,-0.41538685252521645
5.37,10.0,9.278888243567673,0.19376972995741773,-0.42113029082580056
5.38,10.0,9.282477597079366,0.2001895988722118,-0.4263554831206591
5.39,10.0,9.286049249264037,0.20639124942236414,-0.43106701578619777
5.4,10.0,9.289603275191958,0.2123697296193261,-0.43532005230684945
5.41,10.0,9.293139751936915,0.2181203907563283,-0.4391016715242415
5.42,10.0,9.296658755812839,0.22363882755480127,-0.44242440256692817
5.43,10.0,9.300160363312836,0.2289208936610473,-0.44530748292288536
5.44,10.0,9.303644651894407,0.23396268149271876,-0.44779695525411967
5.45,10.0,9.307111697923506,0.23876059521397391,-0.44991328847513046
5.46,10.0,9.310561578321723,0.24331130232903567,-0.45169346280664513
5.47,10.0,9.313994370186174,0.24761173094338373,-0.453169350151569
5.48,10.0,9.317410150896578,0.25165899160176175,-0.45432422135701245
5.49,10.0,9.320808997912213,0.25545059877955034,-0.45520835462599507
5.5,10.0,9.324190988971065,0.25898430371315756,-0.45584828247075393
5.51,10.0,9.327556201618123,0.26225811642134345,-0.45626060839137494
5.52,10.0,9.330904711408309,0.26527020562983566,-0.4564135715769453
5.53,10.0,9.334236596619247,0.2680191680689505,-0.45632501797359737
5.54,10.0,9.337551934560654,0.27050382095555625,-0.45598428864119
5.55,10.0,9.340850802269673,0.2727232457450786,-0.4553860671234986
5.56,10.0,9.344133275450991,0.27467674013832244,-0.45459284428233104
5.57,10.0,9.347399431128144,0.2763639442860073,-0.45357200563140054
5.58,10.0,9.35064934552633,0.27778474316724067,-0.452322505490514
5.59,10.0,9.353883094601544,0.2789392944939632,-0.45085017872972344
5.6,10.0,9.35710075411163,0.2798280396699921,-0.44920337650287934
5.61,10.0,9.360302399316394,0.28045167668738,-0.44738384501083317
5.62,10.0,9.363488105152154,0.28081118170808517,-0.44541717744159826
5.63,10.0,9.366657946620274,0.2809077785899846,-0.44332576059069595
5.64,10.0,9.369812000987212,0.2807428200426364,-0.4410830036793101
5.65,10.0,9.372950342188645,0.2803180850453626,-0.43873045229165086
5.66,10.0,9.37607304516114,0.27963554618500797,-0.436287479766051
5.67,10.0,9.379180184420141,0.2786974117055689,-0.43376066340208297
5.68,10.0,9.382271832511917,0.27750604596992035,-0.4310747508688024
5.69,10.0,9.385348063866408,0.27606415900953296,-0.428242872274609
5.7,10.0,9.388408951802111,0.27437465488988416,-0.42523340519711894
5.71,10.0,9.391454567777819,0.27244065328933137,-0.4220464962076136
5.72,10.0,9.394484982391184,0.2702654952085647,-0.4186830045725287
5.73,10.0,9.39750026685624,0.2678527529468278,-0.415099441177162
5.74,10.0,9.400500490939953,0.2652062085326285,-0.411266453518337
5.75,10.0,9.403485726082904,0.2623298334143352,-0.40725295699246544
5.76,10.0,9.4064560406235,0.25922782490919516,-0.4030396962344014
5.77,10.0,9.409411502945224,0.25590457504148223,-0.3986463510322835
5.78,10.0,9.412352181625092,0.25236465694454513,-0.3940767976686743
5.79,10.0,9.415278146255957,0.2486128053676324,-0.38928989516158197
5.8,10.0,9.418189463919566,0.24465397525639923,-0.38432053768424623
5.81,10.0,9.421086202188581,0.24049328354645708,-0.3791783983800201
5.82,10.0,9.423968427145022,0.2361359856215463,-0.3738218747830757
5.83,10.0,9.426836205033009,0.23158751331422858,-0.36822777399692086
5.84,10.0,9.429689601915067,0.22685345985820995,-0.36237503412976935
5.85,10.0,9.432528682992038,0.22193955893561695,-0.3562330697979661
5.86,10.0,9.435353511438665,0.21685166837594738,-0.3498396590290014
5.87,10.0,9.438164151392126,0.2115957989804765,-0.34314669683030274
5.88,10.0,9.440960665717578,0.20617808264934936,-0.33613303976362374
5.89,10.0,9.44374311749629,0.20060476657465331,-0.3288060026791868
5.9,10.0,9.446511569527837,0.19488220978700557,-0.321187540239265
5.91,10.0,9.449266083056155,0.18901688441766357,-0.3132769991557609
5.92,10.0,9.452006719232198,0.18301536033377858,-0.3050964801106488
5.93,10.0,9.454733540882133,0.17688428726293867,-0.2966040559979177
5.94,10.0,9.457446608646583,0.1706304129262843,-0.2878277893914998
5.95,10.0,9.460145983488696,0.16426056057493388,-0.27878123389442067
5.96,10.0,9.462831726027161,0.1577816216858521,-0.2694639490506745
5.97,10.0,9.465503896146267,0.1512005450827018,-0.25984399007779757
5.98,10.0,9.468162554345597,0.14452434569947048,-0.24992545465406124
5.99,10.0,9.470807760689055,0.13776008473436038,-0.23969157290846965
6.0,10.0,9.473439574139968,0.13091486129020116,-0.22916110696210978
6.01,10.0,9.47605805380277,0.1239958112706004,-0.21833403770639848
6.02,10.0,9.478663258792423,0.11701009961505754,-0.2071974435139623
6.03,10.0,9.481255247863713,0.10996491072112338,-0.1957508670320891
6.04,10.0,9.483834080529874,0.1028674411626211,-0.18403459153013557
6.05,10.0,9.486399815114606,0.09572489484310154,-0.172052845136335
6.06,10.0,9.488952510194881,0.08854447418389642,-0.1598307901602425
6.07,10.0,9.491492224858561,0.08133337512247728,-0.1473779311707517
6.08,10.0,9.49401901853009,0.07409877938229104,-0.13469693139765582
6.09,10.0,9.496532950081763,0.06684784463182043,-0.12182114060195204
6.1,10.0,9.499034078873018,0.05958770033996873,-0.108774639251763
6.11,10.0,9.501522463610089,0.05232544815428297,-0.0955456308219027
6.12,10.0,9.503998163934227,0.04506814059202316,-0.08215165942422686
6.13,10.0,9.506461239526335,0.0378227826497402,-0.06859972047320184
6.14,10.0,9.508911749939337,0.030596326631766972,-0.054900609394962885
6.15,10.0,9.511349754120795,0.02339566978925387,-0.04108738521244959
6.16,10.0,9.51377531213845,0.01622763209660271,-0.027159899486491668
6.17,10.0,9.516188483810895,0.009098961943918541,-0.013129073685647086
6.18,10.0,9.518589329343891,0.0020163354056851567,0.0009733261166786633
6.19,10.0,9.520977909016542,-0.005013661169743999,0.015119515872001443
6.2,10.0,9.523354283188112,-0.01198453779800766,0.029285556251593903
6.21,10.0,9.52571851252135,-0.0188899004056712,0.04344070707711012
6.22,10.0,9.528070658458521,-0.025723443755985953,0.05758231337563302
6.23,10.0,9.5304107821622,-0.032478989708243325,0.07167244635652992
6.24,10.0,9.532738945312293,-0.03915047037744895,0.08568328079512355
6.25,10.0,9.535055209578404,-0.045731930168131235,0.09959766218656796
6.26,10.0,9.537359636706435,-0.05221753358944597,0.11340714777698224
6.27,10.0,9.539652289208258,-0.05860158936144235,0.12709054437517864
6.28,10.0,9.541933229685394,-0.06487853762089912,0.1406366217732824
6.29,10.0,9.544202520065355,-0.07104293664286776,0.1540120361545121
6.3,10.0,9.546460223213153,-0.07708950873449937,0.16720573992242294
6.31,10.0,9.548706402026008,-0.08301312302848471,0.18020461138679877
6.32,10.0,9.550941119511352,-0.0888087958300487,0.1929900019698465
6.33,10.0,9.553164438902707,-0.09447168355718294,0.20552830715585912
6.34,10.0,9.555376423452659,-0.09999712717876338,0.21780270691414216
6.35,10.0,9.557577136579251,-0.10538062570324248,0.22978761061152397
6.36,10.0,9.559766642039028,-0.110617828916436,0.24146948210494656
6.37,10.0,9.56194500367903,-0.11570456356932919,0.252830653400153
6.38,10.0,9.56411228539268,-0.1206368412148181,0.2638466305972571
6.39,10.0,9.566268551243766,-0.1254108458931127,0.2744977495279244
6.4,10.0,9.568413864905894,-0.13002291096371407,0.28478214225194165
6.41,10.0,9.570548290660081,-0.13446958743908588,0.29468276489330947
6.42,10.0,9.5726718926673,-0.13874760150477025,0.30419140113649235
6.43,10.0,9.574784734879497,-0.14285385431233175,0.3132953618109724
6.44,10.0,9.576886881026597,-0.146785425397655,0.3219778704092846
6.45,10.0,9.57897839515129,-0.15053960854413637,0.3302356389800849
6.46,10.0,9.581059341049407,-0.15411388282163294,0.33806209564789924
6.47,10.0,9.583129782560217,-0.15750589045523294,0.34543813638272525
6.48,10.0,9.585189783276782,-0.16071349368976348,0.3523545618104862
6.49,10.0,9.587239406660347,-0.16373474921284759,0.35880037654258956
6.5,10.0,9.589278716091439,-0.16656790189084672,0.3647654005924039
6.51,10.0,9.591307775023857,-0.16921136840514528,0.37024942808000105
6.52,10.0,9.593326646463282,-0.17166379537839915,0.3752398216670656
6.53,10.0,9.595335393343818,-0.17392401685629713,0.3797288282395783
6.54,10.0,9.597334078272869,-0.17599104302713464,0.3837163859700752
6.55,10.0,9.599322763654532,-0.17786408492870184,0.387203048499174
6.56,10.0,9.601301511722207,-0.17954256375336008,0.39018757846500307
6.57,10.0,9.60327038438982,-0.1810260897808705,0.39267269268830773
6.58,10.0,9.605229443000495,-0.1823144325367229,0.3946504505021693
6.59,10.0,9.607178748836509,-0.18340759353621505,0.3961274145885909
6.6,10.0,9.609118362720631,-0.18430575502996993,0.3971069872526414
6.61,10.0,9.611048345174783,-0.18500927870403217,0.39758987549083713
6.62,10.0,9.612968756413851,-0.18551870286718775,0.39757332939460355
6.63,10.0,9.614879656090068,-0.18583477695007183,0.3970608681122201
6.64,10.0,9.616781103490597,-0.18595842821385122,0.39605295046119693
6.65,10.0,9.618673157736566,-0.18589074050216361,0.39455815008606976
6.66,10.0,9.6205558773333,-0.18563299882723364,0.3925792537394557
6.67,10.0,9.622429320353351,-0.18518666717810106,0.3901195103193942
6.68,10.0,9.62429354443686,-0.18455337842363437,0.38718488867708345
6.69,10.0,9.626148606709993,-0.18373491614484708,0.38378797565145817
6.7,10.0,9.627994563873516,-0.18273326236515466,0.3799359771431199
6.71,10.0,9.629831472109636,-0.1815505576371304,0.37564008546944194
6.72,10.0,9.631659387024696,-0.18018909131440355,0.3709081951153195
6.73,10.0,9.633478363689582,-0.17865131470605713,0.36574951491780894
6.74,10.0,9.635288456657984,-0.176939848106591,0.360177380521705
6.75,10.0,9.63708971989451,-0.17505746064953617,0.35420411860478396
6.76,10.0,9.638882207006754,-0.17300704611748377,0.3478359791260175
6.77,10.0,9.640665970792643,-0.17079167165922277,0.3410857391169344
6.78,10.0,9.642441063534196,-0.1684145385987358,0.3339636874503782
6.79,10.0,9.644207537004483,-0.16587897977644459,0.32648209149455454
6.8,10.0,9.645965442493944,-0.1631884529919656,0.31865606753953557
6.81,10.0,9.647714830521785,-0.16034656230409705,0.3104962061435401
6.82,10.0,9.649455751078332,-0.15735703236657572,0.3020150965891588
6.83,10.0,9.651188253555505,-0.15422369364381386,0.2932297325632902
6.84,10.0,9.65291238673076,-0.15095050438372865,0.2841552714755835
6.85,10.0,9.654628198763179,-0.1475415365557352,0.2748075780100834
6.86,10.0,9.656335737185293,-0.14400096593700137,0.2652030900428315
6.87,10.0,9.658035048887243,-0.14033305830015114,0.2553544772447367
6.88,10.0,9.65972618012816,-0.13654219383626923,0.24528007988476475
6.89,10.0,9.661409176514454,-0.13263284132205574,0.23499678174169958
6.9,10.0,9.663084083114121,-0.1286095511393431,0.22451939406451515
6.91,10.0,9.664750944358067,-0.12447695723325047,0.2138624606904358
6.92,10.0,9.66640980394606,-0.12023977875530692,0.20304196844405453
6.93,10.0,9.668060704977618,-0.11590280630002496,0.19207261941707543
6.94,10.0,9.669703690162962,-0.11147088782392642,0.1809734640272751
6.95,10.0,9.671338801342584,-0.10694894707693024,0.16975862321989155
6.96,10.0,9.672966079820661,-0.10234196277062309,0.15844365381197179
6.97,10.0,9.674585566308625,-0.0976549647778754,0.14704505175072313
6.98,10.0,9.676197300941267,-0.09289302743978974,0.1355809362389806
6.99,10.0,9.67780132319985,-0.08806127456547401,0.12406737749266483
7.0,10.0,9.679397671982827,-0.08316486587866134,0.1125216343902764
7.01,10.0,9.68098638563623,-0.07820898974895961,0.10095821179465503
7.02,10.0,9.682567501890322,-0.07319886476586102,0.08939332190625038
7.03,10.0,9.684141057884416,-0.06813973254360624,0.07784341240419934
7.04,10.0,9.685707090211354,-0.06303685103600047,0.06632391720877706
7.05,10.0,9.687265635059862,-0.057895488147510575,0.05484770316152776
7.06,10.0,9.688816727886083,-0.052720921146441196,0.04342949952853559
7.07,10.0,9.69036040366937,-0.04751842818101271,0.03208246826540062
7.08,10.0,9.691896696964369,-0.042293284111972286,0.02082067872501625
7.09,10.0,9.693425641838427,-0.03705075531344767,0.009657897937302096
7.1,10.0,9.694947271776595,-0.03179609443932477,-0.0013941425001107177
7.11,10.0,9.696461619829282,-0.02653453544751019,-0.012323575924710894
7.12,10.0,9.6979687186552,-0.021271291666058928,-0.023116548261285175
7.13,10.0,9.69946860039881,-0.01601154477184903,-0.033761889530481426
7.14,10.0,9.700961296793759,-0.010760443743046176,-0.044247931510632554
7.15,10.0,9.702446839166042,-0.0055231006890179265,-0.05456392882061323
7.16,10.0,9.703925258456573,-0.0003045874511376348,-0.06470072807998406
7.17,10.0,9.705396585189138,0.0048900765224279205,-0.07464793031167005
7.18,10.0,9.706860849521501,0.010055923102810404,-0.08439631971847916
7.19,10.0,9.708318081329686,0.015188035239519627,-0.09393837545231065
7.2,10.0,9.709768310111809,0.020281561058413757,-0.1032667817516284
7.21,10.0,9.711211565029673,0.025331716431898264,-0.1123748469490593
7.22,10.0,9.712647874962899,0.03033378586420936,-0.12125665051785006
7.23,10.0,9.714077268572337,0.035283119196779164,-0.12990494990479107
7.24,10.0,9.71549977418,0.040175156582188926,-0.13831554447448013
7.25,10.0,9.716915419885789,0.045005418104331375,-0.14648409171442722
7.26,10.0,9.718324233539942,0.0497695047623662,-0.15440596798184458
7.27,10.0,9.719726242769807,0.054463106843139306,-0.16207676598938292
7.28,10.0,9.72112147501957,0.05908201721465795,-0.16949342497758835
7.29,10.0,9.722509957538406,0.06362212506813733,-0.1766528426602889
7.3,10.0,9.723891717322042,0.0680794053075708,-0.18355365502165455
7.31,10.0,9.725266781275757,0.07244995487708024,-0.19019370085749188
7.32,10.0,9.72663517613353,0.07672997594350477,-0.1965716393822703
7.33,10.0,9.727996928477921,0.0809157781184721,-0.2026868776699331
7.34,10.0,9.72935206474045,0.08500377572342889,-0.2085398338301161
7.35,10.0,9.730700611273157,0.08899051723832899,-0.2141308535369646
7.36,10.0,9.732042594314612,0.09287266762703643,-0.21946112008875218
7.37,10.0,9.733378039966523,0.09664700103787316,-0.22453114811371222
7.38,10.0,9.734706974270216,0.10031042528425975,-0.22934242339020727
7.39,10.0,9.736029423209887,0.10385998197595418,-0.23389714720032373
7.4,10.0,9.737345412687224,0.10729283953984302,-0.23819749893103648
7.41,10.0,9.738654968423551,0.11060627899912218,-0.2422448286998815
7.42,10.0,9.73995811622584,0.11379774055286748,-0.2460418138569196
7.43,10.0,9.741254881810663,0.11686479446050335,-0.24959082052325243
7.44,10.0,9.742545290785047,0.1198051391327161,-0.2528947619855302
7.45,10.0,9.743829368684525,0.12261660854984253,-0.2559568591413708
7.46,10.0,9.745107141091859,0.1252971931258706,-0.2587798523399556
7.47,10.0,9.746378633521894,0.1278450215869112,-0.2613668040688708
7.48,10.0,9.747643871351931,0.13025834136952696,-0.26372167041248673
7.49,10.0,9.748902880021072,0.13253556861549778,-0.26584782829112896
7.5,10.0,9.750155684916681,0.1346752605464845,-0.2677489523329655
7.51,10.0,9.75140231137005,0.1366761139370694,-0.2694286462475475
7.52,10.0,9.752642784623635,0.13853695592214937,-0.27089003013180957
7.53,10.0,9.753877129968435,0.14025678377638717,-0.27213692471663364
7.54,10.0,9.755105372638088,0.14183473490917317,-0.27317285288734894
7.55,10.0,9.756327537754505,0.14327007602764455,-0.27400089639466785
7.56,10.0,9.757543650431742,0.14456222808626226,-0.274624111421943
7.57,10.0,9.758753735773627,0.1457107662257655,-0.2750454819126631
7.58,10.0,9.759957818817064,0.14671540656064744,-0.27526776419941257
7.59,10.0,9.761155924460159,0.14757598591442234,-0.27529446617968745
7.6,10.0,9.76234807764845,0.1482925140852914,-0.2751278820014562
7.61,10.0,9.763534303238396,0.1488651363957926,-0.27477047188910575
7.62,10.0,9.764714626010104,0.14929413055930038,-0.27422490366251395
7.63,10.0,9.765889070669772,0.14957990948139696,-0.27349394511206526
7.64,10.0,9.767057661880713,0.14972304290089541,-0.2725797469413038
7.65,10.0,9.768220424226431,0.1497242342164902,-0.27148457763033207
7.66,10.0,9.769377382208408,0.149584300830643,-0.27021027863565195
7.67,10.0,9.77052856025924,0.14930421652162987,-0.2687588306257851
7.68,10.0,9.771673982730892,0.1488850858888316,-0.2671320267469284
7.69,10.0,9.772813673890518,0.14832813950082596,-0.26533144664892916
7.7,10.0,9.773947657913919,0.14763472223223728,-0.26335837538731255
7.71,10.0,9.77507595889533,0.14680632747164024,-0.26121407689845455
7.72,10.0,9.776198600834404,0.14584456741440063,-0.2588995619456469
7.73,10.0,9.777315607644992,0.14475116337585994,-0.2564161919664798
7.74,10.0,9.778427003142072,0.14352796134239668,-0.25376505602289967
7.75,10.0,9.779532811037841,0.14217693205979212,-0.25094690427440725
7.76,10.0,9.780633054949112,0.14070015716260142,-0.24796257563424007
7.77,10.0,9.781727758446536,0.13909981128025223,-0.24481349007437103
7.78,10.0,9.78281694494329,0.13737819951555644,-0.24150041257846766
7.79,10.0,9.783900637771339,0.13553772679136486,-0.23802436312281117
7.8,10.0,9.784978860192895,0.13358089453152294,-0.23438629985746218
7.81,10.0,9.78605163539699,0.13151029873297965,-0.2305871442302987
7.82,10.0,9.787118986431443,0.12932864390806176,-0.2266280460546426
7.83,10.0,9.788180936268684,0.12703872415883577,-0.22251015452190614
7.84,10.0,9.789237507848705,0.12464340983410803,-0.21823445411249054
7.85,10.0,9.79028872397903,0.12214566938243433,-0.21380217870539298
7.86,10.0,9.791334607388404,0.11954855337538478,-0.20921461024041577
7.87,10.0,9.79237518074155,0.11685518862775947,-0.20447317529597342
7.88,10.0,9.793410466671642,0.11406876874994065,-0.1995796880454037
7.89,10.0,9.794440487684083,0.11119257151681738,-0.1945357736244233
7.9,10.0,9.795465266235412,0.10822993951458824,-0.18934334420927712
7.91,10.0,9.79648482476535,0.10518427378224043,-0.18400466241317304
7.92,10.0,9.797499185649334,0.10205903775034328,-0.17852219082659104
7.93,10.0,9.798508371187292,0.09885775591551861,-0.17289856419648686
7.94,10.0,9.799512403650333,0.09558400415440473,-0.1671367199599132
7.95,10.0,9.80051130533924,0.09224139966648294,-0.1612394599160183
7.96,10.0,9.801505098455387,0.08883361402669919,-0.15521028698888273
7.97,10.0,9.802493805200443,0.08536435770780153,-0.14905283901587296
7.98,10.0,9.80347744777451,0.08183737689611426,-0.14277087391363352
7.99,10.0,9.804456048383448,0.07825644948185959,-0.13636825983738277
8.0,10.0,9.80542962920552,0.0746253870885029,-0.12984940158289504
8.01,10.0,9.806398212434077,0.07094802582248193,-0.12321885381019371
8.02,10.0,9.80736182029054,0.06722822091220865,-0.11648146922422598
8.03,10.0,9.808320475003676,0.0634698476706257,-0.10964234910981929
8.04,10.0,9.809274198828689,0.059676795350927396,-0.10270687520770139
8.05,10.0,9.810223014056485,0.05585296288564627,-0.09568071403234057
8.06,10.0,9.811166943023842,0.052002254745284915,-0.08856980872691622
8.07,10.0,9.812106008106136,0.04812857845057141,-0.08138041272043495
8.08,10.0,9.81304023173448,0.0442358396008228,-0.07411907392520334
8.09,10.0,9.813969636393018,0.04032793919900346,-0.06679237247064407
8.1,10.0,9.814894244631509,0.036408768890301924,-0.05940717591425937
8.11,10.0,9.815814079074912,0.032482206626456366,-0.051970770620577866
8.12,10.0,9.81672916242238,0.02855211380651899,-0.04449059233144936
8.13,10.0,9.817639517414243,0.02462233518332307,-0.036973881252457375
8.14,10.0,9.818545166917566,0.020696687222232484,-0.02942849107072476
8.15,10.0,9.819446133875948,0.0167789597871484,-0.02186230552774049
8.16,10.0,9.820342441306627,0.012872913315649975,-0.014283355489787652
8.17,10.0,9.82123411229851,0.008982275814280936,-0.006699803099685653
8.18,10.0,9.822121170079749,0.005110732613435661,0.0008800358439344791
8.19,10.0,9.82300363796547,0.001261928600497795,0.00844773434383228
8.2,10.0,9.823881539320482,-0.002560529871907031,0.015994766414408446
8.21,10.0,9.824754897649706,-0.006353089464300726,0.023512505081278334
8.22,10.0,9.825623736565548,-0.010112248863963327,0.03099224054308536
8.23,10.0,9.826488079769442,-0.013834559410863631,0.03842523738661896
8.24,10.0,9.827347951011493,-0.01751662249490328,0.04580291450859875
8.25,10.0,9.82820337421455,-0.02115510982127534,0.05311644760092804
8.26,10.0,9.829054373383752,-0.024746753949354407,0.06035709787531118
8.27,10.0,9.829900972581576,-0.028288347712789347,0.06751626025685198
8.28,10.0,9.830743195969823,-0.031776753267266845,0.07458539124201025
8.29,10.0,9.831581067844503,-0.035208910129093565,0.0815559530678911
8.3,10.0,9.832414612581038,-0.03858183041099144,0.08841955032816884
8.31,10.0,9.83324385455624,-0.04189258919050703,0.09516780404976544
8.32,10.0,9.834068818326385,-0.045138355916485386,0.1017925777064832
8.33,10.0,9.834889528501106,-0.04831637740660702,0.10828585244632905
8.34,10.0,9.83570600974441,-0.05142398007615915,0.11463973259075999
8.35,10.0,9.836518286757121,-0.05445856964003879,0.12084643758547742
8.36,10.0,9.837326384364317,-0.0574176513247146,0.1268984741130481
8.37,10.0,9.838130327433197,-0.06029881694572261,0.13278851582043671
8.38,10.0,9.83893014083229,-0.06309973764263999,0.1385094732129204
8.39,10.0,9.839725849512815,-0.06581818638996545,0.14405448484225047
8.4,10.0,9.840517478474588,-0.06845203319232539,0.14941694244106074
8.41,10.0,9.841305052737516,-0.07099924121388158,0.15459050817918651
8.42,10.0,9.842088597297732,-0.07345785782593679,0.15956911467775825
8.43,10.0,9.842868137231951,-0.07582604680476808,0.164347013960775
8.44,10.0,9.843643697609652,-0.07810206757349299,0.16891876883362755
8.45,10.0,9.844415303478158,-0.08028427237763987,0.1732791629569519
8.46,10.0,9.845182979877213,-0.082371115232047,0.17742329420831027
8.47,10.0,9.84594675185922,-0.08436116284099433,0.18134668951539368
8.48,10.0,9.84670664444605,-0.08625308342703177,0.18504517989210711
8.49,10.0,9.84746268259156,-0.08804563057420993,0.1885147207478326
8.5,10.0,9.848214891251281,-0.08973768420277381,0.19175183395203632
8.51,10.0,9.84896329532185,-0.09132822436070896,0.19475331839031895
8.52,10.0,9.849707919638437,-0.09281633251130192,0.19751630316742208
8.53,10.0,9.850448788960874,-0.09420118736552704,0.2000382336205142
8.54,10.0,9.851185927993896,-0.0954820894259205,0.202316976540871
8.55,10.0,9.851919361354996,-0.0966584414925013,0.2043507430981677
8.56,10.0,9.852649113562634,-0.09772973926463642,0.20613804958466986
8.57,10.0,9.853375209041902,-0.09869559323129723,0.20767781672450525
8.58,10.0,9.854097672112443,-0.09955572327221805,0.20896934878113882
8.59,10.0,9.854816526976645,-0.10030995132951417,0.21001229171751135
8.6,10.0,9.855531797712155,-0.10095818912386453,0.21080650251077415
8.61,10.0,9.856243508265031,-0.10150047185701418,0.21135237792883999
8.62,10.0,9.856951682440219,-0.10193693336122185,0.2116506150332782
8.63,10.0,9.857656343900008,-0.1022678024789643,0.21170218260668605
8.64,10.0,9.858357516151921,-0.1024934085153659,0.2115083734128831
8.65,10.0,9.859055222533025,-0.10261419208313022,0.21107090426966124
8.66,10.0,9.859749486210855,-0.1026306911330221,0.2103917904622037
8.67,10.0,9.860440330197285,-0.10254352531707556,0.20947330482994175
8.68,10.0,9.861127777296028,-0.10235343011384827,0.2083181104937104
8.69,10.0,9.861811850124154,-0.10206123329502954,0.20692916831066555
8.7,10.0,9.862492571107367,-0.10166785373630807,0.20530973272641262
8.71,10.0,9.863169962482054,-0.10117429522119882,0.20346332878671092
8.72,10.0,9.863844046249334,-0.10058166729071859,0.20139382711841236
8.73,10.0,9.864514844200047,-0.09989116599300642,0.19910537278473583
8.74,10.0,9.865182377927317,-0.09910406559398219,0.19660230504534582
8.75,10.0,9.865846668782968,-0.09822173298414465,0.1938892729540953
8.76,10.0,9.86650773787759,-0.09724562352236478,0.19097120646196686
8.77,10.0,9.86716560609121,-0.09617727288147376,0.1878532579509411
8.78,10.0,9.867820294099218,-0.0950182857197896,0.1845407225832929
8.79,10.0,9.868471822285747,-0.09377036017650216,0.18103922159982133
8.8,10.0,9.869120210797043,-0.09243526715517286,0.1773545535540748
8.81,10.0,9.869765479546116,-0.09101484692927883,0.17349270113711412
8.82,10.0,9.870407648196602,-0.08951101019328417,0.16945983047791202
8.83,10.0,9.871046736123231,-0.0879257451946519,0.16526230510400808
8.84,10.0,9.871682762446106,-0.08626110571059227,0.1609066491638167
8.85,10.0,9.872315746069821,-0.08451920014800549,0.15639951542998176
8.86,10.0,9.87294570558295,-0.08270221034958729,0.15174772673534065
8.87,10.0,9.873572659314414,-0.08081237647193384,0.14695823303480893
8.88,10.0,9.874196625335626,-0.07885199418714829,0.1420380891913986
8.89,10.0,9.874817621477883,-0.07682340888852991,0.13699441820658365
8.9,10.0,9.875435665253576,-0.07472902682722521,0.13183448817279952
8.91,10.0,9.876050773915576,-0.07257130181872763,0.12656562860633613
8.92,10.0,9.876662964481058,-0.07035272979177991,0.1211952030316894
8.93,10.0,9.877272253677516,-0.06807585364607692,0.11573063886927315
8.94,10.0,9.877878657944871,-0.06574326024961599,0.11017941224107375
8.95,10.0,9.878482193462233,-0.06335757415301879,0.1045490172671073
8.96,10.0,9.879082876190248,-0.060921450545389284,0.09884696643700508
8.97,10.0,9.879680721760998,-0.05843758465537738,0.09308076485275052
8.98,10.0,9.880275745556935,-0.055908700429090095,0.08725790767827135
8.99,10.0,9.880867962717842,-0.053337547819175164,0.08138587364219063
9.0,10.0,9.881457388133336,-0.05072690073776169,0.07547211057088532
9.01,10.0,9.882044036398788,-0.048079558034904636,0.06952400635114131
9.02,10.0,9.882627921863218,-0.04539833687503436,0.06354889373336903
9.03,10.0,9.883209058671065,-0.04268606814252137,0.05755403938279002
9.04,10.0,9.88378746067137,-0.03994559870109299,0.05154662131967669
9.05,10.0,9.884363141473546,-0.03717978565830817,0.04553372254387966
9.06,10.0,9.884936114456416,-0.034391493568148974,0.03952232562334146
9.07,10.0,9.88550639279156,-0.03158359120012573,0.033519312025198644
9.08,10.0,9.886073989373301,-0.028758950449656616,0.027531412602279204
9.09,10.0,9.88663891687976,-0.025920442125195113,0.021565226276699434
9.1,10.0,9.887201187792078,-0.023070933842938374,0.01562725084090033
9.11,10.0,9.887760814362174,-0.020213286779108188,0.009723814404448916
9.12,10.0,9.888317808614202,-0.017350352819588768,0.003861061238509933
9.13,10.0,9.8888721823713,-0.014484972142254334,-0.0019550198660169826
9.14,10.0,9.889423947287113,-0.011619972413070787,-0.007718534406354394
9.15,10.0,9.889973114779298,-0.008758161710887691,-0.013423859689364548
9.16,10.0,9.890519696084887,-0.005902328809527899,-0.019065533454785566
9.17,10.0,9.891063702264981,-0.0030552413620655973,-0.02463825600809244
9.18,10.0,9.891605144208047,-0.0002196429310457127,-0.030136902920084196
9.19,10.0,9.892144032610103,0.0026017531522854,-0.035556602916475555
9.2,10.0,9.892680378004671,0.005406263097572168,-0.040892674794502426
9.21,10.0,9.893214190779782,0.008191231008223226,-0.046140564632057846
9.22,10.0,9.893745481152505,0.010954040282797204,-0.051295999196266706
9.23,10.0,9.89427425919121,0.013692111501022786,-0.05635491203421594
9.24,10.0,9.89480053482277,0.016402903585528147,-0.061313424501907576
9.25,10.0,9.89532431784216,0.019083912964230117,-0.066167794736117
9.26,10.0,9.895845617903587,0.021732686689909613,-0.0709145963902813
9.27,10.0,9.896364444537761,0.024346816578578633,-0.07555058396238223
9.28,10.0,9.896880807154535,0.026923938170808147,-0.08007265528646812
9.29,10.0,9.897394715048977,0.029461739057037976,-0.08447793311008311
9.3,10.0,9.89790617740727,0.03195796257665965,-0.08876378526765194
9.31,10.0,9.898415203311776,0.03441040526741125,-0.09292776118643431
9.32,10.0,9.898921801737496,0.03681691089134096,-0.09696752072203552
9.33,10.0,9.899425981576515,0.039175391922790945,-0.10088101671590266
9.34,10.0,9.899927751630363,0.04148381796045747,-0.10466636381105587
9.35,10.0,9.900427120611772,0.04374021661873613,-0.1083218344813055
9.36,10.0,9.900924097149822,0.04594267530133716,-0.1118458558366342
9.37,10.0,9.901418689811948,0.04808935377130026,-0.11523708674097222
9.38,10.0,9.901910907093452,0.0501784759432486,-0.11849433861776859
9.39,10.0,9.902400757405328,0.052208323376615635,-0.12161652226858521
9.4,10.0,9.902888249114172,0.05417725485736285,-0.12460275859662673
9.41,10.0,9.903373390529989,0.05608369933130483,-0.1274523181369993
9.42,10.0,9.90385618990422,0.05792615439363864,-0.13016460157562193
9.43,10.0,9.904336655419398,0.05970318111440116,-0.13273910806894662
9.44,10.0,9.904814795238359,0.06141342590485762,-0.13517551817334805
9.45,10.0,9.905290617474032,0.06305560618043717,-0.1374736207320204
9.46,10.0,9.905764130182906,0.06462850713045226,-0.1396333085956769
9.47,10.0,9.906235341387834,0.06613099125704941,-0.1416545880557294
9.48,10.0,9.906704259090183,0.06756200323376682,-0.14353757882317097
9.49,10.0,9.907170891254907,0.06892056281510699,-0.14528249473184474
9.5,10.0,9.907635245787503,0.0702057537788934,-0.14688964009721417
9.51,10.0,9.908097330600187,0.07141675336843993,-0.14835940736526254
9.52,10.0,9.908557153570763,0.07255281311558885,-0.14969226801351354
9.53,10.0,9.909014722544994,0.07361325897535348,-0.15088877204725293
9.54,10.0,9.909470045336505,0.07459749063774535,-0.15194954287660778
9.55,10.0,9.909923129760493,0.07550499729563184,-0.1528752592230731
9.56,10.0,9.910373983607789,0.07633534437482813,-0.15366665970621796
9.57,10.0,9.910822614631526,0.0770881649683536,-0.15432456289106256
9.58,10.0,9.911269030585487,0.07776318002870983,-0.15484981798379494
9.59,10.0,9.911713239210403,0.07836019007422405,-0.15524331850309636
9.6,10.0,9.912155248228913,0.07887907121297334,-0.15550600950620108
9.61,10.0,9.912595065335514,0.07931976727658298,-0.1556389152426192
9.62,10.0,9.913032698234142,0.07968231343747921,-0.15564304723332256
9.63,10.0,9.91346815461236,0.07996681830647032,-0.15551946595000388
9.64,10.0,9.913901442139963,0.08017346001002575,-0.15526929681875146
9.65,10.0,9.914332568478743,0.08030249326083616,-0.15489369573762346
9.66,10.0,9.91476154128982,0.0803542543858916,-0.15439382095583198
9.67,10.0,9.915188368224566,0.08032915209889323,-0.15377087064880612
9.68,10.0,9.915613056917653,0.08022765528713743,-0.1530261328861684
9.69,10.0,9.91603561500957,0.08005032039295755,-0.15216085886800101
9.7,10.0,9.916456050132629,0.07979777145265346,-0.1511763479438386
9.71,10.0,9.916874369913838,0.0794706996154003,-0.15007394572215205
9.72,10.0,9.91729058197502,0.07906986026913425,-0.1488550537114044
9.73,10.0,9.91770469393907,0.078596086787253,-0.14752106049480318
9.74,10.0,9.918116713426073,0.07805027690491441,-0.14607340052894457
9.75,10.0,9.918526648055852,0.07743338515674827,-0.14451358719078655
9.76,10.0,9.91893450544827,0.0767464369420807,-0.14284314007901955
9.77,10.0,9.919340293224296,0.07599052194211597,-0.1410636116784474
9.78,10.0,9.919744019007762,0.0751667891479571,-0.13917660625435246
9.79,10.0,9.920145690429676,0.07427643920499642,-0.13718380868710156
9.8,10.0,9.920545315120913,0.0733207418569785,-0.13508690417403102
9.81,10.0,9.920942900719364,0.07230102069834242,-0.1328876406347277
9.82,10.0,9.921338454873862,0.07121864979349389,-0.13058783200285973
9.83,10.0,9.92173198524186,0.07007505649515548,-0.12818934710738716
9.84,10.0,9.922123499486752,0.06887172472616417,-0.1256940972617535
9.85,10.0,9.922513005284307,0.06761018687733296,-0.12310405826361226
9.86,10.0,9.922900510332882,0.0662920145904602,-0.12042128344267411
9.87,10.0,9.92328602233472,0.06491883540222779,-0.11764787434525026
9.88,10.0,9.923669549011043,0.06349231850701974,-0.11478600497492053
9.89,10.0,9.924051098103236,0.062014173683280806,-0.11183791892404038
9.9,10.0,9.924430677376584,0.06048614778541229,-0.10880593237312297
9.91,10.0,9.92480829461012,0.05891003193217705,-0.10569243457365651
9.92,10.0,9.925183957608091,0.05728765204800517,-0.10249989227835243
9.93,10.0,9.925557674205582,0.05562086417875979,-0.0992308386166929
9.94,10.0,9.925929452260569,0.053911559579885415,-0.09588789315753132
9.95,10.0,9.926299299658387,0.052161660767923966,-0.0924737586718507
9.96,10.0,9.926667224316239,0.050373117468514875,-0.08899121494456708
9.97,10.0,9.927033234188292,0.04854790180969271,-0.08544309832314667
9.98,10.0,9.927397337257357,0.04668801458072279,-0.0818323588620764
9.99,10.0,9.927759541544127,0.04479547713704316,-0.07816202094805824
10.0,10.0,9.928119855108148,0.042872329143326775,-0.07443517108385223
10.01,10.0,9.928478286048957,0.04092062764608949,-0.07065497345288918
10.02,10.0,9.928834842506763,0.03894244691857481,-0.06682469651169143
10.03,10.0,9.929189532665694,0.03693987401881362,-0.06294768191252942
10.04,10.0,9.929542364752423,0.034915005330082266,-0.059027298590441646
10.05,10.0,9.92989334704299,0.03286994829497658,-0.055067044296297496
10.06,10.0,9.930242487861223,0.030806816761910952,-0.05107047754635552
10.07,10.0,9.930589795578983,0.028727729260273335,-0.04704121512599713
10.08,10.0,9.930935278615596,0.02663480674743379,-0.04298291428181855
10.09,10.0,9.93127894544893,0.0245301711729234,-0.0388993418863226
10.1,10.0,9.931620804609176,0.022415942791578634,-0.03479431474238126
10.11,10.0,9.931960864672963,0.020294238835266695,-0.03067166765431395
10.12,10.0,9.93229913427763,0.018167170550306002,-0.02653531203031889
10.13,10.0,9.932635622119982,0.016036841270733605,-0.02238922069759397
10.14,10.0,9.93297033695184,0.013905344825525634,-0.018237400592413522
10.15,10.0,9.93330328756902,0.011774765087567876,-0.014083852719060985
10.16,10.0,9.93363448284323,0.009647170049234297,-0.009932668136091394
10.17,10.0,9.93396393170063,0.007524612577693769,-0.005787950979897261
10.18,10.0,9.934291643117778,0.005409129372017078,-0.0016538099465890355
10.19,10.0,9.934617626127721,0.0033027380906281833,0.002465635255610721
10.2,10.0,9.934941889834908,0.00120743307409076,0.006566225824666816
10.21,10.0,9.935264443399612,-0.0008748140558629745,0.010643805603693934
10.22,10.0,9.935585296017566,-0.00294205231645069,0.014694254676239638
10.23,10.0,9.935904456966,-0.00499236187559353,0.01871342307977386
10.24,10.0,9.936221935574936,-0.007023850544642827,0.022697182045639863
10.25,10.0,9.936537741224866,-0.009034655019148002,0.026641428393769928
10.26,10.0,9.93685188333724,-0.011022940709467141,0.030542100937868355
10.27,10.0,9.937164371410269,-0.012986911242662868,0.03439514759357998
10.28,10.0,9.937475214989112,-0.014924803976356368,0.03819656234331781
10.29,10.0,9.937784423652602,-0.016834888471356085,0.04194239526396082
10.3,10.0,9.938092007038497,-0.018715474452688785,0.04562874345076473
10.31,10.0,9.938397974839908,-0.020564912832752393,0.04925175930924297
10.32,10.0,9.938702336791351,-0.02238159414073331,0.05280766266250225
10.33,10.0,9.939005102647545,-0.02416394449489591,0.05629274620043745
10.34,10.0,9.939306282233641,-0.02591044126549411,0.05970337835660189
10.35,10.0,9.939605885406474,-0.027619604380207115,0.06303601237660494
10.36,10.0,9.939903922049618,-0.029289996350631835,0.06628718708153691
10.37,10.0,9.940200402076082,-0.03092022509241503,0.06945353444677238
10.38,10.0,9.940495335446684,-0.03250895170144113,0.07253179399208065
10.39,10.0,9.94078873214647,-0.03405488498377325,0.07551881059757548
10.4,10.0,9.941080602164119,-0.035556775549754546,0.07841152111883787
10.41,10.0,9.941370955532426,-0.03701343292586918,0.08120699811680154
10.42,10.0,9.94165980230047,-0.038423717299212005,0.083902432101846
10.43,10.0,9.94194715252872,-0.039786539371298904,0.08649513391882913
10.44,10.0,9.942233016277958,-0.04110085756521294,0.0889825262014412
10.45,10.0,9.942517403636963,-0.04236569271854775,0.09136219229495168
10.46,10.0,9.942800324695177,-0.043580118112638615,0.09363184731989804
10.47,10.0,9.943081789533666,-0.04474325620323344,0.09578932330005507
10.48,10.0,9.94336180823673,-0.045854287824234403,0.09783260733503596
10.49,10.0,9.943640390889012,-0.04691245316517312,0.09975984677965677
10.5,10.0,9.943917547563581,-0.04791704742060618,0.10156933256755352
10.51,10.0,9.944193288309014,-0.048867413610413524,0.10325946764737637
10.52,10.0,9.944467623171592,-0.04976296283564821,0.1048288578643799
10.53,10.0,9.944740562173436,-0.050603160803958096,0.10627625277691521
10.54,10.0,9.94501211530953,-0.05138752718352717,0.10760054239815631
10.55,10.0,9.94528229254485,-0.05211563695861331,0.10880076497533686
10.56,10.0,9.945551103818318,-0.052787129722222915,0.10987615018986929
10.57,10.0,9.945818559031466,-0.05340170111077491,0.1108260807142436
10.58,10.0,9.946084668042804,-0.05395909552774576,0.1116500564975027
10.59,10.0,9.946349440670966,-0.05445912338842763,0.1123477789613414
10.6,10.0,9.94661288668712,-0.0549016519126755,0.11291910788427906
10.61,10.0,9.946875015811566,-0.05528660344242472,0.11336405248234627
10.62,10.0,9.947135837710434,-0.05561395090377807,0.11368274988655713
10.63,10.0,9.947395361991259,-0.05588373314177649,0.1138755420733375
10.64,10.0,9.947653598199732,-0.05609604283236682,0.11394291648911903
10.65,10.0,9.947910555819176,-0.05625102279422965,0.11388548743617122
10.66,10.0,9.948166244263165,-0.05634887319411542,0.11370403348277591
10.67,10.0,9.94842067287122,-0.05638985262984603,0.11339950310682667
10.68,10.0,9.948673850908126,-0.056374272415987345,0.11297298716586113
10.69,10.0,9.948925787568415,-0.05630248864445254,0.11242567953414451
10.7,10.0,9.949176491954832,-0.056174920649683845,0.11175896993420587
10.71,10.0,9.949425973087624,-0.055992037219215925,0.11097437548068712
10.72,10.0,9.949674239903397,-0.055754355590873314,0.11007353800135355
10.73,10.0,9.94992130125172,-0.05546244098731003,0.10905822075727478
10.74,10.0,9.950167165879577,-0.05511691462924776,0.10793034906956223
10.75,10.0,9.950411842439896,-0.054718444892375505,0.10669196750371412
10.76,10.0,9.950655339500464,-0.054267740982869815,0.10534521081215686
10.77,10.0,9.950897665515985,-0.05376556517019057,0.10389236281053194
10.78,10.0,9.951138828837752,-0.05321272548995268,0.10233582106845596
10.79,10.0,9.951378837715106,-0.05261007314855031,0.10067808714705428
10.8,10.0,9.951617700302524,-0.051958497827155656,0.09892174539749554
10.81,10.0,9.951855424626963,-0.051258939013873836,0.0970695135188997
10.82,10.0,9.952092018608562,-0.05051237561738567,0.09512419723476384
10.83,10.0,9.952327490066073,-0.04971982290230424,0.09308867814213961
10.84,10.0,9.952561846700744,-0.04888233600922216,0.09096592878052867
10.85,10.0,9.952795096089051,-0.04800101058971016,0.08875901389157015
10.86,10.0,9.953027245693367,-0.04707697760440124,0.08647107021647571
10.87,10.0,9.953258302879835,-0.04611139712574585,0.08410528475039136
10.88,10.0,9.95348827486988,-0.04510546971882422,0.08166493400515407
10.89,10.0,9.953717168771439,-0.044060426428112566,0.07915334777203142
10.9,10.0,9.953944991578942,-0.04297752761255393,0.0765739062499442
10.91,10.0,9.954171750173678,-0.041858061313541396,0.07393003327839054
10.92,10.0,9.954397451297496,-0.040703347483068815,0.07122520790937514
10.93,10.0,9.954622101574733,-0.039514731605666736,0.06846294404507702
10.94,10.0,9.954845707527188,-0.03829358078552395,0.06564678133224078
10.95,10.0,9.955068275538292,-0.03704128862872271,0.06278029290131037
10.96,10.0,9.955289811868214,-0.03575927104622002,0.059867073445897034
10.97,10.0,9.955510322660098,-0.03444896380828008,0.05691073362777921
10.98,10.0,9.955729813953072,-0.03311181931553,0.05391489404867933
10.99,10.0,9.955948291641809,-0.03174931081131615,0.050883182774031255
11.0,10.0,9.95616576150695,-0.030362926615811345,0.04781922767201863
11.01,10.0,9.956382229221813,-0.0289541682300849,0.044726654963621826
11.02,10.0,9.956597700339383,-0.02752455021922734,0.041609081255266744
11.03,10.0,9.956812180284324,-0.026075599574117755,0.03847010584568977
11.04,10.0,9.957025674368229,-0.024608852660723504,0.03531330928231391
11.05,10.0,9.957238187809521,-0.023125852567073907,0.032142260279055535
11.06,10.0,9.957449725687763,-0.0216281506887524,0.028960484892326832
11.07,10.0,9.957660292976692,-0.02011730301801924,0.02577148007971708
11.08,10.0,9.957869894544789,-0.018594868937005085,0.022578709977484124
11.09,10.0,9.958078535159238,-0.017062409595978604,0.019385604749178498
11.1,10.0,9.9582862194641,-0.015521486956756399,0.016195534887176066
11.11,10.0,9.958492952001881,-0.013973661718207471,0.013011824872888766
11.12,10.0,9.958698737225006,-0.012420492292471002,0.009837763855969683
11.13,10.0,9.958903579473509,-0.010863532689862853,0.0066765714517806884
11.14,10.0,9.959107482985797,-0.009304331200746302,0.003531403999302185
11.15,10.0,9.959310451905646,-0.00774442916082999,0.0004053602099212128
11.16,10.0,9.959512490292717,-0.006185360342769583,-0.0026985058513275817
11.17,10.0,9.95971360209819,-0.004628647088757832,-0.005777237119508172
11.18,10.0,9.959913791186223,-0.0030758005620694228,-0.008827940239141796
11.19,10.0,9.960113061338063,-0.0015283201316737569,-0.011847780329121704
11.2,10.0,9.960311416248363,1.2309168235691607e-05,-0.014833998980067875
11.21,10.0,9.960508859521621,0.001544619147037519,-0.0177839308767469
11.22,10.0,9.960705394682508,0.0030671583855809916,-0.020694986410807914
11.23,10.0,9.960901025185729,0.004578490611957187,-0.02356462275027127
11.24,10.0,9.961095754398869,0.006077202805747423,-0.026390417969135882
11.25,10.0,9.961289585618056,0.007561901977518155,-0.029170023605528783
11.26,10.0,9.961482522069065,0.009031216314083584,-0.031901167835057365
11.27,10.0,9.961674566910936,0.010483795660239785,-0.03458164861713797
11.28,10.0,9.961865723231215,0.011918317630150188,-0.03720937786748646
11.29,10.0,9.962055994054504,0.013333484808669341,-0.03978234701806915
11.3,10.0,9.962245382345575,0.014728023221743198,-0.04229861007136737
11.31,10.0,9.962433891008377,0.016100689259487166,-0.04475632485231351
11.32,10.0,9.962621522889581,0.017450269107794646,-0.047153741937034255
11.33,10.0,9.962808280781633,0.018775578099013025,-0.049489192294571716
11.34,10.0,9.96299416742487,0.020075458355580843,-0.05176106927182733
11.35,10.0,9.963179185509992,0.021348789470251057,-0.05396788388351048
11.36,10.0,9.963363337680454,0.02259448255487237,-0.05610822354915612
11.37,10.0,9.963546626533542,0.023811479793742475,-0.05818074880432622
11.38,10.0,9.963729054623702,0.02499875772403512,-0.060184202462087555
11.39,10.0,9.963910624466351,0.02615533158350344,-0.06211742515495011
11.4,10.0,9.96409133853845,0.02728025202718567,-0.06397933497901409
11.41,10.0,9.96427119927623,0.028372600040645967,-0.06576890840468419
11.42,10.0,9.964450209087108,0.029431501411394046,-0.06748522618643626
11.43,10.0,9.964628370345523,0.030456118448363847,-0.06912744141059868
11.44,10.0,9.964805685394673,0.03144565068308615,-0.0706947798887132
11.45,10.0,9.964982156546961,0.032399333677337015,-0.07218653442002676
11.46,10.0,9.965157786094192,0.03331644868160473,-0.07360208683038216
11.47,10.0,9.965332576303002,0.034196315874164426,-0.07494088721600178
11.48,10.0,9.965506529412954,0.03503829123779931,-0.07620244903451301
11.49,10.0,9.965679647646603,0.03584177513647991,-0.07738636066083604
11.5,10.0,9.965851933209633,0.03660621103424189,-0.07849228064343805
11.51,10.0,9.966023388289747,0.03733108298495953,-0.07951993297692361
11.52,10.0,9.966194015053135,0.038015910999957075,-0.08046910137817775
11.53,10.0,9.966363815660793,0.03866026518683883,-0.08133964027280349
11.54,10.0,9.966532792259814,0.03926375616022838,-0.082131464014501
11.55,10.0,9.966700946981057,0.03982603154724377,-0.0828445459969851
11.56,10.0,9.966868281944533,0.04034677973913969,-0.08347891780390349
11.57,10.0,9.967034799269575,0.04082573809080315,-0.08403467144236743
11.58,10.0,9.967200501066472,0.041262683779006604,-0.08451195360493813
11.59,10.0,9.967365389441039,0.041657436751671634,-0.08491096576684853
11.6,10.0,9.967529466496215,0.042009859914933646,-0.08523196257496046
11.61,10.0,9.967692734333667,0.04231985932020677,-0.08547525016529
11.62,10.0,9.967855195055659,0.042587383106110266,-0.08564120318823587
11.63,10.0,9.968016850766723,0.04281242134610137,-0.08573026819247431
11.64,10.0,9.96817770357423,0.04299501120266966,-0.08574288906441119
11.65,10.0,9.96833775559107,0.043135231964640926,-0.08567958130343278
11.66,10.0,9.968497008936941,0.04323320677487367,-0.08554090812998894
11.67,10.0,9.968655465739936,0.0432891027991278,-0.08532747834897325
11.68,10.0,9.968813128138189,0.04330313139493364,-0.08503994663521297
11.69,10.0,9.96896999817189,0.04327543299805687,-0.08467904470428866
11.7,10.0,9.969126078016961,0.043206321465115466,-0.08424550906804829
11.71,10.0,9.969281369835398,0.043096125065425255,-0.08374012674141618
11.72,10.0,9.969435875788767,0.04294519917352493,-0.08316372983719944
11.73,10.0,9.969589598051508,0.042753938736304405,-0.08251719111686029
11.74,10.0,9.969742538812183,0.042522778066326074,-0.08180142246013666
11.75,10.0,9.969894700262131,0.0422521682725602,-0.08101742693110658
11.76,10.0,9.970046084598108,0.04194257952521186,-0.08016629141261422
11.77,10.0,9.9701966940662,0.04159457654456929,-0.07924900735214457
11.78,10.0,9.970346530915533,0.041208734029263824,-0.0782666685533231
11.79,10.0,9.970495597414303,0.040785662673041276,-0.0772204080932255
11.8,10.0,9.970643895850928,0.04032600880298663,-0.07611139731070793
11.81,10.0,9.970791428535236,0.03983045401774906,-0.07494084565677372
11.82,10.0,9.970938197726307,0.0392996044515249,-0.07371007698800369
11.83,10.0,9.971084205794162,0.038734232105603825,-0.0724203592592616
11.84,10.0,9.971229455110201,0.038135107765553324,-0.07107302083252343
11.85,10.0,9.971373948062654,0.03750302214832276,-0.06966943454486696
11.86,10.0,9.97151768706422,0.03683879528552631,-0.06821101039913291
11.87,10.0,9.971660674553043,0.03614327590262072,-0.06669919429569937
11.88,10.0,9.971802912983572,0.03541731281486724,-0.06513550283035485
11.89,10.0,9.971944404830706,0.03466176308009122,-0.06352151085087776
11.9,10.0,9.972085152620483,0.03387757307277219,-0.06185875146062525
11.91,10.0,9.972225158896503,0.03306568269433348,-0.060148832208717806
11.92,10.0,9.97236442623181,0.032227054769151914,-0.05839339705848179
11.93,10.0,9.972502957229834,0.031362674250335364,-0.05659412657748586
11.94,10.0,9.972640754525315,0.03047354742550024,-0.05475273734498742
11.95,10.0,9.972777820745444,0.02956063319238343,-0.052870966043528256
11.96,10.0,9.972914158599288,0.028624993354994986,-0.0509506036013736
11.97,10.0,9.973049770815264,0.0276676834649524,-0.04899347063672721
11.98,10.0,9.973184660152604,0.02668977005337887,-0.04700142039625277
11.99,10.0,9.973318829405029,0.025692334491788225,-0.044976340011576355
12.0,10.0,9.973452281401572,0.024676472039085098,-0.04292014982225112
12.01,10.0,9.973585018992546,0.023643274225759223,-0.040834767679220896
12.02,10.0,9.973717045057661,0.022593836044385796,-0.03872212641047845
12.03,10.0,9.973848362544112,0.021529296752645796,-0.036584260772398736
12.04,10.0,9.973978974421833,0.020450787841526433,-0.03442319954968198
12.05,10.0,9.974108883698932,0.019359448426309628,-0.032241000164950684
12.06,10.0,9.97423809342242,0.01825642419630128,-0.03003974707606627
12.07,10.0,9.974366606639364,0.0171428454235335,-0.02782145793314683
12.08,10.0,9.974494426449395,0.01601985327060684,-0.025588205932969288
12.09,10.0,9.974621556024905,0.014888609038601484,-0.023342164443191038
12.1,10.0,9.97474799855732,0.0137502642996466,-0.02108547801400462
12.11,10.0,9.974873757277777,0.01260597039152573,-0.01882030870680218
12.12,10.0,9.974998835457688,0.01145687726389313,-0.016548835039975174
12.13,10.0,9.975123236350665,0.010304137421281822,-0.014273142697479813
12.14,10.0,9.975246963298822,0.00914889557586689,-0.011995418903615551
12.15,10.0,9.975370019693019,0.007992290997662778,-0.009717876580872087
12.16,10.0,9.975492408948863,0.006835458496567856,-0.007442708596183678
12.17,10.0,9.97561413452142,0.005679526035982157,-0.005172111817053349
12.18,10.0,9.97573519990554,0.004525613599989358,-0.002908286381825498
12.19,10.0,9.975855608586723,0.0033748407542300474,-0.0006533168051827687
12.2,10.0,9.97597536414697,0.0022283069576896947,0.0015905793013413216
12.21,10.0,9.9760944701929,0.0010871031209982705,0.003821224261269407
12.22,10.0,9.976212930366056,-4.769127948803303e-05,0.006036457274244178
12.23,10.0,9.976330748346838,-0.0011750099739990386,0.008234128353656445
12.24,10.0,9.97644792784856,-0.0022938002814149347,0.010412104900941799
12.25,10.0,9.97656447250278,-0.003403010601687481,0.012568367574161243
12.26,10.0,9.976680386142903,-0.004501625117921068,0.014700779648374684
12.27,10.0,9.976795672573617,-0.0055886375551405,0.016807278622716026
12.28,10.0,9.976910335633555,-0.006663059691012354,0.01888582621973356
12.29,10.0,9.977024379195003,-0.007723922410249496,0.02093441132117757
12.3,10.0,9.977137807146455,-0.008770273003107043,0.02295106863305385
12.31,10.0,9.977250623346718,-0.009801166253347633,0.0249339259847714
12.32,10.0,9.97736283178802,-0.010815701182970754,0.026881046193278024
12.33,10.0,9.977474436449583,-0.011812990175190554,0.028790572313386775
12.34,10.0,9.977585441338682,-0.012792169057542883,0.030660689735295676
12.35,10.0,9.977695850490058,-0.013752398089053394,0.032489628978066065
12.36,10.0,9.977805667926186,-0.01469284892221332,0.0342756570195446
12.37,10.0,9.977914897656511,-0.01561270551907725,0.036017079552047804
12.38,10.0,9.978023543811688,-0.01651121341974924,0.037712281440111184
12.39,10.0,9.97813161049836,-0.017387628935052215,0.03935968927078459
12.4,10.0,9.978239101842362,-0.01824123580021757,0.04095778525474181
12.41,10.0,9.978346021987733,-0.019071346023886455,0.04250511039062843
12.42,10.0,9.978452375054939,-0.01987727963427436,0.04400023748709092
12.43,10.0,9.978558165184172,-0.02065838840500965,0.04544180529104658
12.44,10.0,9.978663396573085,-0.02141407670491038,0.046828548269312265
12.45,10.0,9.978768073405936,-0.02214376622209006,0.04815924955823814
12.46,10.0,9.97887219987657,-0.022846909188605935,0.04943276053073742
12.47,10.0,9.978975780187202,-0.023522989090628183,0.05064800232990585
12.48,10.0,9.979078818488299,-0.024171483030851933,0.05180392315664584
12.49,10.0,9.979181318976241,-0.024791926842501644,0.05289957670546741
12.5,10.0,9.979283285867469,-0.025383899772632498,0.05393410626310935
12.51,10.0,9.9793847233604,-0.025947001179786742,0.05490671747415732
12.52,10.0,9.9794856356516,-0.026480862570937572,0.05581669403467693
12.53,10.0,9.979586026934236,-0.02698514812694475,0.05666340067502773
12.54,10.0,9.979685901353916,-0.027459513408140988,0.05744611899811147
12.55,10.0,9.979785263094906,-0.027903691855427907,0.05816438969648541
12.56,10.0,9.979884116323882,-0.028317441671407418,0.05881780197245501
12.57,10.0,9.979982465191046,-0.02870054894574813,0.05940600706572097
12.58,10.0,9.980080313833362,-0.029052832805158586,0.05992873715034985
12.59,10.0,9.980177666372255,-0.02937414484122664,0.06038580432229379
12.6,10.0,9.980274526874094,-0.02966431038424932,0.06077687667784293
12.61,10.0,9.980370899437153,-0.029923267225334678,0.06110200601676663
12.62,10.0,9.98046678811906,-0.030150955351366318,0.06136120842931714
12.63,10.0,9.980562196954164,-0.030347347027347867,0.061554578662381676
12.64,10.0,9.980657129951728,-0.030512446975836556,0.06168229139306147
12.65,10.0,9.980751591094675,-0.030646285275673917,0.06174458036866115
12.66,10.0,9.98084558433993,-0.03074888776795529,0.061741654045549765
12.67,10.0,9.980939113609917,-0.030820369329731815,0.06167396337893871
12.68,10.0,9.981032182796612,-0.030860853188257736,0.061541969879280956
12.69,10.0,9.981124795758102,-0.030870493676464467,0.06134621173515242
12.7,10.0,9.981216956316803,-0.030849476250140676,0.0610873040979234
12.71,10.0,9.981308668264248,-0.03079800073109149,0.06076588748660772
12.72,10.0,9.98139993536225,-0.030716273784858635,0.06038260493929082
12.73,10.0,9.981490761311855,-0.03060458374548505,0.05993833211687116
12.74,10.0,9.9815811497811,-0.03046322514272804,0.05943394540550706
12.75,10.0,9.981671104394472,-0.030292521081886674,0.05887039097454139
12.76,10.0,9.981760628731198,-0.03009282307317821,0.058248684794337535
12.77,10.0,9.981849726349482,-0.02986448982653325,0.057569796402962226
12.78,10.0,9.981938400762225,-0.02960790538166938,0.05683474923789955
12.79,10.0,9.98202665539801,-0.02932350919140814,0.056044786053338846
12.8,10.0,9.982114493653912,-0.029011751746061597,0.05520112612488193
12.81,10.0,9.982201918875854,-0.028673108934624533,0.05430504471009012
12.82,10.0,9.982288934357099,-0.028308081722318613,0.05335787176684015
12.83,10.0,9.982375543383462,-0.02791716554192487,0.05236088969564623
12.84,10.0,9.982461749159178,-0.027500897024386753,0.05131548913294148
12.85,10.0,9.9825475548114,-0.02705984976740434,0.05022315524858012
12.86,10.0,9.9826329634287,-0.026594608090307326,0.04908537943046376
12.87,10.0,9.98271797804285,-0.026105777523663113,0.04790369431451591
12.88,10.0,9.982802601627553,-0.025593984329736492,0.04667967214929103
12.89,10.0,9.982886837177247,-0.025059846105028396,0.0454148804549801
12.9,10.0,9.982970687547825,-0.024504028352163126,0.04411096428866834
12.91,10.0,9.983054155542789,-0.023927212423673322,0.04276959865133767
12.92,10.0,9.983137243919188,-0.023330092446023645,0.04139248204122481
12.93,10.0,9.983219955374206,-0.022713379218177645,0.039981341552874916
12.94,10.0,9.983302292544188,-0.022077799617475944,0.038537931406001924
12.95,10.0,9.983384258107161,-0.02142406162017062,0.03706394720485173
12.96,10.0,9.983465854548344,-0.02075293131585253,0.035561212041562484
12.97,10.0,9.983547084339794,-0.02006517228503412,0.03403152998147618
12.98,10.0,9.983627949894858,-0.01936155983081423,0.03247671917332973
12.99,10.0,9.983708453566017,-0.018642880776579298,0.03089861162768326
13.0,10.0,9.983788597656371,-0.01790993046420145,0.02929903855369842
13.01,10.0,9.98386838449608,-0.017163497408156515,0.027679754840070903
13.02,10.0,9.983947816223852,-0.016404403978225207,0.026042646648083423
13.03,10.0,9.984026894970814,-0.015633470652454934,0.024389551036763102
13.04,10.0,9.984105622808942,-0.014851524987492915,0.022722303573630143
13.05,10.0,9.984184001750794,-0.014059400848912272,0.02104273503182874
13.06,10.0,9.984262033775977,-0.0132579334801127,0.01935267202873847
13.07,10.0,9.984339720858056,-0.012447954507233395,0.017653936110378687
13.08,10.0,9.984417064810236,-0.011630315117571018,0.015948328750431173
13.09,10.0,9.984494067433042,-0.010805862284830957,0.014237641269132517
13.1,10.0,9.984570730470997,-0.00997544469202557,0.012523648659240827
13.11,10.0,9.98464705561269,-0.009139911908062955,0.010808106924020677
13.12,10.0,9.984723044531465,-0.008300111772462418,0.009092805077820287
13.13,10.0,9.984798698860402,-0.0074568906792458365,0.007379528215972542
13.14,10.0,9.984874020110416,-0.00661109636556018,0.005669948159395144
13.15,10.0,9.984949009774397,-0.005763572500698184,0.003965757838075845
13.16,10.0,9.985023669294206,-0.00491515932075761,0.002268624846721412
13.17,10.0,9.985098000061047,-0.004066692790941507,0.0005801901725139835
13.18,10.0,9.985172003462482,-0.003219004530470351,-0.0010978821210319012
13.19,10.0,9.985245680817041,-0.0023729198986599523,-0.0027639808651418463
13.2,10.0,9.985319033365373,-0.0015292570065336708,-0.0044165591866236475
13.21,10.0,9.985392062322665,-0.0006888267299281926,-0.006054079082395969
13.22,10.0,9.985464768859133,0.00014756845356746751,-0.007675035479154602
13.23,10.0,9.985537154100667,0.000979135298036505,-0.009277957772593659
13.24,10.0,9.98560921918149,0.0018050812859133597,-0.010861410238965696
13.25,10.0,9.985680965146965,0.002624633026364684,-0.012423996397747938
13.26,10.0,9.985752393000109,0.0034370288591550236,-0.013964360063464909
13.27,10.0,9.985823503715588,0.004241517284925226,-0.0154811857224324
13.28,10.0,9.985894298230187,0.005037359632342405,-0.016973201408190697
13.29,10.0,9.985964777443662,0.005823830852050201,-0.018439180039883762
13.3,10.0,9.986034942269722,0.006600203016893407,-0.019877833174869686
13.31,10.0,9.986104793527005,0.00736578404144811,-0.021288049502685258
13.32,10.0,9.986174332020042,0.008119890834079707,-0.022668723887986353
13.33,10.0,9.986243558524412,0.008861855515377793,-0.024018793302188257
13.34,10.0,9.986312473785455,0.009591026955585873,-0.025337242855144382
13.35,10.0,9.986381078521712,0.010306769486736264,-0.026623087155666525
13.36,10.0,9.986449373451372,0.011008442295946691,-0.02787516072157148
13.37,10.0,9.986517359226932,0.011695455920515364,-0.029092670530944886
13.38,10.0,9.98658503649122,0.012367226805096073,-0.03027474147654896
13.39,10.0,9.986652405863394,0.013023190653199086,-0.03142054156713714
13.4,10.0,9.986719467940084,0.013662803078445739,-0.032529282848900554
13.41,10.0,9.986786223298356,0.01428553372873574,-0.03360019790175928
13.42,10.0,9.98685267250007,0.014890855445129423,-0.03463249880993047
13.43,10.0,9.986918816079386,0.015478293605792698,-0.0356255547487585
13.44,10.0,9.98698465455648,0.0160473818623877,-0.036578729371014695
13.45,10.0,9.98705018843507,0.016597675651843072,-0.03749142770563285
13.46,10.0,9.987115418203592,0.017128752748524583,-0.03836309653442438
13.47,10.0,9.987180344335549,0.017640200576681274,-0.03919325493827186
13.48,10.0,9.987244967290946,0.018131620954910704,-0.039981485237894354
13.49,10.0,9.987309287519617,0.01860266647331217,-0.040727349674640756
13.5,10.0,9.987373305459894,0.019052999894267477,-0.0414304860974517
13.51,10.0,9.987437021540558,0.01948230742078998,-0.042090579019374186
13.52,10.0,9.987500436181971,0.01989029913112006,-0.0427073591263345
13.53,10.0,9.98756354979254,0.020276688853887143,-0.04328055724284763
13.54,10.0,9.987626362775742,0.02064122027743219,-0.0438099630265838
13.55,10.0,9.987688875534008,0.02098367910535081,-0.04429545365598209
13.56,10.0,9.987751088463186,0.021303864466648753,-0.04473692621171388
13.57,10.0,9.987813001956107,0.021601599753696778,-0.045134322773324076
13.58,10.0,9.987874616403706,0.02187673293164892,-0.045487630296681125
13.59,10.0,9.987935932181436,0.022129107323998923,-0.04579668506901324
13.6,10.0,9.98799694967659,0.022358614463003742,-0.046061521284373796
13.61,10.0,9.98805766927988,0.022565175271069913,-0.046282243675660695
13.62,10.0,9.988118091380072,0.022748727284114336,-0.046458942089308675
13.63,10.0,9.98817821636871,0.022909232232204674,-0.04659173881288181
13.64,10.0,9.988238044641204,0.02304667621541708,-0.046680788599154255
13.65,10.0,9.988297576568625,0.023161032192630424,-0.046726288698348384
13.66,10.0,9.988356812560884,0.023252340177547952,-0.04672845431547579
13.67,10.0,9.988415753025725,0.02332065322616456,-0.04668753384106683
13.68,10.0,9.988474398375237,0.02336604461245939,-0.04660380651482221
13.69,10.0,9.988532749029167,0.023388610920457367,-0.04647758041014516
13.7,10.0,9.988590805414635,0.02338847029051925,-0.046309203205979976
13.71,10.0,9.988648567941135,0.023365725319494757,-0.04609929187074657
13.72,10.0,9.98870603706514,0.023320554204043525,-0.04584816605816
13.73,10.0,9.988763213239386,0.023253136795143965,-0.04555630756858653
13.74,10.0,9.988820096927798,0.023163674664197862,-0.0452242345610947
13.75,10.0,9.98887668860637,0.02305239101456436,-0.0448525018448831
13.76,10.0,9.988932988760244,0.02291952388899388,-0.04444168655248237
13.77,10.0,9.988988997873975,0.022765307395096065,-0.04399234550935294
13.78,10.0,9.98904471646966,0.022590037372826048,-0.04350516343290245
13.79,10.0,9.98910014507459,0.022394012683308064,-0.04298082104718093
13.8,10.0,9.989155284231488,0.022177551671361664,-0.04242003249644277
13.81,10.0,9.989210134499334,0.021940991954287517,-0.04182354573080138
13.82,10.0,9.989264696444668,0.021684678968111944,-0.04119203431799123
13.83,10.0,9.989318970641943,0.02140896519424366,-0.04052609292619369
13.84,10.0,9.98937295770785,0.021114249806847448,-0.03982661604745319
13.85,10.0,9.989426658266403,0.02080093602533015,-0.03909439364427891
13.86,10.0,9.989480072960523,0.020469443707117136,-0.03833023349023845
13.87,10.0,9.989533202452737,0.020120209024157884,-0.03753495956963526
13.88,10.0,9.989586047406837,0.01975366953874028,-0.03670946136268283
13.89,10.0,9.989638608508796,0.019370279382006274,-0.035854638760951296
13.9,10.0,9.989690886486514,0.01897052351607099,-0.034971351060367084
13.91,10.0,9.989742882077133,0.01855489182247988,-0.03406050379740888
13.92,10.0,9.98979459603912,0.01812388750034123,-0.03312301732479295
13.93,10.0,9.989846029152837,0.017678026645803722,-0.032159825634741956
13.94,10.0,9.989897182200727,0.017217821314204445,-0.03117212009844117
13.95,10.0,9.989948056001879,0.016743806619314922,-0.030160941633083915
13.96,10.0,9.989998651404704,0.01625653391598482,-0.029127274394383118
13.97,10.0,9.990048969274245,0.01575655963407342,-0.028072203783829686
13.98,10.0,9.9900990104989,0.015244449844700674,-0.026996841552878514
13.99,10.0,9.990148775990908,0.01472077975951739,-0.025902326081009175
14.0,10.0,9.99019826666696,0.01418611706485945,-0.024789653641085874
14.01,10.0,9.99024748348934,0.013641054510367763,-0.02366002491725472
14.02,10.0,9.990296427441343,0.013086189003231946,-0.022514632414891267
14.03,10.0,9.990345099528632,0.012522121848998402,-0.021354666926481913
14.04,10.0,9.990393500782037,0.01194946010917997,-0.02018133921184173
14.05,10.0,9.990441632257427,0.011368815884857966,-0.01899587189693741
14.06,10.0,9.990489494995257,0.010780793158497459,-0.017798991699197186
14.07,10.0,9.990537090116137,0.010186016566424492,-0.016592111974556012
14.08,10.0,9.990584418745277,0.00958510742368838,-0.015376388328733448
14.09,10.0,9.990631482033272,0.008978689445053424,-0.014152971413194937
14.1,10.0,9.990678281156363,0.008367388143544138,-0.012923004535867033
14.11,10.0,9.990724817308772,0.007751829409568823,-0.01168765129204985
14.12,10.0,9.990771091668732,0.00713263539281073,-0.010448212797023348
14.13,10.0,9.990817105504384,0.0065104347573016075,-0.009205753562183006
14.14,10.0,9.99086286008259,0.0058858526781580415,-0.007961422287733333
14.15,10.0,9.990908356694705,0.005259512861425276,-0.006716359823738527
14.16,10.0,9.990953596656672,0.004632036923855266,-0.0054716980541047455
14.17,10.0,9.990998581296912,0.0040040439613815695,-0.0042287078664771105
14.18,10.0,9.991043311950262,0.003376150024366344,-0.002988874056927937
14.19,10.0,9.991087790013996,0.0027489666314522263,-0.0017532067119434558
14.2,10.0,9.99113201689181,0.0021231010179104007,-0.0005229292026038834
14.21,10.0,9.991175994010499,0.0014991552586715643,0.0007007268484544582
14.22,10.0,9.991219722819901,0.000877725650248957,0.0019165216946475105
14.23,10.0,9.991263204778596,0.00025940515052280346,0.003123363978349669
14.24,10.0,9.991306441365884,-0.00035521981982630107,0.00432017796772044
14.25,10.0,9.991349434103123,-0.000965574576672788,0.005505666473129445
14.26,10.0,9.991392184523015,-0.0015710902188100346,0.006678649493813138
14.27,10.0,9.991434694179594,-0.0021712063975402375,0.007837953098946304
14.28,10.0,9.99147696464808,-0.0027653719124402705,0.008982409880595288
14.29,10.0,9.991518997490537,-0.00335303744622174,0.010111280205141071
14.3,10.0,9.991560794308326,-0.003933668254967056,0.011223606225305272
14.31,10.0,9.991602356738706,-0.0045067440208605685,0.0123182524891714
14.32,10.0,9.9916436864245,-0.005071752503689103,0.013394277967262891
14.33,10.0,9.991684785026381,-0.005628193000832607,0.014450783776989606
14.34,10.0,9.991725654222568,-0.0061755769019095205,0.015486915642379362
14.35,10.0,9.99176629565301,-0.006713413750366996,0.01650149005610624
14.36,10.0,9.991806711027944,-0.007241240249103457,0.01749373762671147
14.37,10.0,9.991846902068238,-0.007758605315971405,0.018462903296698308
14.38,10.0,9.991886870499101,-0.00826506907723491,0.01940820762913731
14.39,10.0,9.991926618058411,-0.008760205686228062,0.02032890939240861
14.4,10.0,9.991966146496162,-0.00924360382016435,0.02122430668761166
14.41,10.0,9.992005457537871,-0.009714844454030126,0.02209289691652838
14.42,10.0,9.99204455296512,-0.010173552486807602,0.022934272261210253
14.43,10.0,9.992083434552674,-0.010619357930756001,0.023747664527582035
14.44,10.0,9.99212210408299,-0.011051905917655496,0.02453229954968994
14.45,10.0,9.992160563346209,-0.01147085753198065,0.025287410871385863
14.46,10.0,9.992198814138233,-0.01187588748860435,0.026012299981889697
14.47,10.0,9.992236858251577,-0.012266666125774773,0.026706748889976373
14.48,10.0,9.992274697498413,-0.012642911416027924,0.027369861610003543
14.49,10.0,9.992312333689892,-0.013004345823150468,0.028001039971538244
14.5,10.0,9.992349768640981,-0.013350708737741412,0.028599713536729743
14.51,10.0,9.992387004169771,-0.013681756818786413,0.029165339867762263
14.52,10.0,9.992424042087253,-0.013997257359905799,0.029697620340583875
14.53,10.0,9.99246088418623,-0.014296981038413786,0.0301967358431674
14.54,10.0,9.99249753229703,-0.01458074356518816,0.030662071485015874
14.55,10.0,9.99253398823287,-0.014848366539528418,0.031093437117780898
14.56,10.0,9.992570253804825,-0.015099689256518117,0.0314907131602844
14.57,10.0,9.992606330820987,-0.01533456895697608,0.03185385466599322
14.58,10.0,9.992642221067646,-0.015552869109854326,0.03218252570313673
14.59,10.0,9.992677926319013,-0.01575446668635536,0.03247631972906473
14.6,10.0,9.992713448373964,-0.015939277384360066,0.03273553189811351
14.61,10.0,9.992748789008104,-0.016107224563582892,0.03296019828304275
14.62,10.0,9.992783949987855,-0.016258249414554938,0.03315040499293476
14.63,10.0,9.992818933069493,-0.016392311112030804,0.03330628814054171
14.64,10.0,9.99285374000599,-0.016509369637236003,0.03342735889202286
14.65,10.0,9.992888372535132,-0.016609410093119014,0.03351344591067118
14.66,10.0,9.992922832376687,-0.016692446962298862,0.033564856758176775
14.67,10.0,9.992957121240414,-0.016758504384452536,0.03358160217204764
14.68,10.0,9.992991240821668,-0.01680762384884656,0.033563691647604754
14.69,10.0,9.993025192800493,-0.016839864249691007,0.03351112914708887
14.7,10.0,9.99305897887455,-0.01685527933621562,0.03342469558042804
14.71,10.0,9.99309260069484,-0.016853960049519445,0.03330447636120115
14.72,10.0,9.993126059893763,-0.016836015216618594,0.033150531436476616
14.73,10.0,9.993159358093592,-0.016801565339122963,0.032963109235407906
14.74,10.0,9.993192496898725,-0.01675074720861586,0.03274248440643124
14.75,10.0,9.993225477894873,-0.01668371386572613,0.03248895874354418
14.76,10.0,9.99325830264656,-0.016600607175361107,0.03220400685864666
14.77,10.0,9.993290972700109,-0.01650161763372068,0.031887771442502766
14.78,10.0,9.993323489580131,-0.01638694103078877,0.03154087530643079
14.79,10.0,9.993355854789252,-0.0162567866217141,0.03116407777536967
14.8,10.0,9.993388069807407,-0.01611137836453687,0.030758221197586755
14.81,10.0,9.993420136090343,-0.01595095287958214,0.030324121376518187
14.82,10.0,9.99345205506093,-0.015775737876142323,0.029861293496115326
14.83,10.0,9.993483828128856,-0.015586007601675271,0.02937126797005063
14.84,10.0,9.993515456672899,-0.015382036782571053,0.028854858090260338
14.85,10.0,9.99354694204476,-0.015164113023846383,0.028312910416282477
14.86,10.0,9.993578285568248,-0.014932536592162617,0.02774630339824613
14.87,10.0,9.993609488553597,-0.014687615414708664,0.02715562816820727
14.88,10.0,9.993640552324825,-0.014429655968027073,0.026540595637128295
14.89,10.0,9.993671478102447,-0.014158999827896215,0.025902481610777572
14.9,10.0,9.993702267109636,-0.01387598967694411,0.025241878445790622
14.91,10.0,9.993732920540824,-0.0135809787425852,0.02455933606438654
14.92,10.0,9.993763439561105,-0.013274330505980156,0.023855356082506995
14.93,10.0,9.993793825340205,-0.012956411527681037,0.023131063574559407
14.94,10.0,9.993824079042234,-0.01262759307857049,0.022388011937758634
14.95,10.0,9.993854201728672,-0.012288270064031163,0.021626283763247267
14.96,10.0,9.993884194467498,-0.011938838870033662,0.020846638558219555
14.97,10.0,9.993914058298788,-0.01157970380861965,0.020049843319744465
14.98,10.0,9.993943794234461,-0.011211276764957888,0.019236671683103834
14.99,10.0,9.993973403261952,-0.010833968940031413,0.018408765103586244
15.0,10.0,9.994002886339063,-0.010448200213698335,0.017567574934446162
15.01,10.0,9.99403224439123,-0.010054403653462642,0.016713833523997135
15.02,10.0,9.994061478316999,-0.009653013720199662,0.015848799754555998
15.03,10.0,9.994090588985715,-0.009244469990642776,0.014973814693014509
15.04,10.0,9.994119577237248,-0.008829216755853148,0.014090307865594065
15.05,10.0,9.994148443877323,-0.008407695193476422,0.013198017118414063
15.06,10.0,9.9941771896851,-0.007980356092312738,0.01229814864479728
15.07,10.0,9.994205815410155,-0.007547654845408584,0.01139227600152326
15.08,10.0,9.99423432177019,-0.007110047593090819,0.010481514066731812
15.09,10.0,9.994262709451876,-0.0066679926943602405,0.009566975423829005
15.1,10.0,9.994290979110602,-0.0062219502915045865,0.008649766545219872
15.11,10.0,9.994319131467313,-0.005772376761684257,0.007729291447418296
15.12,10.0,9.994347167102804,-0.005319735096020721,0.006806832150429987
15.13,10.0,9.99437508659527,-0.004864487208868059,0.005883141962310878
15.14,10.0,9.99440289050346,-0.004407094375263066,0.004958731299917307
15.15,10.0,9.9944305793585,-0.00394801721182975,0.0040340029688488155
15.16,10.0,9.994458153668505,-0.0034877151893773837,0.0031093763042431277
15.17,10.0,9.994485614022718,-0.003026645408116987,0.002188291473682824
15.18,10.0,9.994512960837998,-0.0025652640238284937,0.001269854673767501
15.19,10.0,9.994540194564408,-0.0021040242707855293,0.000354783746320253
15.2,10.0,9.99456731562973,-0.0016433764200964747,-0.0005562107521424053
15.21,10.0,9.994594324439904,-0.0011837673234571988,-0.0014624239504767989
15.22,10.0,9.994621221373237,-0.000725640588263787,-0.002362790548146698
15.23,10.0,9.994648006762707,-0.000269437969199783,-0.0032548193231312084
15.24,10.0,9.994674680959214,0.00018440748203416645,-0.004138274900104877
15.25,10.0,9.994701244276204,0.0006354661923543704,-0.005011903654682293
15.26,10.0,9.994727697005832,0.0010833141249886752,-0.005874354255891445
15.27,10.0,9.99475403941928,0.0015275332238950698,-0.006724169139866953
15.28,10.0,9.994780271752866,0.0019677092950376057,-0.007561084713612942
15.29,10.0,9.994806394206993,0.002403432204645803,-0.008386148609780486
15.3,10.0,9.994832406998373,0.0028343056809703917,-0.009196934136936008
15.31,10.0,9.99485831030549,0.0032599378693832022,-0.009992580218504132
15.32,10.0,9.994884104285434,0.003679944753333,-0.010772263679836858
15.33,10.0,9.994909789074063,0.004093950572808757,-0.011535203404423822
15.34,10.0,9.994935364845851,0.00450158238609222,-0.012281729891158832
15.35,10.0,9.994960831752064,0.004902476573431619,-0.013012183656509135
15.36,10.0,9.994986189858242,0.005296285411108647,-0.013725802320638358
15.37,10.0,9.995011439251403,0.005682666983601698,-0.014422634257754696
15.38,10.0,9.995036580003884,0.006061289165436945,-0.015102894673048262
15.39,10.0,9.995061612173965,0.006431830000334322,-0.01576697944044847
15.4,10.0,9.995086535875778,0.0067939677855291545,-0.016411956158003616
15.41,10.0,9.995111351165269,0.007147398464004598,-0.017037393075888807
15.42,10.0,9.995136058065446,0.007491832336373336,-0.017644115951057082
15.43,10.0,9.995160656613836,0.007826987488294282,-0.01823184478848827
15.44,10.0,9.99518514684165,0.008152593345968852,-0.018800291537281133
15.45,10.0,9.995209528774671,0.008468391004887135,-0.01934915354247224
15.46,10.0,9.99523380233204,0.008774117984499577,-0.019876008427385794
15.47,10.0,9.995257967535366,0.009069540296458057,-0.020380590548571553
15.48,10.0,9.995282024382778,0.00935443343640677,-0.02086217600762441
15.49,10.0,9.99530597285286,0.009628583170679198,-0.021319639945226232
15.5,10.0,9.995329812917761,0.009891787724337107,-0.02175170195980325
15.51,10.0,9.995353544542855,0.010143857868141433,-0.02215697255455451
15.52,10.0,9.995377167587975,0.010384596326294737,-0.02254076086596335
15.53,10.0,9.995400682037943,0.010613846373327155,-0.022899260551156875
15.54,10.0,9.995424087819858,0.010831453600466213,-0.023232125843512863
15.55,10.0,9.99544738485274,0.011037276507320316,-0.0235390830693738
15.56,10.0,9.995470573047756,0.01123118670609808,-0.02381993932290416
15.57,10.0,9.995493652330852,0.011413066109284064,-0.024074926782646777
15.58,10.0,9.99551662274395,0.011582793545180235,-0.02430622447548303
15.59,10.0,9.995539484137229,0.011740286398388419,-0.024513350439733794
15.6,10.0,9.995562236435223,0.01188546503699732,-0.024697155553364603
15.61,10.0,9.995584879563005,0.012018262978545217,-0.024858722221991814
15.62,10.0,9.995607413446935,0.012138627023185371,-0.024999380592920284
15.63,10.0,9.99562983804431,0.01224651107544981,-0.02511835083014169
15.64,10.0,9.995652153360405,0.012341872717998683,-0.025211420384928296
15.65,10.0,9.99567435931273,0.012424703145765053,-0.025282168556467477
15.66,10.0,9.99569645586789,0.01249499758263647,-0.025330806556259078
15.67,10.0,9.995718443002158,0.012552764180126668,-0.025357489477752182
15.68,10.0,9.995740320702579,0.012598024077687554,-0.025362306049404815
15.69,10.0,9.995762088869277,0.012630801796163027,-0.025344174672864428
15.7,10.0,9.995783747397239,0.012651133198419305,-0.025301724493544064
15.71,10.0,9.99580529633139,0.01265908062230802,-0.02523498787691114
15.72,10.0,9.995826735650642,0.012654711697254675,-0.025142988558288226
15.73,10.0,9.995848065339727,0.012638106331672618,-0.02502451290707086
15.74,10.0,9.995869285389558,0.012609356701970397,-0.02487809077388048
15.75,10.0,9.995890395713799,0.012568554209807957,-0.024708459605897515
15.76,10.0,9.99591139627683,0.012515809322305891,-0.024516668955494536
15.77,10.0,9.995932287089126,0.012451250785700788,-0.024300447428428296
15.78,10.0,9.995953068131234,0.01237501373925041,-0.024060090076694074
15.79,10.0,9.995973739385308,0.012287244549868381,-0.02379602969064809
15.8,10.0,9.995994300835,0.012188100732375747,-0.023508851125485286
15.81,10.0,9.996014752670758,0.012077734697578424,-0.0232011286188466
15.82,10.0,9.99603509488858,0.011956325259512558,-0.022873881280452424
15.83,10.0,9.99605532750488,0.011824060629165434,-0.02252849539087498
15.84,10.0,9.996075450582257,0.011681136299430916,-0.022166968681829102
15.85,10.0,9.996095464196307,0.011527757570420372,-0.021791631545398094
15.86,10.0,9.996115368436362,0.011364139404713619,-0.021405169419013603
15.87,10.0,9.99613516351935,0.011190488230458383,-0.020997181818939392
15.88,10.0,9.99615484953677,0.01100704229054218,-0.020574404780512867
15.89,10.0,9.996174426649302,0.010814040559582244,-0.020137659376924466
15.9,10.0,9.996193895041635,0.010611729923088455,-0.019687335866123257
15.91,10.0,9.99621325492115,0.010400365362018982,-0.019223661933941205
15.92,10.0,9.996232506481164,0.010180208242509425,-0.018746486971173093
15.93,10.0,9.996251649634285,0.009951515445153651,-0.018253882766174012
15.94,10.0,9.996270684755766,0.009714568738961088,-0.017745944706565986
15.95,10.0,9.99628961205933,0.009469649664686866,-0.01722155145022708
15.96,10.0,9.996308431770446,0.009217046192714726,-0.01667923115941794
15.97,10.0,9.996327144126212,0.008957052473376723,-0.01611713400072734
15.98,10.0,9.9963457493365,0.008689965733599602,-0.01553699668232067
15.99,10.0,9.9963642475387,0.008416082705842837,-0.014948759567316006
16.0,10.0,9.996382639034014,0.008135716770468345,-0.01434621929367541
16.01,10.0,9.996400924062488,0.007849181160911286,-0.013730138513645684
16.02,10.0,9.996419102868094,0.007556793509333165,-0.013101513161441147
16.03,10.0,9.996437175698116,0.007258875558802727,-0.012461599197195028
16.04,10.0,9.996455142966042,0.006955749301482153,-0.011812383910077995
16.05,10.0,9.996473005160167,0.006647738675375951,-0.011156365734852458
16.06,10.0,9.9964907624899,0.006335176994033561,-0.01049561932381371
16.07,10.0,9.9965084153224,0.0060183971010829085,-0.009833012123079632
16.08,10.0,9.996525964043949,0.005697734099749212,-0.009171855984760335
16.09,10.0,9.996543409060633,0.005373525035863577,-0.008515936092564513
16.1,10.0,9.996560750862518,0.0050461056331288934,-0.007857936758903117
16.11,10.0,9.996577989937045,0.004715814034485233,-0.0071954492719850105
16.12,10.0,9.996595126752196,0.004382991300613016,-0.0065342119214280014
16.13,10.0,9.996612161831976,0.004047977619051994,-0.0058744644610690955
16.14,10.0,9.996629095728991,0.003711113294506346,-0.005216124255650434
16.15,10.0,9.996645929025526,0.003372738415026477,-0.004558750039442727
16.16,10.0,9.996662661899876,0.003033191799346477,-0.0039015439628219406
16.17,10.0,9.99667929493585,0.0026928119997185144,-0.0032432452896093977
16.18,10.0,9.996695828762459,0.0023519363705330402,-0.0025821262402448975
16.19,10.0,9.996712263925712,0.00201090052079472,-0.001915965777605999
16.2,10.0,9.996728600979788,0.0016700381291842965,-0.0012420071801321209
16.21,10.0,9.996744840486205,0.0013296806071537769,-0.0005569204062743083
16.22,10.0,9.996760982861682,0.0009901587764313605,0.00011899428741934948
16.23,10.0,9.996777028707063,0.0006517981448520272,0.000794632455231703
16.24,10.0,9.996792978569824,0.0003149217192947651,0.001470220593528082
16.25,10.0,9.99680883298657,-2.0150907327054515e-05,0.0021442845821624257
16.26,10.0,9.996824592489906,-0.0003531039945586217,0.00281490755575442
16.27,10.0,9.996840257653163,-0.000683625667203026,0.003479816058187035
16.28,10.0,9.99685582964185,-0.0010114044367108672,0.004137906622107113
16.29,10.0,9.996871308790281,-0.0013361393306057295,0.0047851523115260974
16.3,10.0,9.99688669577265,-0.0016575321439831064,0.005417893807116436
16.31,10.0,9.996901991282163,-0.0019752899717218183,0.006031884304837809
16.32,10.0,9.996917196031886,-0.0022891255238349493,0.006622249771558231
16.33,10.0,9.996932310773511,-0.0025987557729729863,0.007189817812663257
16.34,10.0,9.996947336333303,-0.002903898998952568,0.007753569499510005
16.35,10.0,9.996962273471171,-0.003204288310970605,0.008300164571489077
16.36,10.0,9.996977123011243,-0.003499659879378767,0.008830046696348126
16.37,10.0,9.996991885805686,-0.0037897566995552657,0.009344234769437909
16.38,10.0,9.997006562735848,-0.0040743288809178,0.009844383251642719
16.39,10.0,9.997021154400894,-0.004353129765939127,0.01033121400712822
16.4,10.0,9.997035661194234,-0.004625917223975915,0.010804969830470412
16.41,10.0,9.997050084204362,-0.004892465946423653,0.011270166381136648
16.42,10.0,9.997064424201735,-0.005152554200878327,0.011730364181326114
16.43,10.0,9.997078681951528,-0.005405968278883227,0.012189855038575281
16.44,10.0,9.99709285821193,-0.005652502746959951,0.012653707805711956
16.45,10.0,9.997106953682978,-0.0058919538558496335,0.01310794845440777
16.46,10.0,9.99712096906464,-0.006124128065104262,0.013543629286012049
16.47,10.0,9.997134905087773,-0.0063488468148420055,0.013970001431465984
16.48,10.0,9.997148762439043,-0.006565936625100923,0.014385083877485605
16.49,10.0,9.997162541785167,-0.006775232941017184,0.014786146550552215
16.5,10.0,9.997176243770916,-0.006976580341395978,0.015169631949635276
16.51,10.0,9.99718986975681,-0.007169823144120819,0.01553697306364632
16.52,10.0,9.997203420518638,-0.0073548224712500394,0.015884169064463882
16.53,10.0,9.997216896683415,-0.007531450771796699,0.01620519812038368
16.54,10.0,9.997230299088086,-0.007699587347397379,0.01649481457677715
16.55,10.0,9.997243628586505,-0.007859121040410078,0.016746949482079887
16.56,10.0,9.997256886050806,-0.008009950398359375,0.016954660832382173
16.57,10.0,9.997270072380848,-0.008151969529195696,0.017152051882331154
16.58,10.0,9.997283188488616,-0.008285098412371957,0.01732580062971112
16.59,10.0,9.99729623531086,-0.008409263031278464,0.01747386442339305
16.6,10.0,9.997309213809235,-0.008524397763190946,0.017598901548597556
16.61,10.0,9.997322124970996,-0.008630446767107437,0.017704632846225032
16.62,10.0,9.99733496976151,-0.00872736343935893,0.017795431056589317
16.63,10.0,9.997347747889497,-0.008815093890336708,0.017863484921833872
16.64,10.0,9.997360460802874,-0.00889361735673807,0.01792023202302484
16.65,10.0,9.997373109268029,-0.008962913718184338,0.017971115118685432
16.66,10.0,9.997385694025448,-0.009022972414538314,0.01802252626974321
16.67,10.0,9.997398215786824,-0.009073792501784545,0.018081863363335282
16.68,10.0,9.997410675245213,-0.009115379949696177,0.018148071035655633
16.69,10.0,9.99742307311209,-0.00914773922336709,0.01818246740146534
16.7,10.0,9.997435409978573,-0.009170902191459137,0.018208314683666016
16.71,10.0,9.99744768643291,-0.009184902636309495,0.018222763794192853
16.72,10.0,9.997459903023739,-0.009189783501052491,0.018221713319429456
16.73,10.0,9.997472060257488,-0.009185596892598659,0.018199682032477682
16.74,10.0,9.99748415910832,-0.009172399589812202,0.018156314379107197
16.75,10.0,9.997496201088959,-0.009150252402734729,0.018097201961868314
16.76,10.0,9.997508186321433,-0.009119237070358359,0.018008830335215775
16.77,10.0,9.997520115556082,-0.009079438536029053,0.017884606664955727
16.78,10.0,9.997531989561915,-0.009030950273333364,0.017716880095137277
16.79,10.0,9.997543809129292,-0.008973874242920697,0.01749688172558228
16.8,10.0,9.997555574979456,-0.008908313653815397,0.017247119388000276
16.81,10.0,9.997567287861788,-0.00883438023019755,0.016988348757152716
16.82,10.0,9.997578948659225,-0.008752202112065718,0.016703686461099654
16.83,10.0,9.99759055822,-0.008661910601308973,0.01639813374394311
16.84,10.0,9.997602117417987,-0.008563644577610555,0.016078406306697934
16.85,10.0,9.99761362715472,-0.008457550406469026,0.015753095212821977
16.86,10.0,9.997625087073839,-0.00834377174826259,0.015412478710087607
16.87,10.0,9.997636497673293,-0.008222466017234824,0.01506203364821379
16.88,10.0,9.99764785988923,-0.008093801009790952,0.01471598719129319
16.89,10.0,9.997659174196327,-0.007957947740304184,0.014383227885741312
16.9,10.0,9.99767044101572,-0.007815083532855514,0.014073881892389561
16.91,10.0,9.997681660710668,-0.007665391879406674,0.013799373824992245
16.92,10.0,9.997692833943542,-0.007509052807948108,0.013502833164380501
16.93,10.0,9.997703960938445,-0.007346261994828145,0.013200474081630942
16.94,10.0,9.997715041917916,-0.007177219038296611,0.0128966291850795
16.95,10.0,9.997726077094,-0.007002127437793787,0.0125846986021666
16.96,10.0,9.997737066619163,-0.0068211956275048774,0.012255837782419732
16.97,10.0,9.99774801059681,-0.006634636760168692,0.011898997530673805
16.98,10.0,9.997758911613593,-0.006442661329252943,0.011546641717063988
16.99,10.0,9.997769768893697,-0.006245493583994219,0.011168712074866027
17.0,10.0,9.997780582942621,-0.006043358155164515,0.010756591113355474
17.01,10.0,9.997791354299691,-0.005836483411538626,0.010300355346875456
17.02,10.0,9.997802083542979,-0.0056251012595501864,0.009788715570056838
17.03,10.0,9.997812771207762,-0.005409445921430768,0.00922200310915433
17.04,10.0,9.997823417382252,-0.005189748903578953,0.008673824021895205
17.05,10.0,9.997834022945487,-0.004966253353291741,0.008105047912491226
17.06,10.0,9.997844588510858,-0.004739201326372935,0.0075238291882946395
17.07,10.0,9.997855114726192,-0.004508837071651886,0.006941031944299847
17.08,10.0,9.997865602276624,-0.004275406805876761,0.006370484154297862
17.09,10.0,9.997876051083498,-0.004039156445649998,0.005812176780707612
17.1,10.0,9.997886459805896,-0.003800330108290057,0.005241880902239648
17.11,10.0,9.997896829749164,-0.0035591798120109875,0.004694273314276964
17.12,10.0,9.99790716099548,-0.0033159554104361666,0.004181031278194913
17.13,10.0,9.997917453546542,-0.0030709072640717396,0.003715271849883517
17.14,10.0,9.997927707316977,-0.002824285991246845,0.003311608096718377
17.15,10.0,9.997937922592193,-0.0025763418776281973,0.002935776013115343
17.16,10.0,9.997948099654838,-0.0023273248969318473,0.0025445350067841987
17.17,10.0,9.997958238025257,-0.0020774850154425153,0.00216748449932902
17.18,10.0,9.99796833749842,-0.0018270711757838111,0.0017938108049883605
17.19,10.0,9.99797839779841,-0.0015763312970348872,0.0014091454132302283
17.2,10.0,9.997988418575316,-0.001325512023125794,0.0009952436183846558
17.21,10.0,9.99799840157621,-0.0010748611007939941,0.0005812220548198632
17.22,10.0,9.998008347363895,-0.0008246231630840816,0.00016549852819708333
17.23,10.0,9.99801825536594,-0.0005750395407982902,-0.0002832925745072101
17.24,10.0,9.998028125914077,-0.0003263504813264572,-0.000778182804565819
17.25,10.0,9.998037959416235,-7.87938993685427e-05,-0.00133375209601172
17.26,10.0,9.998047756364992,0.0001673948606763697,-0.001966174749130911
17.27,10.0,9.998057516122204,0.00041198194870563137,-0.00258347126649916
17.28,10.0,9.998067239305549,0.000654737799079208,-0.003198902263163217
17.29,10.0,9.998076926544233,0.0008954360235903427,-0.0038186264794421443
17.3,10.0,9.998086578311005,0.0011338534596729078,-0.004425916803857399
17.31,10.0,9.998096195133776,0.0013697706260805747,-0.004999433161411215
17.32,10.0,9.998105777599102,0.0016029719551812127,-0.005512823663072708
17.33,10.0,9.998115321825674,0.0018332458914257746,-0.006049685807793859
17.34,10.0,9.998124829597572,0.002060385422891648,-0.006545210185497308
17.35,10.0,9.99813430067741,0.0022841880863903375,-0.0069816206292941385
17.36,10.0,9.998143734589233,0.002504456252328012,-0.007342461862439031
17.37,10.0,9.99815313072038,0.0027209973599051198,-0.0076096970407162345
17.38,10.0,9.998162488621618,0.0029336229935653,-0.0077814813582713915
17.39,10.0,9.998171810319285,0.0031421404879446273,-0.008005047672260068
17.4,10.0,9.998181093922826,0.0033463768564566797,-0.00821158496103136
17.41,10.0,9.998190338975622,0.0035461591125385754,-0.008422971788208888
17.42,10.0,9.998199544969301,0.003741319977456915,-0.008667380631836863
17.43,10.0,9.998208711342858,0.003931698074487944,-0.008979830503353492
17.44,10.0,9.99821784082159,0.004117127191964883,-0.009248951016111229
17.45,10.0,9.998226932678634,0.004297458529348394,-0.009527779454964969
17.46,10.0,9.998235986904714,0.004472547241048136,-0.009842268531238763
17.47,10.0,9.998245003976036,0.004642253387413089,-0.010202486550694667
17.48,10.0,9.998253984521972,0.004806443213662659,-0.010618430922620603
17.49,10.0,9.998262927249602,0.004964987565619642,-0.011048436632929426
17.5,10.0,9.998271831658528,0.005117764270600046,-0.011465551456993683
17.51,10.0,9.998280698778444,0.005264658881657306,-0.011875218906603369
17.52,10.0,9.998289528753055,0.005405562811336851,-0.012255298446815444
17.53,10.0,9.998298321731557,0.005540374203315065,-0.012577538672546573
17.54,10.0,9.998307077200796,0.005668997875327397,-0.012843348966591284
17.55,10.0,9.998315793700915,0.005791345370970571,-0.013098660373724758
17.56,10.0,9.99832447157546,0.005907335873081975,-0.013283294384219824
17.57,10.0,9.998333110241829,0.006016895561287027,-0.013379174470441013
17.58,10.0,9.998341708978051,0.0061199579679295305,-0.01336676974959472
17.59,10.0,9.99835026711504,0.00621646292092501,-0.013238119101580126
17.6,10.0,9.998358786216249,0.006306343972224326,-0.013135994622462399
17.61,10.0,9.998367264572133,0.006389560352413076,-0.013005288863893516
17.62,10.0,9.998375701625154,0.006466071389949538,-0.012874690448320236
17.63,10.0,9.998384096776464,0.006535843481938225,-0.012781765733066441
17.64,10.0,9.99839244938614,0.006598850149477709,-0.012773795714271174
17.65,10.0,9.998400761741465,0.006655065946826301,-0.012742549583963703
17.66,10.0,9.998409033314434,0.006704478408805639,-0.012746434925190231
17.67,10.0,9.998417264034781,0.006747081328927152,-0.012828221499340209
17.68,10.0,9.99842545437072,0.0067828746480111755,-0.013011373191196274
17.69,10.0,9.998433604974212,0.0068118652446625735,-0.013320748687838835
17.7,10.0,9.998441715527111,0.006834061442313356,-0.013618529804096391
17.71,10.0,9.99844978601027,0.006849480055492509,-0.013826655476940564
17.72,10.0,9.998457817491191,0.0068581492224980825,-0.014000508865037398
17.73,10.0,9.998465810577256,0.00686010105871262,-0.01410967878861491
17.74,10.0,9.998473765950449,0.006855374327475591,-0.014119227475874907
17.75,10.0,9.998481682090578,0.006844013429105927,-0.014049836460799603
17.76,10.0,9.998489554191208,0.0068260679195325455,-0.01400644462987849
17.77,10.0,9.998497384881922,0.006801597271385861,-0.013894997968500578
17.78,10.0,9.998505173508724,0.006770666114088817,-0.013705629510478434
17.79,10.0,9.998512919324027,0.006733345650334114,-0.01342838934597601
17.8,10.0,9.998520622758253,0.006689705636439011,-0.013129518021927689
17.81,10.0,9.998528283735771,0.0066398250032953425,-0.012850432447489957
17.82,10.0,9.998535901136037,0.006583795254776205,-0.012575403988212441
17.83,10.0,9.998543474380288,0.006521710460934735,-0.012326731913579747
17.84,10.0,9.998551003890517,0.0064536638722352945,-0.012103915590103487
17.85,10.0,9.998558491729145,0.00637974358269865,-0.01186755841214826
17.86,10.0,9.998565936812518,0.006300064982059219,-0.011659814545980307
17.87,10.0,9.998573339418769,0.006214740192752501,-0.011490953777289925
17.88,10.0,9.998580699894372,0.006123886826926318,-0.011366844174478752
17.89,10.0,9.998588018520907,0.006027628722729098,-0.011224529785007153
17.9,10.0,9.998595295837944,0.005926094159933272,-0.01108835604290287
17.91,10.0,9.998602532392363,0.005819417245280976,-0.010948757866300118
17.92,10.0,9.99860972880385,0.005707737550544984,-0.01079392791040884
17.93,10.0,9.99861688293253,0.005591173859298849,-0.010622332347421493
17.94,10.0,9.998623995159681,0.005469873113935422,-0.010419375863331137
17.95,10.0,9.998631065732033,0.0053439857998360115,-0.01016913778444406
17.96,10.0,9.99863809445636,0.005213663114798965,-0.009855720043705163
17.97,10.0,9.998645080875905,0.005079062433918943,-0.009502564887013343
17.98,10.0,9.998652024489088,0.004940345341564017,-0.009129657066871855
17.99,10.0,9.998658924931396,0.0047976759952858185,-0.008717946579771263
18.0,10.0,9.998665781667148,0.004651223898738599,-0.00826964777256406
18.01,10.0,9.998672594846662,0.004501150296615793,-0.007798931387886121
18.02,10.0,9.998679366135736,0.004347594236140189,-0.007343683870739137
18.03,10.0,9.998686094525135,0.0041907429837622495,-0.00690609888606869
18.04,10.0,9.998692780096789,0.00403076873865301,-0.006506070447265588
18.05,10.0,9.998699423021014,0.0038678467060415346,-0.006162871599050768
18.06,10.0,9.998706024636979,0.0037021642577789973,-0.0058187967285023845
18.07,10.0,9.998712584945348,0.003533899673827254,-0.005516362563936006
18.08,10.0,9.998719104527002,0.0033632384099932093,-0.005262708176896946
18.09,10.0,9.998725584045484,0.0031903688796635775,-0.005064755607993299
18.1,10.0,9.998732023117308,0.0030154555916457357,-0.004863529572520675
18.11,10.0,9.99873842213743,0.0028386825562107397,-0.004640289796019326
18.12,10.0,9.998744781543861,0.0026602357987890995,-0.004373775382554235
18.13,10.0,9.998751101526928,0.0024802964471476135,-0.004023302006487761
18.14,10.0,9.998757381726001,0.0022990516085274995,-0.0036238613395817576
18.15,10.0,9.998763621523834,0.0021166893511957038,-0.0032283408105279743
18.16,10.0,9.99876982063301,0.0019333892782867571,-0.0027959643242997934
18.17,10.0,9.998775978292915,0.0017493340657803505,-0.0023365147710334433
18.18,10.0,9.998782094460777,0.0015647072249644564,-0.0018617973649496244
18.19,10.0,9.998788171715924,0.001379696074000368,-0.001376487019384004
18.2,10.0,9.998794208744831,0.0011944808654689386,-0.0009132772183759741
18.21,10.0,9.998800205819071,0.0010092436342776393,-0.0005049230417955575
18.22,10.0,9.998806163345973,0.0008241656105558053,-0.0001896296823480359
18.23,10.0,9.998812081994371,0.0006394248789720863,0.000156491414267379
18.24,10.0,9.998817962496902,0.00045520084029496637,0.00047001846823074844
18.25,10.0,9.998823805832247,0.0002716706830236945,0.0007580228079166751
18.26,10.0,9.998829613205942,8.9010090536586e-05,0.0010339880816573888
18.27,10.0,9.998835383152212,-9.260851340739383e-05,0.001293481935313645
18.28,10.0,9.998841116044067,-0.0002730136443207302,0.0015539650731692667
18.29,10.0,9.99884681268407,-0.0004520356925171705,0.0018433528716242653
18.3,10.0,9.998852473226435,-0.0006295076763742818,0.0021914472785034556
18.31,10.0,9.99885809776428,-0.0008052654631175015,0.002573604383273087
18.32,10.0,9.998863686280732,-0.0009791477673202402,0.002941690114153017
18.33,10.0,9.998869238530006,-0.001150995747122524,0.003325915421398956
18.34,10.0,9.998874754137315,-0.0013206538579577688,0.0037151092839630973
18.35,10.0,9.998880233192885,-0.0014879697025701587,0.004099385325663174
18.36,10.0,9.998885677937261,-0.0016527938813593213,0.004489170328338121
18.37,10.0,9.998891087580585,-0.0018149811677778942,0.00485411955192494
18.38,10.0,9.998896462567007,-0.001974389860941372,0.005172238770819598
18.39,10.0,9.998901803456791,-0.0021308821769564614,0.005416204383671908
18.4,10.0,9.998907110587187,-0.0022843203293647914,0.005674804919139631
18.41,10.0,9.998912384806983,-0.0024345749576327206,0.005906582431657037
18.42,10.0,9.998917626967682,-0.0025815192559549755,0.006119406038431613
18.43,10.0,9.998922838066745,-0.0027250306011332276,0.006326676139184473
18.44,10.0,9.998928017304733,-0.0028649878753247743,0.00651867749537316
18.45,10.0,9.998933164940762,-0.0030012756902565245,0.0067057156182839806
18.46,10.0,9.998938281686462,-0.0031337836284459817,0.006909620151421603
18.47,10.0,9.998943367731036,-0.0032624049533783945,0.007149745288307502
18.48,10.0,9.998948423349702,-0.0033870372740461433,0.0074113387742665016
18.49,10.0,9.998953448830006,-0.0035075826497827597,0.007657332358320529
18.5,10.0,9.998958444059749,-0.003623947772082296,0.00790667729788641
18.51,10.0,9.99896340894863,-0.0037360439567338884,0.00814871943388662
18.52,10.0,9.998968343680065,-0.0038437873833398356,0.008374831896444668
18.53,10.0,9.998973250049932,-0.003947099600596971,0.008602411825795242
18.54,10.0,9.998978127689803,-0.004045906458679095,0.008805427722168024
18.55,10.0,9.998982977118692,-0.0041401391412417615,0.008969711717704554
18.56,10.0,9.998987798951834,-0.004229734015793704,0.009078047169648273
18.57,10.0,9.998992593335089,-0.00431462963761794,0.009187018040787365
18.58,10.0,9.998997361096764,-0.004394772933000477,0.009275205322080093
18.59,10.0,9.999002102966411,-0.004470115050740749,0.00934874226331156
18.6,10.0,9.999006819748994,-0.004540612320070502,0.009419671856251977
18.61,10.0,9.999011511076649,-0.004606223498582617,0.009477408184794756
18.62,10.0,9.999016177141538,-0.004666913763826613,0.009526666360496983
18.63,10.0,9.999020818540009,-0.004722654408390027,0.009584491468533213
18.64,10.0,9.999025435463446,-0.0047734210488218735,0.009663140740778786
18.65,10.0,9.999030028192232,-0.004819193940509237,0.009749261809741977
18.66,10.0,9.99903459713904,-0.004859957937601092,0.009812352733648388
18.67,10.0,9.999039142358077,-0.004895703638120322,0.009872187190003268
18.68,10.0,9.999043663992268,-0.004926426292736903,0.00992608477728002
18.69,10.0,9.999048162343378,-0.004952126161439242,0.009970668256414378
18.7,10.0,9.999052638650472,-0.004972808706630014,0.01000231497746365
18.71,10.0,9.999057092779976,-0.004988484020153411,0.010015818135203886
18.72,10.0,9.999061525118087,-0.004999167292695019,0.010005482544650501
18.73,10.0,9.999065936063344,-0.0050048786879271735,0.009964832314290573
18.74,10.0,9.999070326105073,-0.005005640999419831,0.009922919607018549
18.75,10.0,9.999074695660603,-0.005001484514711445,0.009868948213620499
18.76,10.0,9.999079045185411,-0.004992443723978684,0.009803278004874905
18.77,10.0,9.999083375153813,-0.004978557896620693,0.0097284904351215
18.78,10.0,9.999087685560397,-0.004959867519998529,0.00964421128905446
18.79,10.0,9.999091976643284,-0.004936419655015578,0.009552304147174284
18.8,10.0,9.99909624885966,-0.00490826775491743,0.009456694264193932
18.81,10.0,9.999100502500138,-0.004875468809741839,0.009360599908729395
18.82,10.0,9.999104737835664,-0.004838081803602851,0.009260887498083181
18.83,10.0,9.999108955118224,-0.00479616801416172,0.009148826309064384
18.84,10.0,9.999113154599474,-0.004749798795699808,0.009029692836059866
18.85,10.0,9.999117336511485,-0.004699047535985528,0.008902511426488346
18.86,10.0,9.999121501114756,-0.004643990877655785,0.008766466923994937
18.87,10.0,9.999125648927015,-0.0045847025510801775,0.00862339541752316
18.88,10.0,9.999129780090604,-0.004521270425817647,0.008470897358008739
18.89,10.0,9.999133894881785,-0.004453782782766656,0.008307882195781824
18.9,10.0,9.999137993575305,-0.00438233196478804,0.008133093842030592
18.91,10.0,9.999142076427685,-0.004307006182442661,0.00795148253443459
18.92,10.0,9.99914614370822,-0.004227904721775682,0.0077623795938192575
18.93,10.0,9.99915019567989,-0.0041451285717385026,0.007566784805016463
18.94,10.0,9.999154232601141,-0.004058781310440647,0.007366678209293209
18.95,10.0,9.999158254656889,-0.0039689681741659965,0.007160476621165424
18.96,10.0,9.99916226203887,-0.0038757975422387663,0.0069479484617626375
18.97,10.0,9.999166254966255,-0.003779381252764761,0.006731533179899107
18.98,10.0,9.999170233618415,-0.00367983320067855,0.006512381341646278
18.99,10.0,9.999174198187573,-0.0035772695287702334,0.006290255350655138
19.0,10.0,9.999178148891387,-0.0034718084447230534,0.006062845207006035
19.01,10.0,9.999182085861953,-0.0033635706441926933,0.005831114207260041
19.02,10.0,9.999186009247982,-0.003252678688607914,0.005594243445351282
19.03,10.0,9.999189919198184,-0.003139257004098695,0.005351487029963908
19.04,10.0,9.999193815963913,-0.0030234315722356183,0.005106159505973401
19.05,10.0,9.999197699656595,-0.0029053302573878895,0.0048560952643425526
19.06,10.0,9.999201570434877,-0.002785082341595918,0.004600948314361142
19.07,10.0,9.999205428457376,-0.002662818491740189,0.004340305839470315
19.08,10.0,9.999209273816328,-0.002538669991500641,0.0040768488325239605
19.09,10.0,9.999213106659276,-0.0024127697797107325,0.003810684908518547
19.1,10.0,9.9992169271215,-0.00228525167053788,0.0035425664890056663
19.11,10.0,9.99922073532794,-0.0021562502414442537,0.003273846300040628
19.12,10.0,9.99922453135484,-0.002025900318259099,0.0030033419893330526
19.13,10.0,9.9992283152758,-0.00189433730319242,0.0027303670102075683
19.14,10.0,9.999232087185963,-0.0017616972847704269,0.0024563338305916282
19.15,10.0,9.999235847151553,-0.0016281164047770708,0.0021814955933289193
19.16,10.0,9.999239595226042,-0.0014937308885327393,0.0019060290039233374
19.17,10.0,9.999243331449495,-0.0013586769075597184,0.001630019099397445
19.18,10.0,9.999247055847905,-0.0012230904422471853,0.0013534449460865239
19.19,10.0,9.99925076843251,-0.0010871071445161906,0.0010761656229667516
19.2,10.0,9.999254469231364,-0.0009508624110650288,0.0007984507451855583
19.21,10.0,9.999258158579115,-0.000814493145497625,0.0005258910548672224
19.22,10.0,9.999261836302937,-0.0006781323018397415,0.00025559358249102604
19.23,10.0,9.999265502425242,-0.0005419133468552166,-1.190782253981948e-05
19.24,10.0,9.999269156963072,-0.00040596881511499724,-0.0002760574072623867
19.25,10.0,9.999272799928328,-0.00027043017757585,-0.0005362764761866756
19.26,10.0,9.999276431328017,-0.00013542771015979363,-0.0007919627816443398
19.27,10.0,9.999280051164481,-1.0903623330510357e-06,-0.0010424891993867924
19.28,10.0,9.999283659407297,0.00013245446360930473,-0.0012899507385678854
19.29,10.0,9.999287256015144,0.00026508097581065114,-0.0015370664532792233
19.3,10.0,9.99929084099408,0.00039666494154095563,-0.0017815570857365737
19.31,10.0,9.999294414317788,0.0005270840705130443,-0.002023893766449514
19.32,10.0,9.999297975954715,0.000656218061574473,-0.002264690153093274
19.33,10.0,9.999301525868221,0.0007839487344713911,-0.0025047129814619318
19.34,10.0,9.999305064016701,0.0009101601616131411,-0.002744891330239141
19.35,10.0,9.999308590353701,0.0010347387998361727,-0.0029863258865014397
19.36,10.0,9.999312104846888,0.0011575669003554636,-0.0032199328679120565
19.37,10.0,9.999315607439085,0.0012785366029789444,-0.003447986809874959
19.38,10.0,9.999319098069588,0.0013975424986243576,-0.0036724566523744784
19.39,10.0,9.999322576678003,0.0015144804414066308,-0.0038929806284873913
19.4,10.0,9.99932604320028,0.0016292491381466002,-0.00410912366643254
19.41,10.0,9.999329497568887,0.0017417502694095093,-0.004320370833241743
19.42,10.0,9.999332939712966,0.0018518886105428794,-0.004526120779064197
19.43,10.0,9.99933636955499,0.001959570739997644,-0.004725897928906098
19.44,10.0,9.999339786984383,0.0020646944458246625,-0.004921010741954807
19.45,10.0,9.99934319193692,0.002167180827379644,-0.005109576264405835
19.46,10.0,9.999346584324556,0.002266946036848702,-0.005290921801408804
19.47,10.0,9.99934996405601,0.0023639096293309957,-0.005464300998635374
19.48,10.0,9.999353331036842,0.0024579946670100915,-0.0056288879446989015
19.49,10.0,9.9993566851696,0.0025491278233247695,-0.005783774345073489
19.5,10.0,9.999360026353944,0.002637239487140369,-0.005927965195488993
19.51,10.0,9.999363354473877,0.0027222556781175485,-0.006064712615361567
19.52,10.0,9.999366669409014,0.0028041052323489204,-0.006197760672948027
19.53,10.0,9.999369971058607,0.0028827351409528223,-0.00632326809445749
19.54,10.0,9.999373259306958,0.0029580885525655213,-0.006441515150204857
19.55,10.0,9.999376534035418,0.00303011243722372,-0.0065528943011603225
19.56,10.0,9.99937979512247,0.0030987576671986745,-0.006657918283655723
19.57,10.0,9.999383042443796,0.00316397909783073,-0.006757227693426376
19.58,10.0,9.999386275872379,0.0032257356483634536,-0.0068515999987283915
19.59,10.0,9.999389495414157,0.003283972893692036,-0.006936989120012033
19.6,10.0,9.999392700923185,0.003338659897621787,-0.007014973837651123
19.61,10.0,9.999395892261813,0.0033897686429053353,-0.007086899837271093
19.62,10.0,9.999399069321546,0.003437271433369251,-0.007153127390147229
19.63,10.0,9.999402231995255,0.003481144566802451,-0.007214058871117535
19.64,10.0,9.999405380177484,0.003521368389617622,-0.007270140534072073
19.65,10.0,9.999408513764728,0.003557927351512398,-0.007321862859941186
19.66,10.0,9.999411632653233,0.003590807659429353,-0.007369019737410443
19.67,10.0,9.999414736722624,0.003619981188716971,-0.007405724428383165
19.68,10.0,9.999417825887008,0.0036454547597171427,-0.007435610096886119
19.69,10.0,9.99942090004992,0.0036672262798810406,-0.007458270224790231
19.7,10.0,9.999423959117784,0.0036852975599129803,-0.007473200172042865
19.71,10.0,9.999427003000177,0.0036996743413080114,-0.007479789631285524
19.72,10.0,9.99943003161006,0.003710366323889395,-0.007477314297664989
19.73,10.0,9.99943304486408,0.0037173871933461763,-0.007464929608753418
19.74,10.0,9.999436042594906,0.0037207449019069742,-0.007445018824788624
19.75,10.0,9.999439024632757,0.0037204507071331976,-0.007420082408117826
19.76,10.0,9.99944199095623,0.0037165359009801546,-0.007386977792394306
19.77,10.0,9.99944494146619,0.0037090267282781425,-0.007345560430121856
19.78,10.0,9.99944787606409,0.0036979530747549122,-0.007295692441142837
19.79,10.0,9.99945079465199,0.0036833484674387565,-0.007237244750888522
19.8,10.0,9.999453697132582,0.003665250075061548,-0.007170099228074295
19.81,10.0,9.999456583409179,0.0036436987084618494,-0.007094149394763424
19.82,10.0,9.999459453469198,0.003618720803785932,-0.007012732045831582
19.83,10.0,9.999462307207141,0.003590366643778868,-0.006925354577717521
19.84,10.0,9.999465144527226,0.0035586882009922874,-0.0068319134213130905
19.85,10.0,9.99946796535277,0.0035237371181679415,-0.006733080633054833
19.86,10.0,9.999470769610005,0.0034855682004953253,-0.006629640434636763
19.87,10.0,9.99947355722824,0.0034442393894382065,-0.006522496673484063
19.88,10.0,9.999476328139984,0.003399811736561307,-0.0064126792124827026
19.89,10.0,9.999479082298697,0.003352347054948117,-0.006300349649398726
19.9,10.0,9.99948181978426,0.003301894009348495,-0.0061788237060555334
19.91,10.0,9.999484540474167,0.0032485314494530323,-0.0060532679669532685
19.92,10.0,9.999487244338924,0.0031923294635182267,-0.005923930008931183
19.93,10.0,9.99948993135613,0.00313336069465672,-0.005791034343287718
19.94,10.0,9.999492601510818,0.0030717002903589185,-0.005654779342608926
19.95,10.0,9.999495254795749,0.00300742585201483,-0.005515332596838479
19.96,10.0,9.99949789121175,0.0029406173844355745,-0.005372827911376804
19.97,10.0,9.99950051066885,0.002871349917359451,-0.005226447472997553
19.98,10.0,9.999503113083989,0.002799700650121627,-0.005075315705777364
19.99,10.0,9.99950569853728,0.002725760425135974,-0.004919932010241129
20.0,10.0,9.999508267028562,0.0026496156638350986,-0.004759921474444331
20.0,10.0,9.999508267028562,0.0026496156638350986,-0.004759921474444331
