time,setpoint.y,gantry.x,gantry.theta,pid.y
0.0,10.0,0.0,0.0,300.0
0.01,10.0,0.001497553082822596,-0.0014942104970098885,300.0
0.02,10.0,0.005980487961537365,-0.00595107972653178,300.0
0.03,10.0,0.013434354563156245,-0.013326363198250892,300.0
0.04,10.0,0.023844871390407203,-0.02356883718902747,300.0
0.05,10.0,0.03719790479957412,-0.036620937937143515,300.0
0.06,10.0,0.05347944425895696,-0.052419410706610915,300.0
0.07,10.0,0.07267557446020427,-0.07089594428700394,300.0
0.08,10.0,0.09477244515346095,-0.0919777710973451,300.0
0.09,10.0,0.11974935680722594,-0.11558204727722463,280.08315511931363
0.1,10.0,0.14739749171584526,-0.1414553647815848,244.531583854367
0.11,10.0,0.17735750135925624,-0.16921406418554202,216.6371898785921
0.12,10.0,0.2093367007621878,-0.19854010616613949,193.3215571844355
0.13,10.0,0.24309057569917522,-0.22916275512680745,173.16042374984602
0.14,10.0,0.278407727256065,-0.2608439178742998,155.4323669158299
0.15,10.0,0.31510223258057823,-0.29337048798914567,139.72119583680927
0.16,10.0,0.3530091848414037,-0.32654977545916325,125.74669982105831
0.17,10.0,0.39198180473089894,-0.36020654186605855,113.29764480313673
0.18,10.0,0.43188918591087,-0.39418074222983146,102.19905840360099
0.19,10.0,0.47261454474830406,-0.42832586591572475,92.30185868433011
0.2,10.0,0.5140536771535678,-0.4625075554318531,83.4761226179412
0.21,10.0,0.5561136032846176,-0.49660247854533207,75.606627163479
0.22,10.0,0.5987113647346542,-0.5304973940552606,68.59013417679182
0.23,10.0,0.6417729721141014,-0.564088399089574,62.33463992502976
0.24,10.0,0.6852324585773357,-0.5972803005154013,56.75816274225991
0.25,10.0,0.7290310243608124,-0.6299860787651327,51.78731457205055
0.26,10.0,0.7731162793049614,-0.6621264375857477,47.356355817415874
0.27,10.0,0.8174415651405187,-0.6936294088457514,43.40659617448921
0.28,10.0,0.8619653483293512,-0.7244299918954621,39.88561540858285
0.29,10.0,0.9066506887512119,-0.7544698103548798,36.74656045532248
0.3,10.0,0.9514647320557089,-0.783696771797178,33.94750995223944
0.31,10.0,0.9963782099056444,-0.8120647213674613,31.45096545755331
0.32,10.0,1.04136519461366,-0.8395331101049748,29.223547000502037
0.33,10.0,1.0864026040383177,-0.8660666329850762,27.235426193497972
0.34,10.0,1.1314699521092322,-0.8916348565721136,25.460013903675076
0.35,10.0,1.1765491049448185,-0.9162118255597659,23.87364692004485
0.36,10.0,1.2216239430425628,-0.939775700629747,22.45520626983938
0.37,10.0,1.266680190363846,-0.962308349609306,21.185900098881234
0.38,10.0,1.3117052050388809,-0.9837949925568514,20.049045462452682
0.39,10.0,1.35668776304637,-1.0042238385923752,19.02979157111531
0.4,10.0,1.4016179290672526,-1.0235857505780244,18.114975202736844
0.41,10.0,1.4464869109766656,-1.041873945285317,17.292917426116105
0.42,10.0,1.4912869099271486,-1.0590836823597118,16.55325034693095
0.43,10.0,1.5360110229294326,-1.075212009134523,15.886779607155177
0.44,10.0,1.5806531438657898,-1.0902575336444766,15.285370409764539
0.45,10.0,1.6252078600351154,-1.1042201879852367,14.741811599980963
0.46,10.0,1.6696703754909865,-1.1171010372604948,14.249719465746807
0.47,10.0,1.7140364492005606,-1.128902133914762,13.803450465537367
0.48,10.0,1.758302323337961,-1.139626351271129,13.398006984209474
0.49,10.0,1.8024646642981415,-1.1492772436243428,13.028957457940976
0.5,10.0,1.8465205260680253,-1.1578589675835191,12.692385029574325
0.51,10.0,1.890467299767214,-1.1653761701928382,12.384822393457057
0.52,10.0,1.934302669597856,-1.1718338913221116,12.103190494554383
0.53,10.0,1.9780245906292424,-1.1772375284554446,11.844768614536406
0.54,10.0,2.021631253188491,-1.1815927651715925,11.60714342267886
0.55,10.0,2.0651210526203903,-1.1849055138483786,11.38816810197494
0.56,10.0,2.108492573756682,-1.1871819017273724,11.185938349201308
0.57,10.0,2.1517445673711206,-1.1884282345959483,10.998760938649639
0.58,10.0,2.1948759294242812,-1.1886509682472404,10.825123762318242
0.59,10.0,2.2378856899767765,-1.187856709801476,10.663680404273407
0.6,10.0,2.2807729978292017,-1.1860522073053217,10.513227458399058
0.61,10.0,2.3235371064383705,-1.1832443428440456,10.37268445588154
0.62,10.0,2.3661773657936718,-1.1794401457001396,10.241081184459631
0.63,10.0,2.4086932127960514,-1.1746468021063705,10.117543612624559
0.64,10.0,2.451084161764304,-1.1688716652055573,10.001279773986028
0.65,10.0,2.493349798541222,-1.1621222784910792,9.891570622576523
0.66,10.0,2.5354897746728557,-1.1544064013956854,9.78776093827679
0.67,10.0,2.5775038011262024,-1.145732033054435,9.689249505811688
0.68,10.0,2.6193916439622185,-1.13610744435635,9.595482070599019
0.69,10.0,2.6611531210209365,-1.1255412163045633,9.5059456405192
0.7,10.0,2.70278809784922,-1.1140422749560948,9.420162021128476
0.71,10.0,2.7442964844981015,-1.1016199303611267,9.337682381709556
0.72,10.0,2.7856782338190014,-1.0882839245848492,9.258084322483114
0.73,10.0,2.8269333387548867,-1.0740444740430877,9.180967485963777
0.74,10.0,2.8680618300847125,-1.058912314106651,9.105949842306813
0.75,10.0,2.90906377545595,-1.0428987510680756,9.032666366626756
0.76,10.0,2.9499392774770365,-1.0260157073302179,8.960766497705663
0.77,10.0,2.9906884721875864,-1.0082757690293511,8.889912055612456
0.78,10.0,3.031311528144103,-0.9896922341247916,8.81977714298938
0.79,10.0,3.0718086449568567,-0.9702791550084362,8.75004720682864
0.8,10.0,3.1121800520215133,-0.9500513827191753,8.680418363560761
0.81,10.0,3.1524260073749963,-0.9290246039775549,8.610598264565056
0.82,10.0,3.1925467962388465,-0.9072153731153968,8.540306471969416
0.83,10.0,3.2325427296537748,-0.8846411450971271,8.469274933066743
0.84,10.0,3.272414142916771,-0.861320294926092,8.397249540346763
0.85,10.0,3.3121613938080006,-0.8372721304718198,8.323991422439065
0.86,10.0,3.3517848608753704,-0.8125169067975299,8.249278170594039
0.87,10.0,3.3912849414001682,-0.7870758244006774,8.172905670201033
0.88,10.0,3.4306620491437982,-0.7609710169568151,8.094689709949591
0.89,10.0,3.4699166118993565,-0.7342255269114819,8.01446735368279
0.9,10.0,3.5090490691521197,-0.7068632884003647,7.932098644785071
0.91,10.0,3.548059869888398,-0.6789091172635493,7.847468143209596
0.92,10.0,3.5869494699739586,-0.6503886687015903,7.760484851743286
0.93,10.0,3.6257183300613,-0.6213284434125615,7.6710855863714755
0.94,10.0,3.6643669130147485,-0.5917557495741819,7.579235233899851
0.95,10.0,3.702895674914349,-0.5616982924853953,7.484922296203081
0.96,10.0,3.7413050725544785,-0.5311847361445722,7.388169172352718
0.97,10.0,3.7795955542469493,-0.5002442747137684,7.289026736141011
0.98,10.0,3.817767557072127,-0.4689065004053292,7.18756487333269
0.99,10.0,3.855821506594306,-0.43720165348570167,7.083893065279312
1.0,10.0,3.8937578125863,-0.405160328835181,6.978142441730597
1.01,10.0,3.9315768667380153,-0.37281342611935964,6.870464376172777
1.02,10.0,3.96927903974843,-0.3401922433062236,6.761045490191179
1.03,10.0,4.006864684202713,-0.3073283902366582,6.650083252527054
1.04,10.0,4.04433412413358,-0.27425364704247135,6.537806111797238
1.05,10.0,4.081687659300205,-0.24100004994568555,6.424462299699428
1.06,10.0,4.1189255609715705,-0.20759980046307325,6.310321050117636
1.07,10.0,4.156048070008691,-0.17408520737339533,6.195669377614422
1.08,10.0,4.193055400568833,-0.14048876129120544,6.080805064243407
1.09,10.0,4.229947730110303,-0.1068429594448396,5.966046121191937
1.1,10.0,4.266725207002059,-0.07318036787149376,5.851717898576908
1.11,10.0,4.303387942747976,-0.039533549851737175,5.7381579427703855
1.12,10.0,4.339936017229521,-0.005935084853580073,5.625708101527948
1.13,10.0,4.376369478457635,0.027582450979773136,5.514711688961427
1.14,10.0,4.412688336425553,0.060986583514685624,5.405515968636962
1.15,10.0,4.448892573545461,0.09424494376043184,5.298462341726861
1.16,10.0,4.4849821338744436,0.12732526604294223,5.19388936623875
1.17,10.0,4.520956937183509,0.16019541741637963,5.092123667414626
1.18,10.0,4.556816870780107,0.1928234425529778,4.993480557410351
1.19,10.0,4.592561793846965,0.2251776282197769,4.898259882315813
1.2,10.0,4.628191544301717,0.2572265798947817,4.806741021252094
1.21,10.0,4.663705931124356,0.2889391421273154,4.7191821696525835
1.22,10.0,4.6991047525225715,0.32028456654493503,4.635815147078233
1.23,10.0,4.734387781767272,0.35123246471423797,4.556842964747489
1.24,10.0,4.769554783124779,0.3817529887944224,4.4824385095996035
1.25,10.0,4.804605510611164,0.41181683152275556,4.412740600098402
1.26,10.0,4.839539709436299,0.44139522985007035,4.347851448672202
1.27,10.0,4.874357127403557,0.4704601232654677,4.287841150491317
1.28,10.0,4.909057508439147,0.4989841265914575,4.232734757424282
1.29,10.0,4.943640605314307,0.5269407407373375,4.182528554332919
1.3,10.0,4.978106177657112,0.5543042721222305,4.137172325646645
1.31,10.0,5.01245399811104,0.5810499519578126,4.096582591273261
1.32,10.0,5.046683855907461,0.6071539894690352,4.060643170067806
1.33,10.0,5.080795559553097,0.6325936512281112,4.029195245260894
1.34,10.0,5.114788937493567,0.6573472823256186,4.002060728990159
1.35,10.0,5.14866384665785,0.6813944096289821,3.979019371898289
1.36,10.0,5.182420166926102,0.7047156367396105,3.9598360832638377
1.37,10.0,5.216057809818566,0.7272928228692555,3.944248956813908
1.38,10.0,5.24957671750687,0.7491090580910515,3.9319764575537874
1.39,10.0,5.282976859304525,0.7701485864947042,3.922728572812673
1.4,10.0,5.316258244124242,0.7903970254423179,3.916197619047068
1.41,10.0,5.3494209033414535,0.8098409837350636,3.912076377713106
1.42,10.0,5.382464910266737,0.8284684989780416,3.910050562256629
1.43,10.0,5.415390364334967,0.8462686755574791,3.9098076379499958
1.44,10.0,5.448197396476427,0.8632317871097501,3.911039620089582
1.45,10.0,5.480886171585314,0.8793493060462171,3.9134459253687055
1.46,10.0,5.513456876663773,0.8946136366168034,3.91673260597679
1.47,10.0,5.545909733829178,0.9090183953188289,3.9206227455958924
1.48,10.0,5.578244984915954,0.9225580831762693,3.9248458297116144
1.49,10.0,5.610462900609716,0.9352282410971612,3.929152852115635
1.5,10.0,5.642563772060962,0.9470252859832388,3.9333066824842717
1.51,10.0,5.674547908933598,0.9579464608583722,3.937082588824296
1.52,10.0,5.706415642822883,0.9679898839738215,3.9402794293733905
1.53,10.0,5.738167321246549,0.9771544496261677,3.94270580387024
1.54,10.0,5.769803307619271,0.9854397816820969,3.944193257786253
1.55,10.0,5.801323980369003,0.992846271448917,3.9445823730131906
1.56,10.0,5.832729729864316,0.9993749513062488,3.9437347784471513
1.57,10.0,5.864020956535516,1.0050274807860136,3.941526963283195
1.58,10.0,5.8951980701471856,1.0098061214989706,3.937851932374656
1.59,10.0,5.926261489158256,1.013713752653202,3.932613700398065
1.6,10.0,5.957211638341008,1.0167538034373038,3.9257295644817987
1.61,10.0,5.988048947890015,1.0189302469728065,3.9171295557185886
1.62,10.0,6.018773852735456,1.0202476042074455,3.90675336365706
1.63,10.0,6.049386790180656,1.020710870641194,3.8945523973033573
1.64,10.0,6.079888199530016,1.0203255253634103,3.8804894503293212
1.65,10.0,6.110278521288842,1.0190975388570493,3.8645348671162765
1.66,10.0,6.140558198764501,1.017033450339584,3.8466665327842975
1.67,10.0,6.170727672994872,1.014140202918352,3.8268711681328114
1.68,10.0,6.200787383461337,1.0104251990490696,3.805145587295385
1.69,10.0,6.230737768002279,1.0058963197185375,3.7814919701364715
1.7,10.0,6.260579265440448,1.0005620610855583,3.7559174342130746
1.71,10.0,6.290312309956982,0.9944313362054288,3.72843597929824
1.72,10.0,6.319937329939572,0.9875134852257613,3.69907117440016
1.73,10.0,6.349454750340054,0.9798183699850597,3.6678508319694743
1.74,10.0,6.378864994264461,0.9713564741766575,3.6348073301050476
1.75,10.0,6.408168479956278,0.9621388166752671,3.599978362012166
1.76,10.0,6.437365617290589,0.952176864013853,3.5634098759304607
1.77,10.0,6.466456808510502,0.9414825884199531,3.5251552324315867
1.78,10.0,6.49544245053021,0.9300685781980851,3.4852727206923646
1.79,10.0,6.524322932914393,0.917948009881606,3.443828042616815
1.8,10.0,6.553098635690465,0.9051345846610601,3.400893936932164
1.81,10.0,6.581769929848877,0.8916425832717302,3.356549919682891
1.82,10.0,6.610337176661489,0.8774868937365063,3.310883097019257
1.83,10.0,6.638800726816766,0.8626830241802178,3.2639885842914964
1.84,10.0,6.667160922110906,0.8472470376345107,3.2159682104347667
1.85,10.0,6.695418086551227,0.8311955807958954,3.166933808288775
1.86,10.0,6.723572538357968,0.8145458974993302,3.117003346407671
1.87,10.0,6.751624576566744,0.7973157971667081,3.066304319329504
1.88,10.0,6.779574491549171,0.779523682542993,3.014971556452622
1.89,10.0,6.807422553447181,0.7611884759780666,2.9631483244400556
1.9,10.0,6.8351690193974095,0.7423296787544784,2.910985991220116
1.91,10.0,6.862814129851111,0.7229673006783998,2.858642381818413
1.92,10.0,6.890358107511218,0.7031218628212923,2.806282370121835
1.93,10.0,6.9178011594526865,0.6828143936149043,2.754077239618823
1.94,10.0,6.945143472024084,0.6620663105451517,2.7022017399783067
1.95,10.0,6.972385217148925,0.6408995966785631,2.650838483565906
1.96,10.0,6.9995265458365745,0.6193365191828261,2.600169007784359
1.97,10.0,7.02656759219957,0.5973998269275635,2.5503805817628518
1.98,10.0,7.053508472071628,0.5751124316394232,2.5016541344890584
1.99,10.0,7.080349282131059,0.5524976266868449,2.454172762167218
2.0,10.0,7.107090103960049,0.5295790673948441,2.4081186698380748
2.01,10.0,7.133730999725438,0.5063805920001635,2.36366879781491
2.02,10.0,7.160272018158807,0.48292613841680526,2.32099187638903
2.03,10.0,7.186713191564684,0.45923982225433735,2.280250038698682
2.04,10.0,7.213054538515865,0.4353460052898,2.241598290774391
2.05,10.0,7.239296064544136,0.4112692043439583,2.2051819849646677
2.06,10.0,7.26543776368156,0.38703388534720434,2.171133667995548
2.07,10.0,7.291479621074924,0.3626644473784873,2.139572257186501
2.08,10.0,7.3174216114537645,0.33818543838064685,2.1106037811732676
2.09,10.0,7.3432637025179694,0.3136215706931239,2.084320801955755
2.1,10.0,7.369005855867075,0.288997360081858,2.06079832562574
2.11,10.0,7.394648031748227,0.2643370176696154,2.040095944225129
2.12,10.0,7.420190186134924,0.23966479648791078,2.022254998665204
2.13,10.0,7.44563227397246,0.2150051486425645,2.0073028367204415
2.14,10.0,7.470974251421561,0.19038220909062828,1.9952466068625654
2.15,10.0,7.496216079655035,0.16581962439684247,1.9860792596052192
2.16,10.0,7.521357723577005,0.14134096962887163,1.9797748599316947
2.17,10.0,7.54639915280718,0.11696989539243864,1.9762923994758808
2.18,10.0,7.571340344592304,0.0927298697278239,1.9755742720673481
2.19,10.0,7.59618128644752,0.06864383878356609,1.9775478387252008
2.2,10.0,7.620921977072211,0.04473432411491746,1.9821265294899604
2.21,10.0,7.6455624257984605,0.02102375251601139,1.9892097391876575
2.22,10.0,7.670102653021993,-0.002465700037904158,1.9986865668579696
2.23,10.0,7.694542695043154,-0.025712343489349785,2.010432750260435
2.24,10.0,7.71888260300283,-0.04869484510786844,2.0243133356295857
2.25,10.0,7.743122443844389,-0.07139222617038347,2.040184099892741
2.26,10.0,7.767262296858255,-0.09378380023049711,2.0578953483636155
2.27,10.0,7.791302260775047,-0.11584932970323127,2.077288685873981
2.28,10.0,7.8152424521754,-0.1375691745930631,2.098199791614917
2.29,10.0,7.83908300542199,-0.1589240682047921,2.1204601965562517
2.3,10.0,7.862824068551236,-0.1798951571839983,2.1438996823497973
2.31,10.0,7.886465808482768,-0.2004641121198354,2.1683459804633003
2.32,10.0,7.910008411379788,-0.22061323702507113,2.1936250353421656
2.33,10.0,7.933452081808716,-0.24032544172267276,2.219562869994462
2.34,10.0,7.956797039000553,-0.25958409587359166,2.2459877613478625
2.35,10.0,7.98004351573443,-0.2783730536974022,2.2727307530651046
2.36,10.0,8.003191764826441,-0.2966769117676822,2.2996255620460886
2.37,10.0,8.02624205730715,-0.3144810264892926,2.3265084123433724
2.38,10.0,8.049194677338622,-0.3317712784971124,2.353221818735733
2.39,10.0,8.072049917465401,-0.34853398559586535,2.37961410190681
2.4,10.0,8.094808088106904,-0.3647562699209746,2.4055398375689947
2.41,10.0,8.117469517526226,-0.3804261633290289,2.4308581122318174
2.42,10.0,8.140034543975824,-0.395532270885524,2.4554369028390965
2.43,10.0,8.16250350985746,-0.41006361168004957,2.4791517521646824
2.44,10.0,8.184876771204163,-0.42401003068466375,2.501886568030841
2.45,10.0,8.207154698403457,-0.4373622763585593,2.523531857608134
2.46,10.0,8.229337671584172,-0.4501118531249081,2.5439866447811426
2.47,10.0,8.251426072831995,-0.4622507259816524,2.5631591197142427
2.48,10.0,8.273420287131701,-0.47377139782322314,2.580966151605537
2.49,10.0,8.295320712087438,-0.4846673568248285,2.597332517453708
2.5,10.0,8.317127757210992,-0.4949330606048116,2.6121897564522385
2.51,10.0,8.338841829611386,-0.5045633940802239,2.625479037157419
2.52,10.0,8.360463330714596,-0.5135535102845133,2.6371494848505677
2.53,10.0,8.381992671424637,-0.5218995534315796,2.647157844514311
2.54,10.0,8.403430276967951,-0.5295988291795978,2.6554659969284558
2.55,10.0,8.424776566924768,-0.5366490396826701,2.6620441695305317
2.56,10.0,8.446031948390752,-0.5430479218395444,2.6668693572135567
2.57,10.0,8.467196835267536,-0.5487941764581423,2.6699245309577293
2.58,10.0,8.488271650272369,-0.5538875075313692,2.671197051936417
2.59,10.0,8.50925681265309,-0.5583281460541959,2.670679778196927
2.6,10.0,8.530152737223485,-0.5621167628955414,2.668370223054012
2.61,10.0,8.550959837497343,-0.5652546298353434,2.664269863872164
2.62,10.0,8.571678527438616,-0.567743739447498,2.658383874416529
2.63,10.0,8.592309218399654,-0.569586655165824,2.6507207939135355
2.64,10.0,8.612852318082785,-0.5707864450949104,2.641291858575215
2.65,10.0,8.63330822978304,-0.5713466027801279,2.6301107253472082
2.66,10.0,8.653677354084722,-0.5712712251660405,2.6171930603876206
2.67,10.0,8.67396009248723,-0.5705651297583371,2.602556338776111
2.68,10.0,8.694156840294225,-0.5692335209218836,2.586219138097505
2.69,10.0,8.714267988528617,-0.5672819942632911,2.5682012935285172
2.7,10.0,8.734293925739212,-0.5647167294729529,2.5485230404688934
2.71,10.0,8.75423504059872,-0.5615445905149935,2.5272058299177047
2.72,10.0,8.774091717521474,-0.5577728737235789,2.5042709898599753
2.73,10.0,8.793864335378062,-0.5534092082677493,2.4797405944575814
2.74,10.0,8.813553269481012,-0.5484616771588523,2.453636801725821
2.75,10.0,8.83315889437411,-0.5429389870351136,2.425982094360478
2.76,10.0,8.85268158279621,-0.5368503959293532,2.3967993843008344
2.77,10.0,8.87212170143766,-0.5302054365227078,2.3661115874760696
2.78,10.0,8.891479610776903,-0.5230138956907474,2.333942216498258
2.79,10.0,8.910755670613474,-0.5152861628320293,2.3003149106801857
2.8,10.0,8.929950241318894,-0.5070332966029066,2.265254234120647
2.81,10.0,8.949063676818385,-0.49826657659129603,2.228784993731466
2.82,10.0,8.968096322740537,-0.4889973801641128,2.1909331704971464
2.83,10.0,8.987048523907209,-0.4792376465169431,2.151725356920764
2.84,10.0,9.00592062679762,-0.46900004482430613,2.111189683956951
2.85,10.0,9.024712971435864,-0.4582974341413941,2.0693553157838664
2.86,10.0,9.043425888914587,-0.4471427260513192,2.0262531442599254
2.87,10.0,9.06205970704529,-0.4355492241879593,1.98191570672941
2.88,10.0,9.08061475377988,-0.4235308531309458,1.9363774598269003
2.89,10.0,9.099091354488174,-0.4111019809553375,1.8896749733003446
2.9,10.0,9.117489824688755,-0.39827695509639277,1.8418470720001494
2.91,10.0,9.135810470397827,-0.38507013281069796,1.7929350372073998
2.92,10.0,9.154053597955512,-0.3714964966587265,1.7429827165933602
2.93,10.0,9.17221951459518,-0.35757170315731224,1.692036508133981
2.94,10.0,9.19030851636121,-0.34331130612845806,1.6401457815042022
2.95,10.0,9.208320884638516,-0.3287305498860386,1.58736265183515
2.96,10.0,9.226256900120843,-0.3138452473857065,1.5337423731480726
2.97,10.0,9.244116847038859,-0.29867205693809373,1.4793427620764135
2.98,10.0,9.261900997528596,-0.2832274885515061,1.4242249925450494
2.99,10.0,9.279609605895049,-0.2675275437447175,1.3684529092674609
3.0,10.0,9.297242923630932,-0.2515886692898455,1.3120935448376088
3.01,10.0,9.314801203105855,-0.23542798550361857,1.2552164531460903
3.02,10.0,9.332284690308812,-0.21906283168768234,1.197894028691593
3.03,10.0,9.349693615267856,-0.202510154954948,1.1402012825929262
3.04,10.0,9.367028195436625,-0.18578672262587242,1.0822156128309075
3.05,10.0,9.384288646012955,-0.16890976774140412,1.0240166177118226
3.06,10.0,9.401475175845855,-0.1518967070675128,0.9656853312814349
3.07,10.0,9.418587980674195,-0.13476474233142693,0.9073049965626581
3.08,10.0,9.435627247767364,-0.11753112531765196,0.8489602900797877
3.09,10.0,9.452593156303898,-0.10021317793016228,0.7907370998676697
3.1,10.0,9.469485880456304,-0.08282841945611236,0.7327213702532163
3.11,10.0,9.486305584430388,-0.06539432147401479,0.6750000865108916
3.12,10.0,9.503052419664828,-0.04792806270657005,0.6176600811659227
3.13,10.0,9.519726531313308,-0.030446948062225417,0.5607880351957419
3.14,10.0,9.53632805877805,-0.012968347243508227,0.5044695198985494
3.15,10.0,9.552857132339387,0.004490470393162294,0.44878912373437174
3.16,10.0,9.569313871411092,0.021912494869157712,0.3938297780705966
3.17,10.0,9.585698386028694,0.039280909272094065,0.3396723479055481
3.18,10.0,9.602010781776377,0.056578836196841724,0.2863953055797879
3.19,10.0,9.61825116023068,0.07378936451397106,0.2340742257824786
3.2,10.0,9.634419612132918,0.09089595017954397,0.18278129454918712
3.21,10.0,9.650516218522823,0.10788243710525472,0.13258461475788863
3.22,10.0,9.66654105746989,0.12473265215104215,0.08354834167226954
3.23,10.0,9.682494207497347,0.14143030376783502,0.03573283594425902
3.24,10.0,9.698375738479628,0.15795950450116936,-0.010806902689381559
3.25,10.0,9.714185710162997,0.17430498985336132,-0.05602171242807685
3.26,10.0,9.729924181548565,0.19045152868005982,-0.09986780015145769
3.27,10.0,9.745591215114667,0.2063837609669748,-0.14230542592628126
3.28,10.0,9.761186867762788,0.22208677210603003,-0.18330158934816154
3.29,10.0,9.776711189860388,0.2375462624470142,-0.22283033579037692
3.3,10.0,9.792164229595414,0.2527483008407166,-0.26087238456437944
3.31,10.0,9.807546039867914,0.26767891685447803,-0.2974131454153053
3.32,10.0,9.822856677040928,0.2823242426107134,-0.3324431612543606
3.33,10.0,9.838096192339927,0.2966711664116035,-0.36596142663805153
3.34,10.0,9.85326463277722,0.3107073537628775,-0.39797507088846373
3.35,10.0,9.868362052871877,0.3244204409349139,-0.42849567274939204
3.36,10.0,9.88338851680963,0.33779788324576265,-0.4575367655910725
3.37,10.0,9.89834408644941,0.3508279710256464,-0.48512078804373004
3.38,10.0,9.9132288184659,0.36350013225867567,-0.5112799643328287
3.39,10.0,9.928042778877852,0.3758038313043719,-0.536049961520348
3.4,10.0,9.942786045195872,0.3877283227816934,-0.5594660908953699
3.41,10.0,9.9574586954511,0.3992637442937776,-0.5815718534949212
3.42,10.0,9.9720608105656,0.4104008167128661,-0.6024152307597888
3.43,10.0,9.986592478887943,0.4211306044813506,-0.622047333031702
3.44,10.0,10.001053795474489,0.4314445948866348,-0.6405223463563914
3.45,10.0,10.015444861610604,0.44133477168371693,-0.6578975538226359
3.46,10.0,10.029765783597286,0.4507937027067799,-0.6742335505199719
3.47,10.0,10.04401667243024,0.4598145705109613,-0.6895940204541375
3.48,10.0,10.058197647328436,0.4683909827483067,-0.7040437776854844
3.49,10.0,10.072308836026597,0.4765168648285644,-0.7176471285225716
3.5,10.0,10.086350371424905,0.4841868253394286,-0.7304707027150243
3.51,10.0,10.100322390846827,0.4913960996135535,-0.7425823400410252
3.52,10.0,10.114225040277148,0.4981403396180291,-0.7540488600150184
3.53,10.0,10.128058473691018,0.5044154723638656,-0.7649342613015051
3.54,10.0,10.141822851157015,0.5102180298872343,-0.7753021325588918
3.55,10.0,10.155518335790845,0.5155452928801443,-0.7852178605454867
3.56,10.0,10.169145098395695,0.5203949330641171,-0.7947435347443843
3.57,10.0,10.182703316293923,0.5247649492562687,-0.8039375500415815
3.58,10.0,10.196193172442413,0.5286538137199703,-0.8128555851927501
3.59,10.0,10.209614853480549,0.5320606994750967,-0.8215531976599095
3.6,10.0,10.22296854989351,0.5349854083471051,-0.8300848745698488
3.61,10.0,10.2362544579846,0.537428008269833,-0.8384992402167484
3.62,10.0,10.249472779017417,0.5393888036067395,-0.8468387933565111
3.63,10.0,10.262623717015163,0.5408688240949782,-0.8551454486806165
3.64,10.0,10.275707478291878,0.5418698796102152,-0.8634620331382621
3.65,10.0,10.288724273119398,0.5423940117544815,-0.871824257012662
3.66,10.0,10.301674314531725,0.542443302344521,-0.8802589775790466
3.67,10.0,10.314557817467339,0.5420205157300223,-0.888791805006548
3.68,10.0,10.327374998645881,0.541129339251766,-0.8974514775053422
3.69,10.0,10.340126076406046,0.5397736477900706,-0.9062590593894697
3.7,10.0,10.352811268940957,0.537957337640232,-0.9152263287779903
3.71,10.0,10.365430794936987,0.5356847923954421,-0.9243618249041106
3.72,10.0,10.37798487469622,0.532961213238897,-0.9336759923757256
3.73,10.0,10.390473729059583,0.5297923803878056,-0.9431778742322336
3.74,10.0,10.402897576162262,0.5261840206332526,-0.952866291320376
3.75,10.0,10.415256630921618,0.52214186504833,-0.9627310012550225
3.76,10.0,10.42755110967213,0.5176725125961783,-0.9727648931376649
3.77,10.0,10.43978123156155,0.5127835146128065,-0.9829658261733698
3.78,10.0,10.451947210123846,0.5074822908008542,-0.9933209919323076
3.79,10.0,10.464049249760711,0.5017758447327048,-1.0038035764103626
3.8,10.0,10.476087556033132,0.49567200788176485,-1.0143903010900601
3.81,10.0,10.488062338833783,0.48917965632038896,-1.02506546933148
3.82,10.0,10.499973800258791,0.48230752519275155,-1.03580367809424
3.83,10.0,10.511822137429707,0.475064438824154,-1.0465739472407734
3.84,10.0,10.523607546333515,0.4674598036575925,-1.057346732718841
3.85,10.0,10.535330219377476,0.45950331887663814,-1.0680903729623594
3.86,10.0,10.546990345068249,0.45120496900200124,-1.0787711917895706
3.87,10.0,10.558588106552532,0.4425748866795867,-1.0893519256082413
3.88,10.0,10.57012368142629,0.4336233418959492,-1.0997919484209007
3.89,10.0,10.581597244367872,0.4243609771314265,-1.110051089312421
3.9,10.0,10.593008968091985,0.4147988550916572,-1.120090971032468
3.91,10.0,10.604359018276648,0.4049480687015144,-1.12986953035454
3.92,10.0,10.615647554044562,0.3948197640471672,-1.1393426879847226
3.93,10.0,10.626874731701811,0.3844254332904336,-1.1484679790923593
3.94,10.0,10.638040708007432,0.3737770226927725,-1.1572067383919347
3.95,10.0,10.649145633038938,0.36288653906913554,-1.1655193400010546
3.96,10.0,10.660189647712057,0.3517658099603931,-1.1733620977807675
3.97,10.0,10.671172891447636,0.34042700616142035,-1.1806950223915607
3.98,10.0,10.682095504862367,0.328882677887571,-1.187482083646188
3.99,10.0,10.692957624060744,0.3171454585907539,-1.1936880880340937
4.0,10.0,10.703759376667604,0.3052278272490798,-1.19927641602456
4.01,10.0,10.714500884721675,0.2931422414716611,-1.2042109751145773
4.02,10.0,10.725182273071127,0.2809015359308163,-1.2084612275821343
4.03,10.0,10.735803669150918,0.2685188700851634,-1.2120020236177709
4.04,10.0,10.746365191091972,0.25600713750621323,-1.214807115958095
4.05,10.0,10.756866946813913,0.24337890304906273,-1.2168489288868471
4.06,10.0,10.767309049088292,0.23064708713421586,-1.2181066023614306
4.07,10.0,10.777691620958926,0.21782513742243934,-1.2185673485750357
4.08,10.0,10.788014776776741,0.20492618626506642,-1.21821853337957
4.09,10.0,10.798278615743953,0.19196274084241713,-1.2170444042494921
4.1,10.0,10.808483243795955,0.1789476147674118,-1.2150362722579473
4.11,10.0,10.818628782953903,0.1658942498442231,-1.212194713320045
4.12,10.0,10.828715348596342,0.15281575942464093,-1.208521327159474
4.13,10.0,10.838743046988219,0.13972480979042284,-1.2040175148759147
4.14,10.0,10.848711984664702,0.12663397334902954,-1.1986880893330465
4.15,10.0,10.858622275479238,0.11355599291543869,-1.1925435445841828
4.16,10.0,10.868474035662476,0.10050355523146683,-1.1855980230186134
4.17,10.0,10.87826737884132,0.08748905984444,-1.1778676650304476
4.18,10.0,10.888002421057413,0.07452480288767534,-1.1693721206747512
4.19,10.0,10.89767928242536,0.06162301612476328,-1.1601348382651793
4.2,10.0,10.907298089852922,0.04879595857338592,-1.1501832308618845
4.21,10.0,10.91685897199227,0.03605568232479757,-1.1395477028672474
4.22,10.0,10.926362054930488,0.02341385347607305,-1.1282594746078445
4.23,10.0,10.935807472426806,0.010882122468076724,-1.1163538696797275
4.24,10.0,10.945195365838842,-0.0015278784661081207,-1.103869006289969
4.25,10.0,10.954525878335605,-0.013804807136860577,-1.0908448802031359
4.26,10.0,10.96379915211305,-0.025937706813882837,-1.0773224015912746
4.27,10.0,10.97301533407601,-0.03791582438083258,-1.0633443228793027
4.28,10.0,10.982174580115265,-0.04972844253423886,-1.0489559591480173
4.29,10.0,10.991277052479564,-0.06136500208336703,-1.0342043974255262
4.3,10.0,11.000322912712367,-0.07281538985358688,-1.0191369611296892
4.31,10.0,11.009312322777479,-0.08406989670858363,-1.0038013569489976
4.32,10.0,11.01824545493651,-0.0951188608010011,-0.9882470182229355
4.33,10.0,11.02712249281814,-0.10595261742572909,-0.972524905229676
4.34,10.0,11.035943619379555,-0.11656199384114749,-0.9566855790241391
4.35,10.0,11.044709012831074,-0.12693844852199251,-0.9407783677012418
4.36,10.0,11.053418862349867,-0.13707349874972738,-0.9248534561889556
4.37,10.0,11.062073372036599,-0.1469585388403867,-0.9089620950353634
4.38,10.0,11.07067274521963,-0.15658548627676203,-0.893154258036077
4.39,10.0,11.079217177480707,-0.1659470221790454,-0.8774781370992599
4.4,10.0,11.087706873967875,-0.17503595179209655,-0.861981600752685
4.41,10.0,11.096142053103446,-0.1838450321996895,-0.8467126065735755
4.42,10.0,11.10452293881254,-0.19236729153803342,-0.8317181034308021
4.43,10.0,11.112849748297435,-0.20059650365370793,-0.8170428753637964
4.44,10.0,11.121122695673028,-0.20852704232669048,-0.8027298454017853
4.45,10.0,11.129342008827136,-0.21615322146187904,-0.7888213268870601
4.46,10.0,11.137507927708425,-0.22346934606808014,-0.7753588521982522
4.47,10.0,11.145620686994057,-0.23047040585297404,-0.7623815478846439
4.48,10.0,11.153680520738119,-0.23715186169876942,-0.7499267896056665
4.49,10.0,11.161687671765053,-0.24350930069076085,-0.7380304530745434
4.5,10.0,11.169642385196923,-0.24953867347715256,-0.7267265174504587
4.51,10.0,11.17754490788594,-0.25523631160786575,-0.716046953559939
4.52,10.0,11.185395484753137,-0.26059904451395227,-0.7060219681070095
4.53,10.0,11.193194363428518,-0.2656240404863188,-0.6966795820534912
4.54,10.0,11.200941797312305,-0.2703086610530939,-0.6880461593985956
4.55,10.0,11.208638040103954,-0.27465067447685926,-0.6801459726352022
4.56,10.0,11.21628334418649,-0.2786483016605997,-0.6730013593926287
4.57,10.0,11.223877962237008,-0.2823001483526845,-0.666632723345856
4.58,10.0,11.23142215121066,-0.2856050426160688,-0.6610585628377095
4.59,10.0,11.238916171902076,-0.28856203685679477,-0.6562955499554164
4.6,10.0,11.24636028241052,-0.2911706605516691,-0.6523584035396652
4.61,10.0,11.253754736652146,-0.2934309664818588,-0.6492600130778925
4.62,10.0,11.261099792856731,-0.29534318679462135,-0.6470114366155286
4.63,10.0,11.268395714445036,-0.29690767755139635,-0.6456220652011098
4.64,10.0,11.275642761172216,-0.29812527329526506,-0.6450994615088064
4.65,10.0,11.282841185823544,-0.29899741422495496,-0.6454494987266486
4.66,10.0,11.28999124392446,-0.29952573616197586,-0.6466763749286741
4.67,10.0,11.297093197795878,-0.2997118823611364,-0.6487827608733454
4.68,10.0,11.304147305542768,-0.2995579579580723,-0.6517697093605079
4.69,10.0,11.311153819017544,-0.2990666113924076,-0.6556367464597628
4.7,10.0,11.318112988168856,-0.29824083676362656,-0.6603819166827378
4.71,10.0,11.325025068035302,-0.2970836565599406,-0.6660018556954128
4.72,10.0,11.331890316384756,-0.2955982114163388,-0.6724918301059972
4.73,10.0,11.33870898269143,-0.29378823619049677,-0.6798457202901318
4.74,10.0,11.345481307903926,-0.2916580633559602,-0.6880560494351471
4.75,10.0,11.352207538422649,-0.28921198572979107,-0.6971141055994394
4.76,10.0,11.358887928428341,-0.2864541308659757,-0.7070099491384099
4.77,10.0,11.36552272329641,-0.2833892056987681,-0.7177324186112912
4.78,10.0,11.372112157196076,-0.2800226015080042,-0.7292691251904984
4.79,10.0,11.378656468455825,-0.27635967468059913,-0.7416065714490401
4.8,10.0,11.38515589657768,-0.27240587308252157,-0.7547300755137343
4.81,10.0,11.391610674269206,-0.2681670906611498,-0.7686238762047992
4.82,10.0,11.398021032153618,-0.26364944070842633,-0.7832711481288044
4.83,10.0,11.404387198415534,-0.25885926006978627,-0.7986540162057878
4.84,10.0,11.410709400443393,-0.2538030173388522,-0.8147535293460848
4.85,10.0,11.41698786416231,-0.24848733371752943,-0.8315497077081702
4.86,10.0,11.423222810901189,-0.24291912202603022,-0.8490216171257501
4.87,10.0,11.429414457178117,-0.23710558449396585,-0.8671473714780831
4.88,10.0,11.435563019065274,-0.2310539902350528,-0.8859041370719254
4.89,10.0,11.441668711389548,-0.2247716971148241,-0.9052682065354531
4.9,10.0,11.447731743872394,-0.21826633451857308,-0.92521498639816
4.91,10.0,11.453752319852603,-0.21154586093609998,-0.9457190317100412
4.92,10.0,11.459730641017156,-0.20461830756533916,-0.9667540908378882
4.93,10.0,11.465666909977346,-0.19749163906796774,-0.9882931411612788
4.94,10.0,11.471561323486597,-0.19017408417693182,-1.010308395224527
4.95,10.0,11.477414071187454,-0.1826742014050212,-1.0327712895829322
4.96,10.0,11.483225340925507,-0.17500058395573684,-1.0556525679960345
4.97,10.0,11.488995320257715,-0.16716176790611476,-1.0789224601729472
4.98,10.0,11.494724193734827,-0.15916636536779633,-1.102550607442268
4.99,10.0,11.500412138721453,-0.15102328017900887,-1.126506024556086
5.0,10.0,11.506059326670401,-0.14274162953385655,-1.150757191960949
5.01,10.0,11.51166592935671,-0.1343303940796153,-1.1752722878770356
5.02,10.0,11.517232118811632,-0.12579841044983528,-1.2000193319172894
5.03,10.0,11.522758059272451,-0.1171548021418494,-1.2249658599505722
5.04,10.0,11.528243905781848,-0.10840905853942918,-1.2500789318533094
5.05,10.0,11.533689813710037,-0.09957048679262608,-1.275325618095323
5.06,10.0,11.539095941916413,-0.09064803336287465,-1.3006733839497073
5.07,10.0,11.544462441437407,-0.08165090050532009,-1.326089424523893
5.08,10.0,11.54978945165829,-0.07258877488996786,-1.3515404657239856
5.09,10.0,11.555077112492564,-0.06347111464331096,-1.3769936227518258
5.1,10.0,11.560325567537024,-0.05430697041156156,-1.402416895212724
5.11,10.0,11.565534955589806,-0.04510545677406244,-1.4277785029841112
5.12,10.0,11.57070540513417,-0.0358760732612855,-1.4530464251377353
5.13,10.0,11.57583703847038,-0.026628458659058645,-1.4781888441509636
5.14,10.0,11.580929981213592,-0.017371835915690706,-1.5031751702223204
5.15,10.0,11.585984360460321,-0.008115116498945451,-1.5279759886031528
5.16,10.0,11.591000294861292,0.0011325300785709575,-1.5525620829773459
5.17,10.0,11.595977898354965,0.010361882496177317,-1.5769048731304522
5.18,10.0,11.600917285464382,0.019563997460114464,-1.600977090481095
5.19,10.0,11.605818567749967,0.028729997914068103,-1.624752464356078
5.2,10.0,11.6106818535133,0.0378510569981895,-1.6482057441104985
5.21,10.0,11.615507246194582,0.04691828583804048,-1.6713123499122986
5.22,10.0,11.620294847061464,0.055922920821397215,-1.694049035259468
5.23,10.0,11.625044758436323,0.0648565005869402,-1.7163942772368799
5.24,10.0,11.62975707864328,0.07371057071802858,-1.7383276378678687
5.25,10.0,11.634431902674987,0.08247670808474392,-1.759829693881514
5.26,10.0,11.639069323538266,0.09114661060795454,-1.7808824058334238
5.27,10.0,11.643669434791814,0.09971225087602634,-1.8014696389460738
5.28,10.0,11.648232330114482,0.10816584523897402,-1.8215770794429744
5.29,10.0,11.65275809954416,0.1164996222891018,-1.841191423818259
5.3,10.0,11.657246829275213,0.12470580568254623,-1.8603002230854173
5.31,10.0,11.661698607317945,0.13277696188917806,-1.878893280298385
5.32,10.0,11.66611352417805,0.14070603240864973,-1.8969627283416486
5.33,10.0,11.670491667070346,0.1484859845157303,-1.9145016841220723
5.34,10.0,11.674833117969236,0.1561096889176486,-1.9315034103317288
5.35,10.0,11.679137960943642,0.1635703621177461,-1.9479634499435576
5.36,10.0,11.683406285544278,0.17086175591059644,-1.9638803271538592
5.37,10.0,11.687638178235783,0.1779776504490259,-1.9792533081440524
5.38,10.0,11.691833720577941,0.18491174989614412,-1.9940814712954875
5.39,10.0,11.69599299519093,0.19165802699043616,-2.008365554628483
5.4,10.0,11.700116089937248,0.1982109582738469,-2.0221091127704938
5.41,10.0,11.704203095181825,0.20456536354516114,-2.035317610049205
5.42,10.0,11.708254096147318,0.21071597259198166,-2.0479958990217355
5.43,10.0,11.71226917379555,0.2166574775870378,-2.0601483227058495
5.44,10.0,11.716248416095155,0.22238515779320125,-2.071782338052415
5.45,10.0,11.720191919323907,0.22789494407393387,-2.082908860864343
5.46,10.0,11.724099774648154,0.23318267994364106,-2.093537712948489
5.47,10.0,11.727972066353177,0.23824403413596149,-2.103676751477728
5.48,10.0,11.731808885543753,0.24307523889129268,-2.1133365397604678
5.49,10.0,11.735610326912077,0.24767292247180364,-2.1225291831693838
5.5,10.0,11.739376482521736,0.2520337619904236,-2.1312659922921
5.51,10.0,11.743107445728674,0.25615470120108885,-2.1395587113133416
5.52,10.0,11.746803311373506,0.26003295944374827,-2.147419545998517
5.53,10.0,11.750464177196884,0.26366610788873185,-2.1548617540280617
5.54,10.0,11.754090142916947,0.2670520193800648,-2.1618990803212768
5.55,10.0,11.757681307609408,0.27018873236421964,-2.1685446161038726
5.56,10.0,11.761237770242502,0.2730744802202521,-2.1748109611694346
5.57,10.0,11.7647596332743,0.2757078771846473,-2.1807115461985873
5.58,10.0,11.768247001785303,0.27808787215433617,-2.1862601957296803
5.59,10.0,11.77169998001377,0.2802135759494541,-2.1914696953921435
5.6,10.0,11.775118669963947,0.2820842011495642,-2.196351255939504
5.61,10.0,11.778503176667527,0.2836993147803522,-2.2009163953839987
5.62,10.0,11.78185361025611,0.28505894206517796,-2.205178043993044
5.63,10.0,11.785170079227608,0.28616323953886835,-2.2091474666622304
5.64,10.0,11.78845268823612,0.28701240460535205,-2.212833731945679
5.65,10.0,11.791701545098505,0.287606999477014,-2.2162461882733027
5.66,10.0,11.79491676272612,0.28794803248519285,-2.219395309288501
5.67,10.0,11.798098454000836,0.2880367302857523,-2.222290627557051
5.68,10.0,11.80124672789703,0.2878743664523805,-2.2249392874007903
5.69,10.0,11.804361692071392,0.2874623783678973,-2.227347007821681
5.7,10.0,11.807443459633072,0.28680266101080565,-2.2295206819417324
5.71,10.0,11.810492148192644,0.28589752024366943,-2.231468041975262
5.72,10.0,11.813507870107824,0.2847492599035403,-2.233193936433821
5.73,10.0,11.816490731003485,0.2833601223489,-2.2346999893867974
5.74,10.0,11.819440842405896,0.28173281765777786,-2.2359891258140827
5.75,10.0,11.822358325153202,0.2798706514243682,-2.237066976341115
5.76,10.0,11.825243293962206,0.2777768967573236,-2.237936139624079
5.77,10.0,11.828095851773185,0.275454570602037,-2.2385944481906535
5.78,10.0,11.83091610722232,0.2729071369801308,-2.239041091145836
5.79,10.0,11.833704178615822,0.27013864809338867,-2.2392781937614075
5.8,10.0,11.83646017817834,0.26715312776997696,-2.239305166701314
5.81,10.0,11.839184215871503,0.2639547092960411,-2.239120157554673
5.82,10.0,11.841876402207053,0.26054774989842705,-2.23872108915009
5.83,10.0,11.844536848903637,0.25693685405771455,-2.238105976246956
5.84,10.0,11.847165667015362,0.2531267942973619,-2.237272312185997
5.85,10.0,11.84976296556364,0.24912245256862992,-2.23621659343738
5.86,10.0,11.852328850544172,0.2449287751643929,-2.2349340381055107
5.87,10.0,11.854863428645464,0.24055091927501945,-2.2334200031673603
5.88,10.0,11.857366809413625,0.2359943248700184,-2.2316708817045523
5.89,10.0,11.859839098703112,0.23126446153204805,-2.229681735504929
5.9,10.0,11.862280398953377,0.22636682777375464,-2.227446758846252
5.91,10.0,11.864690813622184,0.22130712366676633,-2.224960631036044
5.92,10.0,11.867070450050365,0.21609133669796265,-2.2222194692072357
5.93,10.0,11.869419412994038,0.2107255057597005,-2.2192189414494905
5.94,10.0,11.871737802401807,0.2052156223250042,-2.21595340124831
5.95,10.0,11.874025718526097,0.19956781981533556,-2.2124177384014665
5.96,10.0,11.87628326477837,0.19378846296728733,-2.2086081415187238
5.97,10.0,11.878510545438381,0.1878840578767775,-2.2045214480789497
5.98,10.0,11.880707659843676,0.18186103639864204,-2.2001535636441716
5.99,10.0,11.88287470302422,0.17572576991989583,-2.195499711737117
6.0,10.0,11.885011774217825,0.1694848661538468,-2.190556852348216
6.01,10.0,11.887118978211612,0.16314520265658128,-2.185324109742897
6.02,10.0,11.88919641417227,0.15671352849313172,-2.179799701074135
6.03,10.0,11.89124417331268,0.15019637276422568,-2.1739803971006424
6.04,10.0,11.893262351549913,0.1436004808421457,-2.1678649943654413
6.05,10.0,11.895251054519317,0.13693296931237522,-2.1614553441907844
6.06,10.0,11.897210382698688,0.1302008096182635,-2.1547527894840677
6.07,10.0,11.899140425637551,0.12341061927416402,-2.147756682961493
6.08,10.0,11.90104127784488,0.11656919923679379,-2.140468417850638
6.09,10.0,11.902913042491246,0.10968364455077914,-2.132892071882683
6.1,10.0,11.904755824114625,0.10276108893593257,-2.1250327806650624
6.11,10.0,11.906569717631099,0.09580832534742016,-2.1168942518097573
6.12,10.0,11.908354812052627,0.08883192247675309,-2.1084796267233266
6.13,10.0,11.910111207778558,0.08183879629629806,-2.099795270419005
6.14,10.0,11.91183901698076,0.07483621213398442,-2.090850695502688
6.15,10.0,11.913538341735848,0.06783104339925788,-2.0816539844386988
6.16,10.0,11.91520927284403,0.060829725654575034,-2.0722115284411515
6.17,10.0,11.916851911475648,0.053838968813856414,-2.0625325677150137
6.18,10.0,11.918466364020196,0.04686557950079213,-2.0526279633327498
6.19,10.0,11.920052731307365,0.039916088634150367,-2.042508076360324
6.2,10.0,11.921611115311407,0.032996969086095035,-2.032184045854475
6.21,10.0,11.923141619708176,0.026114644359562532,-2.0216679150996555
6.22,10.0,11.924644352801531,0.019275582904772184,-2.0109730217647943
6.23,10.0,11.926119424506915,0.01248618447056809,-2.0001134987896982
6.24,10.0,11.927566942549348,0.005752647798023704,-1.9891034560962773
6.25,10.0,11.92898701482262,-0.0009189587871303094,-1.977957391907463
6.26,10.0,11.930379754101724,-0.007522544631870177,-1.966690945914813
6.27,10.0,11.931745276525275,-0.014052052387292699,-1.9553204909640591
6.28,10.0,11.933083696157832,-0.020501652680754597,-1.9438623017424348
6.29,10.0,11.934395123870372,-0.026865783326663253,-1.9323323180876173
6.3,10.0,11.935679675268297,-0.03313889143246924,-1.9207473069351089
6.31,10.0,11.936937473535526,-0.0393153343652995,-1.9091253060885158
6.32,10.0,11.938168639017253,-0.0453897479441169,-1.8974839118365274
6.33,10.0,11.939373286897832,-0.051357124234925326,-1.8858400528577164
6.34,10.0,11.940551537389375,-0.05721247498807772,-1.8742113406922272
6.35,10.0,11.941703519920402,-0.06295068046538986,-1.8626164725376064
6.36,10.0,11.942829362118081,-0.06856688301346496,-1.8510738003300062
6.37,10.0,11.94392918687724,-0.0740565855249338,-1.839600875866367
6.38,10.0,11.945003117858958,-0.07941546899761585,-1.8282151240095246
6.39,10.0,11.946051286992475,-0.08463913013404407,-1.8169347035087462
6.4,10.0,11.947073831756779,-0.08972317766223956,-1.8057780957312062
6.41,10.0,11.948070883461837,-0.09466364890883967,-1.7947627070883208
6.42,10.0,11.949042566956145,-0.0994570188478023,-1.783904863835307
6.43,10.0,11.949989016323265,-0.10409965266379989,-1.7732214718370471
6.44,10.0,11.950910377683156,-0.1085876969208718,-1.762730291733103
6.45,10.0,11.951806790189575,-0.1129177654664974,-1.7524478154986376
6.46,10.0,11.952678380488516,-0.11708713431589748,-1.7423888090369317
6.47,10.0,11.953525284092944,-0.1210929829327213,-1.732568383828319
6.48,10.0,11.954347649914325,-0.12493221853255987,-1.7230024074132686
6.49,10.0,11.955145619889054,-0.12860222054548118,-1.7137054427560905
6.5,10.0,11.95591933512586,-0.13210060457749823,-1.7046913299192497
6.51,10.0,11.956668941043175,-0.13542504980606151,-1.6959737730876654
6.52,10.0,11.957394580603495,-0.1385735328585608,-1.687565523161549
6.53,10.0,11.958096396831348,-0.14154424076548744,-1.6794787086535692
6.54,10.0,11.958774535540375,-0.1443354692800532,-1.671725051626595
6.55,10.0,11.9594291431325,-0.1469456990689719,-1.6643155929834386
6.56,10.0,11.960060365367774,-0.1493736429516408,-1.6572606802590677
6.57,10.0,11.960668347836785,-0.15161821352067015,-1.6505698498848318
6.58,10.0,11.961253237505737,-0.15367848655710295,-1.644252131702995
6.59,10.0,11.961815182087676,-0.15555368903582822,-1.638315802979708
6.6,10.0,11.96235432924085,-0.1572432656619939,-1.6327684903336142
6.61,10.0,11.962870825911002,-0.15874685009883288,-1.6276169961006737
6.62,10.0,11.963364820198084,-0.16006425025177734,-1.6228675205508196
6.63,10.0,11.96383645981012,-0.16119544856243456,-1.6185255024203755
6.64,10.0,11.964285892706917,-0.1621406134422743,-1.6145956817886038
6.65,10.0,11.964713266263,-0.16290009340514738,-1.6110820668406731
6.66,10.0,11.965118727595861,-0.1634744148668777,-1.6079879389686234
6.67,10.0,11.965502423786496,-0.1638642809218535,-1.6053158768044753
6.68,10.0,11.965864501639098,-0.16407057136893904,-1.6030677516634597
6.69,10.0,11.96620510722877,-0.16409433873277654,-1.601244714611724
6.7,10.0,11.96652438590279,-0.16393680375639968,-1.5998472313452012
6.71,10.0,11.966822482646439,-0.163599359549988,-1.5988750623014987
6.72,10.0,11.967099542274628,-0.1630835634990396,-1.5983273044490325
6.73,10.0,11.967355708578058,-0.16239113802570018,-1.5982023644243455
6.74,10.0,11.967591124146152,-0.16152395897123586,-1.5984979989785266
6.75,10.0,11.967805931037452,-0.16048406345968907,-1.599211300702052
6.76,10.0,11.968000270958743,-0.15927364610153197,-1.600338725102496
6.77,10.0,11.968174284412127,-0.1578950515389822,-1.6018760882061862
6.78,10.0,11.968328110405427,-0.1563507660331476,-1.6038186095972158
6.79,10.0,11.96846188697946,-0.15464342209332999,-1.6061608971357977
6.8,10.0,11.968575751522918,-0.15277579846777115,-1.6088969658804047
6.81,10.0,11.96866984042119,-0.15075081415495045,-1.6120202534427683
6.82,10.0,11.968744288336257,-0.14857151539625835,-1.6155236529337778
6.83,10.0,11.968799228271607,-0.1462410718179836,-1.6193995355686255
6.84,10.0,11.968834792435338,-0.1437627881287051,-1.6236397289213365
6.85,10.0,11.968851112340433,-0.14114010024257634,-1.6282355409830878
6.86,10.0,11.968848317529368,-0.13837655472595178,-1.6331778060736077
6.87,10.0,11.96882653532924,-0.13547579562553935,-1.6384569335006347
6.88,10.0,11.968785892110954,-0.1324415874437832,-1.6440628567467535
6.89,10.0,11.968726513742915,-0.1292778185993816,-1.6499850460747467
6.9,10.0,11.968648524013014,-0.1259884698598335,-1.6562125791768416
6.91,10.0,11.968552044104907,-0.12257759392489223,-1.6627342134661305
6.92,10.0,11.968437194073331,-0.11904934688441698,-1.669538311716277
6.93,10.0,11.96830409316543,-0.11540799116528369,-1.676612856858096
6.94,10.0,11.96815285905959,-0.11165787515157607,-1.6839455052813435
6.95,10.0,11.967983606866262,-0.10780340246636921,-1.6915236761339223
6.96,10.0,11.967796449464394,-0.10384903549655315,-1.6993345566463312
6.97,10.0,11.967591498997107,-0.09979933215089849,-1.7073650225194044
6.98,10.0,11.967368866881369,-0.09565894184625497,-1.7156016657594186
6.99,10.0,11.96712866176466,-0.0914325450140591,-1.7240309499427937
7.0,10.0,11.966870989251797,-0.08712483486838572,-1.7326392791298204
7.01,10.0,11.966595954190812,-0.08274058528617845,-1.7414128331436594
7.02,10.0,11.966303661385792,-0.07828466934997037,-1.7503375420315237
7.03,10.0,11.965994212887425,-0.0737619696808102,-1.7593993186777865
7.04,10.0,11.965667707127261,-0.06917733577398608,-1.7685841964668256
7.05,10.0,11.96532424176832,-0.06453568153698558,-1.7778780817842694
7.06,10.0,11.964963914436744,-0.05984200887267674,-1.7872667073028907
7.07,10.0,11.964586820662195,-0.05510132788393462,-1.7967358551713133
7.08,10.0,11.964193052738532,-0.0503186022818867,-1.8062715237582978
7.09,10.0,11.963782700684028,-0.04549878195512236,-1.8158598532437544
7.1,10.0,11.96335585455875,-0.04064689380309712,-1.8254868844006857
7.11,10.0,11.962912604165613,-0.03576802562594858,-1.8351386135902246
7.12,10.0,11.962453035858667,-0.030867182849737683,-1.8448014136505577
7.13,10.0,11.961977232351005,-0.025949266468448508,-1.854462114811117
7.14,10.0,11.961485276590112,-0.021019247306081176,-1.8641075099572433
7.15,10.0,11.960977252692393,-0.016082210024320892,-1.873724215678397
7.16,10.0,11.960453241456847,-0.011143130991203712,-1.8832993598448446
7.17,10.0,11.959913319090706,-0.006206793781358657,-1.8928208543515979
7.18,10.0,11.959357562025668,-0.0012780343992200508,-1.9022766564687217
7.19,10.0,11.958786048726646,0.003638156951610041,-1.9116544110871097
7.2,10.0,11.958198854663351,0.008536918175797735,-1.9209423844242828
7.21,10.0,11.957596051535724,0.013413581470262484,-1.9301296906683554
7.22,10.0,11.956977709496075,0.018263547611038506,-1.9392058877377991
7.23,10.0,11.956343900273735,0.023082096940464387,-1.9481603190043835
7.24,10.0,11.955694696096899,0.027864459161454164,-1.956982345455021
7.25,10.0,11.95503016506743,0.032606121676958526,-1.9656624359600237
7.26,10.0,11.9543503713271,0.037302838142955666,-1.9741922039276574
7.27,10.0,11.953655380806655,0.04195024284836686,-1.9825630289065188
7.28,10.0,11.952945261486358,0.04654382902306787,-1.9907659197999479
7.29,10.0,11.952220077925201,0.0510793423335245,-1.9987929920733833
7.3,10.0,11.951479892680135,0.05555268660515011,-2.0066370851782622
7.31,10.0,11.95072476910876,0.059959736386734845,-2.0142910890873438
7.32,10.0,11.949954769684297,0.06429645937911653,-2.0217483469354
7.33,10.0,11.94916995596484,0.06855892748119552,-2.0290027258496295
7.34,10.0,11.948370388016576,0.07274337295695933,-2.0360488343720746
7.35,10.0,11.947556125151642,0.07684613546690976,-2.0428817887697512
7.36,10.0,11.946727226840352,0.08086359500690712,-2.049496890055991
7.37,10.0,11.945883752227251,0.08479221851178902,-2.055889817720285
7.38,10.0,11.94502575921955,0.08862864724767665,-2.0620569823125905
7.39,10.0,11.94415330492745,0.09236967139032175,-2.067995381949274
7.4,10.0,11.943266446734645,0.09601213102077114,-2.0737021666355133
7.41,10.0,11.942365242460182,0.09955289568832355,-2.0791744807301953
7.42,10.0,11.941449749054398,0.10298901739931261,-2.0844101706008615
7.43,10.0,11.940520022068357,0.10631778527064831,-2.0894080328591684
7.44,10.0,11.939576117625288,0.10953653038110042,-2.094166855358793
7.45,10.0,11.9386180925458,0.11264257815570809,-2.098685143934656
7.46,10.0,11.937646002925824,0.11563345004769514,-2.102962093169527
7.47,10.0,11.93665990360501,0.1185069511184593,-2.1069979903681
7.48,10.0,11.935659849794742,0.12126094968343692,-2.1107931132074675
7.49,10.0,11.934645897357786,0.12389332055400948,-2.1143473703652162
7.5,10.0,11.933618102138777,0.1264020593323068,-2.1176608720574563
7.51,10.0,11.932576519161426,0.12878543528855868,-2.1207347168875472
7.52,10.0,11.931521203019322,0.13104193709385498,-2.1235706849582883
7.53,10.0,11.930452209084523,0.13317003357748325,-2.126169933301245
7.54,10.0,11.9293695934178,0.13516816804909304,-2.1285329348611626
7.55,10.0,11.928273411421015,0.13703508649918028,-2.1306612112958128
7.56,10.0,11.927163717808408,0.1387698551381758,-2.132557451971092
7.57,10.0,11.92604056813376,0.14037147475252965,-2.1342234283142076
7.58,10.0,11.924904018025906,0.1418390812472214,-2.1356608792915885
7.59,10.0,11.923754122932134,0.14317199872822506,-2.1368720957639447
7.6,10.0,11.922590938531469,0.14436967759613942,-2.1378592323579504
7.61,10.0,11.921414520494155,0.14543170098431665,-2.138624645497071
7.62,10.0,11.920224924655646,0.14635777728554158,-2.1391704909250038
7.63,10.0,11.919022206905037,0.14714775405710223,-2.1394990908815608
7.64,10.0,11.917806423217712,0.14780162057018267,-2.13961276954036
7.65,10.0,11.916577629659418,0.1483195012490045,-2.1395138688694963
7.66,10.0,11.915335882367716,0.14870164856753398,-2.1392046981943267
7.67,10.0,11.914081237551803,0.14894844722733167,-2.138687516247792
7.68,10.0,11.912813751507874,0.14906041888822083,-2.137964629077029
7.69,10.0,11.911533480587922,0.14903821342816864,-2.137038271002531
7.7,10.0,11.910240481217311,0.14888261219510976,-2.1359106600222653
7.71,10.0,11.908934809848018,0.14859451367993093,-2.1345839014781696
7.72,10.0,11.907616522999207,0.14817494789350946,-2.1330600685269125
7.73,10.0,11.906285677244561,0.14762507081925597,-2.1313412176560327
7.74,10.0,11.904942329189511,0.1469461581588981,-2.1294292971442665
7.75,10.0,11.903586535427682,0.14613959585873476,-2.1273261691970973
7.76,10.0,11.902218352589138,0.14520689060331396,-2.125033622715492
7.77,10.0,11.900837837343031,0.14414966951602445,-2.1225534424657226
7.78,10.0,11.899445046367559,0.14296967328661714,-2.119887349032961
7.79,10.0,11.898040036305273,0.1416687452510154,-2.1170369586942286
7.8,10.0,11.896622863767691,0.14024883185906126,-2.1140038089654247
7.81,10.0,11.895193585397143,0.1387119932747845,-2.1107894345052145
7.82,10.0,11.893752257870823,0.1370603999031375,-2.1073953852409844
7.83,10.0,11.892298937790937,0.13529631372963857,-2.1038231095505395
7.84,10.0,11.890833681665274,0.13342207884835072,-2.1000739523987697
7.85,10.0,11.889356546024283,0.1314401441661066,-2.09614928533993
7.86,10.0,11.887867587491057,0.12935306498235324,-2.0920505859611254
7.87,10.0,11.886366862589956,0.12716347559445215,-2.087779253330389
7.88,10.0,11.884854427687644,0.12487407195382602,-2.0833365767448946
7.89,10.0,11.883330339181377,0.12248764283923785,-2.078723916329235
7.9,10.0,11.881794653602668,0.12000707430959376,-2.073942790747001
7.91,10.0,11.880247427427108,0.1174353233308612,-2.068994728215319
7.92,10.0,11.878688716979033,0.11477539812338525,-2.0638811934121897
7.93,10.0,11.877118578516825,0.1120303672469835,-2.058603669622592
7.94,10.0,11.875537068470015,0.10920338635115007,-2.0531638473332485
7.95,10.0,11.873944243431861,0.10629769055719768,-2.0475636150811845
7.96,10.0,11.872340159810651,0.10331654769778333,-2.041804811396158
7.97,10.0,11.870724873808216,0.10026324841842844,-2.035889207727365
7.98,10.0,11.86909844187023,0.09714116064525792,-2.0298188498228633
7.99,10.0,11.867460920865108,0.0939537400625544,-2.0235961501356385
8.0,10.0,11.865812367488232,0.0907044584985764,-2.0172235077943057
8.01,10.0,11.864152838069352,0.08739677366819998,-2.0107031714750896
8.02,10.0,11.862482389252818,0.08403420620639207,-2.004037707240183
8.03,10.0,11.860801078365585,0.0806203693939011,-1.9972301799422958
8.04,10.0,11.85910896260148,0.07715887647189941,-1.990283678200008
8.05,10.0,11.85740609886302,0.07365331731988077,-1.9832012092170714
8.06,10.0,11.85569254416139,0.07010729723251928,-1.975985944999671
8.07,10.0,11.853968356223065,0.06652449423618474,-1.9686415482501154
8.08,10.0,11.852233593311134,0.0629086339296079,-1.9611720604874634
8.09,10.0,11.850488313301172,0.05926338923054725,-1.9535813997494458
8.1,10.0,11.848732573680886,0.05559237544778197,-1.9458733531356351
8.11,10.0,11.84696643285642,0.051899277256561786,-1.9380522721957973
8.12,10.0,11.845189950454776,0.048187870608587764,-1.9301231767845017
8.13,10.0,11.843403185696355,0.044461856886633164,-1.9220909506682027
8.14,10.0,11.841606196865987,0.04072480892247507,-1.9139600730740511
8.15,10.0,11.839799043290924,0.03698035626948936,-1.9057355907315312
8.16,10.0,11.837981786197611,0.03323225943057513,-1.8974234471853855
8.17,10.0,11.836154486407121,0.029484185288637534,-1.8890294331593545
8.18,10.0,11.834317203666421,0.025739644652489322,-1.8805588868924197
8.19,10.0,11.832469998435045,0.022002151279764917,-1.8720174864459906
8.2,10.0,11.830612932999626,0.018275318725785836,-1.863411682281928
8.21,10.0,11.82874607061779,0.01456277652029096,-1.8547483212913782
8.22,10.0,11.826869473362393,0.010867971821598356,-1.8460337501303918
8.23,10.0,11.824983202405683,0.007194192784667699,-1.8372739303254448
8.24,10.0,11.823087321189776,0.0035448452813111853,-1.828475693357671
8.25,10.0,11.821181895803157,-7.651826720927322e-05,-1.8196468314678285
8.26,10.0,11.819266990919415,-0.0036665625179085077,-1.8107945341529472
8.27,10.0,11.81734266869407,-0.0072222619534457935,-1.801924996175675
8.28,10.0,11.815408993751298,-0.01074047565317313,-1.7930452540851327
8.29,10.0,11.813466034983023,-0.014217795004941643,-1.7841637539758999
8.3,10.0,11.811513859869216,-0.01765103915930823,-1.7752883253387992
8.31,10.0,11.80955253237775,-0.021037435273952555,-1.7664254471261742
8.32,10.0,11.807582120184847,-0.02437399105949901,-1.7575828187636517
8.33,10.0,11.805602691481022,-0.027657794109827015,-1.7487680985523468
8.34,10.0,11.803614314656334,-0.030886017425531653,-1.7399889160371025
8.35,10.0,11.801617058425599,-0.03405592367171224,-1.7312528341236657
8.36,10.0,11.799610992113019,-0.037164840256445855,-1.7225674495861867
8.37,10.0,11.79759618564303,-0.04021015848797793,-1.7139403870849534
8.38,10.0,11.7955727095477,-0.043189347979811686,-1.7053792141249602
8.39,10.0,11.793540634739331,-0.0460999546135482,-1.6968914931837809
8.4,10.0,11.79150003242481,-0.048939633030593434,-1.688484568798689
8.41,10.0,11.789450974488428,-0.05170609271640839,-1.680165870263842
8.42,10.0,11.787393533149709,-0.05439714835868778,-1.671942585333543
8.43,10.0,11.785327781142115,-0.0570106863915699,-1.6638219224061892
8.44,10.0,11.78325379147412,-0.05954469840083349,-1.6558108474763458
8.45,10.0,11.781171637629152,-0.06199725797658795,-1.6479162577213984
8.46,10.0,11.779081393405049,-0.0643665347396167,-1.640144845360485
8.47,10.0,11.776983132947294,-0.06665079349579157,-1.6325031322137846
8.48,10.0,11.774876930770809,-0.06884838913087404,-1.6249974951881079
8.49,10.0,11.772762861721336,-0.07095777062089889,-1.6176341305074224
8.5,10.0,11.770641000896047,-0.07297748540974056,-1.6104190090889503
8.51,10.0,11.768511423632063,-0.0749061773221171,-1.6033578853520396
8.52,10.0,11.76637420556197,-0.07674258577901376,-1.5964563136305827
8.53,10.0,11.76422942257293,-0.07848554521015068,-1.5897196443049637
8.54,10.0,11.762077150721462,-0.08013399021662694,-1.583152970175636
8.55,10.0,11.75991746613508,-0.08168695665290489,-1.57676111121717
8.56,10.0,11.75775044514409,-0.08314357813842845,-1.5705486481190754
8.57,10.0,11.755576164256999,-0.08450308481386751,-1.564519922768298
8.58,10.0,11.753394700027167,-0.08576480936128927,-1.5586789838300206
8.59,10.0,11.751206128951713,-0.08692818398634193,-1.5530295939678957
8.6,10.0,11.749010527599879,-0.08799274138733622,-1.5475752316795948
8.61,10.0,11.746807972606646,-0.08895811120430235,-1.5423191091747874
8.62,10.0,11.744598540578231,-0.08982402281766647,-1.5372641430663023
8.63,10.0,11.742382307966801,-0.09059030460068934,-1.5324129463595035
8.64,10.0,11.740159351075915,-0.09125688275773448,-1.5277678329520583
8.65,10.0,11.737929746178395,-0.09182378124661492,-1.5233308219812898
8.66,10.0,11.735693569481972,-0.09229112038835993,-1.5191036406958105
8.67,10.0,11.733450896909376,-0.09265911721797633,-1.5150877023627523
8.68,10.0,11.731201804030514,-0.092928082069678,-1.5112841188972297
8.69,10.0,11.728946366270591,-0.093098421323321,-1.5076936953168243
8.7,10.0,11.726684658943299,-0.09317063616383484,-1.5043169390729467
8.71,10.0,11.72441675695637,-0.09314532030439274,-1.5011540453409786
8.72,10.0,11.722142734690495,-0.09302315307117699,-1.498204926136598
8.73,10.0,11.719862666259143,-0.09280490687112104,-1.4954691832060547
8.74,10.0,11.717576625559108,-0.09249144637735207,-1.4929461183346255
8.75,10.0,11.715284686022322,-0.09208372350530966,-1.4906347365294117
8.76,10.0,11.712986920478762,-0.09158276999573915,-1.488533771464077
8.77,10.0,11.710683401227127,-0.09098969963979639,-1.4866416775651317
8.78,10.0,11.708374200240616,-0.09030571556345884,-1.4849566095086004
8.79,10.0,11.706059389107299,-0.0895321073145511,-1.4834764318564382
8.8,10.0,11.7037390386773,-0.0886702360815077,-1.4821987590621717
8.81,10.0,11.701413219024001,-0.0877215290393261,-1.4811209781733474
8.82,10.0,11.69908199980427,-0.08668749862210953,-1.4802401864454033
8.83,10.0,11.696745450335023,-0.08556974562807416,-1.4795531881481132
8.84,10.0,11.694403639100699,-0.0843699332284754,-1.479056567902152
8.85,10.0,11.692056633617755,-0.08308977167153522,-1.4787467457557284
8.86,10.0,11.68970450088076,-0.08173104988275595,-1.4786198753124467
8.87,10.0,11.687347307545458,-0.08029564740499343,-1.478671814613982
8.88,10.0,11.684985119365784,-0.07878549546447189,-1.4788982414150311
8.89,10.0,11.682618001124936,-0.07720256371933797,-1.4792947007505575
8.9,10.0,11.6802460168301,-0.07554887807826635,-1.4798565490139701
8.91,10.0,11.677869230003814,-0.0738265462676816,-1.4805788782838434
8.92,10.0,11.675487703552168,-0.07203774567366668,-1.4814565562744306
8.93,10.0,11.673101499289965,-0.07018467530583021,-1.482484375323022
8.94,10.0,11.67071067795746,-0.06826955140860043,-1.483657070341863
8.95,10.0,11.668315299772738,-0.06629466989838105,-1.4849691262566616
8.96,10.0,11.665915424520158,-0.06426241710140812,-1.4864147495325284
8.97,10.0,11.663511110846125,-0.06217518587214718,-1.4879881275021205
8.98,10.0,11.66110241612394,-0.060035344056254124,-1.4896835319025925
8.99,10.0,11.658689397139279,-0.05784533190572942,-1.4914950167753283
9.0,10.0,11.656272110344304,-0.05560770183886965,-1.4934162990602147
9.01,10.0,11.653850611051048,-0.05332499808620712,-1.4954411337258726
9.02,10.0,11.651424953315631,-0.05099971756504737,-1.497563441412705
9.03,10.0,11.648995190432716,-0.04863439970547408,-1.499777029135796
9.04,10.0,11.646561375206383,-0.04623167980373003,-1.5020754240535084
9.05,10.0,11.644123559702697,-0.04379424065799938,-1.5044520281135156
9.06,10.0,11.641681794744416,-0.04132469851488913,-1.5069004814355011
9.07,10.0,11.639236130020283,-0.03882561503695043,-1.5094146279633698
9.08,10.0,11.636786614745525,-0.0362996577159913,-1.5119880064202142
9.09,10.0,11.634333297699978,-0.03374961668548268,-1.5146137944347053
9.1,10.0,11.631876226443092,-0.031178189418906117,-1.5172855041449012
9.11,10.0,11.629415447245162,-0.02858792135814408,-1.5199971790163964
9.12,10.0,11.626951005867177,-0.025981462008270825,-1.5227425661025649
9.13,10.0,11.624482947755402,-0.023361658575132286,-1.5255147988452187
9.14,10.0,11.622011317245068,-0.020731253134195424,-1.5283073977793435
9.15,10.0,11.61953615744927,-0.01809276311270144,-1.531114675529249
9.16,10.0,11.6170575110245,-0.015448880562099022,-1.5339304040116417
9.17,10.0,11.614575419913622,-0.012802271332629943,-1.5367484827526283
9.18,10.0,11.612089925214441,-0.010155581905175055,-1.5395629174120629
9.19,10.0,11.609601067268642,-0.0075114308344401285,-1.5423678496045063
9.2,10.0,11.607108885687486,-0.004872424441155582,-1.5451575033948544
9.21,10.0,11.604613419387164,-0.0022411499018142275,-1.547926200597587
9.22,10.0,11.602114706679753,0.00037984298746377825,-1.5506684191541922
9.23,10.0,11.59961278504453,0.0029880063518984935,-1.5533786901211215
9.24,10.0,11.597107691286556,0.005580817985188912,-1.556051665674083
9.25,10.0,11.594599461553848,0.0081557891775803,-1.5586821435236615
9.26,10.0,11.592088131531492,0.010710512396245795,-1.5612652113123673
9.27,10.0,11.589573735899553,0.013242528127145,-1.5637958437134856
9.28,10.0,11.587056308759928,0.01574942972582728,-1.5662692196942345
9.29,10.0,11.584535883813935,0.018228879405780208,-1.5686807517787607
9.3,10.0,11.582012494612671,0.02067864582253519,-1.5710261833735935
9.31,10.0,11.579486173190901,0.023096398993266362,-1.573301058065855
9.32,10.0,11.576956951277943,0.025479892074113893,-1.575501190050236
9.33,10.0,11.57442486082178,0.027827017711442963,-1.5776227451802391
9.34,10.0,11.57188993369584,0.03013577166478491,-1.5796621691402528
9.35,10.0,11.56935219978777,0.03240401571924674,-1.5816157180177157
9.36,10.0,11.566811689045476,0.03462973149775375,-1.5834799607345076
9.37,10.0,11.564268431403654,0.036810986377564574,-1.5852516196040582
9.38,10.0,11.561722456246263,0.038945892273242244,-1.586927582403188
9.39,10.0,11.559173791996551,0.041032574197314715,-1.5885049120500696
9.4,10.0,11.5566224668107,0.04306922345194099,-1.5899808304529124
9.41,10.0,11.554068509623962,0.045054180761692805,-1.591352680743089
9.42,10.0,11.55151194827379,0.046985788053669944,-1.5926179908521227
9.43,10.0,11.548952809740411,0.04886240745718739,-1.593774465284337
9.44,10.0,11.546391120918164,0.05068248221669609,-1.5948199590449619
9.45,10.0,11.543826909108018,0.05244458404646106,-1.5957524736711193
9.46,10.0,11.54126020055822,0.05414728266983752,-1.5965701838495967
9.47,10.0,11.538691021177645,0.05578920959130567,-1.5972714242647008
9.48,10.0,11.536119396615229,0.05736906519613607,-1.5978546883422169
9.49,10.0,11.533545353658086,0.058885729292284736,-1.598318461336369
9.5,10.0,11.530968917445145,0.06033803890359575,-1.59866153409763
9.51,10.0,11.52839011334152,0.061724937746094465,-1.59888279211129
9.52,10.0,11.52580896657376,0.06304544584585008,-1.5989812502260143
9.53,10.0,11.523225501882846,0.0642986117752131,-1.5989559937137159
9.54,10.0,11.520639744240142,0.06548361159223678,-1.598806301680355
9.55,10.0,11.518051718355593,0.06659967871153923,-1.5985315517528491
9.56,10.0,11.515461448754953,0.06764611397228944,-1.5981312281232647
9.57,10.0,11.512868959511046,0.0686222490829032,-1.597604867860916
9.58,10.0,11.510274274967115,0.06952754076630642,-1.5969521824217487
9.59,10.0,11.507677419199881,0.07036149886646066,-1.596172956865928
9.6,10.0,11.505078416163238,0.07112370415821273,-1.5952670709926835
9.61,10.0,11.502477289688706,0.0718138072881703,-1.594234496825667
9.62,10.0,11.499874063529306,0.07243153327125505,-1.593075288208194
9.63,10.0,11.497268761340367,0.07297667792478943,-1.5917895812309517
9.64,10.0,11.494661406774927,0.07344911760781922,-1.590377602543665
9.65,10.0,11.492052023498848,0.07384880994260484,-1.5888396659896635
9.66,10.0,11.489440635002806,0.074175772053229,-1.5871761330319316
9.67,10.0,11.48682726480716,0.07443010229155192,-1.5853874431319035
9.68,10.0,11.484211936367789,0.07461196343965856,-1.5834741118317552
9.69,10.0,11.481594673125395,0.07472159103291662,-1.5814367185893516
9.7,10.0,11.478975498571163,0.07475930517728271,-1.5792758915450555
9.71,10.0,11.47635443618531,0.07472549515060144,-1.5769923196589914
9.72,10.0,11.473731509182599,0.07462058189468611,-1.5745867630211627
9.73,10.0,11.47110674087161,0.07444506944083736,-1.5720600267944818
9.74,10.0,11.46848015467339,0.07419954615065022,-1.5694129570683195
9.75,10.0,11.46585177393178,0.0738846552633839,-1.5666464504195012
9.76,10.0,11.463221621814638,0.0735010790946254,-1.5637614906392123
9.77,10.0,11.460589721594143,0.07304957842141503,-1.560759075711207
9.78,10.0,11.457956096532858,0.07253097436043467,-1.5576402448967706
9.79,10.0,11.45532076985493,0.07194614267201073,-1.5544060837940812
9.8,10.0,11.452683765022968,0.07129604323243471,-1.5510577783676425
9.81,10.0,11.450045105275313,0.07058166830061058,-1.5475964992388498
9.82,10.0,11.447404813931097,0.06980407422803107,-1.5440234734350184
9.83,10.0,11.444762914355094,0.0689643757180179,-1.5403399733369234
9.84,10.0,11.442119430180568,0.0680637594356953,-1.5365473720053089
9.85,10.0,11.439474384850767,0.06710345154417258,-1.5326470210148848
9.86,10.0,11.436827801964803,0.06608474002924719,-1.5286403377956077
9.87,10.0,11.434179705171722,0.06500896152822998,-1.5245287927662368
9.88,10.0,11.431530118029773,0.06387746738372078,-1.5203139556570129
9.89,10.0,11.428879064376403,0.0626917035548926,-1.5159973815982752
9.9,10.0,11.426226568056542,0.06145314747055299,-1.5115806985126348
9.91,10.0,11.423572652915565,0.06016330845119404,-1.5070655956487542
9.92,10.0,11.420917342667988,0.05882370334294429,-1.5024538405298848
9.93,10.0,11.418260661367068,0.05743593327686536,-1.497747222869581
9.94,10.0,11.415602633019692,0.05600161658394238,-1.4929476027466322
9.95,10.0,11.412943281727955,0.05452240768322842,-1.4880568944833286
9.96,10.0,11.4102826316971,0.05299999563751631,-1.4830770670541433
9.97,10.0,11.407620707130084,0.0514360914867291,-1.478010157298872
9.98,10.0,11.404957532330775,0.04983243623762163,-1.4728582591849673
9.99,10.0,11.402293131883546,0.04819082001827785,-1.4676235200808598
10.0,10.0,11.39962753052561,0.04651306493718445,-1.4623081465569072
10.01,10.0,11.39696075291141,0.044800995365912415,-1.4569144142774135
10.02,10.0,11.3942928239258,0.04305647216330554,-1.4514446570734307
10.03,10.0,11.391623768651014,0.04128137680975346,-1.4459012930054413
10.04,10.0,11.388953612314829,0.039477614420455984,-1.4402867996421236
10.05,10.0,11.386282380292384,0.03764711289234323,-1.4346037118605253
10.06,10.0,11.38361009815403,0.035791818735368214,-1.4288546394568868
10.07,10.0,11.380936791313438,0.03391363808169731,-1.4230422719849471
10.08,10.0,11.37826248556908,0.03201452505711527,-1.4171693650301016
10.09,10.0,11.375587206903807,0.03009644499519031,-1.411238747244255
10.1,10.0,11.372910981410568,0.028161358928073397,-1.4052533238790588
10.11,10.0,11.370233835357801,0.02621124201869351,-1.3992159933349875
10.12,10.0,11.367555795172489,0.024248062840090116,-1.3931297680604011
10.13,10.0,11.36487688744848,0.022273785717937037,-1.3869977444605368
10.14,10.0,11.362197138955432,0.020290373643843056,-1.380823068946313
10.15,10.0,11.35951657675859,0.018299802992769273,-1.3746088922254032
10.16,10.0,11.356835228067334,0.016304036154581373,-1.3683584487934937
10.17,10.0,11.354153120249414,0.01430502108345415,-1.3620750509757436
10.18,10.0,11.35147028091001,0.012304701372001804,-1.3557620498751746
10.19,10.0,11.348786737880522,0.010305016015377652,-1.3494228213905402
10.2,10.0,11.346102519210337,0.008307890366440253,-1.3430607960151661
10.21,10.0,11.34341765316948,0.00631523274757115,-1.3366794641312687
10.22,10.0,11.340732168264916,0.004328938168530942,-1.3302823504429533
10.23,10.0,11.33804609315099,0.002350880842601037,-1.3238730009048822
10.24,10.0,11.335359456721736,0.0003829160669292751,-1.317454999181198
10.25,10.0,11.332672288174479,-0.0015731190951483738,-1.311031976905511
10.26,10.0,11.329984616908789,-0.0035154120050143313,-1.3046075891903222
10.27,10.0,11.327296472472172,-0.005442175669584325,-1.2981854841999194
10.28,10.0,11.324607884629975,-0.007351649953142294,-1.2917693259047773
10.29,10.0,11.321918883469579,-0.009242102476838756,-1.2853628301908522
10.3,10.0,11.31922949926562,-0.011111831696552957,-1.278969709557117
10.31,10.0,11.316539762468997,-0.012959162857883939,-1.272593648572407
10.32,10.0,11.313849703732693,-0.014782452270121189,-1.2662383172153149
10.33,10.0,11.311159354002355,-0.01658009806235905,-1.2599074285735945
10.34,10.0,11.308468744414087,-0.018350531635788994,-1.2536046646562262
10.35,10.0,11.305777906281909,-0.02009221536566255,-1.2473336736517773
10.36,10.0,11.303086871102757,-0.02180364510846568,-1.2410980679341037
10.37,10.0,11.300395670654105,-0.023483367861524346,-1.2349014637004174
10.38,10.0,11.29770433689241,-0.025129966837343556,-1.228747430983173
10.39,10.0,11.295012901929667,-0.026742062542220047,-1.222639498054697
10.4,10.0,11.292321398017547,-0.028318312784824662,-1.2165811456919116
10.41,10.0,11.289629857702348,-0.029857429821920044,-1.2105758132809257
10.42,10.0,11.286938313673744,-0.03135816678695145,-1.2046268832832396
10.43,10.0,11.284246798750972,-0.0328193194818289,-1.1987376795461948
10.44,10.0,11.281555345838367,-0.034239724764708976,-1.1929114625022201
10.45,10.0,11.278863988134566,-0.03561827671707054,-1.1871514227716915
10.46,10.0,11.276172758937797,-0.03695391450024347,-1.1814606774157284
10.47,10.0,11.273481691650913,-0.038245623568261874,-1.1758422660918804
10.48,10.0,11.270790819715737,-0.03949243164104544,-1.1702991477514395
10.49,10.0,11.268100176831165,-0.04069342894809359,-1.164834188474554
10.5,10.0,11.265409796755797,-0.04184775293123183,-1.1594501627693603
10.51,10.0,11.262719713322968,-0.04295458997374732,-1.154149751736874
10.52,10.0,11.260029960366163,-0.044013167927427856,-1.1489355497712204
10.53,10.0,11.25734057191647,-0.045022782760007325,-1.1438100245161102
10.54,10.0,11.254651582025868,-0.04598277827529261,-1.1387755408790845
10.55,10.0,11.251963024783251,-0.04689254934404281,-1.133834356511965
10.56,10.0,11.249274934235647,-0.04775153151096363,-1.1289886452695264
10.57,10.0,11.246587344565178,-0.04855923146674116,-1.1242404175788643
10.58,10.0,11.243900289931068,-0.049315203998144624,-1.1195915758352228
10.59,10.0,11.241213804485247,-0.050019056394293444,-1.1150439024390728
10.6,10.0,11.23852792229258,-0.050670436303062685,-1.1105990988818313
10.61,10.0,11.235842677488192,-0.05126906292802489,-1.1062586769631864
10.62,10.0,11.23315810413625,-0.051814703648397485,-1.1020240364939298
10.63,10.0,11.23047423624504,-0.05230717889677648,-1.0978964467072174
10.64,10.0,11.227791107695626,-0.05274634860480171,-1.0938770977006094
10.65,10.0,11.225108752364383,-0.05313214367420126,-1.089966974324586
10.66,10.0,11.222427204009128,-0.053464542554289625,-1.086166946245914
10.67,10.0,11.219746496280067,-0.053743576417061574,-1.0824777455903174
10.68,10.0,11.217066662669131,-0.05396931390077046,-1.0789000298155926
10.69,10.0,11.214387736578098,-0.05414189376070883,-1.0754342405179784
10.7,10.0,11.211709751245781,-0.05426150067870248,-1.0720807043345069
10.71,10.0,11.209032739749794,-0.054328370888275045,-1.0688396069544268
10.72,10.0,11.206356734984935,-0.05434277533448335,-1.0657110668579364
10.73,10.0,11.203681769667218,-0.05430505337785188,-1.0626949810919974
10.74,10.0,11.201007876308168,-0.05421558790359755,-1.0597911353059324
10.75,10.0,11.198335087204716,-0.05407481114607525,-1.056999175497026
10.76,10.0,11.195663434448887,-0.05388318800116436,-1.0543186850488127
10.77,10.0,11.19299294987009,-0.053641247449617464,-1.0517490329342678
10.78,10.0,11.190323665053189,-0.05334955988944578,-1.0492894793386291
10.79,10.0,11.187655611318526,-0.05300874162577251,-1.046939152041503
10.8,10.0,11.184988819756809,-0.052619440549601694,-1.0446971154451425
10.81,10.0,11.182323321127088,-0.05218236152980707,-1.0425622416545153
10.82,10.0,11.17965914590087,-0.05169824929382233,-1.0405332934761908
10.83,10.0,11.176996324241339,-0.0511678901831924,-1.0386089132344054
10.84,10.0,11.174334886056663,-0.05059210036503192,-1.0367876806212344
10.85,10.0,11.171674860868837,-0.04997174567320519,-1.0350680089157756
10.86,10.0,11.169016277868307,-0.04930772933636499,-1.0334482051802318
10.87,10.0,11.16635916590048,-0.04860099148012627,-1.031926470360549
10.88,10.0,11.163703553530931,-0.04785249954896187,-1.0305009455767689
10.89,10.0,11.161049468899112,-0.04706326333529686,-1.0291696331837095
10.9,10.0,11.158396939769949,-0.046234326701561,-1.027930436483345
10.91,10.0,11.15574599353431,-0.045366765323646585,-1.0267811687436499
10.92,10.0,11.153096657279498,-0.044461679093489706,-1.0257195884830388
10.93,10.0,11.150448957641332,-0.043520202925000376,-1.0247433435509237
10.94,10.0,11.147802920841135,-0.04254350170831503,-1.023849993746147
10.95,10.0,11.145158572705041,-0.04153276678020331,-1.0230370260898773
10.96,10.0,11.142515938733887,-0.04048921012824971,-1.02230188028582
10.97,10.0,11.13987504396517,-0.03941407149448963,-1.0216419126763014
10.98,10.0,11.137235912986982,-0.0383086158044065,-1.0210544060934623
10.99,10.0,11.134598569978891,-0.03717412888628113,-1.020536588625692
11.0,10.0,11.13196303877667,-0.03601191323965528,-1.0200856502473883
11.01,10.0,11.129329342752616,-0.03482329205077827,-1.0196987231842698
11.02,10.0,11.126697504801623,-0.03360960827946419,-1.019372884197864
11.03,10.0,11.12406754740419,-0.03237222016253383,-1.0191051730211598
11.04,10.0,11.121439492682866,-0.031112498247189424,-1.0188926020749243
11.05,10.0,11.118813362306453,-0.029831827019884693,-1.018732149418934
11.06,10.0,11.1161891774466,-0.02853160483023702,-1.0186207579879607
11.07,10.0,11.113566958861817,-0.027213239672633713,-1.0185553511385947
11.08,10.0,11.110946726943496,-0.025878147181946306,-1.018532836661489
11.09,10.0,11.108328501646952,-0.02452775057756774,-1.0185501082631632
11.1,10.0,11.105712302420004,-0.023163480657474016,-1.0186040471126603
11.11,10.0,11.103098148305005,-0.021786772298601705,-1.0186915306812274
11.12,10.0,11.10048605797348,-0.020399063139631524,-1.0188094336267675
11.13,10.0,11.097876049684514,-0.019001792497176977,-1.0189546335009432
11.14,10.0,11.095268141189399,-0.01759640072388041,-1.0191240184538586
11.15,10.0,11.09266234984731,-0.016184326831392374,-1.0193144876154747
11.16,10.0,11.090058692648586,-0.01476700760448622,-1.0195229502834025
11.17,10.0,11.087457186198684,-0.013345876101886199,-1.019746332007255
11.18,10.0,11.084857846605303,-0.011922359734025459,-1.0199815920541866
11.19,10.0,11.08226068960211,-0.01049787937452501,-1.0202257135948507
11.2,10.0,11.0796657305617,-0.009073848661450605,-1.0204757025788638
11.21,10.0,11.077072984501397,-0.007651672649171571,-1.0207285910182726
11.22,10.0,11.074482465960841,-0.006232744046712775,-1.0209814668174815
11.23,10.0,11.07189418912752,-0.004818444122673498,-1.0212314526555666
11.24,10.0,11.069308167841182,-0.0034101419691467826,-1.0214757058233737
11.25,10.0,11.066724415616399,-0.002009193809317191,-1.0217114163804375
11.26,10.0,11.064142945519357,-0.0006169369471078621,-1.0219358502600144
11.27,10.0,11.061563770288826,0.000765307307298734,-1.022146316922239
11.28,10.0,11.058986902334336,0.0021362346038532546,-1.022340171235605
11.29,10.0,11.056412353769463,0.0034945571604386347,-1.0225148046291928
11.3,10.0,11.053840136296778,0.004839012435912338,-1.0226677015956298
11.31,10.0,11.05127026131807,0.006168358033368331,-1.0227963965393236
11.32,10.0,11.048702739928926,0.007481373054095195,-1.0228984786867237
11.33,10.0,11.046137582956437,0.008776856273581025,-1.0229715755771558
11.34,10.0,11.04357480086051,0.010053637660001386,-1.0230134210173176
11.35,10.0,11.041014403828024,0.01131057102560794,-1.0230218033165883
11.36,10.0,11.038456401766421,0.012546535890601496,-1.0229945732754118
11.37,10.0,11.03590080433979,0.013760433965094932,-1.022929620003218
11.38,10.0,11.033347620893453,0.014951203623237335,-1.0228249480718112
11.39,10.0,11.030796860527847,0.016117810292059092,-1.0226786193298665
11.4,10.0,11.028248532093507,0.0172592489124266,-1.022488763510733
11.41,10.0,11.025702644220406,0.018374538553935487,-1.022253548394655
11.42,10.0,11.023159205270657,0.01946273983665178,-1.0219712615870513
11.43,10.0,11.020618223389434,0.020522943120525432,-1.0216402492408925
11.44,10.0,11.018079706503359,0.02155427161347352,-1.0212589286762004
11.45,10.0,11.01554366233916,0.022555874037801706,-1.0208257551643136
11.46,10.0,11.013010098406983,0.023526944873232144,-1.0203393033658834
11.47,10.0,11.010479022027411,0.024466710483108056,-1.0197982067117017
11.48,10.0,11.007950440334632,0.02537443288189558,-1.0192011711281381
11.49,10.0,11.00542436028195,0.02624940046119332,-1.0185469407700225
11.5,10.0,11.002900788655808,0.027090950818033036,-1.0178343744323115
11.51,10.0,11.000379732079622,0.02789845502027243,-1.0170623894137698
11.52,10.0,10.9978611970224,0.02867132200988504,-1.0162299745838368
11.53,10.0,10.995345189790303,0.029408987480486388,-1.0153361583220288
11.54,10.0,10.992831716569126,0.030110938957967504,-1.0143800754860877
11.55,10.0,10.990320783407128,0.030776698464327276,-1.0133609183394654
11.56,10.0,10.9878123962292,0.03140582750045177,-1.01227794847766
11.57,10.0,10.98530656081512,0.031997914243897474,-1.0111304689286627
11.58,10.0,10.982803282866266,0.03255260046498074,-1.0099178786164025
11.59,10.0,10.980302567970895,0.033069562896278944,-1.0086396324566955
11.6,10.0,10.977804421622277,0.03354851834207984,-1.0072952505011372
11.61,10.0,10.975308849190757,0.03398921127095214,-1.0058842994287893
11.62,10.0,10.9728158559987,0.034391438405625356,-1.0044064261819194
11.63,10.0,10.970325447282814,0.03475503281896999,-1.0028613343595438
11.64,10.0,10.967837628209807,0.0350798672058395,-1.0012487877397405
11.65,10.0,10.965352403847605,0.03536584261602627,-0.9995686005010427
11.66,10.0,10.962869779239085,0.035612910011418704,-0.9978206536992751
11.67,10.0,10.960389759369127,0.035821057628769436,-0.9960048839943099
11.68,10.0,10.957912349175038,0.03599031223958965,-0.9941212838081483
11.69,10.0,10.955437553520182,0.03612072918524563,-0.9921698978838407
11.7,10.0,10.952965377260686,0.036212410717055485,-0.9901508277458291
11.71,10.0,10.950495825221113,0.036265496625533175,-0.9880642278238412
11.72,10.0,10.94802890219885,0.0362801635932681,-0.9859103046202051
11.73,10.0,10.945564612942038,0.036256616593075906,-0.9836893174769372
11.74,10.0,10.943102962206003,0.03619510396567702,-0.981401575239282
11.75,10.0,10.940643954739006,0.036095911164990196,-0.9790474361885408
11.76,10.0,10.938187595280883,0.03595935838946435,-0.9766273076184753
11.77,10.0,10.935733888546087,0.03578579334615352,-0.974141648834653
11.78,10.0,10.9332828392688,0.03557560314595373,-0.971590964185534
11.79,10.0,10.930834452198269,0.035329210885218815,-0.9689758035196974
11.8,10.0,10.928388732092818,0.035047071807802636,-0.9662967632875379
11.81,10.0,10.92594568370787,0.034729667386747126,-0.96355449013382
11.82,10.0,10.923505311830297,0.03437751422595112,-0.9607496731428213
11.83,10.0,10.921067621281805,0.033991163092330176,-0.9578830433382528
11.84,10.0,10.918632616909658,0.03357119391287503,-0.9549553764098171
11.85,10.0,10.916200303578947,0.03311821108217334,-0.951967495450674
11.86,10.0,10.91377068619777,0.03263284965017598,-0.9489202646657127
11.87,10.0,10.911343769726699,0.03211577633756926,-0.9458145874435715
11.88,10.0,10.908919559167414,0.03156768370904934,-0.9426514098235508
11.89,10.0,10.906498059558263,0.030989286579675333,-0.9394317222406237
11.9,10.0,10.904079275992153,0.030381325840129203,-0.9361565552036772
11.91,10.0,10.901663213630393,0.02974457093127851,-0.9328269763673589
11.92,10.0,10.899249877690062,0.029079813556705594,-0.9294440943024078
11.93,10.0,10.89683927344173,0.028387865034183044,-0.9260090582085923
11.94,10.0,10.894431406221901,0.027669558162163346,-0.9225230562124267
11.95,10.0,10.892026281450258,0.02692575059720317,-0.9189873126280972
11.96,10.0,10.889623904615808,0.02615731847618365,-0.9154030902364205
11.97,10.0,10.887224281275959,0.02536515454097193,-0.911771688799643
11.98,10.0,10.884827417064729,0.024550168483168173,-0.9080944447879986
11.99,10.0,10.882433317713401,0.02371329065884675,-0.9043727306158047
12.0,10.0,10.880041989034837,0.022855465984937356,-0.9006079542210088
12.01,10.0,10.877653436923344,0.021977652655015188,-0.8968015568132905
12.02,10.0,10.875267667359143,0.021080821414556854,-0.8929550125727062
12.03,10.0,10.872884686433496,0.020165959059400766,-0.8890698319386701
12.04,10.0,10.870504500329876,0.01923406295280569,-0.8851475572072331
12.05,10.0,10.868127115324434,0.018286140147707,-0.8811897598667819
12.06,10.0,10.865752537786475,0.01732320604329626,-0.8771980394107857
12.07,10.0,10.86338077420995,0.016346287144393998,-0.8731740317728622
12.08,10.0,10.861011831189671,0.015356416517311655,-0.8691194000526394
12.09,10.0,10.858645715422611,0.014354633138079784,-0.8650358324601726
12.1,10.0,10.856282433703392,0.01334198036478196,-0.860925038725366
12.11,10.0,10.853921992964606,0.012319507482086307,-0.8567887645400418
12.12,10.0,10.851564400246069,0.0112882663768619,-0.8526287773067409
12.13,10.0,10.849209662697412,0.010249310941998591,-0.8484468649940737
12.14,10.0,10.84685778756718,0.009203695769502486,-0.8442448295362688
12.15,10.0,10.844508782254575,0.00815247606499521,-0.8400245071943822
12.16,10.0,10.842162654269782,0.007096705779802771,-0.8357877496116188
12.17,10.0,10.839819411238508,0.00603743691515506,-0.8315364239170542
12.18,10.0,10.837479060883139,0.004975718800608915,-0.8272724031089851
12.19,10.0,10.835141611088142,0.003912596034584566,-0.8229975910429772
12.2,10.0,10.832807069849906,0.0028491082600838936,-0.8187139000426029
12.21,10.0,10.830475445283904,0.0017862892333508418,-0.8144232521205303
12.22,10.0,10.828146745596488,0.00072516700283629,-0.8101275668434837
12.23,10.0,10.825820979165501,-0.00033324038904230114,-0.8058287892103806
12.24,10.0,10.823498154478663,-0.0013879233525652434,-0.8015288651971488
12.25,10.0,10.821178280143943,-0.0024378820310242823,-0.7972297440388765
12.26,10.0,10.818861364851038,-0.0034821249621732357,-0.7929333645255205
12.27,10.0,10.816547417467627,-0.0045196757958298,-0.7886416831468317
12.28,10.0,10.814236446966202,-0.005549569884075817,-0.7843566496491157
12.29,10.0,10.811928462437981,-0.006570855999224908,-0.7800802098704338
12.3,10.0,10.809623473043816,-0.0075825936375427914,-0.775814291872873
12.31,10.0,10.807321488125233,-0.008583862250153933,-0.7715608315884239
12.32,10.0,10.805022517120532,-0.00957375595344822,-0.7673217504209653
12.33,10.0,10.802726569582253,-0.010551385747252796,-0.7630989580174727
12.34,10.0,10.800433655118102,-0.011515875326264073,-0.7588943400282488
12.35,10.0,10.798143783514556,-0.012466372831726675,-0.7547097782406311
12.36,10.0,10.79585696464398,-0.013402043713097708,-0.7505471322282524
12.37,10.0,10.7935732084853,-0.014322073482338256,-0.7464082414416815
12.38,10.0,10.791292525056463,-0.015225661962793666,-0.7422949165688273
12.39,10.0,10.789014924547011,-0.01611203748526296,-0.7382089509375653
12.4,10.0,10.786740417218892,-0.01698044798379343,-0.7341521085575877
12.41,10.0,10.784469013428719,-0.01783016419404234,-0.7301261246975734
12.42,10.0,10.78220072355855,-0.01866047284068319,-0.7261327023731283
12.43,10.0,10.779935558143842,-0.019470692106103898,-0.7221735128028328
12.44,10.0,10.77767352778026,-0.020260162107598234,-0.7182501915237225
12.45,10.0,10.775414643140971,-0.021028247859928705,-0.7143643367922472
12.46,10.0,10.77315891491467,-0.021774332335993407,-0.7105175116392886
12.47,10.0,10.770906353913542,-0.022497831420769866,-0.7067112339870363
12.48,10.0,10.768656970999771,-0.02319818550376094,-0.702946979493916
12.49,10.0,10.766410777092048,-0.02387486136805683,-0.6992261789201883
12.5,10.0,10.76416778311332,-0.024527345481754184,-0.6955502247442595
12.51,10.0,10.761928000076987,-0.025155157961101064,-0.6919204533990992
12.52,10.0,10.759691439033048,-0.025757845674454095,-0.6883381522516174
12.53,10.0,10.757458111064938,-0.02633498290198145,-0.6848045571001968
12.54,10.0,10.755228027247622,-0.026886165049382033,-0.6813208626107787
12.55,10.0,10.75300119871177,-0.02741102124769213,-0.6778881992099599
12.56,10.0,10.750777636607813,-0.027909209238718518,-0.6745076411350759
12.57,10.0,10.748557352095178,-0.02838041472401545,-0.6711802062239443
12.58,10.0,10.746340356310533,-0.028824345647271928,-0.6679068679734002
12.59,10.0,10.74412666041122,-0.02924074316105461,-0.6646885306949386
12.6,10.0,10.741916275554054,-0.029629378442120054,-0.6615260354860979
12.61,10.0,10.739709212879676,-0.029990050718499736,-0.6584201637620595
12.62,10.0,10.737505483490215,-0.030322582222770008,-0.6553716497819266
12.63,10.0,10.735305098474376,-0.030626827355363706,-0.6523811563228925
12.64,10.0,10.733108068896875,-0.030902671464504223,-0.6494492768438604
12.65,10.0,10.730914405780982,-0.031150027604406074,-0.6465765431728698
12.66,10.0,10.728724120094403,-0.03136883221966762,-0.643763437877471
12.67,10.0,10.726537222759351,-0.031559052428213746,-0.641010372150312
12.68,10.0,10.724353724647854,-0.03172068669754923,-0.6383176829658446
12.69,10.0,10.722173636565762,-0.03185376044378566,-0.6356856453464061
12.7,10.0,10.719996969245253,-0.031958322468609066,-0.6331144835165858
12.71,10.0,10.717823733343867,-0.03203445037031214,-0.630604352678791
12.72,10.0,10.71565393944067,-0.03208225295780205,-0.6281553305125307
12.73,10.0,10.713487598024926,-0.03210186484831149,-0.6257674338138415
12.74,10.0,10.711324719493433,-0.032093443643610546,-0.6234406279604165
12.75,10.0,10.709165314142778,-0.03205717355326047,-0.6211748134939761
12.76,10.0,10.70700939216148,-0.03199326931192598,-0.6189698118550808
12.77,10.0,10.704856963626252,-0.03190196997248066,-0.6168253861165098
12.78,10.0,10.702708038502314,-0.03178353677798345,-0.6147412483053571
12.79,10.0,10.70056262663307,-0.031638255145997426,-0.6127170511830116
12.8,10.0,10.698420737723893,-0.03146643979423698,-0.6107523689349392
12.81,10.0,10.696282381348388,-0.03126842795496922,-0.6088467210173825
12.82,10.0,10.694147566949885,-0.031044577874172308,-0.6069995772272705
12.83,10.0,10.692016303832489,-0.030795269358733057,-0.605210354839528
12.84,10.0,10.68988860113288,-0.030520909770717197,-0.6034783950958875
12.85,10.0,10.6877644678384,-0.03022192690846306,-0.6018029890600083
12.86,10.0,10.685643912788166,-0.029898768044498387,-0.6001833810012407
12.87,10.0,10.683526944668763,-0.02955189927831368,-0.5986187696090823
12.88,10.0,10.681413571971563,-0.029181812030460066,-0.5971082823059923
12.89,10.0,10.679303803023704,-0.028789015845798894,-0.5956510020384336
12.9,10.0,10.677197645987425,-0.028374037867201034,-0.5942459684354517
12.91,10.0,10.675095108863164,-0.027937421265441006,-0.592892183209436
12.92,10.0,10.672996199430829,-0.027479731850322583,-0.5915885832546692
12.93,10.0,10.67090092529404,-0.02700155105270649,-0.5903340673245694
12.94,10.0,10.668809293876711,-0.02650347572161914,-0.5891274957079204
12.95,10.0,10.666721312435305,-0.02598611592001241,-0.5879676978682156
12.96,10.0,10.664636987983847,-0.02545010127024173,-0.5868534471747431
12.97,10.0,10.66255632735093,-0.02489607436446176,-0.5857834853281645
12.98,10.0,10.660479337172925,-0.024324690768256683,-0.5847565214370292
12.99,10.0,10.658406023916383,-0.02373661647722881,-0.5837712406799866
13.0,10.0,10.656336393787564,-0.0231325336271718,-0.5828262819996581
13.01,10.0,10.654270452801144,-0.02251313456805504,-0.5819202599058855
13.02,10.0,10.6522082067697,-0.0218791219572891,-0.581051762547915
13.03,10.0,10.650149661336428,-0.021231206168213185,-0.5802193606735138
13.04,10.0,10.64809482187106,-0.020570110019778005,-0.5794215900356541
13.05,10.0,10.646043693548437,-0.01989656372859108,-0.5786569687346947
13.06,10.0,10.643996281334445,-0.019211304978994054,-0.5779239958868914
13.07,10.0,10.641952590028291,-0.01851507656154267,-0.577221158667875
13.08,10.0,10.639912624147605,-0.017808629811375123,-0.5765469214663277
13.09,10.0,10.637876388014599,-0.017092720626661666,-0.5758997377129482
13.1,10.0,10.635843885738828,-0.01636810941030097,-0.5752780494705476
13.11,10.0,10.633815121267675,-0.015635559195551266,-0.5746802916736975
13.12,10.0,10.631790098264084,-0.014895837524874308,-0.5741048890295666
13.13,10.0,10.629768820197635,-0.01414971369264658,-0.5735502616414756
13.14,10.0,10.62775129032483,-0.01339795846395632,-0.5730148261427566
13.15,10.0,10.625737511745838,-0.012641342916830483,-0.5724969961321698
13.16,10.0,10.623727487278728,-0.011880638542552046,-0.571995187143763
13.17,10.0,10.621721219552704,-0.011116615836670087,-0.571507816538265
13.18,10.0,10.619718710986655,-0.010350043713548808,-0.571033305587477
13.19,10.0,10.61771996384991,-0.009581689261371137,-0.5705700760960966
13.2,10.0,10.615724980137124,-0.00881231589905838,-0.5701165637262164
13.21,10.0,10.613733761660646,-0.008042683403469007,-0.5696712113375675
13.22,10.0,10.611746310028451,-0.007273546953479511,-0.5692324733447514
13.23,10.0,10.609762626706269,-0.006505657956349889,-0.5687988072593626
13.24,10.0,10.607782712897256,-0.005739760153795079,-0.5683686955524614
13.25,10.0,10.605806569630715,-0.004976591135771676,-0.567940633011851
13.26,10.0,10.603834197741923,-0.004216881037078193,-0.5675131321931346
13.27,10.0,10.601865597925329,-0.0034613541896284404,-0.5670847128212664
13.28,10.0,10.59990077063842,-0.002710723856023899,-0.5666539268880726
13.29,10.0,10.597939716168602,-0.0019656945157398363,-0.5662193447569592
13.3,10.0,10.595982434623352,-0.0012269605962659071,-0.5657795597261774
13.31,10.0,10.594028925972548,-0.0004952086993053675,-0.5653331763454617
13.32,10.0,10.592079189975703,0.00022888851802219045,-0.564878836523576
13.33,10.0,10.590133226228982,0.0009446698187098174,-0.5644152064685741
13.34,10.0,10.588191034164005,0.0016514863413745634,-0.5639409794394687
13.35,10.0,10.58625261308017,0.00234869901219921,-0.5634548640105201
13.36,10.0,10.584317962092722,0.0030356850610126934,-0.5629556093037706
13.37,10.0,10.58238708016341,0.003711835705746957,-0.5624419941780019
13.38,10.0,10.580459966105591,0.004376556570267426,-0.5619128276977818
13.39,10.0,10.578536618607853,0.005029264923505217,-0.5613669382067599
13.4,10.0,10.57661703619977,0.005669396189774566,-0.5608031960123157
13.41,10.0,10.57470121727005,0.006296402216081613,-0.5602205059316354
13.42,10.0,10.572789160075592,0.006909750975268043,-0.5596178053911025
13.43,10.0,10.570880862757853,0.007508923797526454,-0.5589940545005128
13.44,10.0,10.5689763233229,0.008093421529794564,-0.5583482556662958
13.45,10.0,10.567075539650899,0.008662763681896522,-0.5576794496622668
13.46,10.0,10.565178509506863,0.009216487287062586,-0.5569867112887437
13.47,10.0,10.563285230551388,0.009754144265073282,-0.5562691413655791
13.48,10.0,10.561395700331463,0.010275306947425617,-0.555525882088606
13.49,10.0,10.559509916284961,0.010779568318114396,-0.5547561169842226
13.5,10.0,10.557627875751123,0.011266539952953876,-0.5539590644706962
13.51,10.0,10.555749575977131,0.011735849626396956,-0.553133971490702
13.52,10.0,10.553875014116466,0.012187145983105096,-0.5522801251169724
13.53,10.0,10.552004187231505,0.012620100009148285,-0.5513968555675959
13.54,10.0,10.550137092302164,0.013034402019821633,-0.5504835281461595
13.55,10.0,10.548273726229723,0.013429759594543178,-0.5495395388979603
13.56,10.0,10.546414085839782,0.0138059012396535,-0.5485643221743359
13.57,10.0,10.54455816788552,0.014162579148174674,-0.5475573562690421
13.58,10.0,10.542705969053351,0.014499565251683302,-0.5465181544468791
13.59,10.0,10.540857485965175,0.014816649540394598,-0.5454462621289693
13.6,10.0,10.539012715183508,0.015113642624714369,-0.5443412612936847
13.61,10.0,10.537171653217275,0.015390379768536359,-0.5432027776588697
13.62,10.0,10.53533429652375,0.015646716063022474,-0.5420304714139945
13.63,10.0,10.53350064150708,0.015882523378105837,-0.5408240332203
13.64,10.0,10.531670684524991,0.01609769253008304,-0.5395831870208383
13.65,10.0,10.529844421903514,0.0162921415070719,-0.5383077023141247
13.66,10.0,10.528021849928924,0.01646580641257259,-0.5369973802544266
13.67,10.0,10.52620296485527,0.016618644220620524,-0.5356520577534098
13.68,10.0,10.524387762908297,0.016750632825135302,-0.5342716071635039
13.69,10.0,10.522576240289396,0.01686177108926955,-0.5328559362188798
13.7,10.0,10.520768393179557,0.016952078894757822,-0.5314049879674769
13.71,10.0,10.518964217737546,0.017021596031463714,-0.5299187434713275
13.72,10.0,10.517163710106347,0.01707038275229451,-0.5283972202559966
13.73,10.0,10.515366866432137,0.01709852284344613,-0.5268404650027776
13.74,10.0,10.51357368285002,0.017106120008255964,-0.5252485624425738
13.75,10.0,10.511784155493771,0.01709329909004814,-0.5236216320478633
13.76,10.0,10.509998280499774,0.017060206112368623,-0.5219598282615436
13.77,10.0,10.508216054010887,0.017007008319220352,-0.5202633401277978
13.78,10.0,10.506437472159012,0.016933882716818296,-0.5185323778421811
13.79,10.0,10.504662530926927,0.016840939610018268,-0.5167670827150204
13.8,10.0,10.502891226574992,0.01672845033843139,-0.5149677945848445
13.81,10.0,10.501123555273427,0.016596647187560508,-0.5131348165435199
13.82,10.0,10.4993595132127,0.01644578077483472,-0.5112684822345663
13.83,10.0,10.497599096607045,0.016276119887192544,-0.5093691555249471
13.84,10.0,10.495842301697994,0.01608795131866493,-0.5074372301493248
13.85,10.0,10.494089124757883,0.015881579707958404,-0.5054731292908237
13.86,10.0,10.49233956194465,0.01565728214559114,-0.5034772897215127
13.87,10.0,10.490593609628169,0.015415406178201968,-0.5014501952856989
13.88,10.0,10.488851264187062,0.01515630678446013,-0.49939235495699563
13.89,10.0,10.487112522019238,0.014880348349114335,-0.49730430310178875
13.9,10.0,10.485377379566566,0.014587910929897427,-0.49518660144746107
13.91,10.0,10.48364583331813,0.014279390015563883,-0.4930398386571788
13.92,10.0,10.481917879813489,0.013955196283927034,-0.4908646299403898
13.93,10.0,10.480193515472365,0.013615706495709076,-0.4886615796733942
13.94,10.0,10.478472736833124,0.013261329466864081,-0.48643133133614214
13.95,10.0,10.476755540660694,0.01289253529899424,-0.4841745891334668
13.96,10.0,10.475041923670037,0.01250977636090975,-0.4818920583601276
13.97,10.0,10.473331882634849,0.012113516737998258,-0.4795844671409526
13.98,10.0,10.471625414390378,0.011704231859396633,-0.4772525662858804
13.99,10.0,10.469922515836197,0.011282408125163429,-0.4748971285147192
14.0,10.0,10.468223183867146,0.010848529877910148,-0.47251893948836354
14.01,10.0,10.46652741528648,0.010403063249938251,-0.4701187862837166
14.02,10.0,10.46483520730608,0.009946543366027913,-0.4676975174724838
14.03,10.0,10.463146557057028,0.009479487306349297,-0.46525598285122527
14.04,10.0,10.461461461741187,0.009002419931982357,-0.46279505096234175
14.05,10.0,10.459779918633554,0.008515873433356434,-0.46031560854590836
14.06,10.0,10.458101925084618,0.008020386878690252,-0.45781856013880784
14.07,10.0,10.456427478522706,0.007516505762431067,-0.4553048275248486
14.08,10.0,10.454756576085027,0.007004734462081317,-0.4527752792649089
14.09,10.0,10.453089215509552,0.006485648605021769,-0.4502308975799778
14.1,10.0,10.451425394419315,0.005959803547833763,-0.4476726426728952
14.11,10.0,10.449765110509256,0.005427757321959514,-0.44510148706953956
14.12,10.0,10.448108361554828,0.004890070978815901,-0.4425184160738631
14.13,10.0,10.446455145413852,0.00434730807280376,-0.4399244273203067
14.14,10.0,10.444805460028329,0.003800034144317636,-0.43732052997129855
14.15,10.0,10.443159303207056,0.003248801411685885,-0.43470770110756973
14.16,10.0,10.44151667302782,0.002694175265795996,-0.4320869638398719
14.17,10.0,10.439877567719247,0.002136725657833068,-0.42945936307168253
14.18,10.0,10.438241985519046,0.001577016895383951,-0.42682593659653634
14.19,10.0,10.436609924750234,0.001015612143959226,-0.42418772915213765
14.2,10.0,10.434981383822507,0.0004530728785438204,-0.42154579171084094
14.21,10.0,10.433356361185279,-0.00011004284226690368,-0.41890117199254817
14.22,10.0,10.431734855008013,-0.0006731887492967828,-0.41625485605458934
14.23,10.0,10.430116864130138,-0.0012358077934270576,-0.413607938273195
14.24,10.0,10.4285023872354,-0.0017973528497372134,-0.41096147180059006
14.25,10.0,10.426891423088323,-0.002357281536082595,-0.40831651006291025
14.26,10.0,10.425283970534805,-0.0029150567807720825,-0.4056741060251987
14.27,10.0,10.423680028502686,-0.003470147390245761,-0.40303531131192116
14.28,10.0,10.422079595834308,-0.004022017535371173,-0.40040115649237507
14.29,10.0,10.420482671513208,-0.0045701422308280955,-0.39777267574069697
14.3,10.0,10.41888925475107,-0.005114013603275691,-0.3951509151666457
14.31,10.0,10.417299344741958,-0.005653125207325259,-0.3925369049001688
14.32,10.0,10.415712940754903,-0.006186978664317824,-0.3899316682478329
14.33,10.0,10.414130042133884,-0.0067150841897065045,-0.38733622082705566
14.34,10.0,10.412550648296504,-0.007236960995365581,-0.3847515696379986
14.35,10.0,10.410974758581899,-0.007752123218750916,-0.38217869597635357
14.36,10.0,10.409402372615368,-0.008260115464298135,-0.3796185928127507
14.37,10.0,10.40783349001057,-0.00876048473709463,-0.37707223284758484
14.38,10.0,10.406268110451284,-0.009252788827523256,-0.3745405758342635
14.39,10.0,10.40470623369111,-0.009736596809464723,-0.37202456789658456
14.4,10.0,10.403147859553101,-0.01021148953850091,-0.3695251404057789
14.41,10.0,10.401592987746996,-0.010677046686495462,-0.36704320182937167
14.42,10.0,10.40004161799821,-0.011132856783680669,-0.3645796419415337
14.43,10.0,10.398493750413092,-0.011578544695582752,-0.3621353453952665
14.44,10.0,10.396949384991673,-0.012013736190660424,-0.3597111713135899
14.45,10.0,10.395408521787028,-0.012438070221516166,-0.3573079588427195
14.46,10.0,10.39387116090396,-0.01285119935318599,-0.35492652595009133
14.47,10.0,10.39233730249775,-0.013252790191428802,-0.3525676687005568
14.48,10.0,10.390806946558147,-0.013642498902181714,-0.35023216862989415
14.49,10.0,10.389280093380282,-0.014020026422352509,-0.3479207728931488
14.5,10.0,10.387756743235188,-0.014385080811132791,-0.34563420642885667
14.51,10.0,10.386236896412843,-0.014737382820190787,-0.3433731693099613
14.52,10.0,10.384720553239326,-0.015076668463605787,-0.3411383348221335
14.53,10.0,10.383207714075052,-0.015402689388713052,-0.3389303485858868
14.54,10.0,10.381698379220053,-0.01571519872650077,-0.3367498455227036
14.55,10.0,10.380192548879247,-0.01601394631262191,-0.3345974553259765
14.56,10.0,10.378690223580785,-0.016298744702708652,-0.3324737201716932
14.57,10.0,10.377191403736077,-0.016569401078060944,-0.3303791784230956
14.58,10.0,10.375696089771504,-0.01682573847177093,-0.3283143379301059
14.59,10.0,10.374204282125964,-0.017067596033712645,-0.3262796753053916
14.6,10.0,10.372715981248389,-0.017294829295531538,-0.3242756347212534
14.61,10.0,10.37123118750871,-0.017507279685196935,-0.3223026893805656
14.62,10.0,10.369749901365545,-0.017704835209037945,-0.32036121872845236
14.63,10.0,10.36827212327958,-0.017887400831656877,-0.3184515680124793
14.64,10.0,10.366797853689688,-0.01805489113645225,-0.3165740625525899
14.65,10.0,10.365327093028727,-0.01820723706872507,-0.3147289940188909
14.66,10.0,10.363859841720833,-0.018344386116051287,-0.31291661964645456
14.67,10.0,10.362396100151738,-0.018466292701774478,-0.31113718078490216
14.68,10.0,10.360935868596414,-0.018572893110029232,-0.3093909517903395
14.69,10.0,10.359479147480545,-0.018664201441989377,-0.3076780514851247
14.7,10.0,10.358025937135036,-0.018740221770146108,-0.30599861507120174
14.71,10.0,10.356576237863763,-0.0188009738542279,-0.30435274357215825
14.72,10.0,10.355130049940533,-0.018846493206996613,-0.30274050302222477
14.73,10.0,10.353687373606112,-0.01887683116004367,-0.30116192448088874
14.74,10.0,10.35224820906189,-0.018892030084439543,-0.2996170727249936
14.75,10.0,10.350812556472304,-0.01889216437172141,-0.29810593146992126
14.76,10.0,10.349380415961106,-0.018877335086797543,-0.29662841807893514
14.77,10.0,10.347951787605528,-0.018847648635596494,-0.2951844430499726
14.78,10.0,10.346526671434486,-0.018803226253838016,-0.2937738828693952
14.79,10.0,10.345105067425603,-0.0187442039892768,-0.29239658028241244
14.8,10.0,10.343686975501987,-0.01867072887058182,-0.2910523536326224
14.81,10.0,10.34227239552751,-0.018582919987957518,-0.2897410978875392
14.82,10.0,10.340861327308449,-0.01848097451534278,-0.2884625088471289
14.83,10.0,10.339453770586488,-0.01836507755675266,-0.2872163170874238
14.84,10.0,10.338049725036818,-0.018235427378955497,-0.28600222219986726
14.85,10.0,10.336649190265117,-0.01809223529115765,-0.2848198929186214
14.86,10.0,10.335252165804505,-0.017935725524688206,-0.28366896701027855
14.87,10.0,10.333858651175264,-0.017766117832187508,-0.28254910642409037
14.88,10.0,10.332468645807118,-0.017583647941360497,-0.28145993185856
14.89,10.0,10.331082148982054,-0.017388582349563073,-0.280400975298841
14.9,10.0,10.329699159940512,-0.017181188119840016,-0.27937177585783957
14.91,10.0,10.32831967783942,-0.016961743486116808,-0.2783718456231945
14.92,10.0,10.32694370174945,-0.016730537659453933,-0.27740067013877656
14.93,10.0,10.32557123065222,-0.016487870634301027,-0.27645770834947037
14.94,10.0,10.324202263602546,-0.016234012616208077,-0.275542506054574
14.95,10.0,10.322836799340447,-0.01596929811358044,-0.2746544325855478
14.96,10.0,10.321474836593763,-0.0156940509988576,-0.27379288993247997
14.97,10.0,10.320116373997966,-0.01540860326766809,-0.27295726008190435
14.98,10.0,10.318761410091145,-0.01511329539694571,-0.27214690384630735
14.99,10.0,10.317409943311581,-0.014808476068353392,-0.2713611612418756
15.0,10.0,10.316061972089445,-0.014494492686264767,-0.270599385589696
15.01,10.0,10.314717494799254,-0.014171695514553084,-0.26986092796742867
15.02,10.0,10.313376509517727,-0.013840460845769252,-0.2691450523464738
15.03,10.0,10.312039014314125,-0.013501162092316018,-0.26845104046005375
15.04,10.0,10.310705007154041,-0.013154178681165864,-0.2677781587982899
15.05,10.0,10.309374485897507,-0.012799895725330523,-0.26712565926703213
15.06,10.0,10.308047448297128,-0.01243870369533089,-0.26649278014181554
15.07,10.0,10.306723892229003,-0.01207097742219524,-0.2658788030886683
15.08,10.0,10.305403815192118,-0.011697120040709183,-0.26528293290078686
15.09,10.0,10.304087214630657,-0.011317533879454882,-0.264704376695704
15.1,10.0,10.30277408790992,-0.010932622105469003,-0.26414233957331845
15.11,10.0,10.301464432287288,-0.010542790803205018,-0.2635960184812234
15.12,10.0,10.300158244910898,-0.010148448596097821,-0.26306460314705404
15.13,10.0,10.29885552289657,-0.009750003861932102,-0.2625472837332765
15.14,10.0,10.297556263388,-0.00934786246262938,-0.26204325708775933
15.15,10.0,10.29626046312177,-0.008942440700592058,-0.26155168968885434
15.16,10.0,10.294968118859932,-0.008534151597910298,-0.26107175639517877
15.17,10.0,10.293679227258481,-0.008123408521288955,-0.26060262994217887
15.18,10.0,10.292393784866656,-0.0077106247840149815,-0.2601434817104398
15.19,10.0,10.291111788126269,-0.007296213247924811,-0.2596934828659929
15.2,10.0,10.289833233580197,-0.006880581560737203,-0.2592518132678592
15.21,10.0,10.288558117476645,-0.006464140000367191,-0.25881764703958154
15.22,10.0,10.287286435933863,-0.00604729762526643,-0.2583901595999176
15.23,10.0,10.286018185022076,-0.005630460153425139,-0.2579685322715548
15.24,10.0,10.28475336071022,-0.005214030660614963,-0.25755195077009674
15.25,10.0,10.28349195886587,-0.004798409169708552,-0.2571396063225784
15.26,10.0,10.282233975297833,-0.004383993168432704,-0.25673069402405346
15.27,10.0,10.280979405913017,-0.003971180613021313,-0.25632440474279683
15.28,10.0,10.279728246187949,-0.0035603580230139592,-0.25591995655722144
15.29,10.0,10.278480491642538,-0.003151910378488324,-0.25551656830267966
15.3,10.0,10.277236137703976,-0.002746217750550354,-0.2551134683195073
15.31,10.0,10.275995179707246,-0.00234365490355,-0.2547098953886273
15.32,10.0,10.274757612895632,-0.0019445908972962357,-0.2543050996380689
15.33,10.0,10.273523432565957,-0.0015493946586970244,-0.2538983177587326
15.34,10.0,10.272292633846204,-0.0011584253908061256,-0.25348881344466
15.35,10.0,10.271065211690907,-0.0007720319649803684,-0.253075878951984
15.36,10.0,10.269841161036151,-0.00039055889386520223,-0.2526588089271051
15.37,10.0,10.268620476736988,-1.4343332089842025e-05,-0.2522369122689767
15.38,10.0,10.26740315356847,0.0003562853002092196,-0.2518095130480571
15.39,10.0,10.266189186237591,0.0007210046640745145,-0.25137594811017294
15.4,10.0,10.264978569570276,0.0010794823515213215,-0.2509355152322552
15.41,10.0,10.26377129803243,0.0014314214999553753,-0.2504876099117208
15.42,10.0,10.262567366132327,0.0017765233392281227,-0.2500316124358175
15.43,10.0,10.26136676831009,0.0021144980828128445,-0.24956692034472994
15.44,10.0,10.26016949893914,0.0024450652625746237,-0.24909294902108847
15.45,10.0,10.258975552327662,0.002767954063540318,-0.24860913230405224
15.46,10.0,10.25778492279395,0.003082892850498393,-0.24811489734764436
15.47,10.0,10.256597604591748,0.0033896206396537604,-0.24760969187382287
15.48,10.0,10.255413591819961,0.0036879008622543335,-0.24709301732340805
15.49,10.0,10.254232878575502,0.003977499547983558,-0.24656437625205818
15.5,10.0,10.253055458902649,0.0042581932830839326,-0.24602329117284683
15.51,10.0,10.251881326794852,0.004529769495816306,-0.2454693051704755
15.52,10.0,10.250710476196545,0.004792026741919137,-0.24490198254111561
15.53,10.0,10.249542901115218,0.0050447455341918425,-0.24432083959593243
15.54,10.0,10.24837859537098,0.005287756004769751,-0.243725504547756
15.55,10.0,10.247217552790016,0.005520887000756972,-0.24311559713897424
15.56,10.0,10.246059767164802,0.0057439774745858384,-0.24249075530193132
15.57,10.0,10.244905232251604,0.005956877920514925,-0.24185063847014376
15.58,10.0,10.243753941772525,0.0061594505970363955,-0.24119492805556497
15.59,10.0,10.242605889439098,0.006351558925976552,-0.2405233021901303
15.6,10.0,10.241461068949759,0.006533070011937797,-0.2398354416403521
15.61,10.0,10.240319473923329,0.006703889275924969,-0.23913111148028854
15.62,10.0,10.239181097979193,0.006863921448060366,-0.23841006868224746
15.63,10.0,10.238045934714844,0.007013083099185851,-0.2376720918163091
15.64,10.0,10.236913977708044,0.0071513027964872624,-0.23691698122956595
15.65,10.0,10.235785220518988,0.007278521259119088,-0.23614455917120836
15.66,10.0,10.234659656708377,0.0073946627437701555,-0.23535462139369834
15.67,10.0,10.233537279806539,0.007499695050622387,-0.23454703884706696
15.68,10.0,10.232418083335393,0.007593593829717545,-0.23372169711156587
15.69,10.0,10.23130206081101,0.007676342049094821,-0.23287849554686524
15.7,10.0,10.2301892057434,0.007747934445403538,-0.2320173546398916
15.71,10.0,10.229079511638739,0.007808377606694285,-0.23113821634435538
15.72,10.0,10.227972971997298,0.007857682282251728,-0.23024103315042233
15.73,10.0,10.226869580309982,0.007895853204157515,-0.22932575353430984
15.74,10.0,10.225769330089722,0.007922942064215665,-0.22839239710952342
15.75,10.0,10.224672214845524,0.00793899651643755,-0.22744098242444188
15.76,10.0,10.223578228093018,0.007944075379401292,-0.22647154849077467
15.77,10.0,10.222487363356619,0.007938248647507204,-0.22548415468150118
15.78,10.0,10.22139961417171,0.007921597502233214,-0.224478880847494
15.79,10.0,10.220314974051318,0.007894191255168222,-0.22345578759180995
15.8,10.0,10.219233436552372,0.007856129004645022,-0.22241498804293514
15.81,10.0,10.218154995256812,0.007807525952113469,-0.22135662430436653
15.82,10.0,10.217079643754042,0.007748500603536886,-0.22028084540042947
15.83,10.0,10.216007375653577,0.0076791815918548665,-0.2191878189279226
15.84,10.0,10.214938184587124,0.007599707617710672,-0.2180777311115598
15.85,10.0,10.213872064201016,0.0075102236053069356,-0.21695078098895948
15.86,10.0,10.2128090081079,0.007410860816551916,-0.21580715122274796
15.87,10.0,10.211749010043384,0.007301797621215706,-0.214647097503736
15.88,10.0,10.210692063732468,0.007183206064499159,-0.2134708699031176
15.89,10.0,10.209638162930167,0.0070552669805254865,-0.21227873509573314
15.9,10.0,10.20858730142341,0.00691816986872997,-0.211070976148239
15.91,10.0,10.207539473032947,0.00677211277024986,-0.20984789235835777
15.92,10.0,10.206494671559202,0.00661728702885867,-0.208609785479128
15.93,10.0,10.20545289086387,0.006453898658739614,-0.20735697887483795
15.94,10.0,10.204414124889468,0.006282172987513718,-0.2060898213820419
15.95,10.0,10.203378367588671,0.006102334954637328,-0.20480866984938828
15.96,10.0,10.202345612954135,0.005914616521060693,-0.20351389546677012
15.97,10.0,10.201315855020184,0.0057192564881945645,-0.20220588362517056
15.98,10.0,10.200289087861396,0.005516499729636329,-0.20088503278856784
15.99,10.0,10.19926530547933,0.005306575295886786,-0.1995517216060243
16.0,10.0,10.19824450208749,0.005089749740641084,-0.19820638905187593
16.01,10.0,10.197226671879626,0.004866282854610583,-0.19684946794685843
16.02,10.0,10.19621180909581,0.004636439648988104,-0.1954814029406471
16.03,10.0,10.195199908023897,0.0044004901272363785,-0.19410265034092333
16.04,10.0,10.194190963000935,0.004158709056877551,-0.19271367756578428
16.05,10.0,10.193184968356846,0.003911368386922116,-0.19131494512428304
16.06,10.0,10.19218191846489,0.0036587432612507674,-0.18990692135721865
16.07,10.0,10.191181807839776,0.003401124092566577,-0.18849011221142398
16.08,10.0,10.190184631000445,0.0031387986875063257,-0.18706501788299512
16.09,10.0,10.1891903825178,0.0028720579117165437,-0.185632146746169
16.1,10.0,10.188199057015886,0.0026011954254719855,-0.1841920151709644
16.11,10.0,10.187210649173023,0.0023265074192931703,-0.18274514692678423
16.12,10.0,10.186225153584179,0.0020482817915419083,-0.1812920569158365
16.13,10.0,10.185242565072524,0.0017668214964001183,-0.1798332864359189
16.14,10.0,10.184262878466182,0.0014824272091043917,-0.17836937693303945
16.15,10.0,10.183286088638008,0.001195399999936103,-0.17690087405172683
16.16,10.0,10.182312190515947,0.0009060417689587859,-0.17542832838873323
16.17,10.0,10.18134117908386,0.0006146549580262474,-0.17395229484013264
16.18,10.0,10.180373049333369,0.00032154066390954517,-0.172473329279752
16.19,10.0,10.17940779625963,2.6998185717539923e-05,-0.1709919875394732
16.2,10.0,10.17844541505462,-0.00026866898716426126,-0.16950883749512435
16.21,10.0,10.177485900900567,-0.0005651602277747407,-0.16802444529187
16.22,10.0,10.176529249034681,-0.0008621759753793082,-0.16653937878903058
16.23,10.0,10.175575454749703,-0.0011594180343236405,-0.1650542075338084
16.24,10.0,10.174624513394372,-0.0014565898728857321,-0.1635695018129688
16.25,10.0,10.17367642024446,-0.0017533962018858042,-0.16208580848610055
16.26,10.0,10.172731170764068,-0.002049544723895908,-0.16060369885347292
16.27,10.0,10.171788760465217,-0.0023447456484633543,-0.1591237418845033
16.28,10.0,10.170849184888604,-0.0026387118809992212,-0.15764650029409566
16.29,10.0,10.169912439628028,-0.002931159454639932,-0.15617253444580825
16.3,10.0,10.16897852033054,-0.0032218078271863564,-0.1547024017054479
16.31,10.0,10.168047422663577,-0.0035103788395983767,-0.1532366536035692
16.32,10.0,10.16711914224903,-0.00379659433898623,-0.1517758298497327
16.33,10.0,10.16619367494146,-0.004080187729022763,-0.15032047970914775
16.34,10.0,10.16527101656788,-0.004360893727621297,-0.14887114108517352
16.35,10.0,10.164351163004042,-0.004638451745240174,-0.14742834590676956
16.36,10.0,10.163434110174268,-0.004912606167702352,-0.1459926196435628
16.37,10.0,10.162519854051261,-0.005183106639014958,-0.14456448070850847
16.38,10.0,10.16160839055093,-0.005449700565575822,-0.14314445411153542
16.39,10.0,10.160699715712207,-0.00571214673474995,-0.14173304652888596
16.4,10.0,10.15979382565718,-0.005970212656336753,-0.14033075121218985
16.41,10.0,10.158890716514167,-0.006223669160848517,-0.13893805771491863
16.42,10.0,10.157990384453592,-0.0064722933538875135,-0.13755544645890438
16.43,10.0,10.157092825687483,-0.006715868873821867,-0.13618338832589139
16.44,10.0,10.156198036454423,-0.006954184549410179,-0.13482234499303303
16.45,10.0,10.155306012908218,-0.007187022438456052,-0.13347277539345903
16.46,10.0,10.154416751432889,-0.0074141928752126385,-0.132135115352499
16.47,10.0,10.153530248370657,-0.007635504791847599,-0.13080979419542516
16.48,10.0,10.15264650009792,-0.00785077441067124,-0.12949722943730357
16.49,10.0,10.1517655030244,-0.008059825466963528,-0.12819782620229603
16.5,10.0,10.150887253592332,-0.0082624894318024,-0.12691197690281264
16.51,10.0,10.150011748207383,-0.008458595248637011,-0.12564006237360736
16.52,10.0,10.149138983325846,-0.008647983085048534,-0.1243824491944121
16.53,10.0,10.148268955496578,-0.00883051113322205,-0.12313948794066398
16.54,10.0,10.147401661254506,-0.00900603958927656,-0.12191151563277813
16.55,10.0,10.146537097158532,-0.0091744368325594,-0.12069885414140735
16.56,10.0,10.145675259790423,-0.009335579605949862,-0.11950180971381386
16.57,10.0,10.14481614575359,-0.00948935317451345,-0.1183206725465169
16.58,10.0,10.143959751559477,-0.009635627362861148,-0.11715576905599434
16.59,10.0,10.143106073892826,-0.00977431389891525,-0.1160073365419656
16.6,10.0,10.142255109394034,-0.009905320130428281,-0.11487562411264385
16.61,10.0,10.141406854717394,-0.010028561939274238,-0.11376086451115341
16.62,10.0,10.140561306529744,-0.010143963873409064,-0.11266327365754414
16.63,10.0,10.139718461509137,-0.010251459278830656,-0.11158305031895388
16.64,10.0,10.138878316313459,-0.010350980722201603,-0.11052040040478062
16.65,10.0,10.138040867598352,-0.010442466344045212,-0.10947552090262569
16.66,10.0,10.137206112080879,-0.010525881012203512,-0.10844854574667195
16.67,10.0,10.136374046454103,-0.010601189269119677,-0.10743961479156816
16.68,10.0,10.135544667413113,-0.010668364310339877,-0.1064488508533099
16.69,10.0,10.134717971653544,-0.010727388064756205,-0.10547635970162972
16.7,10.0,10.13389395587004,-0.010778251274849372,-0.10452222940248568
16.71,10.0,10.133072616718385,-0.010820930904787794,-0.1035865553278974
16.72,10.0,10.132253950893412,-0.010855439687947017,-0.10266938537384718
16.73,10.0,10.131437955073384,-0.010881792489820305,-0.10177075694867987
16.74,10.0,10.130624625924753,-0.010900010301738384,-0.10089069217182711
16.75,10.0,10.129813960104157,-0.010910122481225658,-0.10002919551524236
16.76,10.0,10.129005954256817,-0.010912166779208955,-0.09918625345053123
16.77,10.0,10.128200605014035,-0.01090618248017319,-0.09836184795893033
16.78,10.0,10.127397908991176,-0.010892207121363675,-0.09755596305179992
16.79,10.0,10.126597862790513,-0.010870309702856469,-0.09676851847030399
16.8,10.0,10.125800462995088,-0.010840556577261516,-0.09599943750596207
16.81,10.0,10.1250057061685,-0.010803021824887469,-0.09524862613428464
16.82,10.0,10.124213588853316,-0.01075778722903078,-0.09451597293096015
16.83,10.0,10.123424107569491,-0.010704942251264947,-0.09380134910355231
16.84,10.0,10.122637258837814,-0.010644566516307786,-0.09310467558975422
16.85,10.0,10.121853039129682,-0.010576763746584337,-0.09242579230685877
16.86,10.0,10.121071444888488,-0.010501645700410595,-0.0917645198916599
16.87,10.0,10.12029247253534,-0.01041932703908144,-0.0911206792474264
16.88,10.0,10.119516118461876,-0.010329929201883699,-0.09049407629045536
16.89,10.0,10.118742379028758,-0.010233580332481678,-0.08988450227910683
16.9,10.0,10.117971250575838,-0.01013041164624299,-0.08929174173162568
16.91,10.0,10.117202729454407,-0.010020547083304177,-0.0887155955583454
16.92,10.0,10.116436811902735,-0.00990414064016971,-0.0881557975566789
16.93,10.0,10.115673494156642,-0.009781342191811484,-0.08761209073717513
16.94,10.0,10.11491277241556,-0.00965230727782499,-0.08708420534368333
16.95,10.0,10.114154642841168,-0.009517196984982913,-0.08657185912961651
16.96,10.0,10.113399101556015,-0.009376177829788074,-0.08607475755079363
16.97,10.0,10.112646144702824,-0.009229410745747726,-0.08559260223370124
16.98,10.0,10.111895768345128,-0.009077068557250661,-0.08512507774779987
16.99,10.0,10.111147968474498,-0.008919334320685035,-0.08467185315168368
17.0,10.0,10.110402741065183,-0.008756391145853215,-0.08423258968456526
17.01,10.0,10.109660082048697,-0.008588426396732733,-0.08380693775074821
17.02,10.0,10.108919987312632,-0.00841563153671056,-0.08339453705392241
17.03,10.0,10.10818245270804,-0.00823820099592299,-0.08299502153193394
17.04,10.0,10.107447474148627,-0.00805632048307858,-0.08260807086738708
17.05,10.0,10.106715047340817,-0.007870197706280025,-0.08223327263235003
17.06,10.0,10.10598516800984,-0.007680036111757085,-0.08187023929507653
17.07,10.0,10.105257831835072,-0.007486042024162697,-0.08151857599646029
17.08,10.0,10.104533034449116,-0.007288424462400531,-0.081177880767072
17.09,10.0,10.103810771436885,-0.007087394955451445,-0.0808477449470093
17.1,10.0,10.103091038401432,-0.006883162586822841,-0.08052777955523549
17.11,10.0,10.102373830886778,-0.006675939262294513,-0.08021758593394246
17.12,10.0,10.10165914431181,-0.006465944186007847,-0.07991673061483073
17.13,10.0,10.100946974091734,-0.006253394928825572,-0.07962479353558649
17.14,10.0,10.100237315594034,-0.006038510326595917,-0.07934135149494015
17.15,10.0,10.099530164137855,-0.005821510275258214,-0.0790659786262804
17.16,10.0,10.098825514993383,-0.005602615525947312,-0.07879824697967397
17.17,10.0,10.09812336352959,-0.005382041979832627,-0.07853770001299498
17.18,10.0,10.097423704869314,-0.005160013246503546,-0.0782839154753523
17.19,10.0,10.096726534158158,-0.004936750447766023,-0.07803645705259399
17.2,10.0,10.096031846498407,-0.004712474439252145,-0.07779488667647438
17.21,10.0,10.095339636945242,-0.004487405723393744,-0.07755876573729914
17.22,10.0,10.094649900506393,-0.004261764233095444,-0.07732765518515983
17.23,10.0,10.093962632194886,-0.004035768748080767,-0.07710111367548489
17.24,10.0,10.093277827007459,-0.003809636825652569,-0.07687869867686636
17.25,10.0,10.092595479779321,-0.0035835855886113105,-0.07665997457068574
17.26,10.0,10.09191558535679,-0.003357830310562272,-0.07644450400585434
17.27,10.0,10.091238138541966,-0.003132584580865869,-0.07623185138643951
17.28,10.0,10.0905631340927,-0.002908060086179544,-0.07602158305502815
17.29,10.0,10.089890566722604,-0.002684466392000467,-0.0758132678436807
17.3,10.0,10.08922043121946,-0.0024620135662278262,-0.07560651604756785
17.31,10.0,10.088552722193773,-0.002240905926486278,-0.0754008977813676
17.32,10.0,10.087887434238404,-0.002021345652531795,-0.07519599557191015
17.33,10.0,10.087224561921543,-0.0018035323997582836,-0.07499140236396507
17.34,10.0,10.086564099771737,-0.0015876627213076,-0.07478671710030049
17.35,10.0,10.085906042278166,-0.0013739298565755436,-0.07458154520023186
17.36,10.0,10.085250383922077,-0.001162525337219824,-0.07437549133427535
17.37,10.0,10.08459711920635,-0.0009536404848954701,-0.07416815268430454
17.38,10.0,10.08394624247182,-0.0007474554643365546,-0.07395916500490252
17.39,10.0,10.0832977480795,-0.0005441496888639175,-0.0737481581571382
17.4,10.0,10.082651630356509,-0.00034389843724822963,-0.07353476991259278
17.41,10.0,10.08200788359661,-0.00014687265757295254,-0.07331864645438646
17.42,10.0,10.081366502060769,4.6761228901621536e-05,-0.07309944280665448
17.43,10.0,10.080727480054152,0.000236833770342303,-0.07287676708100133
17.44,10.0,10.080090811784217,0.0004231871272007907,-0.07265028564975129
17.45,10.0,10.079456491417144,0.0006056696000831939,-0.07241968241359942
17.46,10.0,10.078824513112306,0.0007841323877733207,-0.072184634503345
17.47,10.0,10.078194871002562,0.0009584318344831787,-0.07194482733295882
17.48,10.0,10.07756755919505,0.0011284296031472659,-0.07169995504264293
17.49,10.0,10.076942571783945,0.0012939908773969557,-0.07144972247475767
17.5,10.0,10.076319902900476,0.0014549764460605504,-0.07119385258994004
17.51,10.0,10.075699546553041,0.0016112692671705977,-0.07093206330106838
17.52,10.0,10.075081496771046,0.001762751142054906,-0.07066408876681773
17.53,10.0,10.074465747564714,0.0019093096129717325,-0.07038967342734814
17.54,10.0,10.07385229292605,0.0020508381073509516,-0.07010857246446989
17.55,10.0,10.0732411268298,0.002187236082036008,-0.0698205521929216
17.56,10.0,10.072632243269366,0.002318399861911675,-0.06952539498321908
17.57,10.0,10.072025636205142,0.002444236783726231,-0.06922289251439473
17.58,10.0,10.071421299561237,0.0025646664533020246,-0.06891284514043683
17.59,10.0,10.070819227266202,0.002679610319217956,-0.06859506797599657
17.6,10.0,10.070219413238066,0.002788996047974348,-0.06826938894336809
17.61,10.0,10.069621851385397,0.0028927576343751797,-0.06793564899714255
17.62,10.0,10.069026535610064,0.002990834739557305,-0.06759369801125548
17.63,10.0,10.068433459842987,0.0030831567597749306,-0.06724330141177237
17.64,10.0,10.067842617957048,0.003169683714133712,-0.0668843785352653
17.65,10.0,10.067254003841542,0.0032503724185655963,-0.06651680485448441
17.66,10.0,10.066667611382911,0.003325186006866049,-0.06614046723998879
17.67,10.0,10.06608343446589,0.0033940940040147072,-0.06575526399700582
17.68,10.0,10.065501466974668,0.0034570723994963434,-0.06536110501128523
17.69,10.0,10.064921702800456,0.0035140954468512887,-0.06495789027900756
17.7,10.0,10.064344135836397,0.003565143813458493,-0.06454553118843531
17.71,10.0,10.063768759969891,0.0036102159969177024,-0.06412397978869055
17.72,10.0,10.063195569097605,0.0036493105765181173,-0.06369318282592307
17.73,10.0,10.062624557121904,0.0036824323595265936,-0.06325309754905994
17.74,10.0,10.062055717952036,0.003709592415881842,-0.06280369166520572
17.75,10.0,10.061489045505315,0.003730808112888832,-0.06234494329068596
17.76,10.0,10.060924533699998,0.00374608539663882,-0.06187689367774585
17.77,10.0,10.06036217647536,0.0037554591592100493,-0.06139952762695344
17.78,10.0,10.059801967778737,0.0037589630766616845,-0.06091286300247667
17.79,10.0,10.059243901569605,0.00375663580193441,-0.060416932550491964
17.8,10.0,10.05868797182113,0.0037485218403621014,-0.059911781133139996
17.81,10.0,10.058134172521363,0.00373467154584654,-0.05939746612021679
17.82,10.0,10.05758249766557,0.003715135317673412,-0.058874039074510165
17.83,10.0,10.05703294125844,0.0036899642896841256,-0.05834154802339864
17.84,10.0,10.056485497345298,0.0036592300374816726,-0.05780009990878643
17.85,10.0,10.055940159979667,0.0036230025197376515,-0.057249791001135364
17.86,10.0,10.055396923234902,0.0035813569536126233,-0.056690728609638974
17.87,10.0,10.054855781205333,0.003534373774086095,-0.056123031373366494
17.88,10.0,10.054316728007343,0.003482138593286655,-0.05554682892717544
17.89,10.0,10.053779757745243,0.003424729045919634,-0.054962169536691086
17.9,10.0,10.053244864585006,0.003362241763860524,-0.0543692107078666
17.91,10.0,10.052712042713146,0.003294776625127657,-0.0537681083464161
17.92,10.0,10.052181286335605,0.0032224358861899505,-0.053159010847274146
17.93,10.0,10.0516525896845,0.0031453262401785784,-0.05254207390521781
17.94,10.0,10.051125947019152,0.0030635587425133187,-0.051917460335683785
17.95,10.0,10.050601352613985,0.0029772456809958655,-0.0512853503600228
17.96,10.0,10.050078800739659,0.0028864958757024175,-0.050645957251927776
17.97,10.0,10.049558285759439,0.0027914367977055756,-0.0499994505250525
17.98,10.0,10.049039802039077,0.002692193276923091,-0.04934602907134966
17.99,10.0,10.048523343974688,0.002588893683186796,-0.04868589908660237
18.0,10.0,10.048008905993651,0.0024816698225731417,-0.04801927407156903
18.01,10.0,10.047496482555509,0.002370656833734279,-0.04734637467990144
18.02,10.0,10.046986068104225,0.002255985415592336,-0.04666745809643391
18.03,10.0,10.046477657155531,0.002137795356980554,-0.04598276529323364
18.04,10.0,10.04597124427215,0.002016231380655132,-0.04529253673918632
18.05,10.0,10.045466824035067,0.0018914383738300852,-0.04459702991510994
18.06,10.0,10.04496439105952,0.0017635636606429122,-0.04389651030015074
18.07,10.0,10.044463939995723,0.0016327568746333592,-0.04319125110998634
18.08,10.0,10.043965465520497,0.001499168864739956,-0.042481518322805556
18.09,10.0,10.04346896228436,0.0013629458936367472,-0.04176748177231637
18.1,10.0,10.042974425072767,0.0012242464889270193,-0.041049480600308996
18.11,10.0,10.042481848666924,0.0010832265119378823,-0.040327791731537665
18.12,10.0,10.041991227884191,0.0009400432265036615,-0.03960269544472794
18.13,10.0,10.041502557578672,0.0007948551537982242,-0.03887447510983133
18.14,10.0,10.041015832641786,0.0006478219271665469,-0.038143416825640486
18.15,10.0,10.040531047955366,0.0004991013212398875,-0.03740979187870419
18.16,10.0,10.04004819845787,0.00034885301256256084,-0.03667388032472818
18.17,10.0,10.039567279164343,0.00019723959052580812,-0.03593597726762798
18.18,10.0,10.039088285101933,4.4422536596854e-05,-0.03519636948424587
18.19,10.0,10.038611211335079,-0.00010943645338386325,-0.03445534365012204
18.2,10.0,10.038136052965939,-0.00026417562532263776,-0.03371318623501729
18.21,10.0,10.037662805133047,-0.0004196333583148808,-0.03297018523083395
18.22,10.0,10.037191462918738,-0.0005756502455173624,-0.03222675989304591
18.23,10.0,10.036722021575686,-0.0007320645690856628,-0.0314831442174448
18.24,10.0,10.036254476341782,-0.0008887162963704041,-0.030739645813880223
18.25,10.0,10.035788822491607,-0.0010454461787391906,-0.029996574214351313
18.26,10.0,10.03532505533662,-0.0012020959117693406,-0.029254240557948563
18.27,10.0,10.034863170225364,-0.0013585082954411729,-0.028512957720152166
18.28,10.0,10.034403162505207,-0.001514526860526677,-0.027773018324047882
18.29,10.0,10.033945027552798,-0.0016699964487805383,-0.027034711867109706
18.3,10.0,10.033488760844198,-0.0018247643442887086,-0.026298363756969145
18.31,10.0,10.033034357858256,-0.001978679089188895,-0.025564280890144175
18.32,10.0,10.032581814108859,-0.0021315910890674283,-0.024832769485419348
18.33,10.0,10.032131125144941,-0.002283352770461712,-0.02410413485674745
18.34,10.0,10.031682286550474,-0.0024338187383635425,-0.02337868112138608
18.35,10.0,10.031235293862226,-0.002582841932766406,-0.022656584231632415
18.36,10.0,10.030790142752357,-0.0027302826674667673,-0.021938173346709
18.37,10.0,10.030346828898672,-0.002876002476931169,-0.021223730432708088
18.38,10.0,10.029905348004874,-0.0030198652583299543,-0.020513521362432563
18.39,10.0,10.029465695806715,-0.0031617377294305316,-0.01980780493977008
18.4,10.0,10.029027868071859,-0.0033014895770273095,-0.01910683283072956
18.41,10.0,10.028591860573778,-0.00343899148967114,-0.018410887122544572
18.42,10.0,10.028157669086056,-0.0035741148547345208,-0.017720288045024013
18.43,10.0,10.027725289490572,-0.003706740764107241,-0.01703523285912656
18.44,10.0,10.027294717662288,-0.0038367507619967564,-0.01635596569255604
18.45,10.0,10.026865949504334,-0.003964029874419018,-0.015682724963708594
18.46,10.0,10.026438980947631,-0.004088466742796793,-0.015015743056215669
18.47,10.0,10.026013807950532,-0.004209953757557234,-0.014355246075909989
18.48,10.0,10.025590426438603,-0.004328379880266791,-0.01370153957036191
18.49,10.0,10.025168832423468,-0.004443645340198427,-0.013054837101122985
18.5,10.0,10.024749021940426,-0.0045556541930348,-0.012415348933335402
18.51,10.0,10.02433099103644,-0.004664313028577593,-0.011783298780092544
18.52,10.0,10.023914735781482,-0.004769532539632069,-0.011158906367339405
18.53,10.0,10.023500252268047,-0.0048712276358635065,-0.010542387777975115
18.54,10.0,10.02308753659901,-0.004969315418534664,-0.009933922586604638
18.55,10.0,10.022676584861033,-0.00506371048435967,-0.00933358042539556
18.56,10.0,10.022267393228388,-0.005154344293686067,-0.008741614910553253
18.57,10.0,10.021859957865553,-0.005241147409217908,-0.008158190734484094
18.58,10.0,10.02145427495491,-0.005324054817157358,-0.007583463179724248
18.59,10.0,10.0210503406961,-0.005403006017429986,-0.007017577844671941
18.6,10.0,10.02064815130533,-0.005477945113909597,-0.0064606699530385114
18.61,10.0,10.020247702984104,-0.0055488128809843525,-0.005912864533258677
18.62,10.0,10.019848991970173,-0.0056155603675902745,-0.00537427547460867
18.63,10.0,10.019452014527511,-0.005678146527288641,-0.004845005458615326
18.64,10.0,10.019056766921437,-0.005736531977689799,-0.0043251454827157865
18.65,10.0,10.018663245428998,-0.005790681974661783,-0.0038147745424628177
18.66,10.0,10.01827144633821,-0.00584056647615269,-0.0033139592815629726
18.67,10.0,10.017881365944291,-0.0058861590328651925,-0.002822775722942872
18.68,10.0,10.017493000522908,-0.005927426676361662,-0.0023415019197687847
18.69,10.0,10.01710634640198,-0.005964358367773372,-0.0018700795047470464
18.7,10.0,10.016721399898827,-0.005996940774848579,-0.0014085736422684292
18.71,10.0,10.016338157336877,-0.006025165160504096,-0.0009570433629724207
18.72,10.0,10.015956615044814,-0.0060490274186705256,-0.0005155415840123467
18.73,10.0,10.015576769355778,-0.006068528110137682,-8.411547222131333e-05
18.74,10.0,10.015198616600594,-0.006083665659660793,0.00033722353404419536
18.75,10.0,10.014822153114338,-0.006094444912225419,0.0007484621046174311
18.76,10.0,10.014447375239826,-0.006100882175490861,0.0011495631225804104
18.77,10.0,10.01407427931713,-0.006102994078969533,0.0015405142533815308
18.78,10.0,10.013702861686234,-0.006100801654493084,0.0019213102855717423
18.79,10.0,10.013333118686191,-0.006094330343735594,0.0022919529507308134
18.8,10.0,10.012965046654275,-0.006083610005736783,0.002652450902370873
18.81,10.0,10.01259864193415,-0.0060686613105752915,0.003003018109732025
18.82,10.0,10.012233900853781,-0.006049527768549071,0.0033436072416206386
18.83,10.0,10.011870819741668,-0.006026249983667982,0.003674284777719805
18.84,10.0,10.011509394921452,-0.005998872502626072,0.003995131423566001
18.85,10.0,10.01114962271102,-0.005967443884215392,0.004306241133559929
18.86,10.0,10.010791499421678,-0.005932016679356978,0.0046077214303950065
18.87,10.0,10.01043502136548,-0.005892642731735706,0.004899603882578152
18.88,10.0,10.010080184849736,-0.005849375822682798,0.005181895706436013
18.89,10.0,10.009726986157135,-0.005802282571855167,0.005454789950782857
18.9,10.0,10.00937542156888,-0.005751428673767195,0.00571840183521477
18.91,10.0,10.009025487356123,-0.00569688331742897,0.005972854252916271
18.92,10.0,10.008677179779156,-0.005638719140796678,0.006218277899205482
18.93,10.0,10.00833049508664,-0.005577012185222837,0.006454810923164356
18.94,10.0,10.007985429548725,-0.005511832291315533,0.00668244261866624
18.95,10.0,10.007641979382864,-0.005443263738083828,0.006901351506710451
18.96,10.0,10.007300140802027,-0.0053713913875944215,0.007111679361894385
18.97,10.0,10.006959910009222,-0.005296301958842458,0.007313552775887633
18.98,10.0,10.006621283193166,-0.005218084983760371,0.00750709927133375
18.99,10.0,10.00628425652757,-0.005136832738986491,0.007692446851566448
19.0,10.0,10.005948826186039,-0.005052637748265574,0.007869801407967003
19.01,10.0,10.005614988350974,-0.0049655912226194,0.008039493775438
19.02,10.0,10.005282739132646,-0.00487579546544226,0.008201580059737257
19.03,10.0,10.004952074649948,-0.004783351137992631,0.008356246460763828
19.04,10.0,10.004622991005089,-0.004688361012528284,0.008503686706630376
19.05,10.0,10.004295484283034,-0.0045909298851172405,0.008644101898851897
19.06,10.0,10.003969550550892,-0.004491164488449251,0.008777700876120065
19.07,10.0,10.003645185905386,-0.004389168258825172,0.0089047031649514
19.08,10.0,10.003322386380127,-0.004285051117744991,0.009025333389148571
19.09,10.0,10.003001147986373,-0.004178924956638695,0.00913982388414869
19.1,10.0,10.00268146672867,-0.004070901810461671,0.009248415933465814
19.11,10.0,10.00236333859296,-0.0039610949827556165,0.009351359083412447
19.12,10.0,10.002046759546115,-0.003849618943837818,0.009448911357097245
19.13,10.0,10.001731725546358,-0.0037365884695812167,0.009541277704941287
19.14,10.0,10.001418232577818,-0.0036221160913975634,0.009628411739320164
19.15,10.0,10.001106276527283,-0.003506320581517089,0.009710711950835282
19.16,10.0,10.000795853294852,-0.0033893190819515116,0.009788392020098513
19.17,10.0,10.000486958761464,-0.0032712292414051507,0.00986166245124176
19.18,10.0,10.000179588788603,-0.0031521691036018747,0.009930729761410628
19.19,10.0,9.99987373921798,-0.0030322569956120404,0.009995795902457694
19.2,10.0,9.999569405917649,-0.0029116100225709566,0.010057146886413015
19.21,10.0,9.999266584708282,-0.0027903461597896997,0.010115010859280904
19.22,10.0,9.998965271365773,-0.002668584053687522,0.010169563045334229
19.23,10.0,9.998665461666766,-0.002546441533857225,0.0102210133105336
19.24,10.0,9.998367151369154,-0.0024240360782577823,0.010269568334412948
19.25,10.0,9.998070336211903,-0.002301484696678008,0.010315431448844947
19.26,10.0,9.997775011919803,-0.0021789038179869987,0.010358823517965021
19.27,10.0,9.997481174270643,-0.0020564092258434875,0.010400277460695495
19.28,10.0,9.997188818917872,-0.0019341158046684043,0.010439861963631447
19.29,10.0,9.996897941539517,-0.001812137538769572,0.01047783375421485
19.3,10.0,9.996608537796474,-0.0016905873635650525,0.010514455426633429
19.31,10.0,9.99632060333254,-0.0015695770491765209,0.010549995643282184
19.32,10.0,9.996034133774417,-0.0014492170840219416,0.010584729658884129
19.33,10.0,9.995749124763195,-0.0013296176607984723,0.010618776668935848
19.34,10.0,9.99546557191999,-0.0012108873553599118,0.010652278279916771
19.35,10.0,9.99518347081154,-0.0010931318035502333,0.010685577084711184
19.36,10.0,9.994902817010905,-0.0009764557116160585,0.010718902788947826
19.37,10.0,9.994623606076342,-0.0008609619986052051,0.010752482032628574
19.38,10.0,9.994345833551442,-0.000746751684854948,0.01078653825299547
19.39,10.0,9.994069494965316,-0.0006339237804796597,0.010821291050398418
19.4,10.0,9.993794585893816,-0.000522579585232883,0.010856735169779252
19.41,10.0,9.993521101818871,-0.0004128124060016505,0.010893149229155963
19.42,10.0,9.993249038237447,-0.00030471530288223893,0.010930701952623245
19.43,10.0,9.992978390636509,-0.00019837915856250828,0.010969543010374672
19.44,10.0,9.992709154491392,-9.389243733693736e-05,0.011009809010204208
19.45,10.0,9.992441325266082,8.658917113221426e-06,0.011051622795620553
19.46,10.0,9.992174898435184,0.00010918937858896787,0.011095277254275615
19.47,10.0,9.991909869477297,0.00020761464075629468,0.011141176168766531
19.48,10.0,9.991646233811872,0.00030385818161324734,0.01118929121861889
19.49,10.0,9.991383986873576,0.0003978438189410043,0.011239794303634199
19.5,10.0,9.991123124089198,0.0004894981981688057,0.011292856155701969
19.51,10.0,9.990863640878024,0.0005787508814437585,0.011348647090868802
19.52,10.0,9.990605532652273,0.0006655344367009834,0.011407337055673317
19.53,10.0,9.990348794854814,0.0007497779785125533,0.011469120383489795
19.54,10.0,9.990093422881097,0.0008314210345583828,0.011534164623888898
19.55,10.0,9.989839412128148,0.0009104051069397697,0.011602642670887509
19.56,10.0,9.989586757994159,0.0009866739048796517,0.01167473259388263
19.57,10.0,9.989335455873826,0.0010601743288815712,0.011750614328989162
19.58,10.0,9.989085501158833,0.0011308565435168,0.011830470317959918
19.59,10.0,9.988836889244231,0.001198671929101398,0.011914346925638863
19.6,10.0,9.988589615535387,0.0012635708094111883,0.012002001815191843
19.61,10.0,9.988343675411699,0.0013255158819516497,0.012093776976049408
19.62,10.0,9.9880990642631,0.0013844692266428709,0.012189745390960738
19.63,10.0,9.987855777479863,0.0014403962646888225,0.012289965323645013
19.64,10.0,9.98761381045315,0.0014932658127466607,0.012394479528001767
19.65,10.0,9.987373158575583,0.0015430501370957044,0.012503314221722572
19.66,10.0,9.987133817257963,0.0015897182872587432,0.012616683932481276
19.67,10.0,9.98689578190014,0.0016332484982182292,0.012734612709133675
19.68,10.0,9.986659047902386,0.001673623744100362,0.012857071069983572
19.69,10.0,9.98642361067394,0.0017108284762702337,0.01298407645371924
19.7,10.0,9.986189465629066,0.001744850547630427,0.013115635224440148
19.71,10.0,9.985956608187657,0.001775681246656903,0.013251742377013098
19.72,10.0,9.98572503377774,0.0018033140092236868,0.01339245739241779
19.73,10.0,9.9854947378447,0.0018277383954976158,0.013538253099934394
19.74,10.0,9.985265715824557,0.0018489593189541978,0.013688909274354621
19.75,10.0,9.985037963168748,0.0018669801049170304,0.013844490580697588
19.76,10.0,9.98481147533784,0.0018818073674518566,0.014005067257961468
19.77,10.0,9.984586247802175,0.0018934510226580501,0.014170715963893965
19.78,10.0,9.984362276042491,0.0019019243019600784,0.014341520869772584
19.79,10.0,9.984139555543605,0.0019072382562728258,0.014517252839493455
19.8,10.0,9.983918081805266,0.0019094098546632852,0.01469784252280082
19.81,10.0,9.983697850344265,0.0019084631368472443,0.014883447490523505
19.82,10.0,9.983478856686633,0.0019044225776014884,0.01507406531310318
19.83,10.0,9.983261096371587,0.0018973157121324584,0.015269686879602062
19.84,10.0,9.983044564952158,0.0018871731289288641,0.015470296071031342
19.85,10.0,9.982829257995064,0.0018740281336273492,0.015675857777000868
19.86,10.0,9.982615171062386,0.0018579081296144983,0.015886008589008238
19.87,10.0,9.982402299759636,0.0018388561871304717,0.01610083075387747
19.88,10.0,9.982190639697063,0.0018169131628698262,0.016320210498632637
19.89,10.0,9.981980186501135,0.0017921226378399798,0.016544015274929436
19.9,10.0,9.981770935815108,0.0017645308908758998,0.01677209284128134
19.91,10.0,9.981562883299604,0.0017341868721546573,0.017004270208102135
19.92,10.0,9.981356024626603,0.0017011385131796152,0.017240729991427006
19.93,10.0,9.981150355486042,0.001665436069525283,0.017481662641655404
19.94,10.0,9.980945871596317,0.0016271376069356383,0.017726697434356176
19.95,10.0,9.980742568689937,0.0015863006849798625,0.017975755591945752
19.96,10.0,9.980540442519136,0.001542985128929096,0.018228760944751787
19.97,10.0,9.98033948885641,0.0014972529857624713,0.01848564076755954
19.98,10.0,9.980139703495045,0.0014491684801729058,0.01874632680199806
19.99,10.0,9.979941082216847,0.0013987911614977133,0.019010756771236093
20.0,10.0,9.979743620866723,0.0013461912207115396,0.019278873306036726
20.0,10.0,9.979743620866723,0.0013461912207115396,0.019278873306036726
