time,setpoint.y,gantry.x,gantry.theta,pid.y
0.0,10.0,0.0,0.0,300.0
0.01,10.0,0.0014975530828161242,-0.0014942104969912673,300.0
0.02,10.0,0.005980487961530222,-0.005951079726525503,300.0
0.03,10.0,0.01343435456314854,-0.01332636319824346,300.0
0.04,10.0,0.023844871390400344,-0.02356883718901734,300.0
0.05,10.0,0.03719790479957388,-0.03662093793730282,300.0
0.06,10.0,0.053479444258934986,-0.05241941070638961,300.0
0.07,10.0,0.07267557446017754,-0.07089594428613948,300.0
0.08,10.0,0.09477244515361842,-0.09197777111644967,300.0
0.09,10.0,0.11975623944809068,-0.11558821955094144,300.0
0.1,10.0,0.14761314179060483,-0.14164720180750343,300.0
0.11,10.0,0.17832930606057845,-0.1700716369416196,300.0
0.12,10.0,0.2118908241258063,-0.20077580914020188,300.0
0.13,10.0,0.24828369678604267,-0.23367164273613084,300.0
0.14,10.0,0.28749380613531894,-0.2686689189675124,300.0
0.15,10.0,0.329506890647174,-0.305675407200918,300.0
0.16,10.0,0.3743085281976326,-0.34459691177490476,300.0
0.17,10.0,0.42188411759817396,-0.38533727708287957,300.0
0.18,10.0,0.4722188650866358,-0.4277983227373771,300.0
0.19,10.0,0.5252977782497842,-0.4718796945236719,300.0
0.2,10.0,0.5811056646515125,-0.5174786598529433,300.0
0.21,10.0,0.6396271344487727,-0.5644898331134913,300.0
0.22,10.0,0.7008466083461615,-0.6128048632484651,300.0
0.23,10.0,0.7647483324879739,-0.6623120593380127,300.0
0.24,10.0,0.8313163941217017,-0.7128960181920241,300.0
0.25,10.0,0.9005347367894914,-0.7644372476499133,300.0
0.26,10.0,0.9723871979222776,-0.8168117362750223,300.0
0.27,10.0,1.0468575305972379,-0.8698905895224447,300.0
0.28,10.0,1.123929435949493,-0.9235397989970514,300.0
0.29,10.0,1.2035866073162484,-0.9776202085837681,300.0
0.3,10.0,1.2858127680769946,-1.0319875212781737,300.0
0.31,10.0,1.370591721659816,-1.0864929991445027,300.0
0.32,10.0,1.457907402930956,-1.1409844197671812,300.0
0.33,10.0,1.5477439409319347,-1.1953075830663595,300.0
0.34,10.0,1.6400857174585706,-1.2493076218380084,300.0
0.35,10.0,1.7349174332566482,-1.3028308075493742,300.0
0.36,10.0,1.8322241901675398,-1.3557279389687737,300.0
0.37,10.0,1.9319915442947038,-1.4078562356816975,300.0
0.38,10.0,2.034205555213071,-1.4590813524435489,300.0
0.39,10.0,2.138852816585015,-1.5092789251564953,300.0
0.4,10.0,2.2459204632012484,-1.5583353227795114,300.0
0.41,10.0,2.355396159599714,-1.6061479219755401,300.0
0.42,10.0,2.4672680793666357,-1.6526251513076902,300.0
0.43,10.0,2.5815248680896192,-1.697686030615536,300.0
0.44,10.0,2.6981555961080925,-1.741259404046327,300.0
0.45,10.0,2.8171497065792486,-1.7832830443385466,300.0
0.46,10.0,2.9384969627440127,-1.8237027484377768,300.0
0.47,10.0,3.0621873967224964,-1.8624714847253208,300.0
0.48,10.0,3.1882112608287447,-1.8995486010858218,300.0
0.49,10.0,3.316558982156209,-1.934899097386758,300.0
0.5,10.0,3.4472211212023085,-1.9684929737954366,300.0
0.51,10.0,3.5801883356941704,-2.000304675507894,300.0
0.52,10.0,3.715451351899846,-2.030312669091278,300.0
0.53,10.0,3.8530009310410303,-2.0584989271014065,300.0
0.54,10.0,3.992827839553171,-2.084848463515882,300.0
0.55,10.0,4.134922835847768,-2.1093491660119175,300.0
0.56,10.0,4.279276671889558,-2.1319918400294933,300.0
0.57,10.0,4.425880045229299,-2.152769416350895,300.0
0.58,10.0,4.574723606319836,-2.1716770738685156,300.0
0.59,10.0,4.7257979676613155,-2.1887122775645267,300.0
0.6,10.0,4.879093669929132,-2.203874295698969,300.0
0.61,10.0,5.0346012020883,-2.217164325476983,300.0
0.62,10.0,5.192310978017122,-2.228585190968605,300.0
0.63,10.0,5.352213338629394,-2.238141261903758,300.0
0.64,10.0,5.514298564985679,-2.2458385135037195,300.0
0.65,10.0,5.678556862367411,-2.2516842809278566,300.0
0.66,10.0,5.84497837257377,-2.2556873323218896,300.0
0.67,10.0,6.013553172761013,-2.257857747886186,300.0
0.68,10.0,6.1842712820999335,-2.2582069238785856,300.0
0.69,10.0,6.357122659224469,-2.2567474918350254,300.0
0.7,10.0,6.532097208457234,-2.25349328709775,300.0
0.71,10.0,6.709184784461425,-2.2484593269397677,300.0
0.72,10.0,6.888375192849298,-2.241661757377948,300.0
0.73,10.0,7.069656837777976,-2.233118531123942,282.02802159981775
0.74,10.0,7.252779740092257,-2.222961085772343,199.31187851620075
0.75,10.0,7.43699301026756,-2.211563626022453,118.93973429919845
0.76,10.0,7.621506382605973,-2.199331120851539,41.95833314313256
0.77,10.0,7.80556686992185,-2.186661550281094,-31.184668311263863
0.78,10.0,7.98846280744956,-2.1739413634557634,-100.28214017203425
0.79,10.0,8.169525897231217,-2.1615421275748337,-165.23104282789757
0.8,10.0,8.348131922099483,-2.1498181745171427,-225.9811271061776
0.81,10.0,8.523700916011153,-2.1391051240460848,-282.51382857937324
0.82,10.0,8.69572319160637,-2.129700262870805,-300.0
0.83,10.0,8.86401868120739,-2.121673482082996,-300.0
0.84,10.0,9.028601553074148,-2.11496314277745,-300.0
0.85,10.0,9.189488909153779,-2.1095137213309028,-300.0
0.86,10.0,9.346697795728414,-2.105277311871754,-300.0
0.87,10.0,9.500245201622988,-2.1022131980279886,-300.0
0.88,10.0,9.650148057194901,-2.100287188975809,-300.0
0.89,10.0,9.796423235274775,-2.0994710681838127,-300.0
0.9,10.0,9.939087550738511,-2.0997422627690856,-300.0
0.91,10.0,10.078157759845585,-2.101083449128048,-300.0
0.92,10.0,10.213650558815406,-2.1034824090362148,-300.0
0.93,10.0,10.345582582824866,-2.1069318793272194,-300.0
0.94,10.0,10.473970404861488,-2.111429310140731,-300.0
0.95,10.0,10.598830534024506,-2.1169768041378627,-300.0
0.96,10.0,10.720179413705994,-2.123580907691226,-300.0
0.97,10.0,10.838033418918762,-2.131252756330638,-300.0
0.98,10.0,10.952408853850157,-2.1400078886950693,-300.0
0.99,10.0,11.063321948709252,-2.149866430730578,-300.0
1.0,10.0,11.170788856293282,-2.1608530439462545,-300.0
1.01,10.0,11.2748256480467,-2.1729970150074958,-300.0
1.02,10.0,11.37544830953646,-2.1863324540299507,-300.0
1.03,10.0,11.472672734811821,-2.200898287100128,-300.0
1.04,10.0,11.566514721166612,-2.2167386126368123,-300.0
1.05,10.0,11.6569899606664,-2.233902738715322,-300.0
1.06,10.0,11.744114034015503,-2.2524455305062063,-300.0
1.07,10.0,11.827902398380319,-2.272427586855527,-300.0
1.08,10.0,11.908370378912712,-2.293915487186393,-300.0
1.09,10.0,11.985533152810667,-2.316982070773644,-300.0
1.1,10.0,12.059405734280684,-2.341706628358422,-300.0
1.11,10.0,12.130002956456282,-2.3681749383329813,-300.0
1.12,10.0,12.197339443139859,-2.3964792559842563,-300.0
1.13,10.0,12.261429588610804,-2.4267181850630073,-300.0
1.14,10.0,12.322287514138685,-2.458995987582213,-300.0
1.15,10.0,12.37992702796833,-2.493421339845646,-300.0
1.16,10.0,12.434361577489897,-2.530105564450923,-300.0
1.17,10.0,12.485604193958519,-2.569159780717464,-300.0
1.18,10.0,12.533667436874316,-2.6106909944577583,-300.0
1.19,10.0,12.578563341089371,-2.6547986892632323,-300.0
1.2,10.0,12.620303380884044,-2.701569533464297,-300.0
1.21,10.0,12.658898469810305,-2.7510728443992822,-300.0
1.22,10.0,12.694358990690649,-2.803357616768564,-300.0
1.23,10.0,12.726694873769327,-2.8584519881409927,-300.0
1.24,10.0,12.75591570072653,-2.9163634401598526,-300.0
1.25,10.0,12.782030843052105,-2.977080791772483,-300.0
1.26,10.0,12.805049609745721,-3.0405767510630817,-300.0
1.27,10.0,12.824981401295416,-3.1068108722566516,-300.0
1.28,10.0,12.841835860243531,-3.1757322254922564,-300.0
1.29,10.0,12.855623016313096,-3.247281660464787,-300.0
1.3,10.0,12.866353421796443,-3.3213936533383768,-300.0
1.31,10.0,12.874038267901037,-3.397997581545069,-300.0
1.32,10.0,12.878689493534308,-3.4770188343225783,-300.0
1.33,10.0,12.880319886825284,-3.5583798023281457,-300.0
1.34,10.0,12.878943096897055,-3.6419988122843225,-300.0
1.35,10.0,12.874573737757926,-3.7277913013268007,-300.0
1.36,10.0,12.867227327585143,-3.8156678745967114,-300.0
1.37,10.0,12.856920277058657,-3.905533424298358,-300.0
1.38,10.0,12.843669851379886,-3.997285696880044,-300.0
1.39,10.0,12.82749408572867,-4.090813075826762,-300.0
1.4,10.0,12.80841168584342,-4.185991551058301,-300.0
1.41,10.0,12.786441939450713,-4.2826820932953025,-300.0
1.42,10.0,12.76160456062642,-4.380725638721967,-300.0
1.43,10.0,12.733919588624362,-4.479939962820265,-300.0
1.44,10.0,12.703407207000573,-4.5801150716780885,-300.0
1.45,10.0,12.670087534400688,-4.681011722930063,-300.0
1.46,10.0,12.63398036801245,-4.782365650272047,-300.0
1.47,10.0,12.595104799194909,-4.883895417624219,-300.0
1.48,10.0,12.553478767373758,-4.985313285744457,-300.0
1.49,10.0,12.50911866379186,-5.086337696137862,-300.0
1.5,10.0,12.462039084989783,-5.186703473299598,-300.0
1.51,10.0,12.412252798685738,-5.286165841749824,-300.0
1.52,10.0,12.359770801318005,-5.384501337573689,-300.0
1.53,10.0,12.30460253340656,-5.481505266167473,-300.0
1.54,10.0,12.246756136614065,-5.576988679013042,-300.0
1.55,10.0,12.18623873660942,-5.6707748713845065,-300.0
1.56,10.0,12.123056727222378,-5.7626956465106405,-300.0
1.57,10.0,12.057216033731175,-5.852588032581816,-300.0
1.58,10.0,11.98872234248055,-5.940291604979153,-300.0
1.59,10.0,11.917581298824008,-6.025645955095642,-300.0
1.6,10.0,11.843798660493176,-6.1084884500931445,-300.0
1.61,10.0,11.767380407532626,-6.188652386851115,-300.0
1.62,10.0,11.688341244462364,-6.265973459083223,-278.2657668762798
1.63,10.0,11.606906517564374,-6.340492136549367,-233.4289089451995
1.64,10.0,11.523518916071417,-6.412501705916843,-189.52476437207332
1.65,10.0,11.43862205280047,-6.482352076412527,-147.04990912723844
1.66,10.0,11.352644589499697,-6.550420777087548,-106.23755302491742
1.67,10.0,11.265997820153311,-6.617087865058365,-67.22112212880148
1.68,10.0,11.179073438937928,-6.682712887356257,-30.08429464366128
1.69,10.0,11.092242660392333,-6.747617495809688,5.1155337223001425
1.7,10.0,11.00585526770942,-6.812076168148029,38.33898242229981
1.71,10.0,10.92024025834321,-6.876316367773703,69.56010640370624
1.72,10.0,10.835704183579466,-6.940516086200522,98.765007982072
1.73,10.0,10.752531140298307,-7.004806530565804,125.95031668056703
1.74,10.0,10.670983793750084,-7.069277217520274,151.12163664332604
1.75,10.0,10.591301612342546,-7.133975241863482,174.2935010579956
1.76,10.0,10.513702513020231,-7.198910679019918,195.4879835280229
1.77,10.0,10.438383354552116,-7.264058885291904,214.73392720834352
1.78,10.0,10.365520185722666,-7.329361817059463,232.066403656738
1.79,10.0,10.295268623278687,-7.394729592282012,247.52616389208686
1.8,10.0,10.227764439950786,-7.460042941156053,261.1588738143699
1.81,10.0,10.16312439401834,-7.525156215141516,273.01448324304226
1.82,10.0,10.10144701193315,-7.589901528366849,283.14653830144846
1.83,10.0,10.0428135081668,-7.654094785418342,291.61148685850446
1.84,10.0,9.987288579920456,-7.717542713378659,298.46816530001485
1.85,10.0,9.934917587321353,-7.780049608953142,300.0
1.86,10.0,9.885702424084931,-7.841424432771366,300.0
1.87,10.0,9.839626304118266,-7.90149211865669,300.0
1.88,10.0,9.796673154754489,-7.960096205088418,300.0
1.89,10.0,9.756827844793012,-8.017100030936994,300.0
1.9,10.0,9.720076075234315,-8.07238522440122,300.0
1.91,10.0,9.686404290782738,-8.125850204507609,300.0
1.92,10.0,9.65579957041894,-8.17740814814529,300.0
1.93,10.0,9.628249470850742,-8.226984028139642,300.0
1.94,10.0,9.603740291873715,-8.274513941600784,296.8310376556704
1.95,10.0,9.582229482208852,-8.319952328071823,290.3787311807864
1.96,10.0,9.56364329299411,-8.36327316899372,283.05542583028296
1.97,10.0,9.547899436905807,-8.404462576787601,274.9685465795302
1.98,10.0,9.534908463924967,-8.443517744052535,266.20306039270014
1.99,10.0,9.52457453166047,-8.48044611365608,256.83491057837415
2.0,10.0,9.516795967323905,-8.515264867264925,246.93602967187604
2.01,10.0,9.511466362981471,-8.547999604459191,236.5760517982235
2.02,10.0,9.508474984049553,-8.57868401315542,225.822376644811
2.03,10.0,9.50770758209461,-8.607359081336167,214.74032592890802
2.04,10.0,9.509046946694955,-8.634072635869796,203.3930473707809
2.05,10.0,9.51237359142923,-8.658878691070058,191.84140123177266
2.06,10.0,9.517566336147114,-8.681836891602309,180.14380054353154
2.07,10.0,9.524502887666182,-8.703011932378756,168.3560797971209
2.08,10.0,9.533060494277267,-8.72247287351473,156.5313736245311
2.09,10.0,9.54311642840862,-8.740292594721328,144.72005078560383
2.1,10.0,9.554548490789319,-8.756547191290403,132.96965105674425
2.11,10.0,9.567235463311428,-8.771315398397755,121.32483667781335
2.12,10.0,9.581057581493408,-8.784677971521688,109.82735219811165
2.13,10.0,9.595896968726494,-8.796717085506616,98.51600680432985
2.14,10.0,9.611638030723018,-8.807515755876747,87.42667558528613
2.15,10.0,9.628167807447268,-8.81715729142828,76.59231512971878
2.16,10.0,9.645376294598519,-8.825724771748645,66.04299009355098
2.17,10.0,9.663156738575028,-8.833300550746324,55.80591084935905
2.18,10.0,9.681405903583746,-8.839965790904428,45.90548221885116
2.19,10.0,9.700024307672294,-8.845800034237365,36.36336211184293
2.2,10.0,9.718916427307242,-8.850880812823142,27.198528565603894
2.21,10.0,9.73799087220401,-8.855283299553555,18.427354297677866
2.22,10.0,9.757160515916647,-8.859080023514236,10.063691884723909
2.23,10.0,9.776342632967093,-8.862340575722692,2.1189573462587816
2.24,10.0,9.795459011615932,-8.865131353791403,-5.397782624815051
2.25,10.0,9.814436095713535,-8.867515259523977,-12.479727357745631
2.26,10.0,9.833204779224058,-8.869551917524158,-19.122188615636347
2.27,10.0,9.851700788224209,-8.871297016196603,-25.32255798018913
2.28,10.0,9.869864336608545,-8.872802752808628,-31.080142078534223
2.29,10.0,9.887640445876869,-8.874117249865312,-36.396101472638364
2.3,10.0,9.904978574164609,-8.875285058531007,-41.27330150203716
2.31,10.0,9.921832886675887,-8.876346647548631,-45.71623718118753
2.32,10.0,9.938161844311663,-8.877338973891188,-49.73089772859009
2.33,10.0,9.953928459001846,-8.878294992969987,-53.324677518380355
2.34,10.0,9.969100014140084,-8.87924401573339,-56.50626315279265
2.35,10.0,9.983648033825961,-8.88021167216978,-59.2855246162722
2.36,10.0,9.997548093068488,-8.881220120187212,-61.673412201699094
2.37,10.0,10.010779718179359,-8.882288108341626,-63.68185395174938
2.38,10.0,10.02332628818167,-8.883431049600729,-65.32364772785043
2.39,10.0,10.035174876668343,-8.884661170976978,-66.61236578774984
2.4,10.0,10.046316084007849,-8.885987681432665,-67.56225548683517
2.41,10.0,10.05674386704473,-8.887416937606806,-68.188148078786
2.42,10.0,10.066455418238244,-8.888952536482188,-68.50536531014127
2.43,10.0,10.075450982123865,-8.890595502575517,-68.52962508571136
2.44,10.0,10.083733651657594,-8.892344483309632,-68.27697294377388
2.45,10.0,10.09130924809661,-8.894195846619855,-67.7636829829229
2.46,10.0,10.09818612853127,-8.896143862893487,-67.00618560322258
2.47,10.0,10.10437499978661,-8.898180872499788,-66.02100275729866
2.48,10.0,10.109888766396836,-8.900297424252857,-64.82465811796837
2.49,10.0,10.114742353829005,-8.902482424011028,-63.43362546954148
2.5,10.0,10.118952529831144,-8.904723296650467,-61.8642593342455
2.51,10.0,10.122537736793905,-8.907006129093084,-60.13273426299639
2.52,10.0,10.125517935164368,-8.909315799192088,-58.254995754195406
2.53,10.0,10.12791442563315,-8.911636131427954,-56.246696100010304
2.54,10.0,10.129749696754002,-8.913950012532295,-54.12316357230016
2.55,10.0,10.131047271180634,-8.916239523551575,-51.899346733136795
2.56,10.0,10.13183154477156,-8.918486068399233,-49.589772853393065
2.57,10.0,10.1321276535769,-8.920670469761784,-47.2085268333071
2.58,10.0,10.131961315302341,-8.922773104584367,-44.76919897027602
2.59,10.0,10.131358707707607,-8.924773990570172,-42.28487050819007
2.6,10.0,10.130346334244535,-8.926652886831704,-39.768087326483894
2.61,10.0,10.128950884705535,-8.928389404599438,-37.23082730764691
2.62,10.0,10.127199142034723,-8.929963071502268,-34.684498695045676
2.63,10.0,10.125117843199401,-8.93135343639976,-32.13991017970601
2.64,10.0,10.122733589140475,-8.932540130424934,-29.60726998597795
2.65,10.0,10.120072746570024,-8.93350294154391,-27.096175637825283
2.66,10.0,10.117161331281345,-8.93422189714018,-24.61559874897662
2.67,10.0,10.114024954182236,-8.934677294668885,-22.1738989460749
2.68,10.0,10.110688712099165,-8.934849784944367,-19.778809046116038
2.69,10.0,10.107177127015595,-8.934720409473682,-17.437444796595525
2.7,10.0,10.103514084557144,-8.934270637666737,-15.156312315534826
2.71,10.0,10.099722747272596,-8.933482429802947,-12.941305004376034
2.72,10.0,10.095825530844651,-8.932338246590218,-10.797725018716122
2.73,10.0,10.09184403179269,-8.930821095300177,-8.730285972279443
2.74,10.0,10.087798991176838,-8.92891455013836,-6.743128887189425
2.75,10.0,10.083710267685767,-8.926602766413085,-4.839839265155899
2.76,10.0,10.079596781817113,-8.923870513546403,-3.023456468901923
2.77,10.0,10.07547651687496,-8.920703165052613,-1.2964992746233435
2.78,10.0,10.071366481160553,-8.917086721508426,0.339020969110873
2.79,10.0,10.06728269221753,-8.913007813022336,1.881579823444433
2.8,10.0,10.063240180863454,-8.908453686275806,3.3301159795573483
2.81,10.0,10.059252962269746,-8.903412219977541,4.684014891162386
2.82,10.0,10.055334054805396,-8.897871901483985,5.943082394694725
2.83,10.0,10.051495473794331,-8.891821821715842,7.107524185393961
2.84,10.0,10.047748231262213,-8.885251667637029,8.1779234620556
2.85,10.0,10.044102362670541,-8.878151693769258,9.155215891127334
2.86,10.0,10.04056692185156,-8.870512716518867,10.040668303078634
2.87,10.0,10.037150011553774,-8.862326082491554,10.835853706804858
2.88,10.0,10.033858800319939,-8.853583648623587,11.542628987462988
2.89,10.0,10.030699535114008,-8.8442777631226,12.163111359003567
2.9,10.0,10.02767758250307,-8.834401226816393,12.699655511875436
2.91,10.0,10.02479744137454,-8.823947275959853,13.154830939520254
2.92,10.0,10.022062780291943,-8.812909546786358,13.531399709249328
2.93,10.0,10.019476468043498,-8.801282045339239,13.832295370659322
2.94,10.0,10.017040599263247,-8.789059120803298,14.060600122204956
2.95,10.0,10.01475653780323,-8.776235428733328,14.219526375034421
2.96,10.0,10.012624943976654,-8.762805903134687,14.312394990664462
2.97,10.0,10.010645813949369,-8.748765722566441,14.342616561985354
2.98,10.0,10.00881851643227,-8.734110280024767,14.313674041661072
2.99,10.0,10.00714182644492,-8.718835151149602,14.22910211714182
3.0,10.0,10.00561396668999,-8.702936063900026,14.092473494110635
3.01,10.0,10.004232641972392,-8.686408869529696,13.907380519594408
3.02,10.0,10.002995078000499,-8.6692495127972,13.677419970185849
3.03,10.0,10.001898058388232,-8.65145400730605,13.406180487949367
3.04,10.0,10.000937961564485,-8.6330184056292,13.097225429741997
3.05,10.0,10.000110797419067,-8.613938779590107,12.75408358000912
3.06,10.0,9.99941224295098,-8.594211195977058,12.380235357185253
3.07,10.0,9.99883767877345,-8.573831693775311,11.979100881807593
3.08,10.0,9.998382221585155,-8.552796272870212,11.55403255643507
3.09,10.0,9.998040760615282,-8.531100869616889,11.108301808356046
3.1,10.0,9.997807988257195,-8.508741350749983,10.645093492139392
3.11,10.0,9.997678432003992,-8.485713502336695,10.167497069582359
3.12,10.0,9.997646487955373,-8.462013014894382,9.678497504575994
3.13,10.0,9.997706445902509,-8.437635491804944,9.180972356988514
3.14,10.0,9.99785252247063,-8.412576435700196,8.677682412899657
3.15,10.0,9.998078885503606,-8.386831259197626,8.171268854462499
3.16,10.0,9.998379679822168,-8.360395293165721,7.664248542730963
3.17,10.0,9.998749056446165,-8.333263783919813,7.159007866021456
3.18,10.0,9.999181190142533,-8.305431927549309,6.657802532394225
3.19,10.0,9.999670307230918,-8.276894872991287,6.162751836800394
3.2,10.0,10.000210704322754,-8.247647754188101,5.675837548662465
3.21,10.0,10.000796767408584,-8.217685726541053,5.198901947868255
3.22,10.0,10.001422995422933,-8.187003982831635,4.733644444122142
3.23,10.0,10.00208401224388,-8.155597821304431,4.281622215890631
3.24,10.0,10.00277458787759,-8.123462676500605,3.844247431191406
3.25,10.0,10.003489652773085,-8.09059417992845,3.422786915926869
3.26,10.0,10.004224310744133,-8.056988240686032,3.018361745445421
3.27,10.0,10.004973856993196,-8.022641088511925,2.631945733725311
3.28,10.0,10.00573378615104,-7.987549392535696,2.264366186043161
3.29,10.0,10.006499807139228,-7.9517103362498665,1.916303051590568
3.3,10.0,10.00726785413634,-7.915121717059941,1.5882889960210473
3.31,10.0,10.008034094303301,-7.877782095765617,1.2807101960454648
3.32,10.0,10.008794940923085,-7.83969087884294,0.9938060560076671
3.33,10.0,10.009547058340013,-7.800848504933622,0.7276708746653813
3.34,10.0,10.010287370924647,-7.76125658231646,0.48225520073407857
3.35,10.0,10.011013070996665,-7.720918035413131,0.2573669369080074
3.36,10.0,10.011721619557182,-7.679837341401737,0.052676953132967164
3.37,10.0,10.012410758962782,-7.638020621426297,-0.13228253369166953
3.38,10.0,10.013078505843016,-7.595475908479718,-0.29810503168362734
3.39,10.0,10.013723168153103,-7.552213244679074,-0.4455164728252883
3.4,10.0,10.014343326018926,-7.508244951979803,-0.5753510867741278
3.41,10.0,10.014937842008166,-7.463585786230575,-0.6885525146318758
3.42,10.0,10.015505859572475,-7.418253035288345,-0.7861639319579559
3.43,10.0,10.016046774559316,-7.372266643523277,-0.8692945053137735
3.44,10.0,10.016560264364305,-7.325649421160718,-0.9391388210022256
3.45,10.0,10.01704623555449,-7.278426796006046,-0.9969217460028523
3.46,10.0,10.017504845277264,-7.230627132563595,-1.0439128185402757
3.47,10.0,10.017936450928962,-7.1822812182543245,-1.0813778064446042
3.48,10.0,10.018341624044233,-7.133422640873847,-1.1105874748759974
3.49,10.0,10.018721113618117,-7.084087377791442,-1.1327849025630978
3.5,10.0,10.01907582293454,-7.034313568235681,-1.1491717565628972
3.51,10.0,10.019406794788601,-6.9841414703583755,-1.1608897826450935
3.52,10.0,10.01971517708442,-6.933612985947098,-1.1690156966550382
3.53,10.0,10.020002211294123,-6.882771709414595,-1.174534956218433
3.54,10.0,10.020269196648211,-6.831662405660292,-1.1783502260507683
3.55,10.0,10.02051747510119,-6.780330990202556,-1.181252996951736
3.56,10.0,10.020748406556068,-6.728824272054883,-1.1839398800409668
3.57,10.0,10.02096334594989,-6.677189744101922,-1.1869865277694354
3.58,10.0,10.021163626618067,-6.6254755439974335,-1.1908630205756214
3.59,10.0,10.021350536890127,-6.57373021262895,-1.1959173066522162
3.6,10.0,10.021525305815583,-6.522002711449023,-1.2023842138769512
3.61,10.0,10.02168908500863,-6.470342266528247,-1.2103805656555515
3.62,10.0,10.021842932064654,-6.418798321865581,-1.2199072124098809
3.63,10.0,10.021987804202126,-6.367420529367367,-1.2308575260599934
3.64,10.0,10.022124534520158,-6.316258602800404,-1.2430115544441038
3.65,10.0,10.02225384075403,-6.265362386605802,-1.2560576721356318
3.66,10.0,10.022376297001145,-6.214781705160219,-1.269582827680817
3.67,10.0,10.022492352875629,-6.164566376352293,-1.2831012522340197
3.68,10.0,10.022602307584773,-6.114766115032001,-1.2960472012785522
3.69,10.0,10.022706333717066,-6.0654304440245514,-1.3078047527672263
3.7,10.0,10.022804459365224,-6.016608627283323,-1.3177070512897973
3.71,10.0,10.02289659162066,-5.968349497428738,-1.3250634741650573
3.72,10.0,10.022982512084923,-5.920701346713198,-1.3291671212945488
3.73,10.0,10.023061894218234,-5.873711738091376,-1.3293166889920727
3.74,10.0,10.02313431749441,-5.827427254792225,-1.324831518225018
3.75,10.0,10.023199273183607,-5.781893392795558,-1.3150680122966438
3.76,10.0,10.023256198234527,-5.737154104875778,-1.299436599057975
3.77,10.0,10.023304471150501,-5.693251801614992,-1.2774174686539366
3.78,10.0,10.023343454628556,-5.650226799945584,-1.248569554929778
3.79,10.0,10.023372494597654,-5.608117290838332,-1.2125500763254626
3.8,10.0,10.02339095540526,-5.566958921328682,-1.1691097947366345
3.81,10.0,10.023398227904337,-5.526784644731659,-1.1181155010589965
3.82,10.0,10.023393753880232,-5.487624492275049,-1.0595369622215434
3.83,10.0,10.023377036202314,-5.449505518547775,-0.9934481498134969
3.84,10.0,10.023347657174286,-5.4124516218959595,-0.9200243719564137
3.85,10.0,10.023305275914804,-5.3764838285467205,-0.8395249375735646
3.86,10.0,10.023249654174942,-5.341619908731756,-0.7523021672299485
3.87,10.0,10.023180653056995,-5.307874670170992,-0.6587832035859927
3.88,10.0,10.023098232338958,-5.275260196312139,-0.5594520349584543
3.89,10.0,10.02300245670875,-5.243785903346438,-0.45484212585496986
3.9,10.0,10.022893491742547,-5.213458733538827,-0.3455280647207115
3.91,10.0,10.022771604339772,-5.18428338008637,-0.23210922733833228
3.92,10.0,10.022637145808563,-5.156262710066939,-0.11519703483586663
3.93,10.0,10.022490559970944,-5.129397677728065,0.004584156256063565
3.94,10.0,10.022332371018498,-5.1036877017781475,0.1266114884238816
3.95,10.0,10.022163170082004,-5.079130925628502,0.2502676037092646
3.96,10.0,10.021983617091177,-5.055724295483023,0.37494752818150756
3.97,10.0,10.021794429623215,-5.033463690873731,0.5000574023626275
3.98,10.0,10.021596372470842,-5.012344227172774,0.6250254351712785
3.99,10.0,10.02139025208036,-4.992360339732438,0.7493026838524426
4.0,10.0,10.021176911102462,-4.973505796045168,0.8723618864589557
4.01,10.0,10.020957217557406,-4.955773978394316,0.9937051862227813
4.02,10.0,10.020732057687043,-4.939157923267747,1.1128628486492402
4.03,10.0,10.020502332510732,-4.923650346335598,1.2293935148620712
4.04,10.0,10.020268948558181,-4.9092437952686625,1.3428868339262854
4.05,10.0,10.020032812191692,-4.895930701697335,1.4529630054684015
4.06,10.0,10.019794824400648,-4.883703432214216,1.5592735426134323
4.07,10.0,10.019555877098849,-4.87255428884398,1.6614997654651622
4.08,10.0,10.019316846079755,-4.86247563211589,1.7593544937407652
4.09,10.0,10.01907858711811,-4.85345988495723,1.8525810828861027
4.1,10.0,10.018841934584248,-4.845499509979094,1.9409516513751182
4.11,10.0,10.018607694617119,-4.838587110975478,2.0242681060979897
4.12,10.0,10.018376643753966,-4.832715424267913,2.1023604830254765
4.13,10.0,10.018149526973117,-4.827877303419299,2.1750855628068835
4.14,10.0,10.01792705357782,-4.824065769576355,2.242326560529122
4.15,10.0,10.017709896992253,-4.821274008899812,2.3039914817310105
4.16,10.0,10.017498691943262,-4.819495371012463,2.3600120714987516
4.17,10.0,10.017294034729087,-4.818723355593007,2.4103420689997304
4.18,10.0,10.017096481791977,-4.818951635115115,2.4549562895217756
4.19,10.0,10.016906548118264,-4.820174045935145,2.4938491621698393
4.2,10.0,10.016724708885986,-4.822384558909811,2.527032998082743
4.21,10.0,10.016551397647971,-4.825577289641757,2.554536794015854
4.22,10.0,10.016387008041155,-4.829746473913812,2.576404655083144
4.23,10.0,10.016231894837114,-4.834886444085388,2.592694181208786
4.24,10.0,10.016086372303526,-4.840991630490768,2.603475310609074
4.25,10.0,10.015950719078457,-4.8480565012183146,2.6088286317500566
4.26,10.0,10.015825174590848,-4.8560755871350265,2.6088440845894043
4.27,10.0,10.0157099453292,-4.865043389071552,2.603619892499488
4.28,10.0,10.015605201227292,-4.8749544207537125,2.59326064000172
4.29,10.0,10.015511082101341,-4.885803086388295,2.5778771548386072
4.3,10.0,10.015427694568732,-4.897583737486137,2.5575839149375814
4.31,10.0,10.015355118079729,-4.9102905280336975,2.532499829457561
4.32,10.0,10.01529340302883,-4.923917468130163,2.5027453145970853
4.33,10.0,10.015242574958762,-4.93845829159077,2.468443341630599
4.34,10.0,10.01520263523246,-4.95390645493781,2.429717387519483
4.35,10.0,10.01517356269232,-4.970255060879455,2.386691584144754
4.36,10.0,10.015155315726362,-4.9874967891206765,2.3394904479768166
4.37,10.0,10.015147833404344,-5.005623866854986,2.2882376686073616
4.38,10.0,10.015151036737471,-5.024627947738183,2.2330580208562596
4.39,10.0,10.015164830823757,-5.044500113412614,2.1740746200755745
4.4,10.0,10.01518910412335,-5.0652307207956575,2.1114131668993696
4.41,10.0,10.015223732155965,-5.086809415055833,2.0451977455446846
4.42,10.0,10.015268574231914,-5.109224973654055,1.9755573470241645
4.43,10.0,10.0153234788942,-5.132465304008287,1.9026204917505152
4.44,10.0,10.015388277880614,-5.1565173220647536,1.8265235663766577
4.45,10.0,10.015462792634635,-5.181366906171279,1.7474054181157657
4.46,10.0,10.01554682761431,-5.206998837514286,1.6654150107012589
4.47,10.0,10.015640173732576,-5.23339671662709,1.5807097628751283
4.48,10.0,10.015742605156529,-5.260542940406089,1.4934590861228014
4.49,10.0,10.015853877180827,-5.288418649723494,1.4038474778781913
4.5,10.0,10.015973727312247,-5.31700367070844,1.3120745680540016
4.51,10.0,10.016101867908338,-5.34627657751956,1.2183608441471012
4.52,10.0,10.01623799062192,-5.376214536129552,1.1229464924581234
4.53,10.0,10.016381755791498,-5.406793535572055,1.026096170955354
4.54,10.0,10.0165327980029,-5.437988111805905,0.9280998970583418
4.55,10.0,10.016690715600806,-5.469771745064659,0.8292726734548553
4.56,10.0,10.016855074270103,-5.502116498169337,0.7299604373019883
4.57,10.0,10.017025400696562,-5.534993506520007,0.6305316251197804
4.58,10.0,10.017201181432062,-5.568372641373789,0.5313882218744839
4.59,10.0,10.01738186266929,-5.602222906011551,0.43295294962398123
4.6,10.0,10.017566846065852,-5.636512341872912,0.3356763098246931
4.61,10.0,10.01775549088378,-5.671208166287685,0.24002955248326296
4.62,10.0,10.017947113496456,-5.706276907833437,0.14650039962932715
4.63,10.0,10.018140985344226,-5.741684402313479,0.05559540574149202
4.64,10.0,10.018336341987562,-5.77739599184595,-0.03217554646050047
4.65,10.0,10.018532373429673,-5.813376520635105,-0.11628980618948404
4.66,10.0,10.018728244116431,-5.8495904693823295,-0.19623346835517919
4.67,10.0,10.018923076435948,-5.886002033270199,-0.2714905587271039
4.68,10.0,10.019115978843352,-5.922575140749504,-0.34156355512033343
4.69,10.0,10.01930602653739,-5.959273622186602,-0.40596683584161064
4.7,10.0,10.019492292080335,-5.996061133965081,-0.46424064671459275
4.71,10.0,10.019673829669154,-6.032901365893078,-0.515951914337759
4.72,10.0,10.019849698770534,-6.069757960917554,-0.5607000213758361
4.73,10.0,10.02001896220435,-6.106594645419278,-0.5981229246869606
4.74,10.0,10.020180695808598,-6.143375242877448,-0.6278991332334352
4.75,10.0,10.020333998040964,-6.180063698937412,-0.6497519218497501
4.76,10.0,10.020477992834365,-6.2166241685559855,-0.6634543620953144
4.77,10.0,10.020611841716105,-6.253020986685885,-0.668826278785446
4.78,10.0,10.020734747072028,-6.2892187772819,-0.6657450802462925
4.79,10.0,10.02084596009336,-6.325182427222767,-0.6541345819962481
4.8,10.0,10.02094478885058,-6.360877172500435,-0.6339808299095712
4.81,10.0,10.021030598597454,-6.396268616242674,-0.6053148348746475
4.82,10.0,10.021102825937735,-6.431322768847843,-0.5682306375103658
4.83,10.0,10.021160971255235,-6.466006125149397,-0.522865501274941
4.84,10.0,10.021204616666898,-6.500285663724325,-0.4694159922757699
4.85,10.0,10.021233416320518,-6.534128955884692,-0.40812230738565275
4.86,10.0,10.021247108237391,-6.567504178825738,-0.339274128868419
4.87,10.0,10.021245511962594,-6.600380197177713,-0.26320526496726027
4.88,10.0,10.021228529002608,-6.632726630128291,-0.18028938264954378
4.89,10.0,10.021196149050365,-6.664513886534126,-0.09094104946246412
4.9,10.0,10.021148439882184,-6.6957132797145515,0.0043937574871405205
4.91,10.0,10.021085560223483,-6.726297034247182,0.10523422873530763
4.92,10.0,10.021007741842096,-6.756238409002841,0.2110759091995038
4.93,10.0,10.02091530609214,-6.785511715683608,0.3213874092873981
4.94,10.0,10.020808641398215,-6.8140923960523585,0.43562127648509674
4.95,10.0,10.020688220534785,-6.841957094311926,0.5532120603310169
4.96,10.0,10.020554576610126,-6.869083643374638,0.6735858226947533
4.97,10.0,10.020408317594747,-6.895451205189849,0.7961602476042973
4.98,10.0,10.02025010686821,-6.921040188659276,0.9203516654504005
4.99,10.0,10.020080666902878,-6.945832369388389,1.045578151517237
5.0,10.0,10.019900770692978,-6.969810846480957,1.1712636607463882
5.01,10.0,10.019711234619392,-6.992960044897399,1.296842577886717
5.02,10.0,10.019512916898382,-7.015265774578009,1.4217631913049091
5.03,10.0,10.019306704808422,-7.036715084574927,1.545490923063743
5.04,10.0,10.019093515758906,-7.057296425168219,1.6675133305207364
5.05,10.0,10.018874283464196,-7.076999386543397,1.7873397670773226
5.06,10.0,10.018649958013423,-7.095814914759812,1.9045093577015557
5.07,10.0,10.018421494632205,-7.113735005754956,2.0185859774719215
5.08,10.0,10.018189850308845,-7.130752907947726,2.1291693401394305
5.09,10.0,10.017955977367158,-7.146862845699252,2.235885829575235
5.1,10.0,10.017720816001841,-7.162060148764248,2.3384008003622787
5.11,10.0,10.01748529193118,-7.176341074656316,2.436409625172677
5.12,10.0,10.017250308183177,-7.189702810275872,2.529644428089048
5.13,10.0,10.017016742580282,-7.202143411526272,2.617871451690413
5.14,10.0,10.016785443277469,-7.213661735425607,2.700890068632987
5.15,10.0,10.016557222717728,-7.2242574086709395,2.7785356158142687
5.16,10.0,10.016332859184004,-7.23393077372502,2.850673030908748
5.17,10.0,10.0161130863781,-7.242682831762733,2.9172026363532524
5.18,10.0,10.015898600853733,-7.250515238423572,2.9780512360146623
5.19,10.0,10.015690048193585,-7.257430206714758,3.03317842631344
5.2,10.0,10.015488034773282,-7.263430554456386,3.0825674786735355
5.21,10.0,10.015293112385597,-7.268519576549069,3.1262305036870766
5.22,10.0,10.015105792181243,-7.27270112850114,3.164200590518976
5.23,10.0,10.01492653038408,-7.275979492495171,3.1965348391571506
5.24,10.0,10.014755739647825,-7.278359452872755,3.2233090307396477
5.25,10.0,10.014593782504079,-7.279846219492783,3.2446173398934746
5.26,10.0,10.014440974765103,-7.280445440995209,3.2605700096409977
5.27,10.0,10.014297587330164,-7.280163201394796,3.271291025313067
5.28,10.0,10.014163844094735,-7.279005982945569,3.2769167911942203
5.29,10.0,10.01403992876286,-7.276980714182567,3.2775936714815783
5.3,10.0,10.013925980150745,-7.274094703630844,3.2734763975138277
5.31,10.0,10.013822101225955,-7.270355717314277,3.2647264321657845
5.32,10.0,10.013728353999026,-7.265771902146133,3.251509583702689
5.33,10.0,10.013644768756192,-7.260351874496138,3.233995552064789
5.34,10.0,10.013571339986132,-7.254104647770532,3.212354671878179
5.35,10.0,10.013508034478692,-7.24703971772262,3.186758645833084
5.36,10.0,10.013454789208016,-7.239167006773341,3.157376730247015
5.37,10.0,10.01341151701569,-7.230496925401766,3.124376815309498
5.38,10.0,10.013378107639634,-7.221040357715319,3.0879226468674474
5.39,10.0,10.013354430474465,-7.210808682128554,3.0481737041958583
5.4,10.0,10.01334033742544,-7.199813789395175,3.0052843864312804
5.41,10.0,10.013335664804645,-7.1880680842622615,2.9594024152907275
5.42,10.0,10.013340235906297,-7.17558451027619,2.9106700207524923
5.43,10.0,10.013353863508792,-7.162376552333728,2.8592210116049515
5.44,10.0,10.013376350953148,-7.1484582489873,2.805183712516914
5.45,10.0,10.01340749594521,-7.1338442091857255,2.748677064777483
5.46,10.0,10.013447089631473,-7.118549599737764,2.6898148623969558
5.47,10.0,10.01349492179278,-7.102590182510228,2.628701389717561
5.48,10.0,10.013550777966005,-7.085982272189506,2.5654363683481876
5.49,10.0,10.013614445441728,-7.068742790040648,2.500110881155424
5.5,10.0,10.013685710043726,-7.0508892095273845,2.432811531303436
5.51,10.0,10.01376436001538,-7.032439589568379,2.363618817764678
5.52,10.0,10.013850185248266,-7.013412546157887,2.292608706007015
5.53,10.0,10.0139429776652,-6.993827240867967,2.2198536447110504
5.54,10.0,10.014042533038825,-6.973703387444593,2.145422389112204
5.55,10.0,10.014148648311128,-6.9530611956746045,2.0693824212049163
5.56,10.0,10.014261125156834,-6.931921404689205,1.9917991515935127
5.57,10.0,10.014379764520589,-6.910305184782619,1.912738755726036
5.58,10.0,10.014504372484103,-6.888234205261145,1.832267330134845
5.59,10.0,10.014634756155344,-6.8657305570668035,1.7504526306780717
5.6,10.0,10.014770722022426,-6.84281671352888,1.6673645915243216
5.61,10.0,10.014912080613007,-6.819515574385384,1.583076569139526
5.62,10.0,10.01505864082759,-6.795850369999722,1.4976662984776656
5.63,10.0,10.015210206086154,-6.77184458759414,1.411217546332598
5.64,10.0,10.015366584180033,-6.747522093852862,1.323819387192024
5.65,10.0,10.015527576389418,-6.722906969325815,1.2355673267475784
5.66,10.0,10.015692973386585,-6.698023447044987,1.1465619573705323
5.67,10.0,10.015862567689258,-6.6728960355829825,1.0569147267630292
5.68,10.0,10.016036142259086,-6.647549378185619,0.9667435399444895
5.69,10.0,10.016213471008522,-6.622008256091506,0.8761716861533687
5.7,10.0,10.016394320191704,-6.596297541528049,0.7853356025185547
5.71,10.0,10.016578447155062,-6.570442223704684,0.6943760678419041
5.72,10.0,10.016765598921975,-6.544467353421329,0.6034421034596568
5.73,10.0,10.016955510070119,-6.518397983725519,0.512694194043711
5.74,10.0,10.017147909662128,-6.492259253044806,0.4222939615913526
5.75,10.0,10.017342510734636,-6.466076244641837,0.33241552764481286
5.76,10.0,10.01753901420348,-6.439874011098166,0.24323966439042133
5.77,10.0,10.017737104211612,-6.41367749633482,0.15495503817377743
5.78,10.0,10.017936453087348,-6.387511591220343,0.06775771329636204
5.79,10.0,10.01813672605554,-6.361401131152734,-0.018155943682444553
5.8,10.0,10.018337581665994,-6.335370885219549,-0.10258966442045137
5.81,10.0,10.01853865809379,-6.309445420530281,-0.1853372624968399
5.82,10.0,10.018739574002593,-6.2836490302274335,-0.2661884725469337
5.83,10.0,10.01893993925413,-6.258005875198826,-0.3449327166703209
5.84,10.0,10.019139354157165,-6.232539918077252,-0.4213600907312559
5.85,10.0,10.019337446033,-6.2072751500229835,-0.49528033708478403
5.86,10.0,10.019533806412147,-6.182235131375907,-0.5664925352942369
5.87,10.0,10.019728018221938,-6.157443086974285,-0.6348001700926458
5.88,10.0,10.019919637286742,-6.132921707636198,-0.7000033101036052
5.89,10.0,10.020108231816822,-6.108693562790456,-0.7619171169341348
5.9,10.0,10.020293418907372,-6.084781217078072,-0.8203830152174435
5.91,10.0,10.020474807540111,-6.061206805484508,-0.8752498383717946
5.92,10.0,10.020652001746795,-6.037992007013951,-0.9263758627458094
5.93,10.0,10.020824517708691,-6.015157146246487,-0.9736006568929568
5.94,10.0,10.02099194934535,-5.992722777387217,-1.0168041767210885
5.95,10.0,10.021153899646425,-5.970708915553976,-1.0558805556789692
5.96,10.0,10.021310066985604,-5.94913574607046,-1.0907650901473658
5.97,10.0,10.021460092880497,-5.928022308812945,-1.1213917401103144
5.98,10.0,10.021603642194394,-5.907387088616931,-1.1477090350837564
5.99,10.0,10.021740406751853,-5.88724802221887,-1.1696867998048597
6.0,10.0,10.021870122535873,-5.867622607407228,-1.1873241332419262
6.01,10.0,10.021992491238665,-5.848527204249625,-1.2006209029013548
6.02,10.0,10.02210727329291,-5.829977733560588,-1.2096081830694478
6.03,10.0,10.02221424257172,-5.811989303342828,-1.2143330650237447
6.04,10.0,10.022313218357166,-5.794576498902548,-1.2148658003997688
6.05,10.0,10.022404024739654,-5.7777528495608586,-1.2112930109434368
6.06,10.0,10.022486538623298,-5.761531399177314,-1.2037217935888078
6.07,10.0,10.022560679676873,-5.745924529166339,-1.1922791641552126
6.08,10.0,10.022626396314765,-5.730943709378295,-1.1771133254856085
6.09,10.0,10.022683659093452,-5.716599711790255,-1.1583771974606654
6.1,10.0,10.022732495140882,-5.702902579044705,-1.1362496173936671
6.11,10.0,10.022772963767055,-5.689861570144196,-1.1109217095509178
6.12,10.0,10.02280512670339,-5.67748502784501,-1.0825876313767415
6.13,10.0,10.022829109154246,-5.66578060034799,-1.0514614512901397
6.14,10.0,10.022845053665929,-5.654755149363518,-1.0177631732632073
6.15,10.0,10.022853127697678,-5.64441478898883,-0.98171994593542
6.16,10.0,10.0228535320307,-5.634764745068323,-0.943566501179327
6.17,10.0,10.0228465068611,-5.625809612484647,-0.9035438611586333
6.18,10.0,10.022832315756974,-5.6175531552567834,-0.8618965449336934
6.19,10.0,10.022811249307685,-5.609998389962651,-0.8188715671030565
6.2,10.0,10.022783613212917,-5.603147853231381,-0.774714766171274
6.21,10.0,10.022749749598717,-5.597003202590707,-0.7296736627718969
6.22,10.0,10.022710013592324,-5.591565478287105,-0.6839929936029665
6.23,10.0,10.022664769319583,-5.586835048874592,-0.6379137501716996
6.24,10.0,10.022614407812831,-5.582811664212813,-0.5916723021339177
6.25,10.0,10.022559324801605,-5.579494311517537,-0.5455010735315386
6.26,10.0,10.022499929181743,-5.57688141750566,-0.49962363190875503
6.27,10.0,10.022436639187736,-5.574970753128987,-0.45425735307387183
6.28,10.0,10.022369881060154,-5.573759465804542,-0.4096117116434198
6.29,10.0,10.022300083759886,-5.573244086227643,-0.36588528286075966
6.3,10.0,10.022227680117227,-5.573420602016773,-0.3232685611857154
6.31,10.0,10.022153103674265,-5.574284382165843,-0.28193946043758755
6.32,10.0,10.022076784818815,-5.575830238172632,-0.2420654949255756
6.33,10.0,10.021999150061127,-5.578052429129186,-0.2038017049576445
6.34,10.0,10.021920620253443,-5.580944662930115,-0.16729009955696128
6.35,10.0,10.0218416073089,-5.584500069085166,-0.13266084291353697
6.36,10.0,10.02176251249518,-5.588711275029787,-0.10002887135091876
6.37,10.0,10.021683727190458,-5.593570335637959,-0.06949725964198172
6.38,10.0,10.02160562730453,-5.599068790763967,-0.04115367593966518
6.39,10.0,10.02152857426061,-5.6051976531680685,-0.0150718468783832
6.4,10.0,10.021452914505149,-5.611947413108881,0.008688068399069049
6.41,10.0,10.021378974168638,-5.6193080479306,0.03008180821136497
6.42,10.0,10.021307062857147,-5.62726903755232,0.04907807202155434
6.43,10.0,10.021237467501612,-5.635819355848729,0.06566156113762522
6.44,10.0,10.02117045454908,-5.64494748976218,0.07983075717917693
6.45,10.0,10.021106267897798,-5.654641443752481,0.09159845980143178
6.46,10.0,10.021045126665708,-5.66488874430805,0.10099252402002667
6.47,10.0,10.02098722774905,-5.675676455890325,0.10805350716074569
6.48,10.0,10.020932740273109,-5.686991178648771,0.11283723631600195
6.49,10.0,10.020881809941596,-5.698819074802662,0.11541178506356731
6.5,10.0,10.020834555371394,-5.7111458656395575,0.11585873031866942
6.51,10.0,10.020791068062179,-5.723956846557631,0.11427255497377978
6.52,10.0,10.02075141516757,-5.737236918994207,0.11075866975354709
6.53,10.0,10.020715633975755,-5.750970566124987,0.10543548767228575
6.54,10.0,10.020683738372055,-5.7651419182441375,0.09843059306168453
6.55,10.0,10.020655713152882,-5.77973472161114,0.08988297472117399
6.56,10.0,10.020631517656737,-5.794732382406916,0.07994057041819125
6.57,10.0,10.02061108663412,-5.810117988110093,0.06875920479047115
6.58,10.0,10.020594326906506,-5.825874297117151,0.05650365490304088
6.59,10.0,10.020581124344485,-5.841983799949698,0.04334367575793677
6.6,10.0,10.020571337499195,-5.858428694720028,0.029456361631038458
6.61,10.0,10.020564804162497,-5.875190939317096,0.015022606965538116
6.62,10.0,10.020561340524203,-5.892252261885703,0.00022684626389310458
6.63,10.0,10.020560740391376,-5.9095941718181235,-0.014743230693985976
6.64,10.0,10.02056278153906,-5.927198002952921,-0.029699674716212265
6.65,10.0,10.02056722052542,-5.945044909176503,-0.04445318363309117
6.66,10.0,10.02057380033753,-5.963115906284446,-0.058816091095291984
6.67,10.0,10.02058224820924,-5.981391883087258,-0.07260256340689775
6.68,10.0,10.020592278000466,-5.999853623644715,-0.08562984074954716
6.69,10.0,10.020603594402283,-6.0184818324363905,-0.097719769233576
6.7,10.0,10.020615890349054,-6.037257151270748,-0.10869948588239278
6.71,10.0,10.020628854012505,-6.056160180698148,-0.11840247843597898
6.72,10.0,10.020642166324935,-6.075171503513123,-0.12667008347717748
6.73,10.0,10.020655505482793,-6.094271701910449,-0.13335194061370909
6.74,10.0,10.020668548928645,-6.113441377400744,-0.13830688871878782
6.75,10.0,10.020680973698173,-6.132661175776443,-0.14140474990120608
6.76,10.0,10.020692460458347,-6.151911796688699,-0.14252506543156337
6.77,10.0,10.020702693870415,-6.171174025593207,-0.1415605864725427
6.78,10.0,10.020711365280462,-6.190428742292206,-0.13841537653577665
6.79,10.0,10.020718174558654,-6.209656943988046,-0.13300644870318282
6.8,10.0,10.020722831928342,-6.228839766876799,-0.1252649940242518
6.81,10.0,10.020725058894632,-6.247958495580686,-0.11513399583886497
6.82,10.0,10.020724591742898,-6.266994593575569,-0.10257255376217497
6.83,10.0,10.020721180577231,-6.285929709579197,-0.08755179575373309
6.84,10.0,10.02071459302557,-6.30474570310503,-0.0700580394865623
6.85,10.0,10.020704614740538,-6.323424660089027,-0.050091836002557455
6.86,10.0,10.020691049044732,-6.34194890667909,-0.027666137059100038
6.87,10.0,10.020673721964805,-6.360301034412198,-0.0028099308873161533
6.88,10.0,10.020652477275679,-6.378463907501601,0.024437125149203764
6.89,10.0,10.020627183792003,-6.396420689579549,0.05401997165422423
6.9,10.0,10.020597731447586,-6.414154853898949,0.08587196405033345
6.91,10.0,10.02056403230314,-6.431650200653239,0.11991502081363373
6.92,10.0,10.020526024417617,-6.448890878065714,0.1560579928255834
6.93,10.0,10.020483665602878,-6.465861388766324,0.19420100636326726
6.94,10.0,10.020436941234419,-6.482546617694985,0.23423207936468665
6.95,10.0,10.02038585774716,-6.498931835950135,0.2760310052442883
6.96,10.0,10.020330445274984,-6.515002721279462,0.3194688697377842
6.97,10.0,10.020270758548525,-6.530745374653535,0.36440831400087065
6.98,10.0,10.020206871660415,-6.546146321823416,0.41070616162323736
6.99,10.0,10.020138884317134,-6.5611925463871765,0.45821199584234873
7.0,10.0,10.0200669142431,-6.575871478443239,0.5067710489543532
7.01,10.0,10.019991101356927,-6.590171026224648,0.5562238480290891
7.02,10.0,10.019911605082518,-6.604079578413468,0.6064074519827057
7.03,10.0,10.019828601474112,-6.61758600464343,0.6571566682084492
7.04,10.0,10.01974228666185,-6.630679691217779,0.7083043308142389
7.05,10.0,10.019652869890896,-6.643350508784969,0.7596825639867586
7.06,10.0,10.019560577923885,-6.655588864789633,0.8111235412980334
7.07,10.0,10.019465650070984,-6.667385676629747,0.8624601675882401
7.08,10.0,10.019368337488437,-6.67873238288272,0.9135268978217532
7.09,10.0,10.019268903599409,-6.689620968724507,0.9641608051094119
7.1,10.0,10.019167619827563,-6.700043927602586,1.0142013928180402
7.11,10.0,10.019064767122865,-6.709994314705042,1.0634926079734974
7.12,10.0,10.018960632475507,-6.719465704453548,1.111882122371691
7.13,10.0,10.018855508281902,-6.7284522126109,1.1592226694632548
7.14,10.0,10.01874969116111,-6.73694850098309,1.20537273471761
7.15,10.0,10.018643480025643,-6.744949747188522,1.2501957998511348
7.16,10.0,10.01853717510603,-6.752451686517438,1.2935628217797983
7.17,10.0,10.018431076739764,-6.7594505636160465,1.3353502499872323
7.18,10.0,10.018325483618012,-6.76594316415877,1.3754423293939577
7.19,10.0,10.0182206919295,-6.77192679608562,1.413730458777704
7.2,10.0,10.018116994480803,-6.777399275979567,1.4501128199715245
7.21,10.0,10.018014678372817,-6.782358950864446,1.4844964289366733
7.22,10.0,10.017914026107949,-6.786804657740655,1.5167945551826787
7.23,10.0,10.017815311936445,-6.790735752029954,1.546929669571535
7.24,10.0,10.017718803036727,-6.794152078504183,1.5748314319240733
7.25,10.0,10.017624758152488,-6.797053969752562,1.6004371434389286
7.26,10.0,10.017533425565691,-6.799442249101123,1.6236926991679042
7.27,10.0,10.017445045147312,-6.801318206862174,1.6445505599177999
7.28,10.0,10.017359844148405,-6.802683611370324,1.6629719320701242
7.29,10.0,10.017278039898914,-6.803540687914339,1.6789247113447239
7.3,10.0,10.017199837514152,-6.80389211773199,1.6923842721236708
7.31,10.0,10.017125429364526,-6.803741031226151,1.7033333575233345
7.32,10.0,10.017054996769339,-6.8030909952455625,1.7117609398267715
7.33,10.0,10.01698870636923,-6.801946012605444,1.7176633630580376
7.34,10.0,10.016926713662002,-6.800310507768884,1.7210427293924129
7.35,10.0,10.01686915971161,-6.798189323883048,1.7219076612623807
7.36,10.0,10.016816172624717,-6.795587712848723,1.7202725855967693
7.37,10.0,10.016767868059924,-6.792511326789378,1.7161573250201076
7.38,10.0,10.016724347041334,-6.788966212742548,1.709587325601406
7.39,10.0,10.01668570015944,-6.78495879866842,1.7005927842656463
7.4,10.0,10.0166520031111,-6.780495892286806,1.6892088795192874
7.41,10.0,10.01662331916417,-6.775584669266652,1.6754752558097994
7.42,10.0,10.016599698652406,-6.770232666035267,1.6594358094601265
7.43,10.0,10.016581178950005,-6.764447770990803,1.6411385252090773
7.44,10.0,10.016567784293288,-6.758238213277599,1.6206356411665728
7.45,10.0,10.016559526301823,-6.751612562714838,1.5979823114575238
7.46,10.0,10.01655640360446,-6.74457971545204,1.5732371913884777
7.47,10.0,10.01655840195887,-6.737148887493624,1.5464619625831673
7.48,10.0,10.016565511901005,-6.729329557863563,1.5177213827794656
7.49,10.0,10.016577698568788,-6.721131543944422,1.4870825085110302
7.5,10.0,10.016594917267895,-6.71256495040064,1.4546147088021708
7.51,10.0,10.016617114927719,-6.703640157096563,1.4203894349231587
7.52,10.0,10.016644229870893,-6.694367793294164,1.3844814041419025
7.53,10.0,10.016676191585827,-6.684758736554927,1.346967843247322
7.54,10.0,10.016712918120826,-6.674824148362291,1.3079253236819792
7.55,10.0,10.016754319584322,-6.664575415471962,1.267432779502919
7.56,10.0,10.016800298011805,-6.6540241468979096,1.2255707862859695
7.57,10.0,10.016850752557339,-6.643182084786368,1.1824257206861932
7.58,10.0,10.016905568376146,-6.63206128165467,1.1380793125520385
7.59,10.0,10.01696462578429,-6.620673946455801,1.092616358506765
7.6,10.0,10.017027798335729,-6.609032471649076,1.0461225092797606
7.61,10.0,10.017094951184323,-6.59714936054223,0.998687255653363
7.62,10.0,10.017165944490955,-6.585037312148216,0.9503989587666765
7.63,10.0,10.017240632928452,-6.572709184210421,0.9013460338213201
7.64,10.0,10.017318865168905,-6.560177955678428,0.8516181615143448
7.65,10.0,10.017400483921499,-6.54745670624254,0.8013061969020845
7.66,10.0,10.017485325955573,-6.534558595478826,0.7505023446193315
7.67,10.0,10.017573224999524,-6.521496932305179,0.6992975615688464
7.68,10.0,10.017664009637317,-6.5082850873465405,0.6477837824269711
7.69,10.0,10.017757504285028,-6.4949365021278265,0.5960531468410498
7.7,10.0,10.0178535281249,-6.481464640536908,0.5441974428359051
7.71,10.0,10.017951898304974,-6.467883054104627,0.4923089439675207
7.72,10.0,10.018052428102187,-6.454205312896568,0.4404796007717438
7.73,10.0,10.018154927768332,-6.440445007990859,0.3888011089672112
7.74,10.0,10.018259205378637,-6.426615734925855,0.3373633785588126
7.75,10.0,10.018365066467009,-6.412731087143643,0.2862561555147969
7.76,10.0,10.01847231421707,-6.3988046448547795,0.2355691993573853
7.77,10.0,10.018580750259563,-6.384849958907523,0.18539088527086234
7.78,10.0,10.018690175395609,-6.37088054272904,0.1358077504643478
7.79,10.0,10.018800390940035,-6.35690986474484,0.08690299199775353
7.8,10.0,10.018911195309594,-6.342951319923772,0.038761271162794264
7.81,10.0,10.019022387539952,-6.329018231739778,-0.008535671332871142
7.82,10.0,10.019133766753162,-6.3151238363564755,-0.05490802967912145
7.83,10.0,10.019245136254327,-6.30128128654234,-0.10028128955922966
7.84,10.0,10.019356296635058,-6.287503609054188,-0.14458025585397882
7.85,10.0,10.019467050828995,-6.273803712611017,-0.18773322286498684
7.86,10.0,10.01957720377141,-6.260194373028016,-0.2296715657586863
7.87,10.0,10.019686564844474,-6.246688228948313,-0.27033089281538414
7.88,10.0,10.019794946414317,-6.233297763194515,-0.3096503360184115
7.89,10.0,10.019902161851194,-6.220035282205531,-0.34757158650250486
7.9,10.0,10.020008029356129,-6.206912916983306,-0.38404079402590474
7.91,10.0,10.02011237185935,-6.193942610435393,-0.4190082576831682
7.92,10.0,10.020215019911634,-6.181136118941851,-0.4524286946047622
7.93,10.0,10.02031580546031,-6.168504965125276,-0.48426131519059057
7.94,10.0,10.020414567616237,-6.1560604548116125,-0.5144701529405639
7.95,10.0,10.020511151697512,-6.143813657999569,-0.5430242515650697
7.96,10.0,10.02060541081947,-6.131775427222659,-0.5698953784574616
7.97,10.0,10.02069720437963,-6.119956334556553,-0.595062558209975
7.98,10.0,10.020786399470351,-6.108366685334915,-0.6185101755518418
7.99,10.0,10.020872871473868,-6.097016510442222,-0.6402278742860756
8.0,10.0,10.020956503228822,-6.085915577409966,-0.6602084772722081
8.01,10.0,10.021037185772006,-6.075073372953647,-0.67844880051133
8.02,10.0,10.021114821351105,-6.06449903413832,-0.6949555675532502
8.03,10.0,10.021189321123495,-6.05420139974918,-0.7097393896405414
8.04,10.0,10.021260605791696,-6.044188989353061,-0.7228160114065418
8.05,10.0,10.021328598962537,-6.0344700846014545,-0.7341983233971583
8.06,10.0,10.02139324373043,-6.0250525091130855,-0.7439150047808081
8.07,10.0,10.02145449069784,-6.015943779066944,-0.7519964143175242
8.08,10.0,10.0215123015234,-6.007151052265182,-0.7584782861099133
8.09,10.0,10.021566641348677,-5.9986812086321954,-0.763395012136731
8.1,10.0,10.021617490869076,-5.990540707720727,-0.7667896565215034
8.11,10.0,10.021664844060272,-5.982735609051211,-0.7687117520790501
8.12,10.0,10.021708704498877,-5.975271608408436,-0.7692138992817992
8.13,10.0,10.02174907290171,-5.96815416963368,-0.7683434543811303
8.14,10.0,10.021785970425906,-5.961388261322751,-0.7661580227710657
8.15,10.0,10.021819429575764,-5.954978451877395,-0.7627191032787792
8.16,10.0,10.02184949103086,-5.948928939052373,-0.7580897265029193
8.17,10.0,10.021876193034805,-5.943243666404722,-0.7523307390780423
8.18,10.0,10.021899593483052,-5.93792606544535,-0.7455091463839443
8.19,10.0,10.021919757797956,-5.93297918862344,-0.7376932083761438
8.2,10.0,10.021936758989085,-5.928405703110862,-0.7289522532385512
8.21,10.0,10.02195067379548,-5.924207938006326,-0.7193563318266706
8.22,10.0,10.021961591434586,-5.920387762760258,-0.7089768712495522
8.23,10.0,10.021969607590636,-5.916946660972309,-0.6978858069140438
8.24,10.0,10.021974825004854,-5.913885716688121,-0.6861553392528714
8.25,10.0,10.021977336257788,-5.911205828662797,-0.6738521983615868
8.26,10.0,10.021977257514648,-5.908907273472368,-0.6610482159655364
8.27,10.0,10.021974703718632,-5.906990016819254,-0.6478121983359899
8.28,10.0,10.021969793868205,-5.905453641992703,-0.6342115716140955
8.29,10.0,10.021962645950836,-5.9042974305574765,-0.6203128221812968
8.3,10.0,10.021953386340844,-5.903520190730575,-0.606179495736529
8.31,10.0,10.021942142058723,-5.9031203847219045,-0.5918730889094135
8.32,10.0,10.021929041052307,-5.90309611695103,-0.5774524846332636
8.33,10.0,10.021914205146858,-5.903445254442216,-0.5629740800050388
8.34,10.0,10.021897764794543,-5.90416514996112,-0.5484903893217092
8.35,10.0,10.021879846867167,-5.905252856394513,-0.5340505327445356
8.36,10.0,10.021860577410383,-5.906705084759955,-0.519700740492645
8.37,10.0,10.021840082426108,-5.908518236491632,-0.5054874966396192
8.38,10.0,10.021818483504852,-5.91068832918017,-0.4914479684060444
8.39,10.0,10.021795900194507,-5.913211061677965,-0.4776170663495427
8.4,10.0,10.021772448737766,-5.916081828574326,-0.464026438986442
8.41,10.0,10.02174824165037,-5.919295770722025,-0.4507062280607869
8.42,10.0,10.021723386577722,-5.922847624270464,-0.4376781924883095
8.43,10.0,10.021697986171828,-5.926731854588577,-0.4249610361461209
8.44,10.0,10.021672139733996,-5.930942640813013,-0.4125707887629375
8.45,10.0,10.02164594442544,-5.93547389140447,-0.4005221722389739
8.46,10.0,10.021619485501397,-5.940319197882029,-0.38882053227095204
8.47,10.0,10.02159284397555,-5.945471886728832,-0.3774687520157255
8.48,10.0,10.021566096129634,-5.950925049168053,-0.3664671939092417
8.49,10.0,10.021539313213392,-5.956671550114235,-0.3558137704345894
8.5,10.0,10.021512555279736,-5.962703940879392,-0.34549887468217266
8.51,10.0,10.021485876337623,-5.969014557608676,-0.33551023064694185
8.52,10.0,10.021459327238727,-5.975595522615993,-0.3258343608231277
8.53,10.0,10.021432953251814,-5.9824387435392365,-0.31645537878194746
8.54,10.0,10.021406785903839,-5.98953588924225,-0.3073504076036551
8.55,10.0,10.021380851532186,-5.996878433494663,-0.2984948331214988
8.56,10.0,10.021355173362133,-6.004457692601973,-0.2898634648602285
8.57,10.0,10.021329767325708,-6.012264801295209,-0.28142852055244916
8.58,10.0,10.02130463759737,-6.02029068631,-0.2731574603420126
8.59,10.0,10.021279782784385,-6.028526126894075,-0.2650164817393663
8.6,10.0,10.021255201153835,-6.036961766140177,-0.2569725392993405
8.61,10.0,10.021230882457939,-6.045588099676957,-0.24899026586666395
8.62,10.0,10.021206805851204,-6.054395479749766,-0.24103133012779976
8.63,10.0,10.021182946232406,-6.063374140585186,-0.23305716377823474
8.64,10.0,10.021159278867412,-6.0725142363382485,-0.22503034365520222
8.65,10.0,10.021135770360262,-6.081805804928032,-0.21691205289308238
8.66,10.0,10.021112380118483,-6.091238784625004,-0.20866272002676284
8.67,10.0,10.021089064019517,-6.100803041702857,-0.2002433246218041
8.68,10.0,10.021065780827039,-6.110488381905166,-0.19161661842436692
8.69,10.0,10.021042480531689,-6.120284547314692,-0.18274520390436938
8.7,10.0,10.021019109179448,-6.13018123169455,-0.1735926369747568
8.71,10.0,10.020995610952806,-6.140168092751575,-0.1641240257440289
8.72,10.0,10.020971932915952,-6.150234778962391,-0.15430563109967443
8.73,10.0,10.020948015878465,-6.1603709094698775,-0.14410595066236556
8.74,10.0,10.020923799897714,-6.170566101045831,-0.13349554961514676
8.75,10.0,10.020899224619688,-6.180809978458161,-0.12244733345978254
8.76,10.0,10.02087423360306,-6.191092172756858,-0.11093490561255409
8.77,10.0,10.020848766597712,-6.2014023518623835,-0.09893644862846676
8.78,10.0,10.02082276530781,-6.211730217900824,-0.08643260592854748
8.79,10.0,10.02079617291014,-6.222065519855281,-0.07340709177870977
8.8,10.0,10.020768934970953,-6.232398057189033,-0.05984333151575985
8.81,10.0,10.020740998736434,-6.24271770433691,-0.04573193971828041
8.82,10.0,10.02071231444223,-6.253014410909701,-0.031065715462719495
8.83,10.0,10.020682835459109,-6.263278212548543,-0.015840831158509955
8.84,10.0,10.020652517174664,-6.273499214065013,-5.299998919272575e-05
8.85,10.0,10.020621320825237,-6.283667657328113,0.016293806355847262
8.86,10.0,10.020589211463808,-6.293773888760765,0.033193507144755
8.87,10.0,10.020556158437119,-6.303808376496152,0.050636835133587216
8.88,10.0,10.020522132087859,-6.3137616987272285,0.06861520746097077
8.89,10.0,10.020487112908127,-6.323624603748059,0.08711128582432548
8.9,10.0,10.02045108530101,-6.3333879813717235,0.10610599078600413
8.91,10.0,10.020414038461148,-6.343042873917205,0.12557756550744878
8.92,10.0,10.020375962762362,-6.352580457960145,0.14550463599855926
8.93,10.0,10.020336860766,-6.36199212781648,0.1658578454893185
8.94,10.0,10.02029673911348,-6.371269446015749,0.18660642751855347
8.95,10.0,10.020255608981108,-6.380404155847364,0.20771766352115387
8.96,10.0,10.020213482807153,-6.389388169889994,0.2291589267485839
8.97,10.0,10.02017038637104,-6.398213646296521,0.25089097062238774
8.98,10.0,10.020126349180135,-6.406872941081333,0.27287358884457186
8.99,10.0,10.02008140457783,-6.415358611640296,0.29506541879815884
9.0,10.0,10.020035587866133,-6.423663409920627,0.3174249493548649
9.01,10.0,10.019988946890429,-6.431780367167292,0.3399058862039611
9.02,10.0,10.019941532854395,-6.439702733393506,0.3624614683264922
9.03,10.0,10.019893399653917,-6.447423977557728,0.3850445368730848
9.04,10.0,10.019844603651984,-6.454937792716078,0.40760776193954895
9.05,10.0,10.019795212073264,-6.462238169569228,0.4301010088189089
9.06,10.0,10.01974529479467,-6.469319338262291,0.4524742147822606
9.07,10.0,10.019694923226067,-6.476175756364217,0.4746774639419543
9.08,10.0,10.019644171627283,-6.48280213044677,0.49666088892818094
9.09,10.0,10.019593122408093,-6.489193481270954,0.5183737854113726
9.1,10.0,10.019541859870786,-6.495345082437627,0.5397660109525578
9.11,10.0,10.019490468676736,-6.501252440645506,0.560787929362293
9.12,10.0,10.01943903618349,-6.506911336494079,0.5813905256438661
9.13,10.0,10.01938765498478,-6.512317868158642,0.6015255143768287
9.14,10.0,10.019336418601135,-6.517468398122393,0.6211456713309221
9.15,10.0,10.019285420072425,-6.522359519452511,0.6402044534139824
9.16,10.0,10.01923475435988,-6.526988121131146,0.6586567882692146
9.17,10.0,10.0191845187462,-6.531351407290758,0.6764594200586227
9.18,10.0,10.019134810433622,-6.535446851929689,0.6935706337994796
9.19,10.0,10.019085725565143,-6.539272155983456,0.7099493480859892
9.2,10.0,10.019037360776151,-6.542825333813893,0.7255569851049746
9.21,10.0,10.018989812593325,-6.546104703115001,0.740357398884758
9.22,10.0,10.018943176373574,-6.549108854181653,0.7543163885704031
9.23,10.0,10.018897546273136,-6.551836594735076,0.7674001668060368
9.24,10.0,10.018853014888155,-6.554287059505989,0.7795785467156187
9.25,10.0,10.018809672920586,-6.556459669553262,0.7908239217904176
9.26,10.0,10.018767608839964,-6.558354116362525,0.8011109393949651
9.27,10.0,10.018726910047656,-6.559970299837392,0.8104144498699314
9.28,10.0,10.018687659960445,-6.561308452382563,0.8187138406530117
9.29,10.0,10.018649939080705,-6.562369071452572,0.8259908603011251
9.3,10.0,10.01861382466466,-6.56315291945193,0.8322297320593011
9.31,10.0,10.018579393314692,-6.563660954020501,0.8374147213981569
9.32,10.0,10.018546715037004,-6.563894466170764,0.8415352807594333
9.33,10.0,10.018515856633847,-6.5638549878934125,0.8445828063334618
9.34,10.0,10.018486880830869,-6.563544305548465,0.8465512413380616
9.35,10.0,10.018459849957788,-6.562964392174014,0.8474345514930272
9.36,10.0,10.018434817666009,-6.562117540524383,0.8472320402489294
9.37,10.0,10.018411834454787,-6.5610062635468696,0.8459445882644263
9.38,10.0,10.018390946308443,-6.559633311841787,0.84357546244135
9.39,10.0,10.018372198423036,-6.558001617802294,0.8401283190319133
9.4,10.0,10.018355626624436,-6.556114405416433,0.8356114856511077
9.41,10.0,10.018341263363292,-6.553975103877674,0.8300348073236936
9.42,10.0,10.018329136533104,-6.5515873588367946,0.8234102156593632
9.43,10.0,10.018319272661534,-6.548954990418013,0.8157504009682484
9.44,10.0,10.01831168895401,-6.546082079090213,0.8070718546829821
9.45,10.0,10.018306399113238,-6.542972893539745,0.7973925111036735
9.46,10.0,10.018303412468683,-6.5396318958560995,0.7867320781856418
9.47,10.0,10.018302736380036,-6.536063710557953,0.7751112432097642
9.48,10.0,10.018304369471988,-6.532273191546137,0.7625536500329719
9.49,10.0,10.018308306851255,-6.528265361079461,0.7490842541703236
9.5,10.0,10.018314539589788,-6.52404541039925,0.7347294642969441
9.51,10.0,10.018323056268358,-6.519618678665299,0.7195167024408522
9.52,10.0,10.01833383768693,-6.514990701745816,0.7034756220339937
9.53,10.0,10.018346861224174,-6.510167162367229,0.6866369848036475
9.54,10.0,10.018362100661985,-6.505153886529591,0.6690327009019871
9.55,10.0,10.018379526947104,-6.4999568303637725,0.6506956273743292
9.56,10.0,10.0183991043884,-6.49458211409081,0.6316601784047396
9.57,10.0,10.01842079408776,-6.48903598133304,0.611961649199257
9.58,10.0,10.018444554050246,-6.483324792679239,0.5916361974987974
9.59,10.0,10.018470339324244,-6.477455018953854,0.570720758531457
9.6,10.0,10.018498099523311,-6.4714332615451235,0.549253245879266
9.61,10.0,10.018527781382565,-6.4652662207034695,0.5272722025671326
9.62,10.0,10.018559329081711,-6.458960686838555,0.5048167300442842
9.63,10.0,10.018592683951962,-6.452523538299562,0.48192643643878375
9.64,10.0,10.01862778306828,-6.445961750773212,0.4586414658536265
9.65,10.0,10.018664561061666,-6.439282373120357,0.4350022936080605
9.66,10.0,10.018702950583581,-6.432492517779584,0.411049630135107
9.67,10.0,10.01874288175311,-6.42559936084264,0.3868243797285091
9.68,10.0,10.018784281543956,-6.418610142720192,0.36236760272152047
9.69,10.0,10.018827075014293,-6.411532150730216,0.33772036711295655
9.7,10.0,10.018871185847368,-6.4043727094754,0.31292367967335033
9.71,10.0,10.018916535679605,-6.397139180960876,0.2880184101439893
9.72,10.0,10.01896304403742,-6.389838959583712,0.263045209877669
9.73,10.0,10.019010629136293,-6.382479459857396,0.23804442321351066
9.74,10.0,10.019059208441227,-6.375068108190428,0.21305605000291575
9.75,10.0,10.019108697987667,-6.367612340330481,0.18811960388874674
9.76,10.0,10.01915901266675,-6.360119593833803,0.1632740379446568
9.77,10.0,10.019210066720376,-6.352597299452004,0.13855768524965606
9.78,10.0,10.019261774257739,-6.345052875417433,0.11400825353373556
9.79,10.0,10.01931404868605,-6.337493719689958,0.08966260998608777
9.8,10.0,10.019366803169229,-6.329927203336894,0.06555675066705624
9.81,10.0,10.019419950918799,-6.3223606637279905,0.041725739993144606
9.82,10.0,10.019473405586478,-6.314801402886947,0.018203822585159957
9.83,10.0,10.019527080959646,-6.307256671414429,-0.004976007747997169
9.84,10.0,10.019580891404416,-6.2997336665637675,-0.02778189728185898
9.85,10.0,10.019634752046503,-6.2922395253535734,-0.05018321146794058
9.86,10.0,10.019688578921103,-6.28478132850919,-0.07215017976633337
9.87,10.0,10.019742289173749,-6.277366072808439,-0.09365480668515136
9.88,10.0,10.019795801231677,-6.270000677947025,-0.1146704001917187
9.89,10.0,10.01984903498308,-6.262691977682694,-0.13517172975035496
9.9,10.0,10.01990191154996,-6.255446730204942,-0.155134404194623
9.91,10.0,10.019954354281683,-6.248271577042014,-0.1745363410893792
9.92,10.0,10.020006288350649,-6.24117306129586,-0.193356825316093
9.93,10.0,10.020057641019095,-6.234157616524637,-0.21157676056027058
9.94,10.0,10.020108341048164,-6.227231580751783,-0.22917790294272278
9.95,10.0,10.020158320501569,-6.2204011466937645,-0.24614467591705042
9.96,10.0,10.020207513714094,-6.213672387503732,-0.2624629290245723
9.97,10.0,10.020255857597592,-6.207051246039981,-0.27812017038510195
9.98,10.0,10.020303290779058,-6.20054355064928,-0.2931047135048104
9.99,10.0,10.02034975615406,-6.194154958072592,-0.3074078234616807
10.0,10.0,10.020395199221014,-6.187890986380327,-0.3210221578312753
10.01,10.0,10.02043956835954,-6.181757005608063,-0.3339419531085545
10.02,10.0,10.020482813852377,-6.175758253248452,-0.3461622000419664
10.03,10.0,10.020524891024571,-6.169899772026859,-0.35768095728525195
10.04,10.0,10.020565758004297,-6.164186449196354,-0.36849756526110744
10.05,10.0,10.020605375892853,-6.158623009720637,-0.3786127578856056
10.06,10.0,10.020643707877554,-6.1532140289079535,-0.38802801663986564
10.07,10.0,10.020680722682851,-6.147963868065418,-0.39674776003219936
10.08,10.0,10.0207163918994,-6.142876718786482,-0.4047775319502639
10.09,10.0,10.020750689962545,-6.137956599956427,-0.41212399781030273
10.1,10.0,10.020783593582934,-6.133207364539682,-0.4187945662197147
10.11,10.0,10.020815085155444,-6.128632637041002,-0.4247992491834336
10.12,10.0,10.020845149869377,-6.124235860727256,-0.4301489777244799
10.13,10.0,10.020873775428868,-6.120020299752987,-0.4348554691671262
10.14,10.0,10.020900951998575,-6.115989037006819,-0.4389311459404809
10.15,10.0,10.020926675193266,-6.112144917870869,-0.4423905452629307
10.16,10.0,10.020950943224971,-6.108490597795134,-0.4452488675086731
10.17,10.0,10.020973756334861,-6.105028550697908,-0.447521757654607
10.18,10.0,10.020995117367931,-6.101761055052436,-0.4492254854685558
10.19,10.0,10.021015034019761,-6.098690148541703,-0.45037780664521515
10.2,10.0,10.02103351627428,-6.0958176731135,-0.450996865552244
10.21,10.0,10.021050575571522,-6.093145290532081,-0.4511009624726764
10.22,10.0,10.021066225995469,-6.090674454549365,-0.45070885683365114
10.23,10.0,10.021080485582262,-6.088406380577277,-0.449840106824852
10.24,10.0,10.021093374252636,-6.086342085416254,-0.4485143842800843
10.25,10.0,10.02110491280558,-6.084482410447776,-0.44675129999859864
10.26,10.0,10.021115124546435,-6.0828279786714745,-0.4445706347694464
10.27,10.0,10.021124035646094,-6.081379182542222,-0.441992338457893
10.28,10.0,10.021131673680692,-6.0801362159711765,-0.4390361964679823
10.29,10.0,10.021138066606182,-6.079099105204803,-0.4357218124234884
10.3,10.0,10.021143244497338,-6.078267650562672,-0.4320685431069248
10.31,10.0,10.02114723915966,-6.07764143430383,-0.4280954084547718
10.32,10.0,10.02115008326988,-6.077219843147806,-0.42382099589206434
10.33,10.0,10.02115180953914,-6.077002106467695,-0.4192637307269306
10.34,10.0,10.02115245210772,-6.076987223548575,-0.4144412446003757
10.35,10.0,10.021152045811416,-6.0771739919795635,-0.40937049984242446
10.36,10.0,10.02115062579153,-6.077561019716925,-0.4040677917624802
10.37,10.0,10.021148227084844,-6.078146769837024,-0.3985494015058191
10.38,10.0,10.021144885147981,-6.078929474981559,-0.39283017548174615
10.39,10.0,10.02114063533068,-6.079907185502228,-0.3869241759739248
10.4,10.0,10.02113551271664,-6.081077770848349,-0.3808446073703134
10.41,10.0,10.02112955237813,-6.0824389698282655,-0.3746048794915971
10.42,10.0,10.02112278850568,-6.083988294550884,-0.3682163210113061
10.43,10.0,10.021115254712987,-6.085723096481902,-0.3616895705556205
10.44,10.0,10.02110698381551,-6.087640558307845,-0.35503428909363977
10.45,10.0,10.021098008869169,-6.089737744929173,-0.3482605409678924
10.46,10.0,10.021088360630372,-6.092011506670866,-0.34137583597935256
10.47,10.0,10.021078069126425,-6.094458553594478,-0.33438718204312023
10.48,10.0,10.021067163208814,-6.097075443740605,-0.32730063463225706
10.49,10.0,10.02105567206962,-6.09985862554876,-0.32012265987735256
10.5,10.0,10.021043621597299,-6.102804357803532,-0.31285714987444824
10.51,10.0,10.021031036840961,-6.105908774550065,-0.30550758429503116
10.52,10.0,10.02101794152321,-6.10916787791451,-0.2980766538514161
10.53,10.0,10.021004359698315,-6.112577570704752,-0.2905674104844178
10.54,10.0,10.020990311520707,-6.1161335930286995,-0.282980559366789
10.55,10.0,10.020975816286914,-6.119831577445516,-0.2753165156201593
10.56,10.0,10.020960892020359,-6.12366704589349,-0.26757513382731635
10.57,10.0,10.020945556973968,-6.127635433326793,-0.25975654315247054
10.58,10.0,10.02092982533649,-6.1317320403987345,-0.2518589650054057
10.59,10.0,10.02091371050702,-6.135952078789137,-0.24388047056649775
10.6,10.0,10.020897224835542,-6.140290671584968,-0.23581882982566604
10.61,10.0,10.020880380742314,-6.1447428691986765,-0.22767202373013914
10.62,10.0,10.020863186829484,-6.149303616995481,-0.21943667999153355
10.63,10.0,10.020845651055184,-6.1539677910255834,-0.21110943716141045
10.64,10.0,10.020827780670688,-6.158730201033988,-0.20268688798975118
10.65,10.0,10.02080958283359,-6.1635856003116265,-0.19416581988846385
10.66,10.0,10.02079106147563,-6.168528666577964,-0.18554227500911824
10.67,10.0,10.020772220094539,-6.173554028682836,-0.176812477365367
10.68,10.0,10.020753061877379,-6.178656271253356,-0.16797281292203217
10.69,10.0,10.020733589809993,-6.183829940513068,-0.15901990113790695
10.7,10.0,10.020713804491468,-6.18906953617711,-0.14995022967966704
10.71,10.0,10.020693706345785,-6.19436953002583,-0.140760626132024
10.72,10.0,10.020673295867917,-6.199724371054452,-0.13144821178351018
10.73,10.0,10.020652573360355,-6.20512848963939,-0.122010460692591
10.74,10.0,10.020631537703007,-6.210576297664516,-0.11244524973301309
10.75,10.0,10.020610187891021,-6.216062200216121,-0.10275093440568986
10.76,10.0,10.020588523293991,-6.221580599975605,-0.09292621465449849
10.77,10.0,10.02056654326268,-6.227125902389449,-0.08297034922658167
10.78,10.0,10.02054424668438,-6.232692520790977,-0.07288338598124552
10.79,10.0,10.020521632864856,-6.238274882769625,-0.06266597037060603
10.8,10.0,10.020498701659653,-6.2438674324584085,-0.05231905341136295
10.81,10.0,10.020475453271056,-6.249464639566303,-0.04184441540848105
10.82,10.0,10.020451888269625,-6.2550610058920695,-0.031244844167259922
10.83,10.0,10.020428007941561,-6.260651068182647,-0.020523811024857813
10.84,10.0,10.020403814140668,-6.266229396899284,-0.009684962814389131
10.85,10.0,10.020379309622172,-6.271790612109601,0.0012669166115568398
10.86,10.0,10.020354498115317,-6.277329387523569,0.012325993980676214
10.87,10.0,10.020329384337002,-6.2828404518545335,0.023485711003659065
10.88,10.0,10.020303973426937,-6.2883185826150125,0.03473951789712304
10.89,10.0,10.020278272132973,-6.293758631938597,0.04607943290372679
10.9,10.0,10.020252288494815,-6.299155524086635,0.05749655295383327
10.91,10.0,10.0202260317676,-6.304504257477472,0.0689812526114188
10.92,10.0,10.020199511341845,-6.309799892055488,0.08052411141790308
10.93,10.0,10.020172739004693,-6.3150375881266445,0.09211405745956883
10.94,10.0,10.020145727846998,-6.320212593186623,0.10373935164472942
10.95,10.0,10.020118492340188,-6.325320246886599,0.11538758128826629
10.96,10.0,10.02009104670306,-6.330355960561914,0.1270467324975135
10.97,10.0,10.020063408324187,-6.335315272077546,0.13870303406515588
10.98,10.0,10.020035595628812,-6.340193817839059,0.15034237309328358
10.99,10.0,10.02000762848013,-6.344987342574934,0.16195007756459903
11.0,10.0,10.019979526170744,-6.349691671909611,0.17351197761752685
11.01,10.0,10.019951311638827,-6.354302781600286,0.18501228041429896
11.02,10.0,10.019923008493363,-6.358816755147155,0.19643513482859865
11.03,10.0,10.019894641640974,-6.363229797100707,0.20776433320513288
11.04,10.0,10.019866235423725,-6.36753820494477,0.21898409457903714
11.05,10.0,10.019837817610682,-6.371738441184454,0.23007750012759265
11.06,10.0,10.019809416462314,-6.375827086854306,0.24102770674947777
11.07,10.0,10.019781061224771,-6.379800853099637,0.25181775993299105
11.08,10.0,10.01975278063736,-6.38365655525107,0.262431065253746
11.09,10.0,10.019724606358388,-6.387391184824893,0.2728504297377352
11.1,10.0,10.019696570319107,-6.391001860630434,0.28305886875017366
11.11,10.0,10.019668705056262,-6.3944858378041864,0.2930395128591926
11.12,10.0,10.019641042664263,-6.39784048601289,0.302775832933425
11.13,10.0,10.01961361743665,-6.401063358375546,0.3122512200523012
11.14,10.0,10.019586463692562,-6.404152141986028,0.3214494075784502
11.15,10.0,10.019559615954623,-6.40710466367096,0.3303544340396132
11.16,10.0,10.019533108329592,-6.409918874061675,0.3389507063065984
11.17,10.0,10.01950697628346,-6.412592910570404,0.3472230170496625
11.18,10.0,10.019481255041708,-6.4151250491579805,0.3551566270061873
11.19,10.0,10.019455979651955,-6.41751370622956,0.36273724020309583
11.2,10.0,10.019431184697439,-6.419757429992083,0.36995100149521454
11.21,10.0,10.019406905254401,-6.421854954927565,0.37678482727116225
11.22,10.0,10.019383175883904,-6.423805156534603,0.3832262098758885
11.23,10.0,10.019360030642538,-6.4256070489597645,0.38926316987537213
11.24,10.0,10.01933750297621,-6.427259784626353,0.394884289658078
11.25,10.0,10.019315626015459,-6.428762698139537,0.40007919279216203
11.26,10.0,10.01929443210289,-6.430115265507471,0.404838170327277
11.27,10.0,10.019273952827742,-6.431317097317933,0.4091520801946751
11.28,10.0,10.019254218918695,-6.432367947129945,0.4130124967642602
11.29,10.0,10.019235260105436,-6.433267743367439,0.4164121819469364
11.3,10.0,10.019217105069307,-6.434016554206525,0.41934463968434743
11.31,10.0,10.019199781578173,-6.434614576325654,0.421803934185212
11.32,10.0,10.019183316197585,-6.435062152044199,0.4237850085366347
11.33,10.0,10.019167733979517,-6.435359788450431,0.4252840361835363
11.34,10.0,10.019153058690081,-6.435508128759555,0.4262979810780914
11.35,10.0,10.01913931311057,-6.435507936875948,0.42682432352974875
11.36,10.0,10.019126518413337,-6.435360122786618,0.4268615733212656
11.37,10.0,10.019114693931744,-6.435065748854882,0.42640942373816026
11.38,10.0,10.019103857508966,-6.434626008054015,0.42546837821372896
11.39,10.0,10.019094026012224,-6.434042204767869,0.424039394835685
11.4,10.0,10.019085214265914,-6.433315787531237,0.42212457812520776
11.41,10.0,10.019077435117179,-6.432448343052202,0.4197270963889521
11.42,10.0,10.019070699761482,-6.431441581342624,0.4168509216263778
11.43,10.0,10.019065018493016,-6.430297313345121,0.4135004095622249
11.44,10.0,10.019060399144493,-6.429017489764712,0.4096811277724651
11.45,10.0,10.019056847600698,-6.427604183932025,0.40539954441585513
11.46,10.0,10.019054367984436,-6.426059583508227,0.4006628970001413
11.47,10.0,10.019052963640604,-6.424385965662425,0.3954787236539284
11.48,10.0,10.019052635090793,-6.422585740452291,0.38985578556900546
11.49,10.0,10.019053381074276,-6.420661424104869,0.3838035595909892
11.5,10.0,10.019055198515549,-6.4186156366767255,0.3773322284198688
11.51,10.0,10.019058083716352,-6.4164510756232795,0.3704521906782443
11.52,10.0,10.01906202988584,-6.414170561941666,0.3631750182400366
11.53,10.0,10.019067028715561,-6.411777005840929,0.35551280779092487
11.54,10.0,10.01907307010837,-6.4092734091751735,0.3474782664664611
11.55,10.0,10.019080143446983,-6.406662839894618,0.3390842682097602
11.56,10.0,10.019088234975127,-6.403948475857647,0.33034470616957234
11.57,10.0,10.019097329676079,-6.40113356829626,0.32127384267988646
11.58,10.0,10.019107410890465,-6.398221445791112,0.31188641848145926
11.59,10.0,10.019118461385801,-6.395215493912183,0.30219733241079116
11.6,10.0,10.019130461119087,-6.392119188577141,0.2922222408063738
11.61,10.0,10.019143388911763,-6.388936065857908,0.281977068699234
11.62,10.0,10.01915722217984,-6.385669723558754,0.2714780679574783
11.63,10.0,10.019171937746385,-6.382323806201329,0.2607416071251396
11.64,10.0,10.01918751003565,-6.378902028664079,0.24978456097908558
11.65,10.0,10.019203912498597,-6.3754081521171235,0.23862395994898317
11.66,10.0,10.019221117450405,-6.371845983646453,0.22727701265070552
11.67,10.0,10.01923909663734,-6.368219365711402,0.21576098389801326
11.68,10.0,10.019257819872099,-6.364532191027413,0.20409339841887075
11.69,10.0,10.01927725618888,-6.360788384280328,0.192291819869543
11.7,10.0,10.019297373773535,-6.356991900311299,0.1803738507338689
11.71,10.0,10.01931814031653,-6.353146717016122,0.1683570730364234
11.72,10.0,10.019339522067497,-6.349256842651534,0.15625909446694639
11.73,10.0,10.019361484718667,-6.345326302848981,0.14409744588999865
11.74,10.0,10.019383993404984,-6.3413591379442416,0.13188957055580044
11.75,10.0,10.01940701289064,-6.337359398134201,0.11965279423932956
11.76,10.0,10.019430506996624,-6.333331144597482,0.10740426155838032
11.77,10.0,10.019454439226411,-6.329278441200574,0.0951609255848182
11.78,10.0,10.019478772807144,-6.325205351624221,0.08293954285552765
11.79,10.0,10.019503470769793,-6.321115935442091,0.07075664192359776
11.8,10.0,10.019528495684503,-6.317014244652832,0.05862839111628984
11.81,10.0,10.019553810054244,-6.312904319346528,0.04657065896799631
11.82,10.0,10.019579376362966,-6.308790185346939,0.03459903442228954
11.83,10.0,10.019605157120345,-6.304675849726816,0.022728760715897828
11.84,10.0,10.019631114823571,-6.300565294553171,0.01097456925635712
11.85,10.0,10.019657212154758,-6.296462475657427,-0.0006492030448425057
11.86,10.0,10.019683411997368,-6.292371321577784,-0.012128552139459209
11.87,10.0,10.019709677526418,-6.288295726878264,-0.02344994564984776
11.88,10.0,10.019735972300742,-6.284239545114205,-0.034600475174183964
11.89,10.0,10.019762260309086,-6.280206589722782,-0.04556770609174399
11.9,10.0,10.01978850591285,-6.276200635110476,-0.056339561040524566
11.91,10.0,10.019814674070568,-6.272225406002938,-0.06690456555603302
11.92,10.0,10.019840730451413,-6.268284571840331,-0.07725193355325385
11.93,10.0,10.019866641383853,-6.264381748676132,-0.0873714158732612
11.94,10.0,10.019892373681465,-6.260520503304918,-0.09725311191627417
11.95,10.0,10.019917895094512,-6.256704336750872,-0.10688785534931064
11.96,10.0,10.019943174325205,-6.252936682491565,-0.11626718516806231
11.97,10.0,10.019968180941014,-6.249220908125746,-0.12538321999471955
11.98,10.0,10.01999288504208,-6.245560323467568,-0.1342283838777167
11.99,10.0,10.020017258029927,-6.241958156204212,-0.1427959625116068
12.0,10.0,10.020041272401025,-6.238417556499993,-0.15107991403623333
12.01,10.0,10.020064901692688,-6.234941597078327,-0.15907479619548834
12.02,10.0,10.020088119956695,-6.231533286208392,-0.16677540612758107
12.03,10.0,10.020110902922378,-6.228195533554724,-0.1741775126560968
12.04,10.0,10.020133227451648,-6.2249311637989315,-0.1812774764435439
12.05,10.0,10.020155071586363,-6.221742913693694,-0.1880722556986109
12.06,10.0,10.02017641380449,-6.218633450824883,-0.19455897021811783
12.07,10.0,10.020197234629181,-6.215605327766656,-0.20073578845154444
12.08,10.0,10.020217515649497,-6.212661007338249,-0.20660135382551398
12.09,10.0,10.02023723971958,-6.209802855493755,-0.21215487695015645
12.1,10.0,10.020256390053214,-6.2070331649277435,-0.21739566946233727
12.11,10.0,10.020274952167354,-6.204354099299759,-0.22232409003443798
12.12,10.0,10.02029291253454,-6.201767729146163,-0.22694085677363174
12.13,10.0,10.02031025888297,-6.1992760219665675,-0.2312471813290161
12.14,10.0,10.020326979341135,-6.196880865516074,-0.23524438038630816
12.15,10.0,10.020343064311694,-6.19458401166262,-0.23893467158375514
12.16,10.0,10.020358505117288,-6.192387114197311,-0.24232056845556274
12.17,10.0,10.02037329423991,-6.190291720517146,-0.24540497483381357
12.18,10.0,10.020387424604042,-6.188299292533034,-0.24819090713045536
12.19,10.0,10.02040089126496,-6.186411152112794,-0.2506820921939619
12.2,10.0,10.020413690129734,-6.1846285196271795,-0.2528824850163153
12.21,10.0,10.020425818122998,-6.1829525077416125,-0.2547963246403383
12.22,10.0,10.020437272648547,-6.181384138719807,-0.2564279641040906
12.23,10.0,10.020448052997224,-6.179924293383345,-0.2577822533246689
12.24,10.0,10.020458159216917,-6.1785737491899075,-0.25886420094099816
12.25,10.0,10.020467592203046,-6.177333176573883,-0.2596790000579507
12.26,10.0,10.020476353351105,-6.17620315158705,-0.26023194373236075
12.27,10.0,10.020484445622689,-6.175184110169703,-0.26052860810428835
12.28,10.0,10.02049187262183,-6.174276384585093,-0.2605746587980723
12.29,10.0,10.02049863862119,-6.1734802026453135,-0.26037586251719363
12.3,10.0,10.02050474838669,-6.172795694865161,-0.25993805570973344
12.31,10.0,10.020510207882737,-6.172222855593569,-0.259267157609617
12.32,10.0,10.020515023588695,-6.171761576725009,-0.2583691131906554
12.33,10.0,10.020519202440681,-6.171411655501312,-0.257249938750288
12.34,10.0,10.020522751774045,-6.171172796239474,-0.25591570442375
12.35,10.0,10.020525679809195,-6.171044565107522,-0.25437234817617543
12.36,10.0,10.02052799510174,-6.171026434387331,-0.2526258103587437
12.37,10.0,10.020529706641687,-6.171117770654532,-0.2506819672340598
12.38,10.0,10.020530823809942,-6.171317835294914,-0.24854660909594892
12.39,10.0,10.02053135633471,-6.171625785020796,-0.24622541791882466
12.4,10.0,10.020531314247975,-6.172040672387416,-0.24372394538151462
12.41,10.0,10.020530708243117,-6.172561469502069,-0.24104800821400746
12.42,10.0,10.020529549079322,-6.173187036626343,-0.23820309153163588
12.43,10.0,10.020527847397258,-6.173916114554117,-0.23519418012298438
12.44,10.0,10.020525614197599,-6.174747355309634,-0.23202627979865667
12.45,10.0,10.020522860599119,-6.17567931119707,-0.22870418873614065
12.46,10.0,10.020519597797499,-6.176710435453395,-0.22523247780603575
12.47,10.0,10.020515836909347,-6.177839121081825,-0.22161577110734793
12.48,10.0,10.020511588244581,-6.179063929785579,-0.21786052069540943
12.49,10.0,10.020506863293736,-6.180382918001444,-0.21396968383045709
12.5,10.0,10.020501672927232,-6.181794222732907,-0.20994730343733564
12.51,10.0,10.02049602785046,-6.183295897145648,-0.20579719078737932
12.52,10.0,10.020489938560111,-6.184885912052908,-0.2015229124763199
12.53,10.0,10.020483415300468,-6.186562157400849,-0.19712777721025482
12.54,10.0,10.020476470351102,-6.1883226045159905,-0.19261717615407925
12.55,10.0,10.020469113923163,-6.190165027629654,-0.1879944713750552
12.56,10.0,10.020461355170633,-6.192087078106511,-0.18326204774152802
12.57,10.0,10.020453203693526,-6.194086392599539,-0.17842286111110878
12.58,10.0,10.020444668740955,-6.19616054259323,-0.1734796650190732
12.59,10.0,10.020435759175097,-6.198307036417529,-0.16843500520048246
12.6,10.0,10.020426488613227,-6.200523456987285,-0.16329416122318746
12.61,10.0,10.020416864354486,-6.202807174513174,-0.15805885943077838
12.62,10.0,10.020406894708922,-6.205155541565726,-0.15273145932055052
12.63,10.0,10.020396588150792,-6.207565873840817,-0.14731448668006006
12.64,10.0,10.020385952818,-6.210035439996691,-0.14181036392787055
12.65,10.0,10.02037499942884,-6.212561504130784,-0.13622247541677146
12.66,10.0,10.020363736863048,-6.215141268196587,-0.13055358029824962
12.67,10.0,10.020352172331103,-6.217771877004737,-0.12480588450329091
12.68,10.0,10.02034031388686,-6.220450455187548,-0.11898195995598346
12.69,10.0,10.02032816938835,-6.22317409571606,-0.11308437950603054
12.7,10.0,10.020315747366157,-6.225939877365282,-0.10711587734159997
12.71,10.0,10.020303056734441,-6.228744862507197,-0.10107930881752886
12.72,10.0,10.020290104613666,-6.231586062805475,-0.09497728373365236
12.73,10.0,10.020276898794124,-6.234460483795972,-0.08881260259806101
12.74,10.0,10.0202634469857,-6.2373651148384495,-0.08258813686300284
12.75,10.0,10.020249756957016,-6.240296938415506,-0.0763068405860538
12.76,10.0,10.020235836970478,-6.243252953874638,-0.06997176359474377
12.77,10.0,10.020221694418911,-6.246230113383577,-0.0635860559273588
12.78,10.0,10.02020733701023,-6.249225382263877,-0.057152984698617654
12.79,10.0,10.02019277245122,-6.252235726062356,-0.05067594345401835
12.8,10.0,10.020178008457556,-6.2552581135456125,-0.04415846339142818
12.81,10.0,10.020163054047023,-6.258289539275957,-0.03760423037202573
12.82,10.0,10.020147916747405,-6.261326983846626,-0.03101708297604619
12.83,10.0,10.020132604738471,-6.264367449409664,-0.0244010335036616
12.84,10.0,10.020117126334794,-6.267407954625443,-0.017760276705858308
12.85,10.0,10.020101489990708,-6.270445537580638,-0.011099200689083544
12.86,10.0,10.020085705132686,-6.273477245434408,-0.004422059052566485
12.87,10.0,10.020069780754415,-6.2765001608994995,0.0022664277059241122
12.88,10.0,10.020053725985834,-6.279511396223231,0.008961290937207045
12.89,10.0,10.02003755039862,-6.2825080915087055,0.015657422765803536
12.9,10.0,10.020021263855286,-6.285487420548796,0.02234949583853943
12.91,10.0,10.020004876329377,-6.288446573792913,0.029032501312991787
12.92,10.0,10.019988398115071,-6.291382780082844,0.035701228406972346
12.93,10.0,10.019971840070927,-6.294293331779759,0.0423496509391158
12.94,10.0,10.019955213291597,-6.29717555295919,0.048971869156937936
12.95,10.0,10.019938529243115,-6.300026813741837,0.05556179114780982
12.96,10.0,10.019921799313478,-6.302844521153599,0.06211347032751158
12.97,10.0,10.01990503435957,-6.3056261098910795,0.06862144539454856
12.98,10.0,10.019888247254963,-6.308369109495883,0.07507889924665975
12.99,10.0,10.019871450537721,-6.311071086765565,0.08147937934823443
13.0,10.0,10.019854657100947,-6.313729665638456,0.08781630656850961
13.01,10.0,10.019837880066591,-6.316342526346981,0.09408304620267702
13.02,10.0,10.019821131065465,-6.318907364740746,0.10027377207739138
13.03,10.0,10.019804424494172,-6.321422000979118,0.10638135695610051
13.04,10.0,10.019787774119717,-6.323884296983707,0.11239907010199324
13.05,10.0,10.019771193992463,-6.326292181561315,0.1183201313478717
13.06,10.0,10.019754698446716,-6.328643652725932,0.12413771918581112
13.07,10.0,10.019738300672179,-6.330936723594596,0.12984557643318084
13.08,10.0,10.01972201552912,-6.333169535835915,0.1354368411556151
13.09,10.0,10.019705857855286,-6.335340295121222,0.14090476297909654
13.1,10.0,10.019689842523748,-6.337447275707451,0.14624268724375547
13.11,10.0,10.019673984588032,-6.339488828465111,0.1514440024606767
13.12,10.0,10.019658298376834,-6.341463335583739,0.15650246765509504
13.13,10.0,10.019642798716315,-6.343369277360414,0.1614117910881745
13.14,10.0,10.019627501052474,-6.345205241042416,0.16616559589178584
13.15,10.0,10.019612420552377,-6.346969875875642,0.17075774511091088
13.16,10.0,10.019597572430134,-6.348661912673443,0.1751822357501162
13.17,10.0,10.019582971380423,-6.350280134978213,0.179433329578835
13.18,10.0,10.019568631636345,-6.351823384689414,0.1835055517510649
13.19,10.0,10.019554568543615,-6.3532906513982885,0.187393368060883
13.2,10.0,10.019540796828329,-6.354680979195586,0.19109156282552797
13.21,10.0,10.019527331092304,-6.355993496449699,0.1945951447097685
13.22,10.0,10.019514185608566,-6.3572274041979515,0.19789935437952605
13.23,10.0,10.019501373572066,-6.358381926233427,0.20099964840498946
13.24,10.0,10.019488909257555,-6.359456463603611,0.20389180978454163
13.25,10.0,10.019476806148996,-6.360450465852677,0.20657188289682601
13.26,10.0,10.01946507741936,-6.361363467531916,0.2090362111304441
13.27,10.0,10.019453735902397,-6.362195088982807,0.21128145198643722
13.28,10.0,10.019442793618147,-6.362944951121313,0.21330413008696228
13.29,10.0,10.01943226270432,-6.3636128611867315,0.21510164701831164
13.3,10.0,10.019422154679363,-6.36419867693371,0.21667156213646793
13.31,10.0,10.019412480572072,-6.364702337847738,0.21801177148687306
13.32,10.0,10.019403250901718,-6.365123867549994,0.2191205319225267
13.33,10.0,10.019394475881949,-6.3654633129562805,0.2199959737142978
13.34,10.0,10.019386164995359,-6.36572084782936,0.2206369571184952
13.35,10.0,10.019378327093262,-6.365896739127262,0.22104280746762572
13.36,10.0,10.019370970470526,-6.365991319884035,0.2212131033761818
13.37,10.0,10.019364102781418,-6.366005003604587,0.22114780457006747
13.38,10.0,10.019357731383725,-6.36593824597484,0.22084689958402617
13.39,10.0,10.019351863002319,-6.365791576353121,0.22031071390073514
13.4,10.0,10.01934650319713,-6.365565649316744,0.21954040805870212
13.41,10.0,10.019341657052973,-6.365261170924053,0.2185372897573596
13.42,10.0,10.01933732892126,-6.364878922191756,0.21730304622380325
13.43,10.0,10.019333522664525,-6.36441974029908,0.21583955161649138
13.44,10.0,10.01933024199288,-6.363884493533687,0.2141486065670597
13.45,10.0,10.019327488787988,-6.363274193246146,0.21223316043464913
13.46,10.0,10.019325264594409,-6.362589890170732,0.21009620015364833
13.47,10.0,10.019323570169062,-6.361832702949518,0.20774106955464497
13.48,10.0,10.019322405535439,-6.361003813814366,0.20517142755868586
13.49,10.0,10.019321771263542,-6.360104406169794,0.2023904795110727
13.5,10.0,10.019321665354546,-6.3591358105113,0.19940281466611734
13.51,10.0,10.019322085681331,-6.358099386996807,0.19621294934706646
13.52,10.0,10.01932302932021,-6.356996555373475,0.19282571354093503
13.53,10.0,10.019324492538617,-6.355828793814639,0.18924624833775242
13.54,10.0,10.019326472210166,-6.354597587401723,0.18547932523243957
13.55,10.0,10.01932896305215,-6.3533045239778,0.18153065079049077
13.56,10.0,10.019331959169312,-6.351951238090433,0.17740612459330277
13.57,10.0,10.019335454089713,-6.350539408127202,0.173111813998997
13.58,10.0,10.019339440580445,-6.3490707612188775,0.16865403336110465
13.59,10.0,10.019343911635838,-6.347547042841327,0.16403896005245217
13.6,10.0,10.019348859191734,-6.345970052744548,0.15927311594951563
13.61,10.0,10.019354273806629,-6.344341652679314,0.15436348099363345
13.62,10.0,10.019360145775645,-6.342663732331652,0.14931706117932483
13.63,10.0,10.019366464723246,-6.340938219628576,0.1441410357755753
13.64,10.0,10.019373220135801,-6.339167065493136,0.13884258810426892
13.65,10.0,10.019380401395308,-6.337352241390179,0.13342888719142593
13.66,10.0,10.019387996044403,-6.335495782228029,0.1279076037456384
13.67,10.0,10.019395991603915,-6.333599738161947,0.12228635273331406
13.68,10.0,10.019404375044859,-6.331666186545052,0.11657284467385723
13.69,10.0,10.019413132975856,-6.329697226168968,0.1107748344251746
13.7,10.0,10.01942225251986,-6.327694956329181,0.10489991500932871
13.71,10.0,10.019431718864261,-6.325661529129279,0.09895605885342804
13.72,10.0,10.019441517333139,-6.323599102225457,0.09295114306141458
13.73,10.0,10.019451632842763,-6.321509849181338,0.08689306256030047
13.74,10.0,10.01946204992014,-6.319395957426822,0.08078971682991107
13.75,10.0,10.019472753749842,-6.317259608792005,0.0746488729016744
13.76,10.0,10.01948372801622,-6.315103014345785,0.06847841362415388
13.77,10.0,10.019494956476688,-6.312928386008342,0.062286137527660684
13.78,10.0,10.019506422677502,-6.31073793964086,0.056079781760144
13.79,10.0,10.019518109936882,-6.308533893604516,0.049867013116444314
13.8,10.0,10.019530001870894,-6.3063184620033415,0.04365545122382361
13.81,10.0,10.019542081599653,-6.304093860091771,0.03745259399802639
13.82,10.0,10.01955433198548,-6.301862300169315,0.03126581978957543
13.83,10.0,10.019566735932306,-6.299625986911393,0.025102393615333313
13.84,10.0,10.019579276281087,-6.297387116423384,0.01896944389548219
13.85,10.0,10.019591935988293,-6.295147875894913,0.012874051033246792
13.86,10.0,10.019604698046505,-6.292910440160082,0.006823161570710612
13.87,10.0,10.019617545267447,-6.290676966607435,0.0008234093537055343
13.88,10.0,10.01963046063176,-6.288449596889228,-0.005118680029804978
13.89,10.0,10.019643427215017,-6.286230453547115,-0.010996771239642517
13.9,10.0,10.019656428203804,-6.284021641155211,-0.016804646157927067
13.91,10.0,10.019669446902437,-6.281825249846404,-0.022536068556977457
13.92,10.0,10.019682466851481,-6.279643330263784,-0.028185394290838495
13.93,10.0,10.019695471775956,-6.277477912054474,-0.03374704564798814
13.94,10.0,10.019708445636676,-6.2753309959800205,-0.03921567363330142
13.95,10.0,10.019721372643943,-6.273204552737223,-0.0445861511716851
13.96,10.0,10.019734236880597,-6.271100544947423,-0.049853104331017806
13.97,10.0,10.019747023271501,-6.269020869276552,-0.05501203497412005
13.98,10.0,10.019759716871175,-6.2669673983220235,-0.06005845557533862
13.99,10.0,10.019772303087061,-6.264941967000418,-0.06498813007213408
14.0,10.0,10.019784767706035,-6.262946370603421,-0.06979708189775966
14.01,10.0,10.01979709632234,-6.2609823912888665,-0.07448113051478036
14.02,10.0,10.019809275490553,-6.259051742629066,-0.07903678723413332
14.03,10.0,10.019821292159216,-6.257156095830415,-0.08346079616699045
14.04,10.0,10.019833133630765,-6.255297080954171,-0.08775008999335399
14.05,10.0,10.019844787672302,-6.253476280969637,-0.09190186439667103
14.06,10.0,10.019856242003621,-6.251695253639547,-0.09591324960852293
14.07,10.0,10.019867484966454,-6.249955501161958,-0.09978171915423856
14.08,10.0,10.01987850581587,-6.248258456524054,-0.1035052628918697
14.09,10.0,10.01988929406388,-6.246605511773222,-0.10708196817683344
14.1,10.0,10.019899839739773,-6.244998005745118,-0.11051017348883455
14.11,10.0,10.019910133046565,-6.243437238371075,-0.11378828359461637
14.12,10.0,10.019920164283766,-6.241924473300946,-0.11691472250633672
14.13,10.0,10.019929925223067,-6.2404608767820005,-0.11988863850705725
14.14,10.0,10.019939407755999,-6.23904757622521,-0.12270919713247982
14.15,10.0,10.01994860431033,-6.237685641172138,-0.12537578978840075
14.16,10.0,10.019957507721294,-6.236376088471477,-0.12788797227704138
14.17,10.0,10.019966110377085,-6.23511992080474,-0.13024509135773787
14.18,10.0,10.019974406590753,-6.233918016960707,-0.1324472992465709
14.19,10.0,10.019982390662244,-6.232771220142609,-0.13449471383567402
14.2,10.0,10.019990057415114,-6.231680312568661,-0.13638764378779145
14.21,10.0,10.019997402203114,-6.230646014430444,-0.13812658545125503
14.22,10.0,10.020004419779015,-6.229669040757896,-0.13971182434566431
14.23,10.0,10.020011106668477,-6.228749979892753,-0.14114425468969144
14.24,10.0,10.020017459546992,-6.227889375388772,-0.14242481002838075
14.25,10.0,10.020023475510936,-6.227087711510034,-0.14355455204702963
14.26,10.0,10.020029152141834,-6.226345409253226,-0.14453468749800144
14.27,10.0,10.020034486803047,-6.2256628677456956,-0.1453663828319712
14.28,10.0,10.020039477743287,-6.225040397493058,-0.1460510414043378
14.29,10.0,10.020044123892525,-6.224478231897412,-0.1465902460185781
14.3,10.0,10.020048424401738,-6.223976554103927,-0.14698563560266203
14.31,10.0,10.020052378842909,-6.223535484331766,-0.1472389512468493
14.32,10.0,10.02005598685356,-6.22315510609261,-0.1473519822215005
14.33,10.0,10.020059248333999,-6.222835450443463,-0.14732658682060115
14.34,10.0,10.020062164110705,-6.222576444845396,-0.14716477620809443
14.35,10.0,10.020064735105006,-6.222377975514546,-0.14686859615351194
14.36,10.0,10.02006696258391,-6.222239867607055,-0.14644015518983028
14.37,10.0,10.020068848035478,-6.222161897805007,-0.14588162554305775
14.38,10.0,10.020070392907927,-6.2221438218315415,-0.14519525390214344
14.39,10.0,10.020071599525693,-6.222185273082794,-0.1443832898697849
14.4,10.0,10.020072470262644,-6.222285852103209,-0.14344803598038916
14.41,10.0,10.020073007759942,-6.222445101674519,-0.14239182501365064
14.42,10.0,10.020073214909255,-6.2226625081723075,-0.14121701652451632
14.43,10.0,10.020073094561795,-6.22293756207874,-0.13992616540619035
14.44,10.0,10.02007265015011,-6.223269621569734,-0.13852161807941982
14.45,10.0,10.020071885182272,-6.223658019379918,-0.1370058157204296
14.46,10.0,10.02007080335987,-6.2241020350825345,-0.13538120636407644
14.47,10.0,10.020069408565309,-6.224600895569231,-0.13365023899302775
14.48,10.0,10.020067704858977,-6.225153819808074,-0.13181557539340732
14.49,10.0,10.0200656964484,-6.225759938093777,-0.12987968457748414
14.5,10.0,10.020063387684287,-6.226418331743503,-0.12784502979359044
14.51,10.0,10.020060783049722,-6.227128042111439,-0.12571410454156304
14.52,10.0,10.020057887145862,-6.227888063891394,-0.12348939137995649
14.53,10.0,10.020054704818122,-6.228697372189927,-0.12117352961199684
14.54,10.0,10.0200512409882,-6.229554893835871,-0.11876911788654387
14.55,10.0,10.020047500544306,-6.230459489719844,-0.11627858909930278
14.56,10.0,10.0200434885261,-6.231409993009293,-0.11370445092585488
14.57,10.0,10.020039210044912,-6.2324051971691175,-0.11104919802531446
14.58,10.0,10.020034670404371,-6.23344386967475,-0.10831540662273553
14.59,10.0,10.020029875154606,-6.234524759324925,-0.1055057799683608
14.6,10.0,10.020024829517707,-6.2356465429930745,-0.10262272881416395
14.61,10.0,10.020019538929,-6.236807879855722,-0.09966877717255551
14.62,10.0,10.020014008866696,-6.238007397076684,-0.09664644170016734
14.63,10.0,10.020008244896387,-6.239243694470436,-0.0935582585700466
14.64,10.0,10.020002253077017,-6.240515372431016,-0.09040700062895612
14.65,10.0,10.019996038866633,-6.241820963300038,-0.0871951048473191
14.66,10.0,10.019989608000214,-6.243158989666587,-0.08392513790117523
14.67,10.0,10.019982966243363,-6.244527950314298,-0.08059966985207037
14.68,10.0,10.019976119385825,-6.245926321602276,-0.0772212742605162
14.69,10.0,10.019969073750103,-6.2473525833771815,-0.07379271950654895
14.7,10.0,10.019961835132456,-6.248805170231486,-0.07031657790877446
14.71,10.0,10.019954409491355,-6.250282505979076,-0.06679548390854678
14.72,10.0,10.019946802854609,-6.251783000923516,-0.0632321019651996
14.73,10.0,10.019939021277999,-6.253305051578466,-0.0596291136240959
14.74,10.0,10.019931071152016,-6.254847053332083,-0.055989283857209
14.75,10.0,10.019922958731987,-6.256407385214879,-0.05231536410457757
14.76,10.0,10.019914690179816,-6.257984413044702,-0.04861010292738438
14.77,10.0,10.019906271798302,-6.259576499490634,-0.044876297055912756
14.78,10.0,10.019897709930413,-6.261182002100554,-0.04111677205103831
14.79,10.0,10.019889011094035,-6.262799278097259,-0.03733437930526751
14.8,10.0,10.01988018192173,-6.264426684591169,-0.033531999530881984
14.81,10.0,10.01987122885749,-6.266062573080643,-0.02971255441218168
14.82,10.0,10.019862158509222,-6.267705299366676,-0.02587899621487802
14.83,10.0,10.019852977539713,-6.269353222617954,-0.02203431306161016
14.84,10.0,10.01984369269675,-6.271004706805388,-0.018181509009567665
14.85,10.0,10.019834310894165,-6.272658121794519,-0.014323547885581628
14.86,10.0,10.019824838939337,-6.274311846813504,-0.01046354948315123
14.87,10.0,10.019815283770983,-6.275964270492361,-0.006604621511952402
14.88,10.0,10.019805652394162,-6.277613792936696,-0.002749907686759173
14.89,10.0,10.01979595188121,-6.2792588273182295,0.0010974121956381921
14.9,10.0,10.01978618933895,-6.280897791068123,0.004934328989234932
14.91,10.0,10.019776371984765,-6.282529130617075,0.008757543389302597
14.92,10.0,10.01976650708955,-6.284151305118703,0.012563821411424259
14.93,10.0,10.019756601993935,-6.285762792744906,0.016349900551456797
14.94,10.0,10.019746664109187,-6.287362092266974,0.02011248993272452
14.95,10.0,10.019736700756251,-6.288947710665291,0.0238484594118962
14.96,10.0,10.019726719455596,-6.290518189646781,0.027554502096010097
14.97,10.0,10.019716727802589,-6.292072096392758,0.031227281117099964
14.98,10.0,10.019706733423352,-6.293608021249499,0.0348634822505996
14.99,10.0,10.01969674400553,-6.295124581887465,0.038459779157687474
15.0,10.0,10.019686767122167,-6.296620411848432,0.04201296434039606
15.01,10.0,10.019676810411555,-6.298094175273963,0.04551981777877706
15.02,10.0,10.019666881737688,-6.299544580205028,0.04897698982690993
15.03,10.0,10.019656988910596,-6.3009703595157305,0.05238120850025868
15.04,10.0,10.019647139778941,-6.302370279224352,0.05572921244066978
15.05,10.0,10.01963734210922,-6.303743130958961,0.05901781744265758
15.06,10.0,10.019627603493657,-6.3050877265693686,0.062243967489089336
15.07,10.0,10.019617931924733,-6.306402942612589,0.0654044272939392
15.08,10.0,10.01960833524204,-6.307687680473417,0.06849608138122007
15.09,10.0,10.019598821287612,-6.308940879488276,0.07151585205305255
15.1,10.0,10.019589397865447,-6.310161515072038,0.07446071728931283
15.11,10.0,10.019580072373616,-6.31134856923784,0.07732785641547418
15.12,10.0,10.01957085271815,-6.312501109198827,0.08011429572619672
15.13,10.0,10.019561746566703,-6.313618225975887,0.08281720176633597
15.14,10.0,10.019552761542096,-6.314699052258238,0.08543380793548364
15.15,10.0,10.019543905216189,-6.3157427634261945,0.08796141894891643
15.16,10.0,10.019535184745735,-6.316748540829317,0.09039749993462487
15.17,10.0,10.019526607583657,-6.317715648450362,0.09273951162464036
15.18,10.0,10.019518181021134,-6.31864338629484,0.09498502150087515
15.19,10.0,10.019509912217226,-6.319531095183597,0.09713169979046704
15.2,10.0,10.019501808223302,-6.320378161000914,0.09917731689958986
15.21,10.0,10.019493875794478,-6.321183987752308,0.10111974912976632
15.22,10.0,10.019486121639924,-6.321948038125407,0.1029569825229032
15.23,10.0,10.019478552416036,-6.322669834500411,0.1046871178036746
15.24,10.0,10.019471174558431,-6.3233489351725245,0.10630837611003655
15.25,10.0,10.019463994335839,-6.32398494470165,0.10781910366339167
15.26,10.0,10.019457017786342,-6.324577497080775,0.10921774247068608
15.27,10.0,10.01945025072283,-6.32512626114219,0.11050284473720817
15.28,10.0,10.01944369886237,-6.325630985798446,0.1116731658386042
15.29,10.0,10.019437367661258,-6.326091450684274,0.11272757088843427
15.3,10.0,10.019431262352144,-6.326507481746731,0.11366506927777231
15.31,10.0,10.01942538793792,-6.326878943851956,0.114484790103208
15.32,10.0,10.019419749195173,-6.327205715208759,0.11518588983700304
15.33,10.0,10.01941435062073,-6.327487769554842,0.11576786265464889
15.34,10.0,10.019409196458513,-6.327725106344032,0.11623028263656238
15.35,10.0,10.019404290679175,-6.32791777028108,0.11657287995433027
15.36,10.0,10.019399636969998,-6.3280658514610675,0.11679554450575916
15.37,10.0,10.019395238929796,-6.328169437728305,0.11689807873734673
15.38,10.0,10.019391099612134,-6.328228718914567,0.11688074793725794
15.39,10.0,10.01938722185356,-6.328243908123491,0.11674386991749913
15.4,10.0,10.019383608181057,-6.328215261088069,0.11648791945573683
15.41,10.0,10.019380260800645,-6.328143076605032,0.11611353367551919
15.42,10.0,10.019377181850635,-6.328027663968746,0.11562130357346379
15.43,10.0,10.019374372937925,-6.327869399154363,0.11501214185865408
15.44,10.0,10.019371835301795,-6.327668703322913,0.1142871465300597
15.45,10.0,10.019369569901558,-6.327426030757294,0.11344752541927994
15.46,10.0,10.019367577352751,-6.327141875537766,0.11249464282863642
15.47,10.0,10.019365858151025,-6.326816751680014,0.11142987473734692
15.48,10.0,10.01936441245219,-6.326451210810413,0.1102547439431161
15.49,10.0,10.01936323980093,-6.326045864188934,0.10897108726169841
15.5,10.0,10.019362339531696,-6.325601347868865,0.10758079954821584
15.51,10.0,10.019361710628775,-6.3251183336077235,0.10608591818563592
15.52,10.0,10.019361351866793,-6.324597518971665,0.10448854659430767
15.53,10.0,10.019361261959446,-6.324039616910158,0.10279077335099326
15.54,10.0,10.01936143875368,-6.323445406940834,0.1009950908625947
15.55,10.0,10.019361879973179,-6.322815686336505,0.09910400321847257
15.56,10.0,10.019362583001714,-6.322151283281026,0.09712013663321262
15.57,10.0,10.019363544920576,-6.321453054114523,0.09504621997262064
15.58,10.0,10.019364763032852,-6.320721855115365,0.09288485020587584
15.59,10.0,10.019366233575145,-6.3199586090781805,0.09063905900973993
15.6,10.0,10.019367952745226,-6.319164250769694,0.0883118557038799
15.61,10.0,10.01936991642707,-6.3183397405114,0.08590634591606286
15.62,10.0,10.019372120191575,-6.3174860633436705,0.08342572843391055
15.63,10.0,10.019374559823769,-6.31660420513468,0.0808730973526951
15.64,10.0,10.019377230290049,-6.315695197000783,0.0782518211063713
15.65,10.0,10.019380126355301,-6.314760087478608,0.07556531132930919
15.66,10.0,10.01938324256839,-6.313799942355655,0.07281702539111748
15.67,10.0,10.019386573208115,-6.312815846233185,0.0700104833874465
15.68,10.0,10.01939011261685,-6.3118088893361985,0.06714916652309075
15.69,10.0,10.019393854756165,-6.310780183147322,0.06423664516023689
15.7,10.0,10.019397793154269,-6.309730861524534,0.0612765911624501
15.71,10.0,10.019401921243896,-6.308662067354212,0.05827267497491137
15.72,10.0,10.019406232241744,-6.30757495618865,0.055228598012551616
15.73,10.0,10.01941071932115,-6.306470690082856,0.05214805333784403
15.74,10.0,10.019415375601183,-6.305350437058297,0.04903472424624189
15.75,10.0,10.01942019366406,-6.3042153850261675,0.04589237986752415
15.76,10.0,10.019425166086984,-6.303066724614193,0.04272476191296923
15.77,10.0,10.019430285292785,-6.301905652875351,0.039535611640197976
15.78,10.0,10.019435543611246,-6.300733370955103,0.03632866045877531
15.79,10.0,10.019440933504804,-6.299551078025891,0.03310760811173763
15.8,10.0,10.019446446931997,-6.298359984806527,0.02987616542968205
15.81,10.0,10.019452075902056,-6.297161300025891,0.026638007969375016
15.82,10.0,10.019457812335412,-6.295956232651794,0.023396781580939996
15.83,10.0,10.019463648074181,-6.294745990714271,0.020156096643461324
15.84,10.0,10.019469575118173,-6.293531778353168,0.016919564477360566
15.85,10.0,10.01947558515133,-6.2923147984513905,0.013690701637102759
15.86,10.0,10.019481669907885,-6.291096248658365,0.010472990346868244
15.87,10.0,10.01948782110501,-6.289877320825738,0.007269858370770627
15.88,10.0,10.019494030448474,-6.288659199868331,0.004084672524631239
15.89,10.0,10.019500289702716,-6.287443065754763,0.0009208068014022741
15.9,10.0,10.01950659060425,-6.286230086995964,-0.0022184865529041586
15.91,10.0,10.019512924904618,-6.285021421163526,-0.005330043078586255
15.92,10.0,10.019519284409071,-6.283818215178367,-0.008410757259917273
15.93,10.0,10.0195256609745,-6.282621603385107,-0.011457605259824477
15.94,10.0,10.019532046494982,-6.281432711139253,-0.014467579309308365
15.95,10.0,10.019538432935025,-6.280252649810067,-0.017437749560372612
15.96,10.0,10.01954481237816,-6.279082509019631,-0.020365366976894422
15.97,10.0,10.019551176987235,-6.277923364779163,-0.023247730283147
15.98,10.0,10.019557519032817,-6.276776275364751,-0.026082234842897956
15.99,10.0,10.019563830860905,-6.27564228397239,-0.028866331512882926
16.0,10.0,10.019570104843242,-6.2745224228684595,-0.03159746761185664
16.01,10.0,10.01957633366364,-6.273417688721518,-0.0342733743702284
16.02,10.0,10.019582510078203,-6.272329063053316,-0.03689181178865586
16.03,10.0,10.019588626997509,-6.271257505079411,-0.039450645603649526
16.04,10.0,10.01959467748305,-6.270203951694979,-0.04194784013411082
16.05,10.0,10.019600654490336,-6.269169335540261,-0.04438126732819811
16.06,10.0,10.019606551514716,-6.268154538648545,-0.046749170901184495
16.07,10.0,10.019612362098231,-6.267160427367608,-0.04904980381206611
16.08,10.0,10.01961807997324,-6.2661878418465875,-0.051281528153160394
16.09,10.0,10.019623699071703,-6.265237595103596,-0.0534428171531556
16.1,10.0,10.019629213219648,-6.264310493403397,-0.055532074438461004
16.11,10.0,10.019634616751016,-6.263407294412389,-0.05754798774529021
16.12,10.0,10.019639904178447,-6.262528729176419,-0.059489334233724434
16.13,10.0,10.019645070188298,-6.261675502157888,-0.06135497449014882
16.14,10.0,10.019650109688843,-6.260848287670791,-0.06314387725462689
16.15,10.0,10.019655017577557,-6.260047745517319,-0.06485500387173013
16.16,10.0,10.019659789055869,-6.259274499144702,-0.06648745880812523
16.17,10.0,10.01966441971949,-6.258529129165622,-0.06804053109207323
16.18,10.0,10.0196689052901,-6.257812191431322,-0.06951356138493836
16.19,10.0,10.019673241721776,-6.257124209449215,-0.07090599120869318
16.2,10.0,10.019677425061161,-6.2564656842478295,-0.07221730366919388
16.21,10.0,10.019681451440364,-6.255837094617842,-0.07344701848098897
16.22,10.0,10.019685317570618,-6.255238861047201,-0.07459489197375496
16.23,10.0,10.019689020241394,-6.254671381762302,-0.0756607099881898
16.24,10.0,10.01969255647426,-6.254135021300355,-0.07664434883305671
16.25,10.0,10.01969592347165,-6.253630114361381,-0.07754575605861797
16.26,10.0,10.019699118342453,-6.2531569875398745,-0.07836485621491396
16.27,10.0,10.019702138890278,-6.252715895941686,-0.07910181478906447
16.28,10.0,10.019704982961137,-6.252307075180697,-0.07975681644130847
16.29,10.0,10.019707648623696,-6.251930726692825,-0.08033012386741831
16.3,10.0,10.019710134170525,-6.251587017388071,-0.08082207650863091
16.31,10.0,10.019712437754404,-6.251276113115973,-0.08123299410597218
16.32,10.0,10.019714558159945,-6.25099810693501,-0.08156337574752559
16.33,10.0,10.019716494257475,-6.250753069482634,-0.08181375605467084
16.34,10.0,10.0197182451083,-6.250541038988144,-0.08198473086457747
16.35,10.0,10.019719809979401,-6.250362019676876,-0.08207695924753211
16.36,10.0,10.019721188133833,-6.2502160053471565,-0.08209112688838774
16.37,10.0,10.01972237916845,-6.250102940742329,-0.08202800051050166
16.38,10.0,10.019723382928305,-6.2500227310329635,-0.08188841178133202
16.39,10.0,10.019724199388012,-6.249975255056979,-0.08167323589512887
16.4,10.0,10.01972482870536,-6.249960358977022,-0.08138339854635898
16.41,10.0,10.019725271122978,-6.249977870891969,-0.08101987082555337
16.42,10.0,10.019725527032248,-6.250027590803784,-0.08058366911242981
16.43,10.0,10.019725597130835,-6.250109266378499,-0.08007585821362273
16.44,10.0,10.019725482212051,-6.250222624599688,-0.07949754237090931
16.45,10.0,10.019725183228056,-6.250367361852488,-0.07884986537210684
16.46,10.0,10.01972470125739,-6.250543150999308,-0.07813401449137775
16.47,10.0,10.019724037449407,-6.25074965392697,-0.07735122963370833
16.48,10.0,10.01972319322961,-6.250986472422697,-0.07650275657670477
16.49,10.0,10.019722170109217,-6.251253192589421,-0.07558988476910636
16.5,10.0,10.01972096973416,-6.251549372681347,-0.07461393413340256
16.51,10.0,10.01971959387952,-6.251874544370245,-0.07357625476515162
16.52,10.0,10.019718044394962,-6.2522282411123316,-0.07247827674859506
16.53,10.0,10.019716323318228,-6.252609933617831,-0.07132138825527704
16.54,10.0,10.019714432779068,-6.253019081157397,-0.07010702780985034
16.55,10.0,10.01971237501965,-6.253455118486003,-0.06883665754514659
16.56,10.0,10.019710152390472,-6.253917456295549,-0.06751176135106526
16.57,10.0,10.019707767359185,-6.254405502753012,-0.06613389769013595
16.58,10.0,10.019705222482388,-6.254918624425666,-0.06470459566437578
16.59,10.0,10.019702520414103,-6.255456167284533,-0.0632254063408042
16.6,10.0,10.019699663903298,-6.256017459763026,-0.061697907746279174
16.61,10.0,10.019696655787959,-6.256601810173531,-0.060123695239015285
16.62,10.0,10.019693499026632,-6.2572085192494455,-0.05850441653069127
16.63,10.0,10.019690196651979,-6.257836866431742,-0.05684172669040577
16.64,10.0,10.019686751747914,-6.258486104091253,-0.05513726737119426
16.65,10.0,10.019683167491534,-6.259155473574161,-0.053392712455579194
16.66,10.0,10.01967944713316,-6.259844200401543,-0.05160975027030007
16.67,10.0,10.019675594021395,-6.260551500430279,-0.0497900998248306
16.68,10.0,10.019671611608016,-6.2612765821706935,-0.04793551492641357
16.69,10.0,10.019667503334283,-6.262018626516433,-0.046047716433911395
16.7,10.0,10.019663272737835,-6.262776808491632,-0.044128458147500105
16.71,10.0,10.019658923416943,-6.263550291828117,-0.04217950622971356
16.72,10.0,10.019654459038138,-6.264338231181604,-0.04020264245710928
16.73,10.0,10.01964988340197,-6.265139782076094,-0.03819968923331846
16.74,10.0,10.019645200253324,-6.2659540768817585,-0.03617243884838464
16.75,10.0,10.019640413432079,-6.266780246048777,-0.03412271036046388
16.76,10.0,10.019635526828555,-6.267617413385997,-0.032052333200172756
16.77,10.0,10.01963054438078,-6.268464696895926,-0.029963146587124984
16.78,10.0,10.019625470148302,-6.269321217099961,-0.02785701017827999
16.79,10.0,10.019620308150552,-6.270186082331073,-0.025735779886579158
16.8,10.0,10.019615062472802,-6.271058400202997,-0.02360132330897502
16.81,10.0,10.019609737246368,-6.271937276777597,-0.02145551654512623
16.82,10.0,10.01960433664178,-6.272821817000831,-0.01930024294757604
16.83,10.0,10.01959886489944,-6.273711127494878,-0.017137383962446906
16.84,10.0,10.019593326275873,-6.27460431444546,-0.014968831834423268
16.85,10.0,10.019587725050263,-6.275500484992024,-0.012796486679882008
16.86,10.0,10.019582065544279,-6.276398749389754,-0.010622250230068297
16.87,10.0,10.019576352110203,-6.277298221331802,-0.008448027537423991
16.88,10.0,10.019570589133291,-6.278198018006905,-0.006275712278169143
16.89,10.0,10.019564781027189,-6.279097261446393,-0.00410719386810332
16.9,10.0,10.019558932223147,-6.279995081029769,-0.001944384438484159
16.91,10.0,10.019553047178542,-6.280890612387025,0.00021081577235784743
16.92,10.0,10.019547130371503,-6.281782998897707,0.002356508556248249
16.93,10.0,10.019541186293003,-6.282671391235852,0.00449080842131705
16.94,10.0,10.019535219431667,-6.2835549452478485,0.006611865461919997
16.95,10.0,10.01952923431917,-6.284432833672522,0.008717786534670008
16.96,10.0,10.019523235486293,-6.285304237448906,0.010806706371583263
16.97,10.0,10.019517227472425,-6.286168349239,0.012876769026518381
16.98,10.0,10.019511214822296,-6.2870243740845195,0.014926129824525708
16.99,10.0,10.019505202019719,-6.287871519099536,0.016953012331866746
17.0,10.0,10.019499193629871,-6.288709019478046,0.018955583444681318
17.01,10.0,10.019493194184403,-6.2895361197123325,0.020932052676550045
17.02,10.0,10.019487208208679,-6.290352079568879,0.022880647615394795
17.03,10.0,10.019481240219282,-6.2911561748794105,0.02479961517327489
17.04,10.0,10.019475294653677,-6.2919476865344866,0.026687263924291632
17.05,10.0,10.019469375991592,-6.292725922828862,0.028541890635426892
17.06,10.0,10.019463488693553,-6.293490210000074,0.030361817283713954
17.07,10.0,10.019457637184459,-6.294239890592968,0.032145400624763176
17.08,10.0,10.019451825862259,-6.294974326202965,0.03389102692593768
17.09,10.0,10.019446059046409,-6.295692888618788,0.03559713397788669
17.1,10.0,10.019440341028623,-6.296394971114217,0.03726219010038845
17.11,10.0,10.0194346761055,-6.297079996168909,0.038884680728475174
17.12,10.0,10.019429068505193,-6.297747402321881,0.04046313966168724
17.13,10.0,10.01942352240829,-6.298396649582956,0.04199614068527452
17.14,10.0,10.019418041920103,-6.299027213892868,0.04348230484912538
17.15,10.0,10.019412631054237,-6.299638584451416,0.044920305280317374
17.16,10.0,10.019407293835119,-6.300230291182843,0.04630884473955768
17.17,10.0,10.0194020341911,-6.300801879137706,0.04764668109414591
17.18,10.0,10.019396855980807,-6.301352916655115,0.048932622248089336
17.19,10.0,10.019391762983844,-6.301882993663115,0.05016552751403272
17.2,10.0,10.01938675885292,-6.302391704342801,0.05134430464855236
17.21,10.0,10.019381847224606,-6.302878694068387,0.05246792416072096
17.22,10.0,10.019377031622032,-6.30334362205367,0.05353541113239704
17.23,10.0,10.019372315476078,-6.303786171994844,0.054545849737670044
17.24,10.0,10.019367702121295,-6.304206052481528,0.055498385087633606
17.25,10.0,10.019363194775332,-6.304602974660821,0.05639219392315897
17.26,10.0,10.01935879656844,-6.304976698990685,0.0572265500252887
17.27,10.0,10.019354510517385,-6.30532700526293,0.05800078431871619
17.28,10.0,10.019350339523939,-6.305653696594616,0.05871429174922929
17.29,10.0,10.019346286371976,-6.305956601439928,0.059366535267828924
17.3,10.0,10.019342353742948,-6.306235557674968,0.059957008794769034
17.31,10.0,10.019338544182435,-6.306490437044708,0.060485296618073364
17.32,10.0,10.019334860098391,-6.306721143452177,0.06095107036402328
17.33,10.0,10.019331303772418,-6.306927600531495,0.06135406016336398
17.34,10.0,10.01932787734935,-6.307109757074344,0.06169406873839525
17.35,10.0,10.01932458286595,-6.307267577227101,0.06197093985835883
17.36,10.0,10.01932142223354,-6.307401044733323,0.06218457310362582
17.37,10.0,10.019318397159761,-6.307510185708283,0.06233500002556305
17.38,10.0,10.019315509230903,-6.307595042498902,0.062422298590490005
17.39,10.0,10.019312759881691,-6.307655681834248,0.06244662090940248
17.4,10.0,10.019310150416006,-6.307692190383852,0.06240817596258466
17.41,10.0,10.019307682071375,-6.307704662264421,0.06230717916910436
17.42,10.0,10.019305355788024,-6.307693240936238,0.06214402479901776
17.43,10.0,10.019303172402752,-6.30765808288776,0.06191913800422197
17.44,10.0,10.019301132591083,-6.307599367658733,0.061633016813814695
17.45,10.0,10.019299236864637,-6.307517297723212,0.06128623224183766
17.46,10.0,10.019297485757827,-6.307412073524434,0.06087931062676513
17.47,10.0,10.019295879406277,-6.307283948320567,0.06041299516626683
17.48,10.0,10.019294417867876,-6.307133185597537,0.05988804427330813
17.49,10.0,10.01929310103543,-6.30696007005807,0.05930528483015382
17.5,10.0,10.019291928634637,-6.3067649074265715,0.05866561190649358
17.51,10.0,10.019290900384854,-6.3065480076835625,0.05796990164701202
17.52,10.0,10.019290015707636,-6.306309714314845,0.05721916609780031
17.53,10.0,10.019289273848084,-6.306050391558203,0.056414487093132154
17.54,10.0,10.019288673920368,-6.305770419368389,0.05555699065260267
17.55,10.0,10.019288214875004,-6.30547019633877,0.05464786337235181
17.56,10.0,10.019287895614774,-6.305150129698226,0.053688297382468664
17.57,10.0,10.019287714875944,-6.30481064477992,0.05267954444153894
17.58,10.0,10.019287671116558,-6.304452193900986,0.05162296693257348
17.59,10.0,10.019287762704248,-6.304075240396244,0.050519949254326124
17.6,10.0,10.019287987852781,-6.30368026349456,0.04937192632723775
17.61,10.0,10.01928834468746,-6.303267753369174,0.04818035614323685
17.62,10.0,10.019288831297631,-6.302838207088434,0.04694669745396576
17.63,10.0,10.019289445414284,-6.302392150713326,0.04567253852329822
17.64,10.0,10.019290184717537,-6.301930117463974,0.04435947214761579
17.65,10.0,10.01929104674924,-6.301452653425863,0.04300912984378988
17.66,10.0,10.019292028932425,-6.300960315992228,0.04162317395013926
17.67,10.0,10.019293128760902,-6.300453662179805,0.04020323225261002
17.68,10.0,10.019294343328088,-6.29993327626535,0.03875105643234977
17.69,10.0,10.019295669709855,-6.299399746602141,0.037268391163555736
17.7,10.0,10.019297104864405,-6.298853671177111,0.03575700680463903
17.71,10.0,10.019298645634684,-6.298295657065524,0.03421869741261871
17.72,10.0,10.019300288934224,-6.297726310622676,0.03265522970733811
17.73,10.0,10.019302031383113,-6.297146255444283,0.03106843901291606
17.74,10.0,10.019303869539373,-6.296556120259157,0.029460166016031603
17.75,10.0,10.019305799885025,-6.295956539209636,0.027832259110192076
17.76,10.0,10.0193078188123,-6.2953481521238475,0.026186576826024682
17.77,10.0,10.01930992273051,-6.294731599683615,0.02452496739377094
17.78,10.0,10.01931210792254,-6.294107528846331,0.02284929210467246
17.79,10.0,10.019314370544993,-6.2934765923823255,0.021161423630121523
17.8,10.0,10.019316706725242,-6.292839444445066,0.019463227387065185
17.81,10.0,10.019319112528798,-6.292196741450837,0.017756565593070928
17.82,10.0,10.019321584009106,-6.291549140196079,0.016043293546244092
17.83,10.0,10.019324117200364,-6.290897297541408,0.014325257596085522
17.84,10.0,10.019326708002632,-6.29024187306127,0.012604295812352118
17.85,10.0,10.019329352318522,-6.289583524768683,0.010882232087577132
17.86,10.0,10.019332046017784,-6.288922909577365,0.009160874705670397
17.87,10.0,10.019334784953736,-6.288260682675858,0.007442017511611304
17.88,10.0,10.01933756500817,-6.2875974969518795,0.005727449566002352
17.89,10.0,10.019340381971137,-6.286934002125087,0.004018914719138178
17.9,10.0,10.01934323165283,-6.286270844289752,0.0023181417250785763
17.91,10.0,10.019346109859233,-6.285608665216818,0.0006268328909220799
17.92,10.0,10.019349012397319,-6.2849481017081565,-0.0010533382181152073
17.93,10.0,10.019351935098822,-6.284289788596944,-0.0027206840419679856
17.94,10.0,10.019354873785051,-6.283634350176399,-0.004373603355015743
17.95,10.0,10.019357824302562,-6.282982405530799,-0.006010509783984402
17.96,10.0,10.019360782521014,-6.2823345664548755,-0.007629851753550937
17.97,10.0,10.019363744338236,-6.2816914367772405,-0.009230115300664754
17.98,10.0,10.019366705660781,-6.281053616690191,-0.010809780864617535
17.99,10.0,10.019369662451833,-6.2804216935728325,-0.012367403502847818
18.0,10.0,10.019372610720643,-6.279796244539154,-0.01390158593625021
18.01,10.0,10.019375546518368,-6.279177837709292,-0.01541096344834364
18.02,10.0,10.019378465948575,-6.278567030530273,-0.01689421546642278
18.03,10.0,10.01938136513431,-6.277964373796703,-0.01835003215843964
18.04,10.0,10.019384240257555,-6.277370406890289,-0.019777148076529916
18.05,10.0,10.019387087609196,-6.276785651745991,-0.021174385581354954
18.06,10.0,10.019389903525855,-6.276210620539411,-0.02254059335229372
18.07,10.0,10.019392684417092,-6.275645812411074,-0.02387466861423293
18.08,10.0,10.019395426740253,-6.275091716032293,-0.025175538157178518
18.09,10.0,10.019398126972149,-6.274548812500651,-0.02644213713223248
18.1,10.0,10.019400781781478,-6.274017557322345,-0.027673525474895655
18.11,10.0,10.019403387877322,-6.273498396139306,-0.02886878223575573
18.12,10.0,10.019405942057993,-6.272991759586657,-0.03002703733773507
18.13,10.0,10.01940844120601,-6.272498063714183,-0.031147467376426596
18.14,10.0,10.019410882164745,-6.272017722166093,-0.032229225101027076
18.15,10.0,10.019413262052584,-6.2715511148984655,-0.03327161473478671
18.16,10.0,10.019415578019148,-6.271098612317499,-0.034273953561513804
18.17,10.0,10.019417827315063,-6.270660568275662,-0.03523560999191366
18.18,10.0,10.019420007295395,-6.27023731965506,-0.03615600418494444
18.19,10.0,10.019422115281467,-6.269829200107449,-0.037034540893143786
18.2,10.0,10.019424148841344,-6.269436511940829,-0.03787074274742014
18.21,10.0,10.019426105629535,-6.2690595420722115,-0.03866417257473448
18.22,10.0,10.019427983392916,-6.26869856136088,-0.03941443517435872
18.23,10.0,10.019429779989327,-6.268353822677112,-0.040121185288401306
18.24,10.0,10.019431493290519,-6.268025570978465,-0.04078408679880052
18.25,10.0,10.019433121318956,-6.2677140289566315,-0.041402868200993564
18.26,10.0,10.01943466227008,-6.267419394653946,-0.04197733111031965
18.27,10.0,10.019436114411931,-6.26714185188462,-0.042507308012198264
18.28,10.0,10.019437476125857,-6.266881565921978,-0.042992678210319796
18.29,10.0,10.019438745850838,-6.26663868971972,-0.04343334745118968
18.3,10.0,10.019439922089667,-6.266413363170232,-0.0438292494037795
18.31,10.0,10.01944100358335,-6.266205693420922,-0.04418040664385334
18.32,10.0,10.019441989128516,-6.266015775385509,-0.044486865343667886
18.33,10.0,10.019442877633807,-6.265843685349825,-0.04474871453705212
18.34,10.0,10.019443668099077,-6.2656894835374635,-0.044966079272353826
18.35,10.0,10.019444359523666,-6.265553225553569,-0.045139092849752205
18.36,10.0,10.019444951180933,-6.265434928003591,-0.045267977458225334
18.37,10.0,10.019445442388319,-6.265334597225703,-0.045352975404450074
18.38,10.0,10.019445832570991,-6.265252221295015,-0.0453943673562906
18.39,10.0,10.019446121262101,-6.265187769955987,-0.04539247172102734
18.4,10.0,10.01944630790976,-6.2651412241505895,-0.04534760184393141
18.41,10.0,10.019446392291043,-6.265112512604654,-0.045260155923670664
18.42,10.0,10.01944637420971,-6.265101558080873,-0.04513055025035975
18.43,10.0,10.019446253561398,-6.265108267372447,-0.04495923284459949
18.44,10.0,10.019446030338443,-6.265132530537205,-0.044746683915113245
18.45,10.0,10.019445704629202,-6.265174220974176,-0.04449341501266596
18.46,10.0,10.019445276617398,-6.265233195500177,-0.04419996838564619
18.47,10.0,10.019444746581406,-6.265309294426395,-0.043866915980683596
18.48,10.0,10.019444114893629,-6.265402341634952,-0.04349485894205185
18.49,10.0,10.019443382019784,-6.2655121446555,-0.043084426631443185
18.5,10.0,10.019442548560592,-6.265638493435682,-0.042636298416826396
18.51,10.0,10.019441615196936,-6.265781162088789,-0.04215117419186734
18.52,10.0,10.019440582649816,-6.265939910183499,-0.041629752545749465
18.53,10.0,10.019439451764152,-6.266114480215821,-0.04107277494734124
18.54,10.0,10.019438223476518,-6.266304598660214,-0.04048100825098011
18.55,10.0,10.019436898814536,-6.266509976043138,-0.03985524378451785
18.56,10.0,10.01943547889633,-6.266730307016595,-0.03919629681113043
18.57,10.0,10.019433964929934,-6.266965270431682,-0.038505005713263485
18.58,10.0,10.019432358212724,-6.267214529412132,-0.03778223130100722
18.59,10.0,10.01943065923324,-6.267477894012295,-0.037028717249643156
18.6,10.0,10.01942886956372,-6.267754978385139,-0.03624538213887932
18.61,10.0,10.019426990854011,-6.268045382990057,-0.03543316331599586
18.62,10.0,10.019425024596725,-6.268348737097452,-0.03459297982558032
18.63,10.0,10.019422972352192,-6.268664658011896,-0.03372576661828275
18.64,10.0,10.019420835746923,-6.268992751322757,-0.032832473721061184
18.65,10.0,10.019418616472034,-6.269332611154838,-0.031914065292721394
18.66,10.0,10.019416315828808,-6.269683939989033,-0.03097151079267005
18.67,10.0,10.01941393567031,-6.2700462999057445,-0.030005800758128226
18.68,10.0,10.01941147788511,-6.270419248724909,-0.029017936795210614
18.69,10.0,10.019408944312623,-6.270802362202496,-0.028008929285442158
18.7,10.0,10.019406336837323,-6.271195208993267,-0.026979798193338123
18.71,10.0,10.019403657386576,-6.271597351066492,-0.02593157219749198
18.72,10.0,10.019400907928453,-6.272008344121682,-0.024865287763888272
18.73,10.0,10.01939809076479,-6.272427737806506,-0.02378209345018306
18.74,10.0,10.019395207908223,-6.272855076548439,-0.022683027888501767
18.75,10.0,10.019392261440753,-6.273289899728786,-0.02156914742848523
18.76,10.0,10.019389253538183,-6.2737317420805825,-0.02044153469140972
18.77,10.0,10.019386186414833,-6.274180134139895,-0.01930127878916596
18.78,10.0,10.019383062321845,-6.274634602661233,-0.018149474618371603
18.79,10.0,10.019379883545474,-6.275094671032939,-0.01698722210625342
18.8,10.0,10.01937665258222,-6.275559850988312,-0.015815653704860877
18.81,10.0,10.019373371760125,-6.276029661579568,-0.014635873642433572
18.82,10.0,10.01937004346984,-6.276503618134119,-0.013448994211048004
18.83,10.0,10.019366670162816,-6.276981232676163,-0.012256135085751296
18.84,10.0,10.019363254322842,-6.277462015659351,-0.011058418350458704
18.85,10.0,10.019359798464679,-6.277945476365767,-0.009856967827951202
18.86,10.0,10.019356305132689,-6.278431123304924,-0.008652908409784082
18.87,10.0,10.019352776650539,-6.278918496336015,-0.0074473021495403136
18.88,10.0,10.019349215660634,-6.279407098149591,-0.006241285031234917
18.89,10.0,10.019345624769093,-6.279896439734575,-0.005035976401797315
18.9,10.0,10.019342006566843,-6.2803860379159815,-0.0038324840761986834
18.91,10.0,10.019338363659493,-6.280875411772001,-0.0026319115588325226
18.92,10.0,10.019334698665494,-6.281364083094325,-0.0014353573180435897
18.93,10.0,10.019331014214279,-6.2818515768484735,-0.00024391392621209151
18.94,10.0,10.019327312750955,-6.2823374478446565,0.0009413717475010019
18.95,10.0,10.019323596963158,-6.282821223117679,0.0021194127807269147
18.96,10.0,10.01931986948411,-6.283302442370064,0.0032891424296028204
18.97,10.0,10.019316132924894,-6.283780653804049,0.0044495082347130455
18.98,10.0,10.019312389892272,-6.284255411921225,0.005599468664769153
18.99,10.0,10.019308642986454,-6.2847262780318065,0.006737994141342546
19.0,10.0,10.019304894798914,-6.285192820763918,0.007864067718356071
19.01,10.0,10.019301147981997,-6.285654594175624,0.008976683153227139
19.02,10.0,10.01929740508458,-6.286111188816617,0.010074852289586739
19.03,10.0,10.019293668666586,-6.2865621958486,0.011157601138231138
19.04,10.0,10.01928994127819,-6.287007213342569,0.012223971555646751
19.05,10.0,10.01928622545196,-6.28744584855218,0.013273022324083755
19.06,10.0,10.019282523700783,-6.287877718382587,0.014303829969709136
19.07,10.0,10.019278838515783,-6.288302449859278,0.015315489609869448
19.08,10.0,10.019275172464974,-6.288719631119281,0.016307113132139478
19.09,10.0,10.019271527959882,-6.289128925486874,0.017277836257574564
19.1,10.0,10.019267907426622,-6.289529986897088,0.018226814682248738
19.11,10.0,10.019264313269948,-6.289922476992709,0.01915322594767563
19.12,10.0,10.019260747865435,-6.29030606842219,0.020056270332315662
19.13,10.0,10.01925721355756,-6.290680445222071,0.020935171751763904
19.14,10.0,10.019253712657804,-6.291045303199371,0.021789178640083312
19.15,10.0,10.019250247395702,-6.291400297420618,0.022617555462663058
19.16,10.0,10.019246820026709,-6.29174516600566,0.0234196052295286
19.17,10.0,10.019243432745228,-6.292079634862105,0.0241946535377964
19.18,10.0,10.019240087701979,-6.292403439746218,0.024942053267800912
19.19,10.0,10.01923678700383,-6.292716328584784,0.02566118572859627
19.2,10.0,10.019233532711802,-6.293018061768052,0.026351461554364713
19.21,10.0,10.0192303268391,-6.2933084124427,0.027012321437434733
19.22,10.0,10.019227171242408,-6.293587180890102,0.027643253752135194
19.23,10.0,10.019224067872662,-6.293854161458461,0.028243755749289723
19.24,10.0,10.019221018571004,-6.294109169525045,0.028813366091595127
19.25,10.0,10.019218025118038,-6.2943520350275275,0.029351657612359888
19.26,10.0,10.019215089233677,-6.294582602515393,0.029858237831649398
19.27,10.0,10.019212212574969,-6.294800731465968,0.030332749943039222
19.28,10.0,10.019209396733965,-6.295006296600448,0.03077487349335961
19.29,10.0,10.019206643380192,-6.295199058216651,0.03118416109459285
19.3,10.0,10.01920395391105,-6.295378974734094,0.03156043381325899
19.31,10.0,10.019201329735235,-6.295545946363129,0.03190345779601192
19.32,10.0,10.019198772191507,-6.295699886510928,0.032213034771457455
19.33,10.0,10.019196282546707,-6.295840721909365,0.03248900285556247
19.34,10.0,10.019193861993854,-6.295968392724608,0.032731237040639516
19.35,10.0,10.01919151164997,-6.296082853417664,0.03293964988760903
19.36,10.0,10.019189232542221,-6.296184111652633,0.03311419419598488
19.37,10.0,10.019187025635551,-6.2962721323367035,0.033254858411375904
19.38,10.0,10.019184891806198,-6.296346917529432,0.033361671532874476
19.39,10.0,10.01918283184661,-6.296408484319862,0.03343470249122485
19.4,10.0,10.019180846463486,-6.296456865001684,0.03347406082025148
19.41,10.0,10.019178936275837,-6.296492107248367,0.03347989720379704
19.42,10.0,10.019177101836824,-6.29651426690897,0.03345238864108929
19.43,10.0,10.019175344199462,-6.296523232021284,0.033391371575256984
19.44,10.0,10.01917366346032,-6.2965191743126,0.033297284139263056
19.45,10.0,10.019172059979114,-6.296502170300617,0.03317037577981277
19.46,10.0,10.019170534034544,-6.296472307662266,0.033010929540008505
19.47,10.0,10.019169085823393,-6.296429685090329,0.03281926184399328
19.48,10.0,10.019167715459583,-6.296374412150079,0.0325957225885595
19.49,10.0,10.019166422962316,-6.296306616476568,0.03234070252344942
19.5,10.0,10.019165208094536,-6.296226551208181,0.03205474435433975
19.51,10.0,10.019164070789593,-6.2961343084318475,0.0317382469379876
19.52,10.0,10.019163010786887,-6.296030062485559,0.03139171653756487
19.53,10.0,10.019162027733339,-6.295914001219178,0.031015696028620476
19.54,10.0,10.019161121182186,-6.295786326060518,0.03061076488055947
19.55,10.0,10.019160290591708,-6.295647252081411,0.03017753953144975
19.56,10.0,10.019159535404265,-6.295496989707325,0.029716631584908393
19.57,10.0,10.019158855851778,-6.2953355602131,0.02922822846209075
19.58,10.0,10.019158250710698,-6.295163309139023,0.028713260683374514
19.59,10.0,10.01915771923263,-6.294980464374288,0.028172397132855825
19.6,10.0,10.019157260595422,-6.29478726152744,0.02760633005097632
19.61,10.0,10.019156873903617,-6.29458394360269,0.027015774350826083
19.62,10.0,10.019156558188927,-6.294370760676221,0.026401466877161328
19.63,10.0,10.019156312422012,-6.294147975492588,0.025764165816842405
19.64,10.0,10.019156135595493,-6.293915906341457,0.025104650873398388
19.65,10.0,10.019156026483039,-6.293674800394977,0.02442371977172972
19.66,10.0,10.019155983850563,-6.2934249436801775,0.023722189960855983
19.67,10.0,10.019156006396564,-6.293166629281755,0.023000897173137747
19.68,10.0,10.019156092752773,-6.292900157118184,0.022260694736684683
19.69,10.0,10.019156241484835,-6.292625833717833,0.02150245276303811
19.7,10.0,10.019156451263415,-6.292343976577819,0.020727022670680495
19.71,10.0,10.019156720506437,-6.292054904303886,0.019935309573999666
19.72,10.0,10.019157047601537,-6.291758942350076,0.01912822642999501
19.73,10.0,10.0191574309025,-6.29145642268031,0.018306693957792664
19.74,10.0,10.01915786870695,-6.2911476829276,0.01747164473095192
19.75,10.0,10.01915835925743,-6.290833066181162,0.01662402231378035
19.76,10.0,10.019158900856127,-6.290512899636897,0.015764749959440827
19.77,10.0,10.019159491720643,-6.290187521403464,0.01489476880540494
19.78,10.0,10.019160129914749,-6.289857293369394,0.01401505584449353
19.79,10.0,10.019160813521912,-6.289522568914674,0.013126576929644584
19.8,10.0,10.019161540583553,-6.289183704381435,0.012230302771057244
19.81,10.0,10.019162309100604,-6.288841058769061,0.011327207992516297
19.82,10.0,10.019163117091313,-6.288494984228076,0.010418249529523721
19.83,10.0,10.019163962654613,-6.288145815641208,0.009504343052282094
19.84,10.0,10.019164843624674,-6.287793927097871,0.008586489303535366
19.85,10.0,10.019165757909207,-6.287439676493129,0.0076656495694611415
19.86,10.0,10.019166703391639,-6.287083421480789,0.006742781295118461
19.87,10.0,10.019167677933256,-6.286725519076797,0.00581883685395343
19.88,10.0,10.019168679376245,-6.2863663253032405,0.00489476222908114
19.89,10.0,10.019169705699289,-6.286006201628286,0.003971474267853964
19.9,10.0,10.019170754657875,-6.285645498453309,0.003049910580619042
19.91,10.0,10.01917182407871,-6.285284567735749,0.0021309871429978644
19.92,10.0,10.019172911782334,-6.284923759050458,0.00121560831207701
19.93,10.0,10.019174015585609,-6.2845634192094755,0.0003046656671369663
19.94,10.0,10.019175133304202,-6.284203891881778,-0.0006009631982230035
19.95,10.0,10.019176262726102,-6.2838455419092005,-0.0015003440657813116
19.96,10.0,10.019177401666864,-6.2834887099730805,-0.002392618024920079
19.97,10.0,10.01917854795267,-6.283133728776571,-0.0032769545384143395
19.98,10.0,10.019179699409271,-6.282780934204987,-0.004152519065231258
19.99,10.0,10.019180853872138,-6.2824306584180665,-0.005018493226584653
20.0,10.0,10.01918200918886,-6.282083229556004,-0.005874075819973235
20.0,10.0,10.01918200918886,-6.282083229556004,-0.005874075819973235
