time,setpoint.y,gantry.x,gantry.theta,pid.y
0.0,10.0,0.0,0.0,300.0
0.01,10.0,0.0014975530828158516,-0.0014942104969904865,300.0
0.02,10.0,0.005980487961529918,-0.005951079726525236,300.0
0.03,10.0,0.0134343545631482,-0.013326363198243141,300.0
0.04,10.0,0.023793924556534625,-0.023519000081755365,184.2025325882931
0.05,10.0,0.036020127853982765,-0.03547191636067854,66.27397013088208
0.06,10.0,0.04890574321416923,-0.04797251650855295,22.50657207280978
0.07,10.0,0.06197358601298982,-0.06053261043300424,6.295490948514903
0.08,10.0,0.07504697695759185,-0.07296383324651295,0.32384293943087705
0.09,10.0,0.08806092051818433,-0.08518998044965813,-1.8422506047703102
0.1,10.0,0.10099190909913003,-0.09717683453236002,-2.5942569393147696
0.11,10.0,0.11383186009594443,-0.10890601382658216,-2.8204832554314994
0.12,10.0,0.12657839334575657,-0.12036519973710894,-2.853133004670415
0.13,10.0,0.13923127991266,-0.13154456693656041,-2.814178882313282
0.14,10.0,0.151791069311177,-0.14243540664855778,-2.7490760743098583
0.15,10.0,0.16425859850893207,-0.1530296379170275,-2.6746106986417804
0.16,10.0,0.17663480629856468,-0.1633196264065038,-2.5970179895495686
0.17,10.0,0.1889206595240359,-0.1732981157521254,-2.5192118517556494
0.18,10.0,0.20111713891121105,-0.1829582186171419,-2.4422103224196228
0.19,10.0,0.21322523218101846,-0.19229341394455887,-2.365843471539778
0.2,10.0,0.22524591959594367,-0.2012975379001418,-2.2902101307607072
0.21,10.0,0.23718017909607544,-0.20996479145086694,-2.215201264500653
0.22,10.0,0.2490289819596378,-0.21828974019278516,-2.1409615964611373
0.23,10.0,0.2607932953553518,-0.22626731920791493,-2.0676647559656764
0.24,10.0,0.2724740847440249,-0.23389283911776232,-1.9953171874896523
0.25,10.0,0.2840723127945252,-0.24116198735897115,-1.9238886779608357
0.26,10.0,0.29558893917437024,-0.24807082869667718,-1.853348266154148
0.27,10.0,0.30702492073899273,-0.25461580738034084,-1.7836750576717684
0.28,10.0,0.31838121137456066,-0.26079374767240937,-1.7148835897227777
0.29,10.0,0.329658762333894,-0.266601852709254,-1.6469784531144303
0.3,10.0,0.34085852299027175,-0.272037705007383,-1.579912534531955
0.31,10.0,0.35198143937610865,-0.2770992665006657,-1.5136885194252638
0.32,10.0,0.36302845606047396,-0.2817848776276193,-1.4483260121127284
0.33,10.0,0.3740005149977824,-0.28609325815686887,-1.3838435826308668
0.34,10.0,0.3848985556397253,-0.29002350523969905,-1.3202486377398408
0.35,10.0,0.3957235162933831,-0.29357508333765225,-1.257517327791927
0.36,10.0,0.4064763320508193,-0.29674784453436687,-1.1956627667681978
0.37,10.0,0.41715793636182635,-0.29954198506126967,-1.134677223783422
0.38,10.0,0.42776926050946495,-0.3019580719006794,-1.0745505199820684
0.39,10.0,0.438311233341285,-0.303997054668209,-1.0152767728264571
0.4,10.0,0.4487847804986506,-0.3056602037322053,-0.9568633694648359
0.41,10.0,0.45919082623582286,-0.30694919018325684,-0.899302646945852
0.42,10.0,0.46953029130411117,-0.3078659974565978,-0.842594764862568
0.43,10.0,0.47980409361289816,-0.3084129496668228,-0.7867418601368144
0.44,10.0,0.4900131491893147,-0.3085927553346987,-0.7317439630366973
0.45,10.0,0.5001583691713851,-0.3084083657635568,-0.6775965328355067
0.46,10.0,0.5102406628803203,-0.30786312138453453,-0.6242983926530172
0.47,10.0,0.5202609360461079,-0.3069606707332855,-0.5718466894392638
0.48,10.0,0.5302200911278638,-0.30570498767239057,-0.5202382552098239
0.49,10.0,0.5401190269940359,-0.30410034914552114,-0.4694673691647768
0.5,10.0,0.5499586385450674,-0.30215134198377275,-0.41953418023772215
0.51,10.0,0.559739817164955,-0.299862858577538,-0.3704344197020948
0.52,10.0,0.5694634499055241,-0.2972400778538125,-0.3221652878024166
0.53,10.0,0.5791304190666456,-0.29428844701209733,-0.2747241098793882
0.54,10.0,0.5887416029371833,-0.29101371042076096,-0.22810911130931544
0.55,10.0,0.5982978744346489,-0.2874218528953848,-0.18231499658571693
0.56,10.0,0.6078001016650373,-0.28351912732245355,-0.13733800394831697
0.57,10.0,0.6172491474762692,-0.27931203639160573,-0.09317371893400761
0.58,10.0,0.6266458693418365,-0.27480733127599705,-0.04981736022728711
0.59,10.0,0.6359911189533024,-0.2700119903217342,-0.007262992008723046
0.6,10.0,0.645285742338713,-0.26493323761001447,0.03449359340042868
0.61,10.0,0.6545305794440126,-0.259578517383267,0.07545739197263579
0.62,10.0,0.663726463892558,-0.2539554882474923,0.11563372441669628
0.63,10.0,0.6728742225362907,-0.24807200988695366,0.15502817950958914
0.64,10.0,0.681974675740859,-0.24193615276872116,0.19364583071330976
0.65,10.0,0.691028636304616,-0.23555615359342888,0.23149317919938284
0.66,10.0,0.7000369096766751,-0.2289404283940002,0.2685770056406458
0.67,10.0,0.7090002937463802,-0.2220975659934794,0.30490411525167893
0.68,10.0,0.717919578165377,-0.21503629960054174,0.3404814719492908
0.69,10.0,0.7267955444379325,-0.20776551294198517,0.37531695658893405
0.7,10.0,0.7356289658005574,-0.2002942410171097,0.4094179877528745
0.71,10.0,0.7444206068461027,-0.1926316544028422,0.44279201097950605
0.72,10.0,0.7531712230510457,-0.18478703883313072,0.4754469823855718
0.73,10.0,0.7618815606491118,-0.17676979158684408,0.5073914061298019
0.74,10.0,0.7705523563883293,-0.16858941444970305,0.5386340787698671
0.75,10.0,0.7791843373653699,-0.1602555109073388,0.5691836386526266
0.76,10.0,0.7877782206380692,-0.15177776242652183,0.5990492431592909
0.77,10.0,0.7963347130109129,-0.1431659255150965,0.6282403522843314
0.78,10.0,0.8048545107886433,-0.13442982766505795,0.6567666682832396
0.79,10.0,0.8133382996056493,-0.12557934486359096,0.6846381018809762
0.8,10.0,0.8217867541260356,-0.11662439714189504,0.7118648163892818
0.81,10.0,0.8302005377008608,-0.10757494474208654,0.7384573468486479
0.82,10.0,0.8385803025574493,-0.09844097206130183,0.7644262480119828
0.83,10.0,0.846926689393793,-0.08923247956010733,0.7897822150966114
0.84,10.0,0.855240326786221,-0.07995947327400305,0.8145363064780557
0.85,10.0,0.8635218318297783,-0.07063195895828601,0.8386996848863859
0.86,10.0,0.871771809674528,-0.06125993126154134,0.8622836732087649
0.87,10.0,0.879990852720694,-0.05185336011733136,0.8852997306047161
0.88,10.0,0.8881795415792694,-0.04242218703908138,0.9077595010792336
0.89,10.0,0.8963384446290347,-0.03297631417073907,0.9296747901740936
0.9,10.0,0.9044681170658051,-0.02352559225000648,0.9510574808613068
0.91,10.0,0.9125691020989354,-0.014079814496858226,0.9719195308047475
0.92,10.0,0.9206419305779442,-0.0046487064843138024,0.9922729443526634
0.93,10.0,0.9286871198901839,0.0047580846070695605,1.0121298688420826
0.94,10.0,0.9367051754014019,0.01413099634045256,1.031502409069061
0.95,10.0,0.944696590176679,0.0234605605200241,1.050402631996203
0.96,10.0,0.9526618436999587,0.03273741578035001,1.068842679741108
0.97,10.0,0.9606014035634147,0.041952310605510794,1.0868346374029318
0.98,10.0,0.9685157252985944,0.051096112481019716,1.104390546207533
0.99,10.0,0.976405250938477,0.060159823839884274,1.1215223708002853
1.0,10.0,0.9842704108993934,0.06913458090111663,1.1382420094327212
1.01,10.0,0.9921116239323916,0.07801166244395794,1.1545612793508973
1.02,10.0,0.9999292956010298,0.08678250837814656,1.1704918543243448
1.03,10.0,1.0077238202559518,0.0954387154967625,1.18604527734953
1.04,10.0,1.0154955811076227,0.10397204553373386,1.201232928853166
1.05,10.0,1.0232449487122808,0.11237444552832464,1.2160660271777406
1.06,10.0,1.0309722829338688,0.1206380411524263,1.230555597727152
1.07,10.0,1.0386779331270393,0.12875514357525725,1.2447124609655962
1.08,10.0,1.0463622367214398,0.13671827194993807,1.2585472046939223
1.09,10.0,1.054025521076541,0.1445201438275512,1.2720702025340938
1.1,10.0,1.0616681037507185,0.15215368041711425,1.2852916230659162
1.11,10.0,1.0692902912702953,0.1596120320663417,1.2982213156978268
1.12,10.0,1.0768923807924136,0.16688856499275978,1.310868905641387
1.13,10.0,1.084474660425635,0.17397686468523232,1.3232437992057484
1.14,10.0,1.0920374082663635,0.18087076480760433,1.3353550496159983
1.15,10.0,1.0995808937943432,0.1875643300048011,1.3472114651744782
1.16,10.0,1.1071053782046607,0.19405185729956015,1.3588216112984277
1.17,10.0,1.1146111137835357,0.20032790820723947,1.3701936970878883
1.18,10.0,1.1220983449758664,0.20638728791623312,1.3813356729543091
1.19,10.0,1.129567308687721,0.21222504456228752,1.3922552491332336
1.2,10.0,1.1370182340542296,0.2178365040667407,1.4029597674644894
1.21,10.0,1.1444513431393333,0.22321724617343386,1.4134563181149566
1.22,10.0,1.1518668511715355,0.22836310151412637,1.4237517737846002
1.23,10.0,1.1592649667307515,0.23327018865870008,1.4338526346905756
1.24,10.0,1.1666458920648033,0.23793488749027955,1.443765166747955
1.25,10.0,1.1740098232290945,0.24235383406893832,1.453495435004971
1.26,10.0,1.1813569506893273,0.24652395931265011,1.4630491594715878
1.27,10.0,1.1886874592648253,0.25044246024519107,1.4724318436618393
1.28,10.0,1.1960015281533705,0.2541067927958008,1.4816488040209954
1.29,10.0,1.2032993319170413,0.25751471135839177,1.4907050569777276
1.3,10.0,1.2105810400855992,0.2606642385667586,1.4996054246964405
1.31,10.0,1.2178468170590009,0.2635536562728581,1.5083545670461653
1.32,10.0,1.2250968234190567,0.2661815450999679,1.5169568884743345
1.33,10.0,1.2323312152437824,0.26854675347130985,1.5254166295495324
1.34,10.0,1.2395501438910335,0.2706483870582397,1.5337378987153052
1.35,10.0,1.2467537575610108,0.27248584745611915,1.541924597415628
1.36,10.0,1.2539422003841627,0.2740588011500239,1.5499804969800088
1.37,10.0,1.2611156120998204,0.2753671677279858,1.5579092612008285
1.38,10.0,1.2682741297825961,0.27641115694580837,1.5657144045270002
1.39,10.0,1.2754178867735273,0.27719123818649605,1.5733993432829418
1.4,10.0,1.2825470122768872,0.27770812771651443,1.5809674071437811
1.41,10.0,1.2896616331565611,0.277962823589161,1.5884218349071606
1.42,10.0,1.2967618727833652,0.2779565760048718,1.5957657974542467
1.43,10.0,1.3038478505802331,0.2776908738627666,1.6030024009401345
1.44,10.0,1.3109196837935995,0.2771674771267314,1.6101347117495237
1.45,10.0,1.3179774863288423,0.2763883883597584,1.6171657572491682
1.46,10.0,1.3250213682781948,0.2753558387911612,1.624098519788694
1.47,10.0,1.332051437577358,0.2740723179196821,1.6309359865974127
1.48,10.0,1.3390677988958652,0.2725405463849928,1.637681131028959
1.49,10.0,1.346070553183735,0.2707634617361486,1.6443368947732342
1.5,10.0,1.3530597991334463,0.26874424516910544,1.6509062635718
1.51,10.0,1.3600356321840008,0.2664862958125129,1.6573922283186207
1.52,10.0,1.3669981441219423,0.2639932163533987,1.6637977563356774
1.53,10.0,1.373947424281639,0.2612688368941849,1.6701258890873305
1.54,10.0,1.3808835587122281,0.2583171906719828,1.6763796859052889
1.55,10.0,1.3878066298662823,0.2551424996811248,1.682562187024864
1.56,10.0,1.3947167174861554,0.2517491956779972,1.688676525333868
1.57,10.0,1.4016138979724264,0.24814189732744127,1.6947258581188134
1.58,10.0,1.4084982441890794,0.24432539596033462,1.7007133233961689
1.59,10.0,1.4153698260003547,0.24030467375529274,1.7066421596046588
1.6,10.0,1.4222287098678303,0.2360848823092648,1.712515629434769
1.61,10.0,1.4290749587946303,0.23167132867699905,1.718336970583536
1.62,10.0,1.4359086324954597,0.2270694907321526,1.7241095191372242
1.63,10.0,1.442729787237268,0.22228499718035016,1.7298366283255735
1.64,10.0,1.4495384759370495,0.2173236140385225,1.7355216164424512
1.65,10.0,1.4563347479668454,0.2121912571444423,1.7411678879077392
1.66,10.0,1.4631186492404213,0.20689397365559845,1.7467788509264395
1.67,10.0,1.4698902224701325,0.20143792913408481,1.7523578661118169
1.68,10.0,1.476649506627786,0.19582941714881485,1.7579083580361825
1.69,10.0,1.4833965372674496,0.19007484232237382,1.7634337366151591
1.7,10.0,1.4901313469370483,0.18418070818828636,1.7689373492353724
1.71,10.0,1.4968539643342933,0.17815362382177563,1.7744225770777131
1.72,10.0,1.5035644148485745,0.1720002884620132,1.7798927637272275
1.73,10.0,1.5102627210905146,0.1657274805159735,1.785351175112508
1.74,10.0,1.516948901843757,0.15934206073553545,1.790801072761047
1.75,10.0,1.5236229727535662,0.15285095891502098,1.7962456560522693
1.76,10.0,1.5302849469498105,0.14626116394663197,1.8016880309346366
1.77,10.0,1.5369348339064468,0.1395797236139512,1.8071312566918856
1.78,10.0,1.543572640190179,0.13281373339905544,1.8125783047005353
1.79,10.0,1.5501983701640336,0.1259703275561049,1.8180320367812968
1.8,10.0,1.5568120248383186,0.1190566759046033,1.8234952258080916
1.81,10.0,1.5634136026225232,0.11207997442965224,1.8289705301280268
1.82,10.0,1.5700031000796915,0.10504743750143407,1.834460483006847
1.83,10.0,1.576580510845433,0.09796629202575181,1.8399674891269324
1.84,10.0,1.5831458263373812,0.09084376952428475,1.8454938125073763
1.85,10.0,1.5896990365263308,0.0836870996169659,1.851041577919542
1.86,10.0,1.5962401289864652,0.07650350188612828,1.8566127467351379
1.87,10.0,1.6027690895299629,0.06930017913450735,1.862209115419427
1.88,10.0,1.609285902958666,0.06208431224083403,1.8678323292479693
1.89,10.0,1.6157905522925409,0.05486305008188159,1.8734838416677455
1.9,10.0,1.6222830193110565,0.047643503683371925,1.8791649202980931
1.91,10.0,1.6287632852492382,0.04043274255685036,1.884876672476775
1.92,10.0,1.63523133023384,0.0332377830042525,1.8906199929079115
1.93,10.0,1.6416871337266288,0.026065582897456932,1.8963955740136154
1.94,10.0,1.6481306751310327,0.018923039605504326,1.9022039422009662
1.95,10.0,1.654561933448019,0.011816976984402285,1.9080453986786274
1.96,10.0,1.6609808876282166,0.004754140540932706,1.9139200314290967
1.97,10.0,1.6673875170598111,-0.0022588029390378794,1.9198277602452798
1.98,10.0,1.6737818014399848,-0.009215279431340137,1.9257682756102685
1.99,10.0,1.6801637210520124,-0.01610881235347301,1.9317410498901761
2.0,10.0,1.6865332571112097,-0.02293302112556658,1.9377453889786107
2.01,10.0,1.6928903918340716,-0.029681635968743226,1.9437803732595835
2.02,10.0,1.6992351086625408,-0.03634850264466745,1.9498448666131996
2.03,10.0,1.7055673924521593,-0.04292757910386028,1.9559375719624725
2.04,10.0,1.711887229710523,-0.0494129507709412,1.962056977777923
2.05,10.0,1.718194608793635,-0.055798835549713766,1.9682013639687916
2.06,10.0,1.724489519928414,-0.062079578474582675,1.9743688588176393
2.07,10.0,1.7307719555850705,-0.06824966720674429,1.9805573932256095
2.08,10.0,1.7370419106701032,-0.07430373749973604,1.9867647036173945
2.09,10.0,1.7432993823832896,-0.08023656579941736,1.9929883875083565
2.1,10.0,1.7495443706851999,-0.08604308466621718,1.9992258670053928
2.11,10.0,1.7557768785083612,-0.09171838887937511,2.0054743891926243
2.12,10.0,1.7619969114563425,-0.09725772597298868,2.011731078058567
2.13,10.0,1.7682044783274422,-0.10265651129199334,2.0179929076539533
2.14,10.0,1.7743995913606565,-0.10791033488701864,2.0242567010232957
2.15,10.0,1.7805822657908674,-0.11301495002639587,2.0305191764974797
2.16,10.0,1.7867525203923718,-0.11796628759327463,2.0367769301860186
2.17,10.0,1.7929103777702005,-0.12276046388472298,2.043026434722959
2.18,10.0,1.7990558637905216,-0.1273937671984659,2.049264078413607
2.19,10.0,1.8051890081122859,-0.13186267128988408,2.055486156192366
2.2,10.0,1.8113098445281035,-0.13616384413895444,2.0616888693671243
2.21,10.0,1.8174184102924111,-0.14029413277039457,2.0678683567964598
2.22,10.0,1.8235147466155173,-0.14425057551477302,2.0740206928750364
2.23,10.0,1.8295988990522045,-0.1480304117479249,2.0801418895111077
2.24,10.0,1.8356709167520568,-0.15163106515820232,2.0862279188497226
2.25,10.0,1.8417308528967482,-0.15505015459540497,2.0922747168357994
2.26,10.0,1.8477787651294664,-0.15828550472454886,2.0982781882043575
2.27,10.0,1.8538147147520392,-0.1613351279984698,2.104234220966669
2.28,10.0,1.8598387670928684,-0.16419723392928268,2.1101386938529725
2.29,10.0,1.8658509919664585,-0.16687024053802701,2.1159874849425595
2.3,10.0,1.8718514628408716,-0.16935275532080793,2.12177647839915
2.31,10.0,1.877840257129728,-0.17164358283562794,2.12750157433077
2.32,10.0,1.883817456668749,-0.1737417367776256,2.133158701227332
2.33,10.0,1.8897831468748882,-0.1756464202401157,2.1387438157943013
2.34,10.0,1.8957374169609633,-0.17735703156970456,2.144252913966417
2.35,10.0,1.9016803604151422,-0.17887317685831614,2.149682046967868
2.36,10.0,1.907612074170198,-0.18019464979709707,2.1550273153218225
2.37,10.0,1.9135326587434252,-0.18132143580968205,2.1602848799779473
2.38,10.0,1.919442218705201,-0.18225372472946239,2.165450981563181
2.39,10.0,1.9253408618735939,-0.18299189052668605,2.1705219297509473
2.4,10.0,1.931228699385189,-0.1835364937795459,2.1754941136406227
2.41,10.0,1.9371058461399504,-0.18388829429817635,2.1803640237232074
2.42,10.0,1.942972420033197,-0.1840482309772697,2.185128237603596
2.43,10.0,1.948828541964963,-0.1840174227048687,2.189783429173213
2.44,10.0,1.9546743362499421,-0.18379718070107884,2.194326392637402
2.45,10.0,1.960509929896,-0.18338898871478443,2.198754025521316
2.46,10.0,1.9663354525608214,-0.1827945024998429,2.2030633363444903
2.47,10.0,1.972151036917454,-0.18201556165268165,2.2072514700853088
2.48,10.0,1.9779568179861886,-0.18105417033676086,2.211315689257683
2.49,10.0,1.9837529330478039,-0.17991249547593305,2.2152533798544525
2.5,10.0,1.9895395219567449,-0.17859287789661868,2.219062077839437
2.51,10.0,1.9953167265315765,-0.17709781373122682,2.2227394487639955
2.52,10.0,2.001084690434283,-0.1754299514903745,2.2262832918827513
2.53,10.0,2.0068435594242695,-0.17359210233823438,2.229691567425127
2.54,10.0,2.012593480811635,-0.17158722229863113,2.2329623749562693
2.55,10.0,2.018334603311955,-0.16941840837361366,2.2360939556707624
2.56,10.0,2.0240670772349687,-0.16708890780194724,2.2390847202819284
2.57,10.0,2.029791054004562,-0.16460210117006993,2.241933226224468
2.58,10.0,2.0355066859984015,-0.1619614977461125,2.2446381780670617
2.59,10.0,2.0412141266653645,-0.1591707435898366,2.2471984560635665
2.6,10.0,2.0469135301162384,-0.15623360565482491,2.249613092110767
2.61,10.0,2.0526050509575273,-0.15315396650599794,2.2518812682234746
2.62,10.0,2.0582888443315985,-0.14993583116433243,2.2540023458886447
2.63,10.0,2.0639650655824147,-0.1465833122754775,2.2559758406140498
2.64,10.0,2.069633870092858,-0.143100624376127,2.257801418424556
2.65,10.0,2.075295413241347,-0.1394920893693119,2.259478926146203
2.66,10.0,2.0809498501472805,-0.13576212282654357,2.2610083644185544
2.67,10.0,2.086597335521184,-0.13191522796463806,2.262389882176194
2.68,10.0,2.0922380235315394,-0.1279559996583703,2.263623807905443
2.69,10.0,2.09787206763471,-0.1238891119368014,2.264710621097856
2.7,10.0,2.1034996204470926,-0.11971931182750507,2.265650944708643
2.71,10.0,2.1091208335163065,-0.11545142182402596,2.2664455772986196
2.72,10.0,2.1147358572400465,-0.11109032863109226,2.267095463030091
2.73,10.0,2.1203448407690515,-0.10664097702780621,2.267601682185761
2.74,10.0,2.1259479316778713,-0.10210837071828928,2.267965483892503
2.75,10.0,2.1315452759762006,-0.09749756237447799,2.26818825492785
2.76,10.0,2.1371370180507583,-0.09281364766376948,2.2682715085506615
2.77,10.0,2.142723300232729,-0.08806176442264073,2.2682169171612276
2.78,10.0,2.1483042629036038,-0.08324708403954811,2.2680262804883533
2.79,10.0,2.153880044482901,-0.07837480578600431,2.2677015130250266
2.8,10.0,2.1594507808921337,-0.07345015426444879,2.267244675799911
2.81,10.0,2.165016605755021,-0.06847837216772909,2.2666579446494666
2.82,10.0,2.1705776504363143,-0.06346471504584834,2.26594359675164
2.83,10.0,2.176134043405742,-0.058414446990409666,2.265104040382628
2.84,10.0,2.1816859105297164,-0.053332834801622625,2.264141784201505
2.85,10.0,2.1872333751644115,-0.04822514331622153,2.2630594234942967
2.86,10.0,2.1927765574273446,-0.043096629300974854,2.2618596666125006
2.87,10.0,2.198315574574629,-0.0379525370533538,2.260545306302909
2.88,10.0,2.20385054114885,-0.032798094409487444,2.2591192064102508
2.89,10.0,2.209381568170616,-0.027638504828432473,2.257584323571156
2.9,10.0,2.2149087635920752,-0.022478944448536275,2.2559436817077936
2.91,10.0,2.2204322324973225,-0.01732455888752785,2.2542003599711657
2.92,10.0,2.225952076230897,-0.012180453508076342,2.2523575083217366
2.93,10.0,2.2314683929150787,-0.007051691947936718,2.2504183262234294
2.94,10.0,2.2369812776975944,-0.001943293816956518,2.248386052667705
2.95,10.0,2.242490821838377,0.003139776856024872,2.24626397438141
2.96,10.0,2.2479971132752317,0.008192611605732944,2.244055409683349
2.97,10.0,2.2535002369108135,0.013210358840423916,2.2417637013361293
2.98,10.0,2.2590002736824832,0.018188237201782392,2.239392216406051
2.99,10.0,2.2644973011586527,0.023121534052994917,2.236944336042459
3.0,10.0,2.2699913938545158,0.028005605710409335,2.2344234517656165
3.01,10.0,2.2754826223122344,0.03283589258269706,2.2318329564264925
3.02,10.0,2.2809710537087966,0.037607916166344776,2.2291762403526008
3.03,10.0,2.286456752188056,0.0423172781276126,2.2264566915284503
3.04,10.0,2.291939777979442,0.04695967717250681,2.2236776775506346
3.05,10.0,2.297420187997645,0.051530904564287675,2.2208425482815457
3.06,10.0,2.3028980361773703,0.056026842001809664,2.217954640137589
3.07,10.0,2.3083733726580746,0.06044348014504714,2.215017249433089
3.08,10.0,2.313846244356342,0.06477691268582486,2.212033641357606
3.09,10.0,2.3193166952894706,0.06902333298986414,2.2090070583058736
3.1,10.0,2.3247847658513563,0.07317905417020143,2.20594068556594
3.11,10.0,2.3302504933400523,0.07724050176257262,2.2028376660380786
3.12,10.0,2.3357139122569155,0.08120420912312944,2.1997011123079684
3.13,10.0,2.3411750536948204,0.08506683890540001,2.1965340660718677
3.14,10.0,2.3466339458059546,0.08882517441470464,2.193339517767413
3.15,10.0,2.352090614064787,0.0924761137805615,2.1901204217693913
3.16,10.0,2.3575450807844747,0.09601669265421232,2.1868796513950475
3.17,10.0,2.3629973655137446,0.09944407431849879,2.183620022364562
3.18,10.0,2.368447485252157,0.10275554279250843,2.180344310074913
3.19,10.0,2.373895454108452,0.10594852630821706,2.1770552027739196
3.2,10.0,2.3793412836158976,0.10902058639472946,2.173755327304942
3.21,10.0,2.38478498288948,0.11196941049923988,2.170447266489438
3.22,10.0,2.390226558440334,0.11479283477103365,2.1671335151673983
3.23,10.0,2.3956660143925594,0.117488833498541,2.1638165042802067
3.24,10.0,2.401103352593861,0.12005551074850727,2.1604986187527153
3.25,10.0,2.4065385725629898,0.122491122256787,2.157182157997884
3.26,10.0,2.4119716716250763,0.12479406542357016,2.1538693572549388
3.27,10.0,2.4174026449745227,0.12696287006335022,2.1505624050457968
3.28,10.0,2.4228314857316064,0.12899621912208395,2.147263409563969
3.29,10.0,2.4282581850149705,0.13089293939620267,2.1439744165361727
3.3,10.0,2.4336827318951157,0.13265198418095706,2.140697434695605
3.31,10.0,2.439105113625403,0.13427246312887253,2.1374343955269657
3.32,10.0,2.444525315620938,0.1357536280961656,2.134187174608284
3.33,10.0,2.4499433215256494,0.13709487420638278,2.1309575917294783
3.34,10.0,2.455359113281301,0.13829574124941718,2.127747410521362
3.35,10.0,2.460772671190857,0.13935591410535952,2.1245583394492042
3.36,10.0,2.466183973822601,0.14027521797266276,2.1213920213579502
3.37,10.0,2.4715929983770337,0.14105362869531574,2.118250056303644
3.38,10.0,2.4769997205669356,0.14169126720620065,2.115133989365889
3.39,10.0,2.482404114688417,0.14218840020163748,2.1120453121994887
3.4,10.0,2.4878061536981666,0.14254544101820243,2.108985465016893
3.41,10.0,2.4932058085923776,0.14276287505042148,2.105955910409379
3.42,10.0,2.4986030486684214,0.14284128206000654,2.102958112878433
3.43,10.0,2.5039978433003753,0.14278152464837754,2.099993356753785
3.44,10.0,2.509390160065663,0.14258453622149775,2.097062953699613
3.45,10.0,2.514779965388924,0.14225138524934,2.0941681814596027
3.46,10.0,2.5201672245938163,0.14178327453955233,2.091310285809758
3.47,10.0,2.525551900294814,0.1411814337305823,2.0884904483456674
3.48,10.0,2.5309339561450885,0.14044735631703165,2.085709864520747
3.49,10.0,2.5363133540109777,0.1395826138376218,2.0829696863669662
3.5,10.0,2.5416900547755836,0.13858890350824551,2.080271039941538
3.51,10.0,2.5470640183851616,0.13746804714752167,2.0776150271537004
3.52,10.0,2.552435202549408,0.136221896375865,2.0750027051681634
3.53,10.0,2.557803564264775,0.13485243439332978,2.072435112860303
3.54,10.0,2.5631690609493014,0.13336185070559936,2.0699132908315274
3.55,10.0,2.5685316484091913,0.1317523952322881,2.0674382485355025
3.56,10.0,2.57389128159115,0.13002642639819645,2.065010977905432
3.57,10.0,2.5792479144867055,0.12818639883496694,2.0626324399680716
3.58,10.0,2.584601499140639,0.12623477944467384,2.06030344770668
3.59,10.0,2.589951988400518,0.1241742626112178,2.0580249821559953
3.6,10.0,2.595299333712027,0.1220075892618204,2.055797934795173
3.61,10.0,2.6006434857574314,0.11973759327208251,2.053623179175964
3.62,10.0,2.6059843943187624,0.11736717526156328,2.051501534543844
3.63,10.0,2.6113220078511796,0.11489923458233389,2.0494336639047566
3.64,10.0,2.616656275018562,0.11233688436208579,2.0474204159285794
3.65,10.0,2.6219871434225603,0.10968326169879082,2.0454625320402737
3.66,10.0,2.6273145599844234,0.10694157627168285,2.043560727351686
3.67,10.0,2.6326384712615507,0.10411509387900973,2.041715655704259
3.68,10.0,2.6379588237004836,0.10120712288695798,2.039927882261761
3.69,10.0,2.64327556227135,0.09822107480189418,2.038198048983679
3.7,10.0,2.648588631800993,0.09516040125276257,2.0365267185172344
3.71,10.0,2.653897976629245,0.09202860776715187,2.0349144179179603
3.72,10.0,2.6592035409057972,0.08882924527705435,2.0333616264405903
3.73,10.0,2.6645052685500596,0.0855659081442766,2.0318687777392404
3.74,10.0,2.6698031026249227,0.08224224352445657,2.030436287085716
3.75,10.0,2.675096986091191,0.07886193402075431,2.0290645196380765
3.76,10.0,2.6803868616236803,0.07542869849053165,2.0277537987664696
3.77,10.0,2.6856726723386717,0.07194625868283636,2.026504341323541
3.78,10.0,2.6909543611963738,0.0684183631070055,2.025316314734562
3.79,10.0,2.696231870310059,0.06484881493260171,2.024189902669198
3.8,10.0,2.7015051421127096,0.061241419656427286,2.0231251999375655
3.81,10.0,2.70677411902923,0.05759999731981874,2.0221222447649048
3.82,10.0,2.71203874405949,0.05392836936814142,2.0211810146762526
3.83,10.0,2.7172989600889688,0.05023036753791067,2.020301427895453
3.84,10.0,2.7225547098853355,0.04650983086889428,2.0194833417818305
3.85,10.0,2.7278059366274983,0.042770593498508376,2.018726548924284
3.86,10.0,2.7330525837681603,0.039016483994210364,2.0180307761614067
3.87,10.0,2.7382945963837426,0.03525131607995004,2.0173956764538694
3.88,10.0,2.743531919040183,0.03147889379470448,2.0168208376835146
3.89,10.0,2.7487644966361855,0.027703004317694447,2.0163057769890766
3.9,10.0,2.7539922749298857,0.02392741210496514,2.015849936648607
3.91,10.0,2.759215200331178,0.020155856067769286,2.015452683510878
3.92,10.0,2.76443322064265,0.01639206931792655,2.015113399806113
3.93,10.0,2.76964628380922,0.012639729776934025,2.0148313033411647
3.94,10.0,2.774854338754477,0.00890248323390017,2.014605551266623
3.95,10.0,2.7800573354140563,0.005183938524826883,2.0144352347241323
3.96,10.0,2.7852552247318747,0.0014876614227053652,2.014319368443376
3.97,10.0,2.7904479597810363,-0.0021827977985246264,2.0142569829953603
3.98,10.0,2.7956354935951064,-0.005823974288690992,2.0142469262008476
3.99,10.0,2.8008177808773644,-0.009432443621642847,2.014288007397669
4.0,10.0,2.8059947776869625,-0.013004836750341437,2.014378962842045
4.01,10.0,2.811166441468511,-0.01653784154894857,2.0145184623563246
4.02,10.0,2.816332730780318,-0.020028170387527595,2.0147052338036238
4.03,10.0,2.821493606172302,-0.023472648681708865,2.0149377671188393
4.04,10.0,2.8266490296211524,-0.02686815162856148,2.0152145459446578
4.05,10.0,2.831798964765572,-0.030211625131006163,2.015533986691981
4.06,10.0,2.8369433769208667,-0.033500081957007745,2.015894455298583
4.07,10.0,2.8420822329205992,-0.036730574681917226,2.0162943376405984
4.08,10.0,2.847215501831616,-0.03990028588128944,2.016731839149653
4.09,10.0,2.8523431544841826,-0.04300645925118205,2.017205151785097
4.1,10.0,2.857465163683027,-0.046046422141889115,2.0177124098954344
4.11,10.0,2.8625815038894884,-0.0490175744009609,2.0182517234751582
4.12,10.0,2.8676921507422777,-0.051917371253207084,2.0188212249802593
4.13,10.0,2.8727970834499907,-0.05474341228847582,2.019418874352871
4.14,10.0,2.877896282761714,-0.05749336706535232,2.0200426363930752
4.15,10.0,2.8829897316088378,-0.060164999412612066,2.020690433173307
4.16,10.0,2.888077414647534,-0.06275614530233875,2.0213601791108493
4.17,10.0,2.893159318269801,-0.06526471333967657,2.0220497856508164
4.18,10.0,2.8982354322993538,-0.06768876657921712,2.0227570567085404
4.19,10.0,2.903305748366912,-0.07002644405840945,2.0234797994061173
4.2,10.0,2.908370260449409,-0.07227598678189803,2.02421579451552
4.21,10.0,2.9134289638102535,-0.07443570517806451,2.0249628389767276
4.22,10.0,2.918481855810356,-0.0765040053067439,2.025718720548106
4.23,10.0,2.9235289376335483,-0.07847944378387975,2.0264811593024064
4.24,10.0,2.928570212127036,-0.08036066069840853,2.0272478900332356
4.25,10.0,2.9336056845270466,-0.08214640313886341,2.0280166400132824
4.26,10.0,2.938635361201923,-0.08383547867830776,2.0287851580911767
4.27,10.0,2.9436592512316286,-0.08542681507064763,2.029551186209951
4.28,10.0,2.9486773669731132,-0.0869194819720366,2.0303124515088715
4.29,10.0,2.9536897226077334,-0.08831263709841736,2.0310666993996103
4.3,10.0,2.9586963346849178,-0.08960554713432153,2.0318116861107764
4.31,10.0,2.963697220165325,-0.09079753201265964,2.032545198671227
4.32,10.0,2.968692399524822,-0.09188805509708359,2.0332650319641816
4.33,10.0,2.9736818960460254,-0.0928767034526795,2.0339689981140747
4.34,10.0,2.978665734742209,-0.09376315751752047,2.034654939003273
4.35,10.0,2.983643942856541,-0.09454720619096837,2.0353207254282255
4.36,10.0,2.9886165478379625,-0.09522867660986707,2.0359642471633723
4.37,10.0,2.9935835810511815,-0.09580756484783874,2.0365834407841508
4.38,10.0,2.9985450758484786,-0.09628396905263822,2.037176280383716
4.39,10.0,3.003501067354679,-0.09665808261293718,2.0377407795376756
4.4,10.0,3.008451592727583,-0.09693020398519497,2.0382749964340174
4.41,10.0,3.013396688600449,-0.0971006595354096,2.0387770024267153
4.42,10.0,3.0183363962597776,-0.09716996164310607,2.039244956302837
4.43,10.0,3.0232707580518428,-0.09713870003574075,2.0396770587073485
4.44,10.0,3.0281998179842087,-0.09700756070946888,2.0400715638544114
4.45,10.0,3.0331236217460895,-0.09677732664393884,2.040426782382948
4.46,10.0,3.0380422146884762,-0.09644880032432356,2.0407410272551783
4.47,10.0,3.0429556462535396,-0.09602297651270784,2.0410127451536857
4.48,10.0,3.047863966491762,-0.09550090800240975,2.041240420320433
4.49,10.0,3.0527672269181845,-0.09488373974121302,2.041422603178269
4.5,10.0,3.0576654802466963,-0.09417270006357582,2.0415579047808468
4.51,10.0,3.0625587789345734,-0.09336904922904783,2.0416449466382716
4.52,10.0,3.0674471788339375,-0.09247421121929754,2.041682502001265
4.53,10.0,3.072330736145521,-0.09148966519299143,2.041669386066996
4.54,10.0,3.0772095081641613,-0.0904169730042106,2.041604488322667
4.55,10.0,3.0820835529541215,-0.08925776463721798,2.041486756794174
4.56,10.0,3.0869529286965016,-0.0880137073610573,2.0413151602565485
4.57,10.0,3.0918176957176615,-0.08668660799736198,2.0410888308151947
4.58,10.0,3.0966779146181853,-0.08527832157820164,2.040806944121355
4.59,10.0,3.101533646707626,-0.08379077448663678,2.040468754722955
4.6,10.0,3.1063849536235852,-0.08222594667126211,2.04007356959767
4.61,10.0,3.1112318971065367,-0.08058586180418544,2.039620735582117
4.62,10.0,3.1160745402272734,-0.07887265153774457,2.0391097565590144
4.63,10.0,3.120912946071461,-0.0770884900482373,2.0385401835051935
4.64,10.0,3.125747178026932,-0.07523561033576179,2.0379116477072774
4.65,10.0,3.130577299544504,-0.0733162832736818,2.037223822367773
4.66,10.0,3.135403374138564,-0.07133282379818416,2.03647644087342
4.67,10.0,3.1402254656615165,-0.0692876280949193,2.03566937981057
4.68,10.0,3.1450436378276456,-0.06718312582862178,2.034802564554555
4.69,10.0,3.149857954261901,-0.06502179178797063,2.0338759989455717
4.7,10.0,3.1546684783938703,-0.06280612576573268,2.032889714294245
4.71,10.0,3.159475273415537,-0.06053866854867727,2.031843822871793
4.72,10.0,3.1642784022315613,-0.058222013670949195,2.030738559120591
4.73,10.0,3.169077927339447,-0.05585877948220465,2.029574206071185
4.74,10.0,3.173873910769795,-0.05345161522610909,2.0283511201466924
4.75,10.0,3.1786664143443204,-0.051003181825190806,2.027069670304364
4.76,10.0,3.1834554991218647,-0.04851617334906514,2.025730325325531
4.77,10.0,3.1882412253552928,-0.04599331288625319,2.0243336478981373
4.78,10.0,3.19302365267014,-0.04343733730576164,2.0228802482421617
4.79,10.0,3.1978028398904557,-0.04085099969439966,2.0213708020997405
4.8,10.0,3.2025788456258817,-0.03823705610333621,2.019805985317282
4.81,10.0,3.2073517270541596,-0.035598281218967735,2.018186585713117
4.82,10.0,3.2121215403411103,-0.03293745778775958,2.0165134540714984
4.83,10.0,3.2168883407426523,-0.030257371137350116,2.0147874863755924
4.84,10.0,3.221652182421163,-0.02756080827641301,2.0130096341208024
4.85,10.0,3.226413119563108,-0.024850550857835586,2.0111808381744796
4.86,10.0,3.23117120398095,-0.022129380785006005,2.009302155388432
4.87,10.0,3.2359264865214654,-0.0194000721296269,2.0073746765280216
4.88,10.0,3.24067901685876,-0.016665388858418208,2.005399532781663
4.89,10.0,3.2454288433451897,-0.013928082366931032,2.003377899086912
4.9,10.0,3.2501760145584786,-0.01119089612224464,2.001310932800953
4.91,10.0,3.2549205757881468,-0.00845654682137666,1.9991999004880032
4.92,10.0,3.259662571608902,-0.005727733796459735,1.9970460784252255
4.93,10.0,3.264402045149424,-0.0030071330847566908,1.9948507759638474
4.94,10.0,3.269139038185526,-0.00029739594507356974,1.9926153307961512
4.95,10.0,3.2738735925364724,0.0023988408857782456,1.9903410793088652
4.96,10.0,3.278605746480798,0.005078989805491404,1.9880294221923993
4.97,10.0,3.2833355375191693,0.007740489778689193,1.985681768655505
4.98,10.0,3.288063001591474,0.010380815713038762,1.9832995484472002
4.99,10.0,3.29278817334023,0.01299747673540185,1.9808842078701092
5.0,10.0,3.2975110870786093,0.01558800420841197,1.978437201588891
5.01,10.0,3.302231773680726,0.01814999912235657,1.9759600086203104
5.02,10.0,3.306950263137006,0.02068109699843184,1.973454114750778
5.03,10.0,3.3116665838211374,0.023178980674449286,1.970921014432916
5.04,10.0,3.316380762937056,0.0256413739025659,1.9683622108430558
5.05,10.0,3.3210928269809856,0.028066034664519145,1.9657792159751981
5.06,10.0,3.3258027992362886,0.03045080424887246,1.9631735362103733
5.07,10.0,3.330510702032886,0.0327935667879159,1.9605466812633772
5.08,10.0,3.3352165560858658,0.03509226368529589,1.95790015876368
5.09,10.0,3.339920381082976,0.03734488047037467,1.955235482047911
5.1,10.0,3.3446221955914788,0.039549451074304506,1.9525541666389952
5.11,10.0,3.349322015395109,0.041704102289987416,1.9498577006968327
5.12,10.0,3.354019855239621,0.04380701098425267,1.9471475720008868
5.13,10.0,3.3587157283036606,0.045856419533616,1.9444252572029903
5.14,10.0,3.3634096468932704,0.04785061487686281,1.9416922416320084
5.15,10.0,3.3681016218568756,0.04978794957513194,1.938949999121225
5.16,10.0,3.372791661724316,0.05166687193114136,1.9361999632450146
5.17,10.0,3.377479773939394,0.05348588737791099,1.9334435639111458
5.18,10.0,3.382165964465185,0.05524357329001404,1.9306822131431591
5.19,10.0,3.3868502384980914,0.05693854854644235,1.9279173356968116
5.2,10.0,3.3915325995504033,0.05856951698208577,1.925150325276375
5.21,10.0,3.396213049304964,0.06013527587149291,1.9223825359696152
5.22,10.0,3.400891588325928,0.061634685641001996,1.9196153126996531
5.23,10.0,3.4055682158084206,0.06306668310784262,1.9168499778746355
5.24,10.0,3.410242930259216,0.06443024128007348,1.9140878699663162
5.25,10.0,3.414915728414371,0.06572443869818122,1.9113302767009515
5.26,10.0,3.4195866055973823,0.06694843927379013,1.908578454361864
5.27,10.0,3.4242555560239447,0.06810147544606772,1.9058336439026595
5.28,10.0,3.428922572669463,0.06918285850541096,1.903097060922506
5.29,10.0,3.433587647833919,0.07019192786827376,1.9003699415538886
5.3,10.0,3.438250772124888,0.0711281498056635,1.897653452700652
5.31,10.0,3.44291193505984,0.0719910631809758,1.8949487411452708
5.32,10.0,3.4475711250925754,0.07278027959633626,1.8922569332621721
5.33,10.0,3.4522283295720135,0.07349548992960858,1.8895791289296344
5.34,10.0,3.4568835351681058,0.07413640391403858,1.8869164502272442
5.35,10.0,3.4615367270482413,0.07470287820679436,1.8842699375556862
5.36,10.0,3.466187889505396,0.07519482546012674,1.88164062302761
5.37,10.0,3.470837005852206,0.07561223413015652,1.8790295142150892
5.38,10.0,3.4754840584434605,0.07595516745148427,1.8764375940587312
5.39,10.0,3.480129028885192,0.07622370867669935,1.8738658518860616
5.4,10.0,3.4847718976291624,0.0764180886131489,1.8713152102358883
5.41,10.0,3.4894126443315128,0.0765385865032928,1.8687865812222846
5.42,10.0,3.494051247789546,0.07658555603040215,1.8662808514046212
5.43,10.0,3.4986876859772784,0.07655941753148168,1.8637988842691176
5.44,10.0,3.503321936123671,0.07646061967052323,1.8613415335372334
5.45,10.0,3.50795397459007,0.07628974473622127,1.85890960563923
5.46,10.0,3.5125837770162716,0.07604742180089408,1.856503890188062
5.47,10.0,3.5172113183131577,0.07573434962221823,1.8541251516129913
5.48,10.0,3.521836572690923,0.07535128401041229,1.8517741315161231
5.49,10.0,3.5264595136893835,0.0748990165513731,1.849451552758799
5.5,10.0,3.5310801141836037,0.07437845563050426,1.847158102952731
5.51,10.0,3.53569834642663,0.07379055367036128,1.8448944489274393
5.52,10.0,3.540314182070009,0.0731363264544879,1.8426612326392053
5.53,10.0,3.5449275921930306,0.07241683637155989,1.8404590709144664
5.54,10.0,3.5495385473290386,0.07163318777249557,1.8382885553435564
5.55,10.0,3.554147017477094,0.07078658252286685,1.836150253103055
5.56,10.0,3.5587529721410447,0.06987826288371018,1.8340447060569485
5.57,10.0,3.563356380350976,0.06890952680342081,1.8319724309998673
5.58,10.0,3.5679572107089013,0.06788170802231663,1.829933914342714
5.59,10.0,3.572555431402149,0.06679618617050642,1.827929615215007
5.6,10.0,3.577151010193879,0.06565441810978521,1.8259599744778345
5.61,10.0,3.581743914492096,0.06445789637085758,1.8240254033856242
5.62,10.0,3.5863341113618397,0.06320816036795238,1.8221262869925603
5.63,10.0,3.590921567611425,0.061906774815239866,1.82026297670334
5.64,10.0,3.595506249749388,0.06055535134473468,1.8184357984972372
5.65,10.0,3.6000881239765357,0.0591555583944461,1.8166450568973342
5.66,10.0,3.6046671562879298,0.05770909436421634,1.814891025612825
5.67,10.0,3.609243312472857,0.05621769486031357,1.8131739505517483
5.68,10.0,3.613816558256881,0.05468311106135253,1.811494043023819
5.69,10.0,3.6183868591528965,0.0531071385108999,1.8098514895500797
5.7,10.0,3.62295418051811,0.05149161022645004,1.8082464499318762
5.71,10.0,3.6275184876536204,0.04983838242537942,1.8066790528746886
5.72,10.0,3.6320797458002305,0.04814933823404748,1.8051493975359802
5.73,10.0,3.636637920342305,0.04642636802336493,1.8036575462141302
5.74,10.0,3.6411929765181563,0.04467139978034778,1.8022035367767861
5.75,10.0,3.6457448796016667,0.04288638169877639,1.8007873762362347
5.76,10.0,3.6502935949590696,0.04107327742770155,1.7994090393212723
5.77,10.0,3.654839088050917,0.039234066878107175,1.7980684692426259
5.78,10.0,3.659381324678465,0.03737073064851614,1.79676557493657
5.79,10.0,3.6639202705741494,0.03548527562324338,1.7955002356746554
5.8,10.0,3.668455891723135,0.03357971467967457,1.7942722974665477
5.81,10.0,3.6729881543496643,0.03165606743722324,1.7930815732273437
5.82,10.0,3.6775170249384517,0.029716358918646966,1.7919278428067944
5.83,10.0,3.6820424704632746,0.027762611042947905,1.7908108642120038
5.84,10.0,3.686564457979752,0.02579685495224943,1.7897303477991748
5.85,10.0,3.691082954991872,0.023821117984599682,1.7886859755411546
5.86,10.0,3.695597929395924,0.021837424494347595,1.787677395645182
5.87,10.0,3.7001093495235735,0.019847793939235678,1.7867042244265061
5.88,10.0,3.7046171842613336,0.017854239867471245,1.7857660620544458
5.89,10.0,3.709121402858082,0.01585876522988493,1.784862451525397
5.9,10.0,3.7136219751368964,0.013863362455002609,1.7839929112221204
5.91,10.0,3.7181188714792186,0.011870010842264618,1.783156926054895
5.92,10.0,3.722612062855058,0.009880676212871269,1.7823539521120164
5.93,10.0,3.7271015208499083,0.007897313297840821,1.7815834290549457
5.94,10.0,3.7315872177144755,0.0059218490765708745,1.7808447386545954
5.95,10.0,3.7360691263818566,0.003956193296418862,1.7801372401769413
5.96,10.0,3.740547220503827,0.002002233041365991,1.7794602606789178
5.97,10.0,3.745021474433541,6.183534691620462e-05,1.7788131048551836
5.98,10.0,3.74949186322316,-0.0018631515733647443,1.7781950619505231
5.99,10.0,3.7539583628791453,-0.0037709210692301654,1.7776053614180407
6.0,10.0,3.7584209501828734,-0.005659690361187343,1.7770432150125757
6.01,10.0,3.7628796027820868,-0.007527708041413336,1.776507805030361
6.02,10.0,3.7673342990825174,-0.009373247093861201,1.7759983010227849
6.03,10.0,3.7717850183236803,-0.011194609621467866,1.775513854765446
6.04,10.0,3.7762317409331545,-0.01299014927650116,1.7750535623321557
6.05,10.0,3.7806744481944663,-0.014758250057789133,1.7746165072328086
6.06,10.0,3.785113122385628,-0.016497335026541025,1.7742017479629162
6.07,10.0,3.7895477465319343,-0.018205853642965543,1.7738083379381742
6.08,10.0,3.793978304697971,-0.019882297243078145,1.7734353074797387
6.09,10.0,3.7984047822795506,-0.02152521451220426,1.7730816458395502
6.1,10.0,3.8028271656011086,-0.023133190711264535,1.772746332038146
6.11,10.0,3.8072454420835737,-0.024704856675031986,1.7724283256027284
6.12,10.0,3.8116595998137024,-0.026238869305576312,1.7721265882670414
6.13,10.0,3.816069628201222,-0.027733942321863898,1.771840055704315
6.14,10.0,3.820475518013459,-0.029188848249486025,1.7715676378461263
6.15,10.0,3.824877261013002,-0.03060240207058376,1.7713082374515121
6.16,10.0,3.8292748501293663,-0.0319734695446475,1.7710607441354966
6.17,10.0,3.8336682788098155,-0.03330093994377832,1.7708240605107637
6.18,10.0,3.8380575421786824,-0.03458377603167548,1.7705970603586527
6.19,10.0,3.84244263661638,-0.03582099654526861,1.7703786062026436
6.2,10.0,3.8468235595589575,-0.03701166809626607,1.770167558575329
6.21,10.0,3.851200309644272,-0.038154911876784284,1.7699627722689026
6.22,10.0,3.855572885825176,-0.03924986805136765,1.7697631203750035
6.23,10.0,3.859941289133218,-0.040295768049404324,1.769567451129241
6.24,10.0,3.8643055216314863,-0.04129189242956328,1.7693746160113761
6.25,10.0,3.868665586490166,-0.04223757444894925,1.7691834693855464
6.26,10.0,3.8730214880783427,-0.04313220429386325,1.7689928677281168
6.27,10.0,3.8773732308408815,-0.04397518493474168,1.7688016816496415
6.28,10.0,3.88172082171474,-0.04476602868313986,1.7686087744786327
6.29,10.0,3.8860642683413746,-0.045504286632181125,1.768413020563063
6.3,10.0,3.8904035795067586,-0.04618956665047334,1.7682133025246305
6.31,10.0,3.8947387650786327,-0.046821531397934,1.7680085126990717
6.32,10.0,3.8990698350522126,-0.04739986099508012,1.7677975566146635
6.33,10.0,3.903396801838087,-0.04792434422930648,1.767579349420016
6.34,10.0,3.907719678459983,-0.04839480760725624,1.7673528211795073
6.35,10.0,3.9120384790264726,-0.048811134558191485,1.7671169172622339
6.36,10.0,3.916353218558522,-0.049173258980683414,1.7668705993297973
6.37,10.0,3.9206639123304408,-0.049481139154153746,1.7666128451791243
6.38,10.0,3.92497057777821,-0.049734835249520305,1.7663426547318242
6.39,10.0,3.929273232896539,-0.049934445152613506,1.7660590475994642
6.4,10.0,3.933571896660698,-0.05008012199152076,1.7657610655252363
6.41,10.0,3.9378665887633932,-0.05017206362118509,1.7654477695846307
6.42,10.0,3.9421573292819887,-0.05021049918532902,1.7651182362514124
6.43,10.0,3.946444140116414,-0.05019574996785806,1.7647715828191135
6.44,10.0,3.9507270436620616,-0.05012817423813113,1.7644069469686574
6.45,10.0,3.955006063161372,-0.05000818252551088,1.7640234941838866
6.46,10.0,3.9592812223711347,-0.04983622329936881,1.7636204090115273
6.47,10.0,3.9635525455421754,-0.04961278263363249,1.7631968962592204
6.48,10.0,3.9678200583548664,-0.049338426659122483,1.7627522126019821
6.49,10.0,3.9720837869108125,-0.04901375699940345,1.7622856363559505
6.5,10.0,3.9763437580014593,-0.048639423368799506,1.761796477875908
6.51,10.0,3.9805999987391485,-0.04821610600713479,1.7612840673458443
6.52,10.0,3.984852536789888,-0.0477445278763135,1.7607477657470048
6.53,10.0,3.9891014008376566,-0.047225478308482866,1.7601869847417557
6.54,10.0,3.9933466199000596,-0.04665977984107911,1.7596011623272787
6.55,10.0,3.9975882235100184,-0.04604829788648864,1.7589897718278813
6.56,10.0,4.001826241354266,-0.04539192077009722,1.7583523036687012
6.57,10.0,4.006060703657668,-0.04469158284189872,1.7576882899900559
6.58,10.0,4.01029164126892,-0.04394827034083684,1.7569973121014906
6.59,10.0,4.014519085267203,-0.04316299959444339,1.756278980420376
6.6,10.0,4.018743067062059,-0.04233682370291978,1.7555329427519935
6.61,10.0,4.022963618090483,-0.04147081130818411,1.7547588542087489
6.62,10.0,4.027180770216376,-0.040566077973871274,1.753956426869343
6.63,10.0,4.0313945555845425,-0.0396237767062091,1.7531254174911677
6.64,10.0,4.035605006450053,-0.03864508663272942,1.752265612477098
6.65,10.0,4.039812155210026,-0.03763121684087589,1.7513768357849209
6.66,10.0,4.044016034214536,-0.03658338524790226,1.7504589133912205
6.67,10.0,4.048216676019911,-0.035502854647236765,1.7495117404206306
6.68,10.0,4.052414113200564,-0.034390911697134,1.7485352458113024
6.69,10.0,4.056608378303464,-0.03324886434558276,1.747529390111568
6.7,10.0,4.060799503832844,-0.03207804316345083,1.7464941702762955
6.71,10.0,4.064987522229733,-0.030879781899752743,1.745429584976459
6.72,10.0,4.069172465806434,-0.029655453721803875,1.744335706554705
6.73,10.0,4.073354366732538,-0.02840644375169311,1.7432126309860507
6.74,10.0,4.077533256995764,-0.027134152709329774,1.7420604874116634
6.75,10.0,4.081709168373927,-0.025839995787289873,1.740879438023014
6.76,10.0,4.085882132594351,-0.02452538904207786,1.7396696416470174
6.77,10.0,4.0900521808576675,-0.0231917758233491,1.7384313361815638
6.78,10.0,4.094219344144978,-0.021840603857663447,1.737164774558888
6.79,10.0,4.09838365309445,-0.02047332945531872,1.7358702412052427
6.8,10.0,4.102545138012578,-0.019091415217344337,1.7345480470620505
6.81,10.0,4.106703829103883,-0.01769632359113164,1.7331985018662008
6.82,10.0,4.110859755734526,-0.016289528786874827,1.7318219870304974
6.83,10.0,4.115012946971527,-0.01487250445080296,1.7304188956870856
6.84,10.0,4.119163431397615,-0.01344672510492692,1.7289896481554852
6.85,10.0,4.123311237189099,-0.012013664373411432,1.727534686016953
6.86,10.0,4.127456392306767,-0.010574792905555132,1.7260544605646704
6.87,10.0,4.131598923656604,-0.009131579063847862,1.7245494722867818
6.88,10.0,4.135738857765612,-0.007685485545382653,1.7230202353162456
6.89,10.0,4.13987622055789,-0.006237968418259396,1.7214672864308485
6.9,10.0,4.144011037521358,-0.004790476928848053,1.7198911791008848
6.91,10.0,4.148143333759263,-0.0033444525432001137,1.718292480642555
6.92,10.0,4.152273133203341,-0.001901322417205979,1.7166717920571166
6.93,10.0,4.156400459327225,-0.00046250283686564134,1.7150297272828379
6.94,10.0,4.1605253349080185,0.0009706036670421706,1.7133669182020528
6.95,10.0,4.164647782295999,0.0023966058276167707,1.7116840060012652
6.96,10.0,4.168767823245343,0.0038141270533819448,1.7099816442474314
6.97,10.0,4.17288547831742,0.005221814586627909,1.7082605133686695
6.98,10.0,4.1770007675390035,0.006618331788400071,1.7065213016525034
6.99,10.0,4.181113710172667,0.008002362360948279,1.7047647099376704
7.0,10.0,4.185224325093757,0.009372604075326942,1.7029914455430406
7.01,10.0,4.189332630346668,0.010727778370081502,1.701202226876008
7.02,10.0,4.193438642844682,0.012066637173904762,1.6993977861547132
7.03,10.0,4.197542378895495,0.013387953760209539,1.6975788614191565
7.04,10.0,4.201643854000608,0.01469052764439557,1.6957461979779183
7.05,10.0,4.2057430833333465,0.015973173497637695,1.69390055138249
7.06,10.0,4.2098400810000935,0.017234740645721374,1.6920426806609346
7.07,10.0,4.213934860102117,0.018474112443739192,1.6901733479789458
7.08,10.0,4.218027433073127,0.01969019872078129,1.6882933204916508
7.09,10.0,4.222117811522939,0.020881940638787944,1.6864033682466397
7.1,10.0,4.226206006800462,0.022048293881636108,1.6845042683025664
7.11,10.0,4.230292028973504,0.02318826154491281,1.6825967949171146
7.12,10.0,4.234375887272537,0.024300881068072988,1.680681722601773
7.13,10.0,4.238457590211301,0.02538522131122425,1.67875982636183
7.14,10.0,4.242537145483974,0.02644038664625227,1.6768318799473487
7.15,10.0,4.246614560589475,0.027465493695925533,1.6748986589734285
7.16,10.0,4.250689841573811,0.028459720664134987,1.6729609320668342
7.17,10.0,4.254762993831685,0.029422277235552196,1.6710194651145667
7.18,10.0,4.258834022008354,0.03035240918139515,1.6690750197890454
7.19,10.0,4.262902929957643,0.03124940075893495,1.6671283525242773
7.2,10.0,4.266969721376742,0.03211254559685493,1.6651802310371169
7.21,10.0,4.271034398422784,0.03294121270354008,1.6632313957311107
7.22,10.0,4.275096962766678,0.0337347976015062,1.6612825876638944
7.23,10.0,4.279157415321022,0.034492735956162104,1.6593345403052044
7.24,10.0,4.2832157562887945,0.03521450159718462,1.6573879806943266
7.25,10.0,4.287271985592233,0.03589958264985694,1.6554436462809656
7.26,10.0,4.291326101816464,0.03654754318480347,1.653502240545068
7.27,10.0,4.295378103056821,0.03715797525576363,1.6515644670717915
7.28,10.0,4.299427986699785,0.03773051233837518,1.6496310196790827
7.29,10.0,4.303475749507133,0.038264824296384184,1.6477025837528343
7.3,10.0,4.3075213878630105,0.03876060087475096,1.6457798415926792
7.31,10.0,4.311564897021844,0.03921760556293023,1.6438634530672562
7.32,10.0,4.315606271756932,0.03963563080811302,1.6419540708942169
7.33,10.0,4.319645506192932,0.04001451070648915,1.640052335747784
7.34,10.0,4.323682593914359,0.04035411268948434,1.6381588787304118
7.35,10.0,4.327717528064901,0.04065432999865297,1.6362743235738515
7.36,10.0,4.3317503008571645,0.04091512488666002,1.6343992710391664
7.37,10.0,4.3357809040448165,0.041136489015659125,1.6325343123774454
7.38,10.0,4.339809328801482,0.041318454897466037,1.6306800248634632
7.39,10.0,4.343835565843579,0.04146108428161358,1.6288369790456132
7.4,10.0,4.3478596054184315,0.0415644706093073,1.627005736719429
7.41,10.0,4.351881437024575,0.04162876942104933,1.6251868305207093
7.42,10.0,4.355901049737529,0.04165416556224199,1.6233807851043274
7.43,10.0,4.3599184321278175,0.041640882952376355,1.6215881103028549
7.44,10.0,4.363933572390486,0.041589169883414996,1.619809306787083
7.45,10.0,4.367946458255005,0.04149931172750932,1.6180448604540132
7.46,10.0,4.3719570768657015,0.04137164732286549,1.6162952353326396
7.47,10.0,4.375965414992658,0.041206544115429324,1.6145608833801557
7.48,10.0,4.379971458981033,0.041004405946298984,1.612842240925743
7.49,10.0,4.383975194882371,0.0407656557051005,1.611139728745318
7.5,10.0,4.387976608312265,0.04049075777544604,1.6094537513005918
7.51,10.0,4.391975684447531,0.04018022019455386,1.6077846963990572
7.52,10.0,4.395972408150817,0.0398345782797025,1.6061329352692244
7.53,10.0,4.399966763943931,0.0394544002538059,1.604498822160961
7.54,10.0,4.403958736138376,0.0390402679346205,1.6028827007253117
7.55,10.0,4.407948308658932,0.03859280757831068,1.6012848927067633
7.56,10.0,4.411935465124401,0.03811267870509939,1.599705701451633
7.57,10.0,4.415920188908762,0.037600566120974906,1.5981454143036107
7.58,10.0,4.419902463132552,0.037057183347132205,1.5966043009568187
7.59,10.0,4.423882270790563,0.03648325225163782,1.5950826248602192
7.6,10.0,4.427859594554962,0.035879540131327034,1.5935806208600924
7.61,10.0,4.431834416915007,0.03524683721745991,1.5920985078527563
7.62,10.0,4.435806720191606,0.03458595633480942,1.5906364884120672
7.63,10.0,4.439776486542299,0.03389773425524297,1.5891947474237549
7.64,10.0,4.44374369808245,0.03318301138469456,1.5877734513327297
7.65,10.0,4.4477083366827594,0.03244267214195867,1.5863727493154647
7.66,10.0,4.451670384145869,0.03167761425612967,1.5849927721930062
7.67,10.0,4.455629822187927,0.03088875463643907,1.5836336325000353
7.68,10.0,4.4595866324580955,0.03007702806364267,1.5822954243490086
7.69,10.0,4.463540796624513,0.029243372537164497,1.5809782229303062
7.7,10.0,4.467492296231538,0.028388760671865788,1.5796820851949986
7.71,10.0,4.471441112842763,0.027514173554450724,1.5784070490812265
7.72,10.0,4.475387228025888,0.026620606442299428,1.5771531335355453
7.73,10.0,4.479330623377152,0.025709066216177672,1.5759203404833428
7.74,10.0,4.483271280568928,0.024780563156771043,1.5747086643495862
7.75,10.0,4.4872091812841495,0.023836130430158413,1.573518064783607
7.76,10.0,4.491144307303282,0.022876806225786472,1.5723484889648756
7.77,10.0,4.495076640503896,0.021903637296073957,1.5711998654936536
7.78,10.0,4.499006162880906,0.020917676272107208,1.5700721068247931
7.79,10.0,4.502932856567951,0.01991997806762844,1.568965113044201
7.8,10.0,4.506856703842565,0.018911609391567604,1.5678787561367011
7.81,10.0,4.510777687156019,0.017893638301982887,1.5668128939654222
7.82,10.0,4.514695789148327,0.016867135767485473,1.565767366387007
7.83,10.0,4.518610992654023,0.015833173634328727,1.5647419952138533
7.84,10.0,4.5225232807184526,0.014792823408131454,1.5637365842475646
7.85,10.0,4.5264326366577725,0.013747158414662902,1.5627509194054676
7.86,10.0,4.530339044034922,0.012697249462204838,1.5617847686238475
7.87,10.0,4.534242486689995,0.01164416471133127,1.560837881909289
7.88,10.0,4.538142948717497,0.010588969149611226,1.5599099973219834
7.89,10.0,4.542040414510785,0.009532723142568783,1.5590008371325528
7.9,10.0,4.545934868845766,0.008476480444951272,1.558110098218851
7.91,10.0,4.54982629681473,0.007421288272534248,1.5572374644005427
7.92,10.0,4.5537146838701315,0.006368185861946818,1.556382602706714
7.93,10.0,4.55760001575563,0.005318206341248169,1.5555451764593142
7.94,10.0,4.561482278624873,0.004272372194008458,1.5547248301423755
7.95,10.0,4.565361459100345,0.0032316927696980553,1.5539211832564845
7.96,10.0,4.5692375441870166,0.0021971667461158167,1.5531338460530524
7.97,10.0,4.573110521325291,0.0011697798408195962,1.5523624142881962
7.98,10.0,4.576980378255382,0.00015050995706389185,1.551606474992961
7.99,10.0,4.580847103268427,-0.0008596834116284965,1.5508655982046218
8.0,10.0,4.584710685174165,-0.0018598582400830544,1.5501393389805296
8.01,10.0,4.5885711132277684,-0.002849087367446976,1.5494272409120846
8.02,10.0,4.592428377184899,-0.0038264611122208834,1.548728834955905
8.03,10.0,4.596282467078482,-0.004791078025218625,1.548043644856448
8.04,10.0,4.600133373667011,-0.005742064484563275,1.5473711781454353
8.05,10.0,4.603981088231117,-0.006678566298339001,1.5467109311263476
8.06,10.0,4.607825602556939,-0.007599748330969774,1.5460623898529535
8.07,10.0,4.611666908983684,-0.008504796886074093,1.5454250297318044
8.08,10.0,4.615505000073441,-0.009392905633097417,1.5447983383606418
8.09,10.0,4.619339869321985,-0.010263306948217006,1.5441817701644194
8.1,10.0,4.623171510698243,-0.011115252154422859,1.5435747777822106
8.11,10.0,4.626999918733646,-0.0119480157507472,1.542976807404627
8.12,10.0,4.63082508854019,-0.012760896530590588,1.5423872985274958
8.13,10.0,4.63464701541071,-0.013553200426470381,1.5418057002597472
8.14,10.0,4.638465695744703,-0.014324281338136114,1.541231436544674
8.15,10.0,4.642281126353996,-0.015073511090423845,1.5406639338335673
8.16,10.0,4.646093304655232,-0.015800288183282205,1.5401026145667407
8.17,10.0,4.6499022286285605,-0.016504036312468055,1.5395468974502027
8.18,10.0,4.65370789648201,-0.017184190000355724,1.5389961957440343
8.19,10.0,4.6575103075497495,-0.0178402342642765,1.5384499237253522
8.2,10.0,4.6613094615809905,-0.01847167380410985,1.5379074925215273
8.21,10.0,4.665105358937711,-0.019078041990946662,1.5373683119348458
8.22,10.0,4.668898000502731,-0.019658897145638093,1.536831792396944
8.23,10.0,4.67268738745138,-0.02021381280724089,1.5362973488226812
8.24,10.0,4.676473522053881,-0.020742413411248002,1.5357643899232247
8.25,10.0,4.680256406991947,-0.021244344509553183,1.5352323285030893
8.26,10.0,4.684036045550847,-0.02171928156032982,1.5347005793860262
8.27,10.0,4.687812441471816,-0.02216692366442379,1.5341685645506233
8.28,10.0,4.691585598865701,-0.022586990036983175,1.5336357164096546
8.29,10.0,4.695355522858398,-0.022979249152189636,1.5331014590378178
8.3,10.0,4.699122218977444,-0.023343491681781636,1.5325652273454002
8.31,10.0,4.702885693327805,-0.023679538670169094,1.5320264624633806
8.32,10.0,4.706645952388444,-0.023987232568834928,1.5314846094555161
8.33,10.0,4.71040300308936,-0.024266441083047235,1.5309391191713155
8.34,10.0,4.714156853253404,-0.024517077682109985,1.5303894554567732
8.35,10.0,4.717907511088462,-0.02473907872878409,1.5298350883986567
8.36,10.0,4.721654985337653,-0.02493241066782302,1.5292754972429679
8.37,10.0,4.725399285025927,-0.02509705836051238,1.5287101629798157
8.38,10.0,4.7291404197044375,-0.025233036990261738,1.5281385770332232
8.39,10.0,4.732878399662239,-0.025340402420743074,1.5275602488778421
8.4,10.0,4.736613235549423,-0.02541923368414029,1.526974694642118
8.41,10.0,4.740344938494575,-0.025469638876863602,1.5263814416777546
8.42,10.0,4.744073519813576,-0.025491740973595092,1.5257800309727676
8.43,10.0,4.747798991404869,-0.025485697911568416,1.525170015091776
8.44,10.0,4.751521365730244,-0.0254517019826682,1.5245509588169357
8.45,10.0,4.755240655580042,-0.0253899684634259,1.5239224411795256
8.46,10.0,4.7589568741538875,-0.02530073999671459,1.523284055462704
8.47,10.0,4.7626700347495925,-0.025184270249581257,1.5226354059403464
8.48,10.0,4.766380151272229,-0.025040851680330146,1.5219761150338451
8.49,10.0,4.770087238011325,-0.024870803945048252,1.5213058211972275
8.5,10.0,4.773791309542624,-0.024674469002732687,1.5206241783599168
8.51,10.0,4.777492380771949,-0.02445221386285101,1.5199308571787258
8.52,10.0,4.781190466627409,-0.024204412636908056,1.5192255192118846
8.53,10.0,4.784885582625303,-0.023931480850216583,1.518507869034555
8.54,10.0,4.788577744498817,-0.023633853694410543,1.5177776227351805
8.55,10.0,4.792266968214048,-0.02331198744708677,1.5170345109681262
8.56,10.0,4.795953269980748,-0.02296636057770111,1.5162782815541735
8.57,10.0,4.799636665975634,-0.022597454921591185,1.5155086821739436
8.58,10.0,4.803317172890039,-0.02220579475630449,1.5147254985181826
8.59,10.0,4.806994807491302,-0.021791916604148875,1.5139285261137
8.6,10.0,4.810669586714551,-0.021356376287840748,1.5131175777970922
8.61,10.0,4.814341527635617,-0.020899747373978105,1.5122924839700884
8.62,10.0,4.818010647317191,-0.020422608024778157,1.5114530918687699
8.63,10.0,4.82167696312732,-0.019925571120360298,1.510599268201819
8.64,10.0,4.825340492458791,-0.01940925949676415,1.5097308975108934
8.65,10.0,4.8290012527824535,-0.01887431177669214,1.5088478829450844
8.66,10.0,4.832659261617905,-0.01832137978062723,1.5079501426264992
8.67,10.0,4.83631453647166,-0.017751120767615494,1.507037596029699
8.68,10.0,4.839967094955311,-0.017164218299612004,1.506110205738489
8.69,10.0,4.843616954655456,-0.016561363629748835,1.5051679428304503
8.7,10.0,4.847264133147281,-0.01594325993531817,1.5042107964468023
8.71,10.0,4.850908647979329,-0.015310619224864623,1.5032387657829407
8.72,10.0,4.854550516658551,-0.014664158903796637,1.5022518509373883
8.73,10.0,4.8581897566222185,-0.014004614379014731,1.5012500973603462
8.74,10.0,4.861826385230656,-0.013332726244431964,1.5002335553555861
8.75,10.0,4.86546041974727,-0.012649242979047334,1.49920229141315
8.76,10.0,4.869091877353278,-0.011954917903580421,1.4981563868925525
8.77,10.0,4.8727207751283785,-0.011250508612839893,1.497095938012798
8.78,10.0,4.876347129942267,-0.01053678289417618,1.496021059267556
8.79,10.0,4.879970958533803,-0.009814510996694144,1.4949318796227482
8.8,10.0,4.883592277465864,-0.00908446694229141,1.4938285435067176
8.81,10.0,4.887211103184783,-0.008347426161318477,1.492711208421098
8.82,10.0,4.890827451943724,-0.007604165991063945,1.491580046618826
8.83,10.0,4.894441339686629,-0.0068554670034866065,1.4904352479353529
8.84,10.0,4.898052782171051,-0.006102109307214152,1.4892770155419992
8.85,10.0,4.9016617949079695,-0.005344872700157982,1.4881055671012682
8.86,10.0,4.905268393278482,-0.004584535666066135,1.486921116869703
8.87,10.0,4.908872592350204,-0.0038218748657315796,1.4857238981054932
8.88,10.0,4.912474406826037,-0.003057664410113509,1.4845141677266849
8.89,10.0,4.916073851166252,-0.0022926748480646963,1.4832921876457101
8.9,10.0,4.919670939523992,-0.0015276724613249254,1.4820582312101154
8.91,10.0,4.923265685928876,-0.0007634203288395465,1.480812573791673
8.92,10.0,4.926858103953621,-6.745501117382546e-07,1.479555507085478
8.93,10.0,4.930448206793704,0.0007598156636861398,1.478287334471263
8.94,10.0,4.934036007346501,0.0015173079037018287,1.4770083664009999
8.95,10.0,4.937621518152902,0.0022710677649900226,1.4757189220862017
8.96,10.0,4.941204751653193,0.0030203650144617618,1.4744193399987706
8.97,10.0,4.9447857196722005,0.0037644829812681483,1.4731099570269386
8.98,10.0,4.94836443368449,0.0045027145648693446,1.4717911193549318
8.99,10.0,4.951940904813408,0.005234362809372452,1.4704631825145542
9.0,10.0,4.955515143788283,0.00595874219542964,1.4691265097360073
9.01,10.0,4.959087161272886,0.006675171381842076,1.467781461303237
9.02,10.0,4.9626569671519976,0.007382990526094255,1.4664284156066527
9.03,10.0,4.966224571020113,0.008081550245545643,1.465067753619337
9.04,10.0,4.969789982071613,0.008770214698655972,1.4636998615763774
9.05,10.0,4.973353209096769,0.009448362078236709,1.462325130013407
9.06,10.0,4.97691426080163,0.010115375623582513,1.460943933828636
9.07,10.0,4.980473145047486,0.01077066647836536,1.4595566766165335
9.08,10.0,4.984029869428193,0.01141365711451187,1.458163755440884
9.09,10.0,4.987584441110409,0.012043786481933369,1.4567655694393533
9.1,10.0,4.9911368668723135,0.012660509050025463,1.4553625211410157
9.11,10.0,4.994687153337548,0.013263286970710986,1.4539550258815872
9.12,10.0,4.99823530631734,0.013851613660593239,1.4525434843149236
9.13,10.0,5.001781331338447,0.01442499560658057,1.451128303984734
9.14,10.0,5.005325233495631,0.014982957968552896,1.4497098929377774
9.15,10.0,5.00886701752234,0.015525042047341694,1.4482886628435176
9.16,10.0,5.012406687925127,0.016050800126943997,1.446865035144457
9.17,10.0,5.015944248456932,0.016559817561038588,1.4454394157519568
9.18,10.0,5.019479702574091,0.017051694321594944,1.4440122165307914
9.19,10.0,5.023013053306544,0.017526050728098663,1.442583848888395
9.2,10.0,5.02654430335846,0.017982523024071193,1.441154717952589
9.21,10.0,5.03007345513877,0.018420762291626255,1.4397252205124493
9.22,10.0,5.033600510381074,0.018840452925038907,1.4382957648797081
9.23,10.0,5.037125470515979,0.01924129526503136,1.4368667505554908
9.24,10.0,5.040648336562753,0.019623011128173197,1.4354385735842436
9.25,10.0,5.044169109256165,0.019985337261550596,1.4340116257927367
9.26,10.0,5.047687788977011,0.02032802950081672,1.4325862945078187
9.27,10.0,5.05120437552104,0.020650875737777966,1.4311629627208742
9.28,10.0,5.054718868381432,0.020953680890196287,1.429742007903851
9.29,10.0,5.058231266663489,0.02123627192210746,1.4283238018041278
9.3,10.0,5.061741569232642,0.021498489054771835,1.4269087264640232
9.31,10.0,5.065249774554989,0.021740196035426824,1.4254971555535398
9.32,10.0,5.0687558806081965,0.021961286046037063,1.4240894436219067
9.33,10.0,5.072259885074978,0.022161670094013347,1.4226859472825595
9.34,10.0,5.075761785280979,0.022341281247907723,1.4212870175170123
9.35,10.0,5.079261578357585,0.02250006360900771,1.4198930004171082
9.36,10.0,5.082759261007837,0.022637989179834242,1.4185042354340212
9.37,10.0,5.086254829544407,0.022755055610559766,1.4171210553358424
9.38,10.0,5.08974827999988,0.022851278862155495,1.4157437866248737
9.39,10.0,5.093239608086784,0.0229266964320038,1.414372748985186
9.4,10.0,5.096728809368842,0.022981354228843603,1.4130082404866178
9.41,10.0,5.100215878970339,0.023015330092407436,1.4116505632657663
9.42,10.0,5.1037008117203015,0.023028722817479554,1.410300011081425
9.43,10.0,5.107183602189944,0.023021649644254256,1.4089568662431207
9.44,10.0,5.110664244672592,0.02299424831369714,1.4076214015718582
9.45,10.0,5.1141427333573555,0.022946662134387362,1.4062939001971406
9.46,10.0,5.117619062000862,0.022879069724024908,1.4049746148291868
9.47,10.0,5.121093224153845,0.022791665366758387,1.4036637939432177
9.48,10.0,5.124565213138662,0.022684661538678864,1.4023616779312578
9.49,10.0,5.128035022048214,0.02255828950623697,1.401068497911278
9.5,10.0,5.1315026439048514,0.022412784043333012,1.3997845014178347
9.51,10.0,5.1349680713366075,0.022248416416104637,1.398509895451654
9.52,10.0,5.138431296838724,0.0220654688368859,1.3972448897264096
9.53,10.0,5.141892312716109,0.021864240827843523,1.3959896852812008
9.54,10.0,5.145351111103018,0.021645047708479383,1.3947444726338887
9.55,10.0,5.148807684064003,0.021408209858000165,1.393509417000331
9.56,10.0,5.152262023369899,0.021154078869398508,1.3922846952001686
9.57,10.0,5.15571412069281,0.02088301613600107,1.39107046593168
9.58,10.0,5.159163967565736,0.020595398157879294,1.3898668774602596
9.59,10.0,5.162611555408222,0.02029161406162546,1.3886740666619604
9.6,10.0,5.166056875581815,0.01997205920795798,1.3874921566463323
9.61,10.0,5.169499919250405,0.019637154407620053,1.3863212636000606
9.62,10.0,5.172940677516682,0.019287328898043268,1.385161490585129
9.63,10.0,5.176379141397099,0.01892302451600033,1.384012928973405
9.64,10.0,5.1798153018488655,0.01854469253406826,1.382875668315723
9.65,10.0,5.1832491497933715,0.018152791072396143,1.3817498040864722
9.66,10.0,5.186680676044839,0.01774779773508648,1.3806353899798278
9.67,10.0,5.190109871396385,0.017330196958005605,1.3795324823365247
9.68,10.0,5.193536726608489,0.01690048303480879,1.3784411274659867
9.69,10.0,5.196961232431651,0.01645915664156362,1.377361362944388
9.7,10.0,5.20038337961323,0.016006725178381104,1.3762932172978406
9.71,10.0,5.203803158877254,0.0155437096527882,1.3752367068047162
9.72,10.0,5.207220560968188,0.015070636095576186,1.3741918390383399
9.73,10.0,5.210635576651213,0.01458803749346811,1.3731586118479706
9.74,10.0,5.214048196723958,0.014096450449170949,1.3721370009489888
9.75,10.0,5.217458412025634,0.013596417268930773,1.3711269713597165
9.76,10.0,5.220866213446007,0.013088488369995906,1.3701284902381676
9.77,10.0,5.224271591937978,0.012573217179866062,1.369141506749564
9.78,10.0,5.227674538527257,0.012051161095336183,1.3681659585519093
9.79,10.0,5.231075044305883,0.011522878785776791,1.3672017854368965
9.8,10.0,5.234473100465557,0.01098893257388092,1.3662489104840674
9.81,10.0,5.237868698309296,0.01044988805199537,1.3653072388927496
9.82,10.0,5.241261829246782,0.009906311617581737,1.3643766701529776
9.83,10.0,5.244652484810348,0.009358770641293127,1.3634570933408101
9.84,10.0,5.248040656621274,0.008807831964012358,1.3625484116106925
9.85,10.0,5.2514263364738065,0.008254062902990232,1.3616505010971371
9.86,10.0,5.254809516318211,0.007698030106015551,1.3607632260644493
9.87,10.0,5.2581901882551145,0.0071402986460909436,1.3598864477639756
9.88,10.0,5.261568344554292,0.00658143163724752,1.3590200196813234
9.89,10.0,5.264943977583447,0.006021990496201472,1.35816376862721
9.9,10.0,5.268317079974002,0.005462532759308538,1.3573175317410477
9.91,10.0,5.271687644538057,0.004903612466276086,1.3564811347798678
9.92,10.0,5.275055664281662,0.004345779550113816,1.355654393160198
9.93,10.0,5.278421132422063,0.0037895791863921903,1.3548371139241242
9.94,10.0,5.2817840422692175,0.003235554384232657,1.354029086425319
9.95,10.0,5.285144387505244,0.002684238736311593,1.3532301022583129
9.96,10.0,5.288502161994208,0.002136160783860272,1.3524399406871854
9.97,10.0,5.291857359837538,0.0015918423069474288,1.3516583721250992
9.98,10.0,5.2952099753747515,0.001051798044259424,1.35088516101216
9.99,10.0,5.298560003056596,0.0005165395639161294,1.3501201037582478
10.0,10.0,5.301907437773746,-1.34357416086969e-05,1.3493629390848874
10.01,10.0,5.305252274613352,-0.0005376369772194669,1.348613418635523
10.02,10.0,5.308594508932988,-0.0010555824319151165,1.3478712886628266
10.03,10.0,5.311934136341038,-0.0015667990840654684,1.3471362913308402
10.04,10.0,5.315271152590438,-0.0020708188776088726,1.346408169216832
10.05,10.0,5.3186055539128345,-0.0025671914146543754,1.3456866535498309
10.06,10.0,5.321937336754498,-0.0030554743482709063,1.3449714745209
10.07,10.0,5.325266497856211,-0.0035352365971000896,1.3442623589321778
10.08,10.0,5.328593034209287,-0.0040060567913539685,1.3435590222348184
10.09,10.0,5.331916942991553,-0.004467520911957616,1.3428611573149158
10.1,10.0,5.335238221876997,-0.0049192349798909745,1.3421684846244037
10.11,10.0,5.3385568687688,-0.00536081452109618,1.3414807076429707
10.12,10.0,5.341872881880979,-0.005791888071839283,1.3407975255364466
10.13,10.0,5.345186259665219,-0.0062120942674012535,1.3401186401844143
10.14,10.0,5.348497000810173,-0.006621082017502031,1.3394437567937452
10.15,10.0,5.351805104494568,-0.0070185214961872135,1.3387725622546096
10.16,10.0,5.355110570137672,-0.007404093715802276,1.3381047476317711
10.17,10.0,5.358413397477739,-0.007777494074337674,1.3374400018307009
10.18,10.0,5.361713586465959,-0.00813842784018002,1.3367780289298503
10.19,10.0,5.36501113734688,-0.008486613925976511,1.3361185364819654
10.2,10.0,5.368306050826777,-0.008821792572674382,1.335461210167634
10.21,10.0,5.371598327859962,-0.009143716047813057,1.3348057478308153
10.22,10.0,5.374887969719468,-0.00945215198771051,1.3341518493237734
10.23,10.0,5.37817497785605,-0.009746877100761402,1.3334991996039331
10.24,10.0,5.3814593540732965,-0.010027685424643466,1.3328474902081204
10.25,10.0,5.384741100587509,-0.01029439127893877,1.3321964267608477
10.26,10.0,5.388020219866236,-0.010546822026328518,1.3315457095736516
10.27,10.0,5.3912967146871,-0.010784820976702211,1.3308950410309786
10.28,10.0,5.394570587963053,-0.011008239217855306,1.330244109556559
10.29,10.0,5.3978418430179405,-0.011216948998772519,1.3295926155035813
10.3,10.0,5.401110483521164,-0.011410840796118342,1.3289402652976552
10.31,10.0,5.404376513392322,-0.011589818945411176,1.3282867628244688
10.32,10.0,5.407639936844381,-0.01175380390097757,1.3276318136676384
10.33,10.0,5.410900758179461,-0.011902722202042651,1.326975160480349
10.34,10.0,5.414158982161248,-0.012036525326339817,1.3263165184411596
10.35,10.0,5.417414613819086,-0.012155180071666731,1.3256556091687175
10.36,10.0,5.420667658426523,-0.012258667677643751,1.3249921644149447
10.37,10.0,5.423918121526315,-0.012346985275387787,1.3243259217261478
10.38,10.0,5.427166008702821,-0.012420134104750102,1.3236566275474342
10.39,10.0,5.430411326040116,-0.012478143840622036,1.322984032105217
10.4,10.0,5.433654079801446,-0.012521055916151932,1.3223078936330772
10.41,10.0,5.4368942764823265,-0.012548926522503286,1.321627978133038
10.42,10.0,5.440131922809933,-0.012561826756760826,1.3209440579488705
10.43,10.0,5.443367025535406,-0.01255983120532695,1.3202558599203185
10.44,10.0,5.446599591888054,-0.012543043599332985,1.3195631833586017
10.45,10.0,5.449829629216933,-0.012511576955998785,1.3188658095370824
10.46,10.0,5.4530571450782235,-0.012465558688934387,1.3181635255358541
10.47,10.0,5.456282147209135,-0.012405129257155135,1.3174561253975998
10.48,10.0,5.4595046433912415,-0.01233043406254249,1.3167434168074692
10.49,10.0,5.462724641790591,-0.012241644460796794,1.3160252038598115
10.5,10.0,5.465942150671875,-0.012138940550164177,1.3153013012351202
10.51,10.0,5.46915717846712,-0.012022515608986688,1.3145715305839554
10.52,10.0,5.47236973373883,-0.011892573860225932,1.3138357286879696
10.53,10.0,5.475579825106687,-0.011749325740599868,1.3130937652328267
10.54,10.0,5.4787874614768795,-0.011593003901565216,1.31234548091975
10.55,10.0,5.481992651830517,-0.011423849004451807,1.3115907416250678
10.56,10.0,5.485195405272945,-0.01124211338846144,1.3108294238815805
10.57,10.0,5.488395730992152,-0.01104805810984353,1.3100614022716082
10.58,10.0,5.491593638234634,-0.010841951381811654,1.309286543422167
10.59,10.0,5.494789136437428,-0.010624079543454505,1.3085047593341743
10.6,10.0,5.497982235085851,-0.010394736021810583,1.3077159565228405
10.61,10.0,5.501172943744291,-0.01015422417873042,1.306920050877184
10.62,10.0,5.504361272017778,-0.009902853857077513,1.3061169508781454
10.63,10.0,5.507547229557449,-0.009640942527077551,1.3053065652243454
10.64,10.0,5.51073082611497,-0.00936882155800989,1.3044888376972876
10.65,10.0,5.513912071461444,-0.009086828297295551,1.303663706639373
10.66,10.0,5.517090975401251,-0.008795308092972166,1.3028311172377816
10.67,10.0,5.520267547745785,-0.008494610647340254,1.30199104441866
10.68,10.0,5.523441798323372,-0.008185093146841547,1.3011434688954715
10.69,10.0,5.526613736984592,-0.00786712253352887,1.3002883591443055
10.7,10.0,5.529783373568401,-0.007541070431616262,1.299425704158251
10.71,10.0,5.532950717901984,-0.007207314393478073,1.2985555025265034
10.72,10.0,5.536115779795062,-0.006866234419589865,1.2976777659732255
10.73,10.0,5.539278569026858,-0.006518217110966322,1.2967925145921884
10.74,10.0,5.542439095337723,-0.006163654984101962,1.295899777345415
10.75,10.0,5.545597368422697,-0.005802943758732594,1.2949995947741266
10.76,10.0,5.548753397921927,-0.005436482926554397,1.2940920181361273
10.77,10.0,5.551907193443955,-0.005064672844492211,1.2931770563307383
10.78,10.0,5.555058764501359,-0.00468791874071261,1.29225476887372
10.79,10.0,5.558208120526179,-0.004306628428827885,1.2913252259218124
10.8,10.0,5.561355270869491,-0.0039212112710263645,1.2903884947222224
10.81,10.0,5.56450022478736,-0.0035320782164696488,1.289444648741159
10.82,10.0,5.567642991502195,-0.003139639909876364,1.2884937723746592
10.83,10.0,5.570783580056772,-0.0027443092134250787,1.2875359509275883
10.84,10.0,5.573921999393105,-0.002346498942293666,1.286571276566387
10.85,10.0,5.577058258335459,-0.0019466216410644896,1.2855998474478803
10.86,10.0,5.580192365577266,-0.0015450892816737838,1.2846217672545235
10.87,10.0,5.583324329785844,-0.0011423128444056699,1.2836372017190474
10.88,10.0,5.586454159351695,-0.0007387019069936406,1.282646256118249
10.89,10.0,5.5895818625655735,-0.00033466422396452074,1.2816490682267556
10.9,10.0,5.592707447563225,6.939468871900256e-05,1.280645784307982
10.91,10.0,5.595830922328848,0.00047307184192168985,1.2796365556307832
10.92,10.0,5.598952294795001,0.0008759659083715015,1.2786215028797203
10.93,10.0,5.602071572572586,0.001277680780106347,1.2776008038138302
10.94,10.0,5.60518876315269,0.0016778234850383543,1.276574623714935
10.95,10.0,5.608303873844707,0.0020760052561359303,1.2755431336820395
10.96,10.0,5.611416911795331,0.00247184142339308,1.2745065019401665
10.97,10.0,5.614527884065934,0.0028649501254085206,1.273464865463838
10.98,10.0,5.617636797369119,0.003254957912347668,1.2724184162730374
10.99,10.0,5.620743658279432,0.0036414957614628245,1.2713673282231124
11.0,10.0,5.623848473168671,0.004024200661111363,1.2703117764441885
11.01,10.0,5.626951248244145,0.004402714835352161,1.2692519522340806
11.02,10.0,5.6300519895874475,0.004776684954752298,1.2681880781318737
11.03,10.0,5.6331507029218315,0.0051457685579992,1.267120327752636
11.04,10.0,5.636247393816493,0.0055096288653638335,1.266048898936905
11.05,10.0,5.63934206762278,0.005867936714405735,1.2649739928508028
11.06,10.0,5.64243472953364,0.006220368857940985,1.263895821820718
11.07,10.0,5.645525384570183,0.006566608612686602,1.2628146081254972
11.08,10.0,5.648614037404118,0.006906351803134122,1.261730562340806
11.09,10.0,5.65170069253876,0.007239301137558967,1.2606439063209303
11.1,10.0,5.65478535425041,0.007565168314591589,1.2595548663624614
11.11,10.0,5.657868026669564,0.007883671161026897,1.2584636372016051
11.12,10.0,5.660948713706812,0.008194536620510366,1.2573704121424605
11.13,10.0,5.664027418947295,0.00849750492614626,1.2562754265802782
11.14,10.0,5.667104145795965,0.00879232432577519,1.2551788947191467
11.15,10.0,5.6701788974273555,0.009078753170919421,1.2540810295618314
11.16,10.0,5.673251676889022,0.00935655569984975,1.2529820469638953
11.17,10.0,5.67632248696154,0.009625508182224024,1.2518821593246354
11.18,10.0,5.67939133013517,0.009885400098961918,1.2507815742213122
11.19,10.0,5.682458208711892,0.01013602998378418,1.2496804984584537
11.2,10.0,5.685523124765516,0.010377207308000364,1.2485791359876695
11.21,10.0,5.688586080265744,0.01060874676903711,1.2474777436633309
11.22,10.0,5.691647076871839,0.010830478267422762,1.2463765389211394
11.23,10.0,5.694706115997357,0.011042244013086561,1.2452757289362415
11.24,10.0,5.697763198863103,0.011243896191054736,1.2441755344773684
11.25,10.0,5.700818326469222,0.011435298466233227,1.2430761775482138
11.26,10.0,5.703871499735742,0.011616318705763995,1.241977848041449
11.27,10.0,5.706922719236549,0.01178684327338386,1.240880767033441
11.28,10.0,5.709971985350415,0.011946769195200194,1.2397851509462177
11.29,10.0,5.713019298262617,0.012096004253175422,1.2386912112154445
11.3,10.0,5.716064657950029,0.012234467955240805,1.2375991579068986
11.31,10.0,5.7191080643349395,0.012362082695203492,1.2365091376477295
11.32,10.0,5.722149516966605,0.012478792620250196,1.2354213627538737
11.33,10.0,5.72518901525221,0.012584550264888318,1.2343360179348677
11.34,10.0,5.728226558409233,0.012679319529915254,1.2332532798032503
11.35,10.0,5.7312621454703025,0.012763075544316852,1.2321733216543231
11.36,10.0,5.734295775412185,0.012835796602509296,1.2310963798279753
11.37,10.0,5.737327446863139,0.012897483091116204,1.2300225982459185
11.38,10.0,5.740357158334921,0.012948142832721393,1.228952148958629
11.39,10.0,5.743384908165029,0.012987794976135121,1.2278852002615368
11.4,10.0,5.746410694536043,0.013016468843118788,1.226821922077593
11.41,10.0,5.749434515559813,0.013034198193491088,1.225762512597476
11.42,10.0,5.75245636905487,0.013041037159940677,1.224707124296656
11.43,10.0,5.755476252734723,0.013037047159626714,1.2236559247311982
11.44,10.0,5.758494164161352,0.013022300391290497,1.2226090803235046
11.45,10.0,5.761510100772542,0.012996877918506277,1.2215667367328802
11.46,10.0,5.764524059925529,0.012960866465460625,1.2205289856979302
11.47,10.0,5.76753603874222,0.012914370875597691,1.2194959965138512
11.48,10.0,5.770546034253286,0.012857502978211652,1.21846789954229
11.49,10.0,5.773554043363166,0.012790384592172488,1.2174448182882678
11.5,10.0,5.7765600628830915,0.012713144917772404,1.2164268699915448
11.51,10.0,5.779564089541797,0.012625919877197963,1.2154141654569237
11.52,10.0,5.782566119888538,0.01252886085729038,1.2144068053835797
11.53,10.0,5.785566150398524,0.01242212578041406,1.2134048832963122
11.54,10.0,5.788564177448104,0.012305881545643322,1.212408484238087
11.55,10.0,5.7915601973503845,0.012180300860050751,1.211417727908775
11.56,10.0,5.794554206341228,0.012045563938169508,1.2104327420533387
11.57,10.0,5.797546200531155,0.011901863550117997,1.2094535878336679
11.58,10.0,5.8005361759761636,0.011749398397014875,1.2084803525120043
11.59,10.0,5.803524128662262,0.01158837495416288,1.2075131207711456
11.6,10.0,5.806510054538761,0.011419003931398405,1.206551954632297
11.61,10.0,5.80949394949123,0.01124150393826981,1.2055969169815448
11.62,10.0,5.812475809331304,0.011056103137091398,1.204648082906984
11.63,10.0,5.815455629837021,0.01086303486027745,1.2037055145300402
11.64,10.0,5.818433406746026,0.010662538857327243,1.2027692698842767
11.65,10.0,5.821409135782473,0.010454857626293421,1.2018393481846994
11.66,10.0,5.82438281262985,0.010240241450322313,1.2009157731669546
11.67,10.0,5.8273544329422835,0.010018947238808638,1.199998578156399
11.68,10.0,5.830323992363418,0.00979123615115494,1.199087771825937
11.69,10.0,5.833291486526212,0.009557374289822708,1.1981833526486572
11.7,10.0,5.836256911070129,0.009317629191213383,1.1972853761805888
11.71,10.0,5.839220261625995,0.009072275454181008,1.1963938325631762
11.72,10.0,5.8421815338318055,0.008821591619888035,1.1955087057374243
11.73,10.0,5.845140723340232,0.008565859400175369,1.1946299838644991
11.74,10.0,5.848097825822611,0.008305363898261272,1.19375764915298
11.75,10.0,5.851052836969732,0.008040390588829473,1.1928917349803818
11.76,10.0,5.854005752507545,0.007771230590166095,1.1920322108059356
11.77,10.0,5.856956568196217,0.007498176679923382,1.1911790593196026
11.78,10.0,5.859905279836853,0.007221523571364732,1.190332265109297
11.79,10.0,5.862851883276959,0.006941567745689786,1.1894918097215958
11.8,10.0,5.865796374390234,0.006658605450396288,1.1886575665793533
11.81,10.0,5.868738749139513,0.006372936190621874,1.187829534519449
11.82,10.0,5.871679003538455,0.006084859531230927,1.1870076589644025
11.83,10.0,5.874617133668551,0.0057946755536121535,1.1861918784095025
11.84,10.0,5.8775531356802535,0.005502684502153153,1.1853821232785844
11.85,10.0,5.880487005765554,0.005209186088061585,1.184578308918864
11.86,10.0,5.8834187402476745,0.004914480198016832,1.1837803527001567
11.87,10.0,5.886348335518815,0.004618865780280531,1.1829881598307521
11.88,10.0,5.889275788063492,0.00432264075749111,1.1822016268050755
11.89,10.0,5.892201094452427,0.00402610184460776,1.181420664859485
11.9,10.0,5.895124251318426,0.003729544559749844,1.1806452610257976
11.91,10.0,5.898045255459152,0.0034332618760463673,1.1798752744260455
11.92,10.0,5.900964103758549,0.0031375448156471222,1.1791106109287428
11.93,10.0,5.90388079321476,0.002842681903273144,1.178351175617629
11.94,10.0,5.906795320922644,0.0025489593688891162,1.17759686322837
11.95,10.0,5.909707684063453,0.0022566611900565973,1.176847551768442
11.96,10.0,5.912617880009838,0.001966066542494661,1.1761031481151196
11.97,10.0,5.915525906235686,0.001677451636139815,1.1753635456951201
11.98,10.0,5.918431760347682,0.0013910888160906794,1.174628636979909
11.99,10.0,5.921335440053052,0.0011072473645481868,1.1738982711465171
12.0,10.0,5.924236943176108,0.0008261928509649578,1.173172268451264
12.01,10.0,5.927136267746837,0.0005481843380650698,1.1724505183799199
12.02,10.0,5.9300334119104425,0.000273476916175497,1.1717328695987073
12.03,10.0,5.932928373959835,2.3205780873257245e-06,1.171019162925636
12.04,10.0,5.935821152286695,-0.0002650381753815981,1.1703092770904293
12.05,10.0,5.9387117454359615,-0.0005283584090634372,1.169603084007326
12.06,10.0,5.9416001521592205,-0.0007874067874401931,1.168900405025977
12.07,10.0,5.9444863713366045,-0.0010419549327442574,1.168201082201489
12.08,10.0,5.947370402007062,-0.001291780636767181,1.1675049547736105
12.09,10.0,5.950252243299297,-0.0015366652655808308,1.1668119111249515
12.1,10.0,5.9531318945353355,-0.0017763979601760323,1.1661218169729999
12.11,10.0,5.956009355234426,-0.002010775913482123,1.165434515019828
12.12,10.0,5.958884625055367,-0.0022396022231393467,1.1647498687534412
12.13,10.0,5.961757703822697,-0.002462687046140291,1.1640677461164097
12.14,10.0,5.96462859143438,-0.0026798438587462238,1.1633879237335343
12.15,10.0,5.967497288025619,-0.0028908964191533986,1.162710251824869
12.16,10.0,5.970363793908101,-0.0030956763460486462,1.1620345905485632
12.17,10.0,5.973228109541704,-0.0032940220537352777,1.1613607793754461
12.18,10.0,5.976090235554523,-0.0034857797069041624,1.1606886556905565
12.19,10.0,5.978950172628954,-0.0036707982269448304,1.1600180284153527
12.2,10.0,5.981807921727719,-0.00384893953476406,1.1593487288590607
12.21,10.0,5.984663483958718,-0.004020072605616263,1.158680579517105
12.22,10.0,5.987516860584937,-0.004184074025908654,1.1580133958473295
12.23,10.0,5.990368053035788,-0.0043408286138605975,1.1573469883645293
12.24,10.0,5.993217062773459,-0.004490223114742042,1.1566813194629848
12.25,10.0,5.99606389158012,-0.004632160093899664,1.1560161686874446
12.26,10.0,5.998908541344666,-0.004766547812286337,1.1553513825582753
12.27,10.0,6.001751014115296,-0.004893302859006983,1.1546868138758306
12.28,10.0,6.004591312091838,-0.005012349875277906,1.1540223186950005
12.29,10.0,6.007429437515615,-0.005123616167278285,1.1533577287632575
12.3,10.0,6.010265392933328,-0.005227044986494643,1.1526929197086835
12.31,10.0,6.013099180988716,-0.005322585240455798,1.152027758319539
12.32,10.0,6.015930804476862,-0.005410194312533796,1.1513621170729573
12.33,10.0,6.018760266324167,-0.005489837125467861,1.1506958517777601
12.34,10.0,6.021587569513368,-0.005561482329942507,1.1500287142868757
12.35,10.0,6.024412717300617,-0.005625113772934195,1.1493606102876583
12.36,10.0,6.0272357130326215,-0.005680721041520513,1.148691384517142
12.37,10.0,6.030056560194519,-0.005728302079497919,1.1480208786655917
12.38,10.0,6.03287526236776,-0.005767860874919077,1.1473489610193859
12.39,10.0,6.035691823177649,-0.005799404550238575,1.1466755637734476
12.4,10.0,6.038506246523775,-0.0058229567860946085,1.1460005105630335
12.41,10.0,6.041318536367672,-0.005838545681117231,1.1453236723475522
12.42,10.0,6.04412869678952,-0.005846207144576123,1.1446449237700564
12.43,10.0,6.046936731985619,-0.005845984870396249,1.143964143451095
12.44,10.0,6.049742646265879,-0.005837930311173533,1.143281214259006
12.45,10.0,6.052546444051298,-0.0058221026521905325,1.1425960235917714
12.46,10.0,6.055348129871451,-0.005798568785432095,1.1419084636588615
12.47,10.0,6.058147708361961,-0.005767403283601047,1.1412184317639813
12.48,10.0,6.060945184197179,-0.005728683107309383,1.1405258079934075
12.49,10.0,6.063740562169842,-0.005682494257690489,1.1398304841468967
12.5,10.0,6.066533847245761,-0.00562893639698149,1.1391323839268104
12.51,10.0,6.069325044437769,-0.005568112785831303,1.13843142018868
12.52,10.0,6.0721141588490815,-0.005500133984966079,1.1377275112065819
12.53,10.0,6.074901195670586,-0.005425117813748873,1.13702058089123
12.54,10.0,6.077686160178152,-0.005343189308739312,1.1363105589867333
12.55,10.0,6.080469057729898,-0.0052544806822532476,1.1355973813086973
12.56,10.0,6.083249893763503,-0.005159131280922499,1.1348809899383117
12.57,10.0,6.086028672928946,-0.005057232072618213,1.134161261601375
12.58,10.0,6.088805400805405,-0.004948935939702242,1.1334381507831006
12.59,10.0,6.091580083178671,-0.004834411447830795,1.1327116301105198
12.6,10.0,6.094352725608332,-0.004713815208241397,1.1319816548376123
12.61,10.0,6.097123333699087,-0.00458730941734312,1.131248185818067
12.62,10.0,6.099891913096896,-0.004455061742998251,1.130511189633471
12.63,10.0,6.102658469485157,-0.004317245210803949,1.1297706387117143
12.64,10.0,6.105423008580871,-0.004174038090374006,1.129026511440511
12.65,10.0,6.108185536130801,-0.004025623781620393,1.1282787923013586
12.66,10.0,6.110946057218409,-0.003872130215799495,1.1275272933992513
12.67,10.0,6.113704577905854,-0.0037137741747632546,1.1267720810137183
12.68,10.0,6.116461103980058,-0.0035507514730857394,1.1260131518336358
12.69,10.0,6.119215641173579,-0.0033832565633084063,1.125250491282408
12.7,10.0,6.121968195218676,-0.003211487503052897,1.1244840886482041
12.71,10.0,6.124718771842923,-0.0030356457937764586,1.1237139370670262
12.72,10.0,6.12746737676484,-0.002855936219527525,1.1229400334959907
12.73,10.0,6.130214015689524,-0.0026725666857009825,1.1221623786906116
12.74,10.0,6.132958694104819,-0.0024857040326574987,1.1213810201899603
12.75,10.0,6.135701417768247,-0.002295582324417588,1.1205959463776471
12.76,10.0,6.138442192297425,-0.002102413241958535,1.119807173814757
12.77,10.0,6.141181023272139,-0.0019064094195169088,1.1190147242720698
12.78,10.0,6.143917916233627,-0.0017077850905988113,1.118218623924757
12.79,10.0,6.146652876680036,-0.0015067558910915912,1.1174189033662438
12.8,10.0,6.149385910061893,-0.0013035386623755222,1.1166155976167413
12.81,10.0,6.1521170217915415,-0.0010983508035026508,1.1158087465676676
12.82,10.0,6.15484621755373,-0.0008913999069556057,1.114998404505413
12.83,10.0,6.157573502462218,-0.0006829106268889508,1.1141846148058745
12.84,10.0,6.160298881778568,-0.0004731011444940793,1.113367431783833
12.85,10.0,6.16302236070007,-0.00026218966748339464,1.112546914441313
12.86,10.0,6.165743944355516,-5.039422264807255e-05,1.1117231264944492
12.87,10.0,6.168463637801013,0.00016206755158417922,1.110896136389231
12.88,10.0,6.171181446015745,0.000374978612591399,1.1100660173439207
12.89,10.0,6.1738973739330945,0.0005881231889089979,1.1092328361921737
12.9,10.0,6.176611426678119,0.0008012901903915114,1.108396576970935
12.91,10.0,6.179323608821681,0.001014263587751976,1.1075573755081454
12.92,10.0,6.182033925041651,0.0012268314375255805,1.106715309003107
12.93,10.0,6.18474237992424,0.0014387835127390328,1.105870457544098
12.94,10.0,6.1874489779601385,0.0016499115149513626,1.1050229040300783
12.95,10.0,6.190153723540654,0.001860009286294728,1.104172734083516
12.96,10.0,6.192856620953848,0.0020688730215152537,1.1033200359618744
12.97,10.0,6.1955576744950145,0.00227630154685657,1.1024649001491573
12.98,10.0,6.198256888792896,0.0024820967250453185,1.1016074182978262
12.99,10.0,6.200954267526277,0.002686062919365432,1.1007476868752102
13.0,10.0,6.203649814629746,0.0028880079127965724,1.0998858035556642
13.01,10.0,6.206343533928129,0.0030877429086182758,1.0990218681914303
13.02,10.0,6.209035429133337,0.0032850827428652953,1.098155982719419
13.03,10.0,6.211725503841214,0.003479846096782945,1.0972882510804336
13.04,10.0,6.214413761528379,0.003671855709282446,1.0964187791268438
13.05,10.0,6.217100205663591,0.0038609346667053636,1.0955476682047163
13.06,10.0,6.219784839828157,0.004046902382436551,1.0946750082219596
13.07,10.0,6.2224676669435555,0.004229601159529111,1.093800920131339
13.08,10.0,6.2251486900488215,0.004408869665529756,1.0929255126510897
13.09,10.0,6.227827912057187,0.004584551373095809,1.0920488954703522
13.1,10.0,6.23050533575344,0.00475649475507709,1.0911711791292422
13.11,10.0,6.233180963791272,0.004924553479597802,1.0902924749153708
13.12,10.0,6.235854798766878,0.00508858398839619,1.0894128968539203
13.13,10.0,6.23852684368819,0.005248429494800684,1.0885325747760337
13.14,10.0,6.241197100522807,0.005403969928772998,1.087651613768032
13.15,10.0,6.2438655714845845,0.005555077880556843,1.086770130009799
13.16,10.0,6.246532258658216,0.005701631590674597,1.0858882402713457
13.17,10.0,6.24919716399745,0.005843515115019227,1.0850060618186683
13.18,10.0,6.251860289323336,0.005980618489946185,1.0841237123186929
13.19,10.0,6.254521636322437,0.006112837897365297,1.083241309754019
13.2,10.0,6.257181207448518,0.006240042615933734,1.0823589496231953
13.21,10.0,6.2598390037341405,0.006362155573788889,1.0814767598060966
13.22,10.0,6.262495026592973,0.00647908718958859,1.0805948551307374
13.23,10.0,6.265149277319152,0.006590753877573278,1.0797133498265712
13.24,10.0,6.267801757084989,0.006697078231907482,1.0788323574384115
13.25,10.0,6.270452466940411,0.0067979891471841025,1.0779519907053094
13.26,10.0,6.2731014078123986,0.006893421938928683,1.0770723614465423
13.27,10.0,6.275748580990618,0.006983294790085174,1.0761935817497497
13.28,10.0,6.27839398705496,0.007067561065240568,1.0753157609546715
13.29,10.0,6.281037626594547,0.007146174393577138,1.0744390074672188
13.3,10.0,6.2836795001451655,0.007219091808522703,1.0735634284898694
13.31,10.0,6.28631960813123,0.007286276667280757,1.0726891297204304
13.32,10.0,6.2889579508660445,0.007347698730869093,1.071816215255855
13.33,10.0,6.291594528552082,0.007403334244158308,1.0709447874605154
13.34,10.0,6.294229341504102,0.0074531496143534276,1.0700749505018523
13.35,10.0,6.296862389722487,0.007497132912972931,1.0692068032346294
13.36,10.0,6.2994936730680315,0.007535281111765412,1.068340441941146
13.37,10.0,6.302123191361947,0.007567592822120519,1.0674759618481602
13.38,10.0,6.304750944324139,0.007594072938039165,1.0666134559917904
13.39,10.0,6.307376931573958,0.007614732680788302,1.065753015105746
13.4,10.0,6.310001152630952,0.007629589643555777,1.0648947275099916
13.41,10.0,6.312623607146682,0.007638653103815223,1.0640386897529037
13.42,10.0,6.315244294558698,0.007641946177693519,1.0631849903647863
13.43,10.0,6.317863214040135,0.007639509126714462,1.0623337073600956
13.44,10.0,6.320480364795805,0.007631380571672529,1.0614849218724212
13.45,10.0,6.323095745945176,0.007617605046284653,1.0606387125671848
13.46,10.0,6.32570935652376,0.007598233001384933,1.0597951555563192
13.47,10.0,6.328321195484503,0.007573320809119373,1.0589543243120536
13.48,10.0,6.330931261921142,0.007542918269395922,1.0581162903006547
13.49,10.0,6.333539554882222,0.007507079164204988,1.0572811222855556
13.5,10.0,6.336146072970773,0.007465883877335701,1.0564488850010614
13.51,10.0,6.33875081492079,0.007419407020574453,1.0556196408784722
13.52,10.0,6.341353779404329,0.0073677283770879785,1.05479344934459
13.53,10.0,6.343954965033707,0.007310932859533989,1.0539703667475804
13.54,10.0,6.346554370363704,0.007249110468171812,1.0531504462792691
13.55,10.0,6.349151993998378,0.00718234875084911,1.0523337418220589
13.56,10.0,6.351747834630359,0.007110730101572599,1.0515203092760927
13.57,10.0,6.35434189055064,0.007034367017124197,1.0507101879527445
13.58,10.0,6.356934160172184,0.006953364678981656,1.0499034201140702
13.59,10.0,6.35952464187085,0.006867832472495261,1.049100044820042
13.6,10.0,6.36211333398817,0.0067778839043634055,1.0483000978698191
13.61,10.0,6.364700234834117,0.006683636520108145,1.0475036117505718
13.62,10.0,6.367285342704603,0.0065852088893953754,1.0467106171059033
13.63,10.0,6.369868655932122,0.006482710994569116,1.045921147664786
13.64,10.0,6.372450172716142,0.006376278463988554,1.0451352222443626
13.65,10.0,6.375029891284388,0.006266040934276528,1.0443528611833877
13.66,10.0,6.377607809849224,0.006152131203658969,1.0435740814591261
13.67,10.0,6.380183926610559,0.006034685121212795,1.0427988966458068
13.68,10.0,6.382758239758761,0.005913841476113832,1.0420273168721828
13.69,10.0,6.3853307474777505,0.005789741310919375,1.0412593496639904
13.7,10.0,6.387901447951369,0.005662516135824167,1.0404950179826953
13.71,10.0,6.390470339357267,0.0055323182406869864,1.039734313082211
13.72,10.0,6.393037419877467,0.005399294832936938,1.0389772343287005
13.73,10.0,6.395602687699113,0.005263595182386686,1.0382237779257268
13.74,10.0,6.398166141017398,0.005125370490635581,1.037473936908225
13.75,10.0,6.4007277780384815,0.0049847737604726775,1.0367277011209257
13.76,10.0,6.403287596982405,0.00484195966527978,1.03598505721589
13.77,10.0,6.405845596144657,0.004697073849289899,1.0352459964100165
13.78,10.0,6.4084017737642505,0.004550277101486005,1.0345104965887266
13.79,10.0,6.4109561281270695,0.004401727120901117,1.0337785356207645
13.8,10.0,6.413508657549931,0.004251581788283286,1.033050088838392
13.81,10.0,6.41605936037977,0.004099999707646812,1.0323251285297195
13.82,10.0,6.418608234996649,0.003947140058552003,1.0316036239414696
13.83,10.0,6.421155279816777,0.0037931624483852127,1.0308855412795097
13.84,10.0,6.42370049330532,0.00363822047505272,1.0301708557162055
13.85,10.0,6.42624387395933,0.003482474475031602,1.0294595267698687
13.86,10.0,6.428785420321622,0.00332608440079635,1.0287515116211008
13.87,10.0,6.4313251309855355,0.0031692085536270385,1.0280467672503226
13.88,10.0,6.433863004595955,0.003012004712927912,1.0273452480009206
13.89,10.0,6.436399039852345,0.002854629976129827,1.026646905605082
13.9,10.0,6.438933235511789,0.002697240598592408,1.025951689202956
13.91,10.0,6.441465590275725,0.0025399912135558797,1.0252595509204392
13.92,10.0,6.443996102990599,0.0023830357255303657,1.0245704364585535
13.93,10.0,6.446524772620774,0.002226526989608873,1.0238842865611657
13.94,10.0,6.449051598149113,0.0020706161052128722,1.0232010419207764
13.95,10.0,6.451576578626419,0.0019154525033592852,1.022520640993907
13.96,10.0,6.454099713174175,0.0017611837850353453,1.0218430200356554
13.97,10.0,6.456621000987297,0.0016079555595735896,1.0211681131382493
13.98,10.0,6.4591404411771345,0.0014559144742210192,1.0204958594432858
13.99,10.0,6.461658032960635,0.0013052043284708147,1.019826194807532
14.0,10.0,6.4641737758274544,0.0011559626290298087,1.0191590444593288
14.01,10.0,6.466687669231907,0.0010083266370029891,1.018494336984591
14.02,10.0,6.469199712706821,0.0008624309863993745,1.0178319993941365
14.03,10.0,6.471709905865792,0.0007184075327943864,1.0171719571658482
14.04,10.0,6.474218248405395,0.0005763852019922195,1.016514134314396
14.05,10.0,6.4767247399953085,0.00043649356951918586,1.01585845513981
14.06,10.0,6.479229380309885,0.00029886173272859366,1.0152048438450727
14.07,10.0,6.481732169391161,0.00016360615499790563,1.0145532191664524
14.08,10.0,6.484233107230183,3.0844519904384075e-05,1.0139035007602883
14.09,10.0,6.486732193903692,-9.930889418401418e-05,1.0132556072579773
14.1,10.0,6.489229429575849,-0.00022674334855563513,1.0126094563277537
14.11,10.0,6.491724814499968,-0.00035135177860212355,1.0119649647289064
14.12,10.0,6.494218348957242,-0.00047302825390640524,1.0113220501436455
14.13,10.0,6.496710033156122,-0.000591663766935122,1.0106806340470538
14.14,10.0,6.499199867723922,-0.00070716716697345,1.0100406282667347
14.15,10.0,6.501687853234871,-0.0008194451836047022,1.0094019481299545
14.16,10.0,6.5041739903534195,-0.000928408571930576,1.0087645086081904
14.17,10.0,6.506658279835495,-0.0010339722275941095,1.0081282244153549
14.18,10.0,6.50914072252978,-0.0011360553018026204,1.0074930100735724
14.19,10.0,6.51162131934574,-0.0012345799160326063,1.0068587800868185
14.2,10.0,6.514100070988748,-0.0013294600627278671,1.006225449692069
14.21,10.0,6.51657697873234,-0.0014206342070244593,1.0055929329968105
14.22,10.0,6.519052043746381,-0.001508037039779464,1.004961144758873
14.23,10.0,6.521525267290812,-0.0015916077025800999,1.0043299999693076
14.24,10.0,6.523996650716353,-0.0016712898795735239,1.0036994139560447
14.25,10.0,6.526466195465231,-0.0017470318892967122,1.0030693024475585
14.26,10.0,6.5289339030718905,-0.0018187867765063264,1.0024395816663025
14.27,10.0,6.531399774710455,-0.0018864929884374957,1.0018101723921395
14.28,10.0,6.533863812276717,-0.0019501207834860016,1.0011809905359144
14.29,10.0,6.536326017517943,-0.002009635017522586,1.000551954886813
14.3,10.0,6.538786392257777,-0.0020650048381588063,0.9999229852150213
14.31,10.0,6.541244938403926,-0.002116204075652617,0.9992940022964572
14.32,10.0,6.543701657948202,-0.002163211305590528,0.998664928002877
14.33,10.0,6.546156552966557,-0.0022060099115696515,0.9980356853884418
14.34,10.0,6.548609625254512,-0.0022445699381186983,0.9974061945627657
14.35,10.0,6.551060877117181,-0.002278887607961321,0.9967763819106663
14.36,10.0,6.553510310862207,-0.0023089600585718684,0.9961461743215816
14.37,10.0,6.555957928819946,-0.002334786410886397,0.9955154995091151
14.38,10.0,6.558403733393808,-0.0023563703447768316,0.9948842866827814
14.39,10.0,6.560847727059649,-0.002373720128863682,0.9942524666245589
14.4,10.0,6.563289912365136,-0.002386848650328807,0.9936199717721195
14.41,10.0,6.5657302917004845,-0.0023957592878171355,0.9929867337475873
14.42,10.0,6.5681688677244425,-0.0024004723549635215,0.9923526882020068
14.43,10.0,6.570605643212301,-0.0024010157580221076,0.9917177732002989
14.44,10.0,6.573040620930032,-0.002397417271836684,0.9910819279158236
14.45,10.0,6.5754738037036695,-0.002389708903368168,0.9904450934802647
14.46,10.0,6.577905194418178,-0.002377926889966305,0.9898072130629219
14.47,10.0,6.580334796016312,-0.0023621116976413744,0.9891682319500079
14.48,10.0,6.5827626113564115,-0.0023422982657625626,0.9885280923555655
14.49,10.0,6.585188643412344,-0.0023185299067759596,0.9878867409966361
14.5,10.0,6.587612895329396,-0.002290862245796899,0.9872441312857951
14.51,10.0,6.590035370221492,-0.0022593492791096455,0.9866002158982612
14.52,10.0,6.59245607124792,-0.0022240487541340375,0.9859549497429541
14.53,10.0,6.594875001611786,-0.002185022139859542,0.9853082900284349
14.54,10.0,6.5972921645584925,-0.002142334597279326,0.9846601963154988
14.55,10.0,6.599707563277395,-0.002096048380929876,0.9840106278332961
14.56,10.0,6.602121200969673,-0.0020462275188649274,0.9833595455031237
14.57,10.0,6.604533081051738,-0.00199295169057726,0.9827069178376924
14.58,10.0,6.606943206878318,-0.0019362975098393363,0.9820527131564862
14.59,10.0,6.609351581832497,-0.0018763447097714123,0.9813969022695108
14.6,10.0,6.61175820932382,-0.0018131760878504334,0.980739458501831
14.61,10.0,6.6141630927863675,-0.0017468774509189287,0.9800803577638879
14.62,10.0,6.616566235624152,-0.0016775334814857134,0.9794195752878707
14.63,10.0,6.618967641176854,-0.0016052251798319079,0.9787570836484756
14.64,10.0,6.621367312999045,-0.001530051562776994,0.9780928704408787
14.65,10.0,6.623765254568289,-0.0014521071691010845,0.9774269201460353
14.66,10.0,6.626161469372088,-0.0013714888802612126,0.9767592197551718
14.67,10.0,6.628555960905672,-0.001288295841765187,0.976089758791975
14.68,10.0,6.630948732669781,-0.0012026293845454577,0.9754185293521171
14.69,10.0,6.6333397881559195,-0.0011145911601259247,0.97474552466183
14.7,10.0,6.635729130793505,-0.0010242758435851037,0.9740707331892882
14.71,10.0,6.638116764118268,-0.0009317953746605054,0.9733941586254256
14.72,10.0,6.640502691615394,-0.0008372568363417655,0.9727158018349105
14.73,10.0,6.642886916762293,-0.0007407687873775978,0.9720356661357856
14.74,10.0,6.645269443026242,-0.0006424411643953628,0.9713537573262503
14.75,10.0,6.647650273862046,-0.0005423851840205503,0.9706700836887787
14.76,10.0,6.6500294127105075,-0.0004407130207739321,0.9699846556323788
14.77,10.0,6.652406863023562,-0.00033753025608655577,0.9692974730717543
14.78,10.0,6.654782628192356,-0.00023295464876214772,0.9686085574194738
14.79,10.0,6.657156711603251,-0.00012710021236527023,0.9679179247802514
14.8,10.0,6.6595291166191055,-2.0081555880022778e-05,0.9672255934907588
14.81,10.0,6.661899846576967,8.798622614068908e-05,0.9665315841139428
14.82,10.0,6.664268904785774,0.00019698766342607558,0.9658359194266639
14.83,10.0,6.666636294524046,0.00030680701983819476,0.9651386244268965
14.84,10.0,6.669002019122925,0.000417331359570808,0.9644397183001514
14.85,10.0,6.671366081770286,0.0005284439511542971,0.9637392326000995
14.86,10.0,6.673728485648144,0.000640029217081331,0.9630371981188803
14.87,10.0,6.676089233908238,0.0007519720776337995,0.9623336469596655
14.88,10.0,6.678448329662808,0.0008641578209230869,0.9616286131800384
14.89,10.0,6.680805775982418,0.0009764722176587151,0.9609221327781823
14.9,10.0,6.68316157589381,0.0010888016359171884,0.9602142436634997
14.91,10.0,6.685515732474339,0.001201033167345392,0.9595049778754339
14.92,10.0,6.687868248655879,0.0013130547189750023,0.9587943771588163
14.93,10.0,6.690219127319751,0.00142475513948312,0.9580824851386813
14.94,10.0,6.692568371320067,0.0015360243369797251,0.9573693452483356
14.95,10.0,6.694915983459629,0.0016467533911804467,0.9566550024716394
14.96,10.0,6.697261966487972,0.0017568346681985007,0.9559395033121056
14.97,10.0,6.699606323099382,0.0018661619353365286,0.9552228957580153
14.98,10.0,6.701949056042657,0.0019746287877371077,0.9545052252802231
14.99,10.0,6.7042901679362865,0.002082131526139404,0.9537865412928381
15.0,10.0,6.706629661278511,0.0021885690902151023,0.9530668966764342
15.01,10.0,6.708967538557751,0.002293841474628639,0.9523463437685109
15.02,10.0,6.711303802202172,0.0023978505763586604,0.9516249360455173
15.03,10.0,6.713638454578007,0.0025005003051804743,0.9509027280739026
15.04,10.0,6.715971497987862,0.0026016966941485057,0.9501797754731705
15.05,10.0,6.718302934786602,0.0027013450548182784,0.949456131572803
15.06,10.0,6.720632767254229,0.0027993532408425678,0.9487318508918081
15.07,10.0,6.722960997444835,0.0028956355140380375,0.9480069932457145
15.08,10.0,6.7252876274371145,0.0029901063142777165,0.9472816166686302
15.09,10.0,6.727612659244372,0.0030826825902829508,0.9465557798324866
15.1,10.0,6.729936094813232,0.0031732839001549,0.9458295419905918
15.11,10.0,6.73225793602236,0.003261832511906026,0.9451029629225163
15.12,10.0,6.734578184775469,0.003348250211026153,0.9443761021709491
15.13,10.0,6.736896842992798,0.003432458653502664,0.9436490190608824
15.14,10.0,6.739213912264239,0.0035143915351334553,0.9429217751741152
15.15,10.0,6.741529394236873,0.0035939811133520916,0.942194431441508
15.16,10.0,6.743843290490913,0.00367116259555403,0.9414670489771435
15.17,10.0,6.746155602538865,0.003745874223838781,0.9407396890236495
15.18,10.0,6.748466331824693,0.0038180573597520573,0.9400124128970813
15.19,10.0,6.750775479778317,0.0038876541177852567,0.9392852815585
15.2,10.0,6.753083047929806,0.003954602354581512,0.9385583547994507
15.21,10.0,6.755389037417528,0.004018857505654731,0.9378316944187777
15.22,10.0,6.757693449453516,0.004080372017465064,0.9371053610825051
15.23,10.0,6.759996285184324,0.004139101559240611,0.9363794151886262
15.24,10.0,6.762297545690634,0.004195005088298807,0.9356539167968858
15.25,10.0,6.764597231986858,0.00424804491536785,0.9349289255678919
15.26,10.0,6.7668953450413,0.004298185741208631,0.9342045008322177
15.27,10.0,6.769191885990281,0.004345383985896201,0.9334807028955048
15.28,10.0,6.771486855540308,0.004389617753505041,0.9327575891709774
15.29,10.0,6.77378025448355,0.004430861080233254,0.9320352173974245
15.3,10.0,6.77607208355069,0.004469091343891221,0.9313136446516994
15.31,10.0,6.778362343410945,0.004504289308541393,0.9305929272789788
15.32,10.0,6.780651034672082,0.004536439169138199,0.9298731208421183
15.33,10.0,6.782938157880442,0.004565528596167845,0.9291542800550188
15.34,10.0,6.785223713787308,0.004591534850646751,0.928436460010615
15.35,10.0,6.787507702720898,0.004614457672542197,0.9277197130936337
15.36,10.0,6.789790125080262,0.004634293497106778,0.9270040913026678
15.37,10.0,6.792070981218401,0.0046510416131800274,0.926289645621428
15.38,10.0,6.794350271434034,0.004664704638884306,0.9255764259270585
15.39,10.0,6.796627995972037,0.004675288544820034,0.9248644809244171
15.4,10.0,6.798904155023858,0.004682802677260968,0.9241538580999178
15.41,10.0,6.801178748939541,0.004687247707595257,0.9234446076790599
15.42,10.0,6.803451777777594,0.00468864136568465,0.922736773994048
15.43,10.0,6.805723241580592,0.004687002760530582,0.9220304006775937
15.44,10.0,6.807993140379726,0.004682352168706942,0.9213255306628048
15.45,10.0,6.810261474161616,0.004674712975164946,0.920622205506274
15.46,10.0,6.812528242869143,0.00466411167400618,0.9199204653206356
15.47,10.0,6.814793446402259,0.00465057786925562,0.9192203487355606
15.48,10.0,6.81705708476027,0.004634134633011657,0.9185218961745196
15.49,10.0,6.8193191577861985,0.004614815988234445,0.9178251437652722
15.5,10.0,6.821579665243173,0.004592661758223323,0.9171301250669233
15.51,10.0,6.82383860690767,0.004567711266851709,0.9164368732064547
15.52,10.0,6.826095982522874,0.00454000657523941,0.9157454196965684
15.53,10.0,6.828351791799819,0.004509592460322286,0.9150557944043483
15.54,10.0,6.830606034418535,0.00447651639342191,0.9143680255003748
15.55,10.0,6.832858710107403,0.004440821873402082,0.9136821432340652
15.56,10.0,6.835109818539147,0.004402557340245208,0.9129981747627891
15.57,10.0,6.837359359285105,0.004361780136834869,0.9123161418297139
15.58,10.0,6.839607331940782,0.004318545917137454,0.9116360667711243
15.59,10.0,6.841853736080309,0.0042729125903571636,0.9109579702202817
15.6,10.0,6.844098571257837,0.004224940279772371,0.9102818710558447
15.61,10.0,6.8463418370089135,0.004174691281571996,0.9096077863809571
15.62,10.0,6.848583532890162,0.004122226085758751,0.9089357338234709
15.63,10.0,6.850823658458519,0.004067605611361651,0.908265730156498
15.64,10.0,6.853062213178655,0.004010900824856714,0.9075977855414461
15.65,10.0,6.855299196543943,0.003952180403667986,0.9069319107913634
15.66,10.0,6.85753460803866,0.00389151472477596,0.9062681149307243
15.67,10.0,6.859768447139494,0.0038289758075237736,0.9056064052014641
15.68,10.0,6.862000713317102,0.0037646372564234263,0.9049467870165762
15.69,10.0,6.864231406053092,0.0036985721799945317,0.9042892658758017
15.7,10.0,6.866460524855601,0.003630851296602874,0.9036338490704523
15.71,10.0,6.868688069167369,0.0035615551098945107,0.9029805340789174
15.72,10.0,6.870914038461422,0.003490761528988929,0.9023293202127007
15.73,10.0,6.873138432214007,0.0034185495537547095,0.9016802050596793
15.74,10.0,6.875361249906231,0.0033449992050243165,0.9010331844655965
15.75,10.0,6.877582491025688,0.0032701914548088247,0.9003882525262128
15.76,10.0,6.879802155069799,0.0031942073947825943,0.8997454024552711
15.77,10.0,6.882020241556073,0.0031171243310868075,0.8991046309471828
15.78,10.0,6.884236749996301,0.003039027914854018,0.8984659242313384
15.79,10.0,6.886451679922727,0.0029600011619533243,0.897829270523518
15.8,10.0,6.8886650308825725,0.0028801275375641786,0.8971946564258015
15.81,10.0,6.890876802439702,0.0027994908770769826,0.8965620669102501
15.82,10.0,6.893086994176265,0.0027181753069935423,0.8959314853319178
15.83,10.0,6.895295605693723,0.0026362651216926933,0.8953028935264156
15.84,10.0,6.8975026365658465,0.0025538413169662808,0.8946762797990004
15.85,10.0,6.899708086460327,0.00247098986367273,0.8940516192386188
15.86,10.0,6.901911955040692,0.0023877946839382614,0.8934288900838645
15.87,10.0,6.904114241995808,0.0023043395114774917,0.8928080691575477
15.88,10.0,6.906314947041465,0.002220707807334474,0.8921891318739954
15.89,10.0,6.908514069921948,0.002136982675623807,0.8915720522539079
15.9,10.0,6.910711610411615,0.002053246779271596,0.8909568029418784
15.91,10.0,6.912907568224195,0.001969582144890233,0.890343360556443
15.92,10.0,6.915101943220674,0.0018860703263776527,0.8897316937657918
15.93,10.0,6.917294735267107,0.001802792147932499,0.8891217716091857
15.94,10.0,6.91948594425405,0.0017198276412606513,0.8885135624947607
15.95,10.0,6.921675570107324,0.0016372559723354012,0.8879070336691779
15.96,10.0,6.923863612789425,0.0015551553569490312,0.8873021512419683
15.97,10.0,6.926050072300944,0.0014736029762644676,0.8866988802174252
15.98,10.0,6.928234948581158,0.0013926769638803677,0.8860971887573417
15.99,10.0,6.9304182417073115,0.0013124522564488923,0.8854970398668947
16.0,10.0,6.932599951805728,0.0012330023647499433,0.8848983952089915
16.01,10.0,6.934780079017484,0.001154400023365425,0.8843012166533892
16.02,10.0,6.9369586235252605,0.0010767165837400861,0.8837054652208849
16.03,10.0,6.939135585554562,0.001000021934066086,0.8831111011082999
16.04,10.0,6.941310965374916,0.000924384419167912,0.8825180837254702
16.05,10.0,6.943484763206686,0.0008498736730270361,0.8819263740022203
16.06,10.0,6.9456569793705025,0.0007765559653946846,0.8813359308438695
16.07,10.0,6.947827614293529,0.0007044939657244972,0.8807467110392553
16.08,10.0,6.949996668403108,0.000633749981747621,0.8801586718846313
16.09,10.0,6.952164142172434,0.0005643845074291422,0.8795717701481163
16.1,10.0,6.9543300361215135,0.0004964561505641357,0.8789859621029326
16.11,10.0,6.956494350818127,0.00043002156037345727,0.8784012035619702
16.12,10.0,6.958657086795873,0.0003651383406016081,0.8778174515384771
16.13,10.0,6.96081824463463,0.0003018621144154441,0.8772346627307508
16.14,10.0,6.962977825088548,0.00024024187762382594,0.876652791075105
16.15,10.0,6.96513582889122,0.00018032697659184455,0.8760717916088838
16.16,10.0,6.967292256823911,0.00012216461320754325,0.8754916191925259
16.17,10.0,6.969447109716233,6.579978299420994e-05,0.8749122285519721
16.18,10.0,6.971600388446803,1.127521322245226e-05,0.8743335743259655
16.19,10.0,6.973752093879922,-4.136608776794771e-05,0.8737556115112906
16.2,10.0,6.975902226857956,-9.208055508082798e-05,0.8731782955711989
16.21,10.0,6.978050788468439,-0.0001408349986905639,0.8726015807485563
16.22,10.0,6.980197779754493,-0.00018759482456522433,0.8720254219958834
16.23,10.0,6.982343201806188,-0.00023232779544577107,0.8714497744154883
16.24,10.0,6.984487055760853,-0.0002750040794354632,0.8708745933146584
16.25,10.0,6.986629342803439,-0.0003155962985895222,0.8702998342492707
16.26,10.0,6.9887700641288655,-0.0003540777916819344,0.8697254531262741
16.27,10.0,6.990909220842998,-0.00039041799007107016,0.8691514063888723
16.28,10.0,6.993046814349362,-0.00042460063402264116,0.868577650494804
16.29,10.0,6.9951828459887295,-0.00045660685879054136,0.8680041425001299
16.3,10.0,6.997317317145753,-0.0004864202403635695,0.8674308399343973
16.31,10.0,6.999450229248959,-0.0005140268285089516,0.8668577008592617
16.32,10.0,7.0015815837707756,-0.0005394151798160403,0.8662846839008793
16.33,10.0,7.0037113822154415,-0.0005625757448379943,0.8657117481944967
16.34,10.0,7.005839625948265,-0.0005834917728893337,0.8651388518099212
16.35,10.0,7.007966316654711,-0.0006021638853226657,0.8645659561307841
16.36,10.0,7.010091455948094,-0.0006185891370411321,0.8639930221976462
16.37,10.0,7.012215045480639,-0.0006327669858321709,0.8634200117981923
16.38,10.0,7.01433708694318,-0.0006446993089422216,0.8628468875208304
16.39,10.0,7.016457582064869,-0.0006543904196515125,0.8622736127833983
16.4,10.0,7.0185765326128715,-0.0006618470838487726,0.8617001518854304
16.41,10.0,7.0206939402164705,-0.0006670682982849527,0.8611264677126949
16.42,10.0,7.022809806775749,-0.0006700691521093954,0.860552527212695
16.43,10.0,7.024924134147966,-0.0006708625756700763,0.8599782972793903
16.44,10.0,7.027036924214165,-0.0006694632576185254,0.8594037456804609
16.45,10.0,7.029148178887141,-0.0006658881438241045,0.8588288412114302
16.46,10.0,7.031257900110878,-0.0006601564377787553,0.8582535537304263
16.47,10.0,7.03336608985996,-0.0006522896010017628,0.8576778542062868
16.48,10.0,7.035472750011089,-0.0006423033194836272,0.857101711439987
16.49,10.0,7.037577882609905,-0.0006302242983610126,0.8565250990222646
16.5,10.0,7.039681489716142,-0.000616080573158407,0.8559479913833021
16.51,10.0,7.041783573390559,-0.0005999007255496312,0.8553703635073706
16.52,10.0,7.043884135717472,-0.0005817153350217193,0.8547921915666565
16.53,10.0,7.045983178803934,-0.0005615569639208052,0.8542134529616119
16.54,10.0,7.048080704778916,-0.000539460142498084,0.8536341263461926
16.55,10.0,7.0501767157092985,-0.0005154553772241398,0.853054188651651
16.56,10.0,7.0522712137452315,-0.0004895796380509188,0.8524736204096905
16.57,10.0,7.05436420108611,-0.0004618739580157258,0.8518924045847838
16.58,10.0,7.056455679916106,-0.0004323788453107096,0.8513105243000672
16.59,10.0,7.0585456524338595,-0.0004011364601341352,0.8507279639764933
16.6,10.0,7.060634120851454,-0.000368190585501637,0.8501447093542822
16.61,10.0,7.062721087393399,-0.00033358659805737036,0.8495607475268017
16.62,10.0,7.064806554252609,-0.00029736744390002567,0.8489760639918735
16.63,10.0,7.066890523643482,-0.0002595786351260914,0.8483906464165267
16.64,10.0,7.068972997835683,-0.00022027145139246612,0.8478044870474832
16.65,10.0,7.0710539790772575,-0.00017949586506779477,0.8472175775118185
16.66,10.0,7.0731334696213555,-0.00013730308853793918,0.846629910763772
16.67,10.0,7.075211471725082,-9.37455326596655e-05,0.8460414810890047
16.68,10.0,7.077287987648346,-4.88767652141913e-05,0.8454522841257317
16.69,10.0,7.079363019638154,-2.7492397834637623e-06,0.8448623148549439
16.7,10.0,7.081436569933648,4.45847963780907e-05,0.8442715684799884
16.71,10.0,7.08350864080604,9.306705425337006e-05,0.8436800461589096
16.72,10.0,7.085579234507573,0.00014264088388492172,0.8430877480699657
16.73,10.0,7.087648353286493,0.00019324884558435753,0.8424946756903751
16.74,10.0,7.089715999385849,0.0002448327610442804,0.8419008317810857
16.75,10.0,7.091782175042267,0.0002973337644504959,0.8413062204164223
16.76,10.0,7.093846882484698,0.0003506933048668888,0.840710845616659
16.77,10.0,7.095910123933136,0.00040485438091061876,0.8401147096684181
16.78,10.0,7.097971901597749,0.0004597550687514006,0.8395178224598538
16.79,10.0,7.100032217677331,0.0005153350038867687,0.8389201922860003
16.8,10.0,7.102091074358185,0.0005715334954126171,0.8383218286401011
16.81,10.0,7.104148473812917,0.0006282895835180006,0.8377227421943862
16.82,10.0,7.106204418199215,0.0006855420969802562,0.8371229448137294
16.83,10.0,7.108258909662522,0.0007432299480470938,0.8365224489769876
16.84,10.0,7.11031195035938,0.0008012936904233717,0.8359212641783014
16.85,10.0,7.112363542381929,0.0008596710372747879,0.8353194078103874
16.86,10.0,7.1144136878222985,0.0009183009277037394,0.8347168955522344
16.87,10.0,7.116462388752537,0.0009771224317796253,0.8341137441278699
16.88,10.0,7.118509647223451,0.0010360748113812694,0.8335099712933101
16.89,10.0,7.120555465263438,0.0010950975810396528,0.8329055958439451
16.9,10.0,7.122599844877346,0.001154130568780315,0.8323006375770419
16.91,10.0,7.1246427881205445,0.0012131142671078041,0.8316951119014835
16.92,10.0,7.126684296916303,0.0012719891941180205,0.8310890428545674
16.93,10.0,7.128724373203984,0.0013306965302169883,0.8304824523582885
16.94,10.0,7.130763018896713,0.0013891780202328978,0.8298753631793359
16.95,10.0,7.1328002358801665,0.001447376034041924,0.829267798909429
16.96,10.0,7.134836026011524,0.001505233627836099,0.8286597839610437
16.97,10.0,7.136870391118418,0.001562694605390852,0.8280513435369237
16.98,10.0,7.138903333090527,0.0016197020884282853,0.8274425001643042
16.99,10.0,7.1409348536745725,0.0016762018602097942,0.8268332812868913
17.0,10.0,7.142964954609952,0.0017321402271834325,0.8262237141452173
17.01,10.0,7.144993637616084,0.0017874642669673292,0.8256138261898638
17.02,10.0,7.1470209043803825,0.0018421220662413246,0.8250036454807317
17.03,10.0,7.1490467565573805,0.0018960627793961782,0.8243932006546135
17.04,10.0,7.151071195767834,0.001949236687182587,0.8237825209092122
17.05,10.0,7.153094223690841,0.002001592662349498,0.823171633711004
17.06,10.0,7.1551158418848795,0.002053083193413719,0.8225605691055646
17.07,10.0,7.157136051859531,0.002103662418872904,0.8219493579294372
17.08,10.0,7.1591548551163955,0.002153285020239217,0.8213380307673566
17.09,10.0,7.1611722531222854,0.0022019070034878132,0.8207266185590312
17.1,10.0,7.16318824730854,0.0022494857521082735,0.8201151525722992
17.11,10.0,7.165202839070336,0.002295980080156207,0.8195036643740607
17.12,10.0,7.16721602984637,0.002341347361582255,0.8188921848371065
17.13,10.0,7.169227820997688,0.0023855479668010828,0.8182807455540297
17.14,10.0,7.171238213788915,0.0024285459735417596,0.8176693790349665
17.15,10.0,7.173247209490531,0.0024703054741934192,0.8170581174333682
17.16,10.0,7.175254809337158,0.0025107921214670877,0.8164469930109277
17.17,10.0,7.17726101452709,0.002549973173411411,0.815836038116295
17.18,10.0,7.179265826221836,0.0025878175384285453,0.8152252851428985
17.19,10.0,7.1812692456079645,0.0026242931778666305,0.8146147660794085
17.2,10.0,7.183271273844189,0.0026593693751783523,0.8140045128371041
17.21,10.0,7.185271911947783,0.002693021578279301,0.8133945579811801
17.22,10.0,7.187271160955851,0.0027252245858487437,0.8127849336009243
17.23,10.0,7.189269021870234,0.002755954908852203,0.8121756716561288
17.24,10.0,7.191265495657281,0.0027851908058042123,0.8115668039355759
17.25,10.0,7.193260583247607,0.0028129123180312483,0.8109583620368532
17.26,10.0,7.195254285578761,0.002839099286062299,0.8103503774005123
17.27,10.0,7.197246603610409,0.002863730658895261,0.8097428813130927
17.28,10.0,7.199237538121672,0.0028867940573555763,0.8091359044942763
17.29,10.0,7.201227089925117,0.00290827572601684,0.8085294774673191
17.3,10.0,7.203215259800275,0.002928163686793996,0.8079236303990482
17.31,10.0,7.20520204849364,0.0029464477632507474,0.8073183930625545
17.32,10.0,7.207187456718663,0.0029631196049070916,0.8067137948189975
17.33,10.0,7.209171485179066,0.002978171492258969,0.8061098647466096
17.34,10.0,7.211154134644947,0.0029915923811451054,0.805506632187206
17.35,10.0,7.21313540567911,0.003003382238987896,0.8049041246590756
17.36,10.0,7.21511529888864,0.003013538912495353,0.804302369709057
17.37,10.0,7.217093814851277,0.0030220620022591168,0.8037013943306883
17.38,10.0,7.21907095411564,0.0030289528752984467,0.8031012249302343
17.39,10.0,7.221046717201449,0.003034214677604252,0.8025018873033689
17.4,10.0,7.223021104605575,0.003037852001372611,0.8019034066975159
17.41,10.0,7.224994116921379,0.0030398638390412083,0.8013058098854247
17.42,10.0,7.226965754528738,0.0030402619777323086,0.800709119671783
17.43,10.0,7.228936017856791,0.0030390554554170874,0.8001133594772636
17.44,10.0,7.230904907310183,0.003036254956136566,0.7995185520262744
17.45,10.0,7.232872423269526,0.0030318728105619085,0.7989247192856626
17.46,10.0,7.234838566091783,0.003025922996554709,0.7983318824785339
17.47,10.0,7.236803336110734,0.003018421139727302,0.7977400620171817
17.48,10.0,7.238766733741501,0.003009377456647872,0.7971492801581253
17.49,10.0,7.240728759241602,0.002998812979932086,0.7965595548639399
17.5,10.0,7.242689412889576,0.0029867474806774615,0.7959709043190939
17.51,10.0,7.244648694952029,0.0029732017320776754,0.7953833460485287
17.52,10.0,7.246606605677387,0.002958197961237857,0.794796896728057
17.53,10.0,7.24856314529651,0.0029417598382951815,0.7942115721517791
17.54,10.0,7.2505183140232665,0.002923912465539512,0.793627387218625
17.55,10.0,7.252472112122243,0.0029046771478150584,0.7930443586291052
17.56,10.0,7.254424539771808,0.0028840820773703042,0.7924624992788374
17.57,10.0,7.2563755971389865,0.0028621565463319344,0.7918818212549938
17.58,10.0,7.258325284392107,0.0028389299981305635,0.791302336296166
17.59,10.0,7.2602736016877465,0.0028144330786917895,0.7907240552218866
17.6,10.0,7.262220549171445,0.0027886976152804895,0.7901469879145928
17.61,10.0,7.264166126978445,0.0027617565953450365,0.789571143296687
17.62,10.0,7.2661103352724705,0.0027336405878882228,0.7889965316090102
17.63,10.0,7.2680531741818255,0.002704383763197583,0.7884231605054781
17.64,10.0,7.269994643809874,0.002674022960721569,0.7878510356114772
17.65,10.0,7.271934744269383,0.0026425945251740916,0.7872801625407719
17.66,10.0,7.273873475668034,0.0026101357072655044,0.7867105459627473
17.67,10.0,7.275810838109248,0.002576684633775798,0.7861421895847123
17.68,10.0,7.277746831693011,0.0025422802776276913,0.7855750961355286
17.69,10.0,7.279681456532489,0.002506960257128191,0.7850092693345205
17.7,10.0,7.281614712736437,0.0024707633351339167,0.7844447115780406
17.71,10.0,7.283546600393697,0.002433731632874972,0.7838814219001708
17.72,10.0,7.285477119604811,0.0023959063680216,0.7833193997918064
17.73,10.0,7.287406270471845,0.002357329337183929,0.7827586438199461
17.74,10.0,7.28933405309925,0.0023180428789810305,0.7821991516219455
17.75,10.0,7.291260467594743,0.0022780898371097527,0.7816409198997505
17.76,10.0,7.293185514071142,0.0022375124409993313,0.7810839457636529
17.77,10.0,7.295109192646991,0.002196352548371051,0.7805282263808371
17.78,10.0,7.297031503444297,0.0021546551003955726,0.7799737546126844
17.79,10.0,7.298952446593054,0.0021124640137280565,0.7794205240857526
17.8,10.0,7.300872022230945,0.002069823443757608,0.7788685275706966
17.81,10.0,7.302790230504228,0.0020267777427703786,0.7783177569716182
17.82,10.0,7.3047070715685996,0.00198337141811242,0.7777682033389661
17.83,10.0,7.306622545584592,0.001939648740186234,0.7772198576859353
17.84,10.0,7.308536652709491,0.001895653128648295,0.7766727123372528
17.85,10.0,7.3104493931409795,0.0018514298410884323,0.7761267545075281
17.86,10.0,7.312360767076679,0.0018070232920715278,0.7755819725052229
17.87,10.0,7.314270774727368,0.001762477799960863,0.7750383538884522
17.88,10.0,7.316179416317832,0.001717837542533629,0.7744958854605866
17.89,10.0,7.318086692087693,0.001673146512596199,0.7739545532809622
17.9,10.0,7.319992602287571,0.0016284484623971473,0.773414342986249
17.91,10.0,7.321897147142342,0.0015837867690727569,0.7728752422869993
17.92,10.0,7.323800326960759,0.0015392046512555902,0.7723372337543761
17.93,10.0,7.325702142041345,0.0014947448968861713,0.7718003011204102
17.94,10.0,7.327602592700355,0.001450449883960834,0.771264427505205
17.95,10.0,7.329501679272556,0.0014063615359610213,0.7707295954041742
17.96,10.0,7.331399402111975,0.0013625212772823525,0.7701957867165969
17.97,10.0,7.33329576159266,0.0013189699886639412,0.769662982745305
17.98,10.0,7.335190758036401,0.0012757492798009592,0.7691311673180756
17.99,10.0,7.3370843918876805,0.0012328983032856339,0.7686003194037827
18.0,10.0,7.338976663574195,0.0011904562391529285,0.7680704190734406
18.01,10.0,7.340867573543659,0.0011484616003141935,0.7675414459828067
18.02,10.0,7.342757122265702,0.001106952167292047,0.767013379340284
18.03,10.0,7.344645310232527,0.0010659649456279514,0.7664861979169251
18.04,10.0,7.34653213795955,0.001025536123289932,0.7659598800671032
18.05,10.0,7.34841760590986,0.0009857032050752843,0.7654344057043181
18.06,10.0,7.3503017146598975,0.0009465002547803205,0.7649097520712029
18.07,10.0,7.352184464794278,0.0009079608765023969,0.7643858964754946
18.08,10.0,7.354065856910518,0.0008701180549782935,0.7638628162115833
18.09,10.0,7.355945891630248,0.0008330038116916306,0.7633404882926174
18.1,10.0,7.357824569599713,0.000796649166212376,0.7628188894784254
18.11,10.0,7.3597018914902845,0.0007610840975362155,0.7622979962963194
18.12,10.0,7.361577857927685,0.0007263400555379691,0.7617777862154327
18.13,10.0,7.363452469625435,0.0006924451669927153,0.7612582355064328
18.14,10.0,7.3653257273383455,0.0006594258787560847,0.7607393200332124
18.15,10.0,7.367197631823843,0.0006273083211047916,0.7602210158941913
18.16,10.0,7.369068183864334,0.0005961174869615596,0.7597032991055226
18.17,10.0,7.370937384267563,0.0005658771989198969,0.759186145610947
18.18,10.0,7.372805233866967,0.0005366100762687566,0.7586695313071976
18.19,10.0,7.374671733462539,0.0005083399952775631,0.7581534324686201
18.2,10.0,7.376536883905862,0.0004810885065799379,0.757637825201618
18.21,10.0,7.378400686124745,0.0004548737852114337,0.7571226852978947
18.22,10.0,7.3802631410383475,0.0004297141688338663,0.7566079888371329
18.23,10.0,7.382124249590424,0.0004056267468779573,0.7560937119858888
18.24,10.0,7.383984012749497,0.00038262733468970447,0.7555798310173998
18.25,10.0,7.385842431509045,0.00036073044767661374,0.7550663223415972
18.26,10.0,7.387699506843686,0.0003399513626022647,0.7545531625382607
18.27,10.0,7.389555239740784,0.0003203046009478571,0.7540403283813708
18.28,10.0,7.391409631294062,0.0003017994706955637,0.7535277968116656
18.29,10.0,7.393262682578387,0.0002844459892828688,0.7530155450187745
18.3,10.0,7.395114394691643,0.0002682528800524881,0.7525035504450903
18.31,10.0,7.396964768754743,0.000253227554485155,0.7519917908115152
18.32,10.0,7.398813805911643,0.0002393760944323123,0.7514802441360944
18.33,10.0,7.400661507301181,0.00022670470865412455,0.7509688885583428
18.34,10.0,7.402507874039673,0.0002152206279471386,0.7504577022220911
18.35,10.0,7.404352907371474,0.00020492420439805004,0.7499466644269903
18.36,10.0,7.406196608513765,0.00019581702105362497,0.7494357544918753
18.37,10.0,7.408038978704113,0.00018789938428580484,0.7489249521437387
18.38,10.0,7.409880019200325,0.00018117031457954327,0.7484142375240959
18.39,10.0,7.411719731280297,0.00017562753732059799,0.7479035912228893
18.4,10.0,7.413558116227971,0.00017126827046089725,0.7473929940953532
18.41,10.0,7.415395175276797,0.0001680924498181436,0.7468824264845528
18.42,10.0,7.417230909799308,0.00016609183589830068,0.7463718709543592
18.43,10.0,7.419065321135057,0.00016525986686817561,0.7458613098542672
18.44,10.0,7.420898410640459,0.0001655887812857144,0.7453507260578105
18.45,10.0,7.422730179688484,0.00016706961749838367,0.7448401029792979
18.46,10.0,7.42456062966837,0.00016969221304155335,0.7443294245949765
18.47,10.0,7.426389761982902,0.00017344535769305935,0.743818675410667
18.48,10.0,7.428217577967451,0.0001783219628912889,0.7433078384297476
18.49,10.0,7.430044079093798,0.00018430597991840177,0.7427969003405748
18.5,10.0,7.431869266798652,0.00019138336843585699,0.7422858472168743
18.51,10.0,7.433693142531368,0.00019953901952092664,0.7417746657396762
18.52,10.0,7.435515707753506,0.00020875676335941522,0.7412633432177351
18.53,10.0,7.437336963938405,0.00021901937693838536,0.7407518676092781
18.54,10.0,7.439156912570746,0.00023030859173884863,0.74024022753576
18.55,10.0,7.44097555508513,0.00024260965252624657,0.7397284099487589
18.56,10.0,7.442792893003966,0.00025590100477660354,0.7392164054752568
18.57,10.0,7.444608927837272,0.000270161745773782,0.7387042045974193
18.58,10.0,7.446423661097976,0.0002853704589395685,0.738191798266568
18.59,10.0,7.448237094306454,0.0003015048507138345,0.7376791781193566
18.6,10.0,7.450049228989996,0.0003185417658220824,0.7371663364858536
18.61,10.0,7.451860066682269,0.00033645720254304323,0.736653266407397
18.62,10.0,7.4536696088886005,0.0003552295123663218,0.7361399594264446
18.63,10.0,7.4554778571540465,0.0003748330256776603,0.7356264100566472
18.64,10.0,7.457284813028578,0.00039524126050194993,0.7351126135630262
18.65,10.0,7.4590904780574485,0.00041642778408884385,0.7345985653991738
18.66,10.0,7.460894853788455,0.0004383655036743927,0.7340842617075847
18.67,10.0,7.46269794177132,0.00046102668821131494,0.7335696993451437
18.68,10.0,7.464499743557104,0.00048438299009934057,0.7330548758806064
18.69,10.0,7.4663002606833295,0.0005084074518586463,0.7325397878051376
18.7,10.0,7.468099494696707,0.0005330712817040204,0.7320244334903148
18.71,10.0,7.469897447151055,0.0005583440823879845,0.7315088130041332
18.72,10.0,7.471694119592295,0.000584195875490485,0.7309929263070227
18.73,10.0,7.473489513564054,0.0006105962603905468,0.7304767740389408
18.74,10.0,7.475283630607028,0.0006375144410673234,0.7299603575257896
18.75,10.0,7.4770764722583385,0.0006649192529012977,0.7294436787849365
18.76,10.0,7.478868040049781,0.0006927802369481648,0.7289267391285339
18.77,10.0,7.480658335508373,0.0007210665513329297,0.7284095406568838
18.78,10.0,7.4824473601571455,0.0007497456616037002,0.7278920880504387
18.79,10.0,7.484235115512101,0.0007787856192974545,0.7273743855570292
18.8,10.0,7.48602160308241,0.0008081543005459876,0.7268564380663669
18.81,10.0,7.487806824369778,0.0008378194364071573,0.7263382510911347
18.82,10.0,7.489590780867793,0.0008677486431962956,0.7258198307800754
18.83,10.0,7.4913734740672275,0.0008979098497078867,0.7253011829898739
18.84,10.0,7.493154905454956,0.0009282712986751268,0.7247823133564015
18.85,10.0,7.494935076491514,0.0009588001187198378,0.7242632306682575
18.86,10.0,7.49671398863497,0.0009894639943955734,0.7237439430681389
18.87,10.0,7.4984916433325415,0.0010202306788579234,0.7232244592549337
18.88,10.0,7.500268042019981,0.0010510680261010595,0.7227047884772313
18.89,10.0,7.502043186120971,0.001081944023194445,0.7221849405241594
18.9,10.0,7.503817077053875,0.0011128268516632878,0.7216649252199145
18.91,10.0,7.505589716246559,0.0011436849805977793,0.7211447513573459
18.92,10.0,7.507361105070081,0.0011744869395713545,0.7206244312051497
18.93,10.0,7.509131244900433,0.0012052015970036034,0.7201039762144079
18.94,10.0,7.510900137099423,0.0012357981193886118,0.7195833982949189
18.95,10.0,7.512667783014123,0.001266246003762829,0.7190627097970967
18.96,10.0,7.514434183976318,0.0012965151101731016,0.7185419235085302
18.97,10.0,7.516199341306097,0.0013265756244538421,0.7180210524767485
18.98,10.0,7.517963256354856,0.0013563973592362016,0.7175001083071004
18.99,10.0,7.519725930383529,0.0013859518219690734,0.7169791058804096
19.0,10.0,7.52148736466667,0.001415210490126028,0.7164580592636254
19.01,10.0,7.523247560462143,0.001444145343506857,0.7159369828556938
19.02,10.0,7.525006519010642,0.001472728895298422,0.7154158913831488
19.03,10.0,7.5267642415352265,0.0015009342231354975,0.7148947998832567
19.04,10.0,7.528520729240841,0.00152873500016152,0.7143737236916197
19.05,10.0,7.530275983380522,0.0015561036503808443,0.7138526767705864
19.06,10.0,7.532030005097768,0.0015830158012605485,0.7133316756101085
19.07,10.0,7.533782795549588,0.0016094468394480888,0.7128107361430613
19.08,10.0,7.535534355876851,0.0016353727629270182,0.7122898744534654
19.09,10.0,7.537284687201729,0.0016607702707210324,0.7117691068212268
19.1,10.0,7.539033790627326,0.0016856167910656032,0.7112484497051943
19.11,10.0,7.540781667237315,0.001709890509579705,0.7107279197244232
19.12,10.0,7.542528318157818,0.0017335681723536721,0.7102075327636284
19.13,10.0,7.544273744424521,0.001756629850563224,0.7096873058429036
19.14,10.0,7.546017947063151,0.0017790560789467777,0.7091672559509989
19.15,10.0,7.547760927090422,0.0018008278372864557,0.708647400011519
19.16,10.0,7.549502685503742,0.0018219269329335438,0.7081277550108895
19.17,10.0,7.551243223280969,0.0018423360248455312,0.7076083379795159
19.18,10.0,7.552982541380151,0.0018620386476232331,0.7070891659756056
19.19,10.0,7.55472064079272,0.0018810170119065953,0.7065702557100089
19.2,10.0,7.5564575224464035,0.001899256057428319,0.7060516241811046
19.21,10.0,7.558193187233384,0.001916742295019877,0.7055332884681125
19.22,10.0,7.559927636045073,0.0019334623728426712,0.7050152654804922
19.23,10.0,7.561660869753906,0.0019494038479978902,0.7044975720543096
19.24,10.0,7.563392889213199,0.0019645552054399005,0.7039802249443863
19.25,10.0,7.565123695257028,0.0019789058768897305,0.7034632408022157
19.26,10.0,7.56685328874192,0.0019924442943946336,0.702946636200882
19.27,10.0,7.568581670490556,0.0020051605484247862,0.7024304275652424
19.28,10.0,7.570308841266407,0.0020170475928094375,0.7019146311200153
19.29,10.0,7.572034801840264,0.0020280981308857323,0.7013992629475929
19.3,10.0,7.573759552965121,0.0020383058090608,0.7008843389469961
19.31,10.0,7.57548309537616,0.0020476652298843908,0.7003698748072376
19.32,10.0,7.577205429790754,0.0020561719651215693,0.6998558859993276
19.33,10.0,7.578926556937574,0.002063821036726281,0.6993423879816483
19.34,10.0,7.580646477539838,0.0020706078110787527,0.6988293960546086
19.35,10.0,7.582365192243671,0.002076531781078731,0.6983169247803609
19.36,10.0,7.584082701709186,0.0020815917866131984,0.6978049886853119
19.37,10.0,7.585799006580641,0.0020857875979542304,0.69729360199642
19.38,10.0,7.587514107486541,0.0020891199225884557,0.6967827786348728
19.39,10.0,7.589228005039757,0.0020915904120465466,0.6962725322008758
19.4,10.0,7.59094069985484,0.002093200657575865,0.6957628762241201
19.41,10.0,7.592652192563848,0.002093951272836886,0.6952538244099662
19.42,10.0,7.594362483712248,0.0020938480275144583,0.6947453889423203
19.43,10.0,7.596071573863964,0.0020928956851026946,0.6942375821589399
19.44,10.0,7.597779463569618,0.002091099882995578,0.6937304160209701
19.45,10.0,7.599486153366765,0.002088467133016565,0.6932239020909563
19.46,10.0,7.6011916437801,0.0020850048219481702,0.6927180515308544
19.47,10.0,7.602895935329144,0.002080720720102993,0.6922128752662111
19.48,10.0,7.604599028566205,0.0020756204936398376,0.6917083849136505
19.49,10.0,7.606300923956679,0.002069715611493202,0.69120458977463
19.5,10.0,7.608001621986483,0.002063016277228461,0.6907014995009018
19.51,10.0,7.609701123131285,0.00205553347297727,0.6901991232948346
19.52,10.0,7.611399427856806,0.0020472789539354047,0.6896974699135514
19.53,10.0,7.613096536619143,0.002038265242860601,0.6891965476397415
19.54,10.0,7.614792449865681,0.002028505578721746,0.6886963643060655
19.55,10.0,7.616487168083086,0.002018010302696124,0.6881969291216556
19.56,10.0,7.6181806916801,0.002006795746208316,0.6876982481148444
19.57,10.0,7.619873021085548,0.0019948768323627174,0.6872003278951748
19.58,10.0,7.621564156721362,0.001982269134898308,0.6867031745950278
19.59,10.0,7.6232540990029785,0.0019689888671958213,0.6862067938487959
19.6,10.0,7.624942848339698,0.0019550528712849844,0.6857111908014009
19.61,10.0,7.626630405135101,0.0019404786068517078,0.6852163700741318
19.62,10.0,7.628316769817052,0.0019252813819874229,0.684722337601591
19.63,10.0,7.63000194277184,0.0019094805068400203,0.684229096531106
19.64,10.0,7.6316859243907,0.0018930949898428963,0.6837366500601281
19.65,10.0,7.633368715064489,0.0018761440570463034,0.6832450010734012
19.66,10.0,7.635050315181125,0.0018586474163081465,0.6827541519492399
19.67,10.0,7.636730725126009,0.0018406252415851157,0.6822641045599926
19.68,10.0,7.638409945282475,0.0018220981572237534,0.6817748602538289
19.69,10.0,7.640087976045054,0.0018030854371489378,0.6812864214512988
19.7,10.0,7.641764817794724,0.0017836084903997075,0.6807987885157187
19.71,10.0,7.643440470910825,0.0017636892504762725,0.6803119611610065
19.72,10.0,7.64511493577606,0.0017433495236749866,0.6798259390204473
19.73,10.0,7.646788212773694,0.001722611424559421,0.6793407212333795
19.74,10.0,7.648460302288003,0.0017014973565151483,0.6788563064487452
19.75,10.0,7.650131204704753,0.0016800299923044122,0.678372692811287
19.76,10.0,7.651800920412736,0.0016582312726975933,0.677889879211456
19.77,10.0,7.653469449802535,0.0016361239274333974,0.6774078633224407
19.78,10.0,7.6551367932669105,0.0016137315116351737,0.6769266415402715
19.79,10.0,7.656802951202513,0.0015910772648358759,0.6764462103907594
19.8,10.0,7.658467924009839,0.0015681845548008067,0.6759665659371255
19.81,10.0,7.660131712093679,0.0015450768554808555,0.6754877037924318
19.82,10.0,7.661794315863598,0.0015217777249656027,0.675009619107553
19.83,10.0,7.663455735728786,0.0014983103892716575,0.6745323074738314
19.84,10.0,7.665115972103886,0.0014746980973538765,0.6740557640659306
19.85,10.0,7.666775025418083,0.0014509647051569924,0.6735799822605095
19.86,10.0,7.668432896102299,0.0014271337209560044,0.6731049557597828
19.87,10.0,7.670089584594216,0.0014032286036573063,0.6726306778684084
19.88,10.0,7.671745091338725,0.0013792727393622075,0.6721571414819323
19.89,10.0,7.673399416788363,0.0013552894179303296,0.6716843391090039
19.9,10.0,7.675052561395834,0.0013313017751724813,0.6712122634162014
19.91,10.0,7.676704525613388,0.001307332764822578,0.6707409073139168
19.92,10.0,7.678355309926372,0.001283405278538237,0.6702702616370804
19.93,10.0,7.68000491481764,0.0012595419663065433,0.6698003176680922
19.94,10.0,7.681653340779243,0.001235765261778761,0.6693310663648502
19.95,10.0,7.683300588312843,0.0012120973586585936,0.66886249835812
19.96,10.0,7.684946657930113,0.0011885601870903187,0.6683946039582365
19.97,10.0,7.686591550146421,0.0011651755036502578,0.6679273734416427
19.98,10.0,7.688235265463549,0.0011419651663322134,0.6674607978018035
19.99,10.0,7.6898778044387175,0.0011189499519603323,0.6669948658810885
20.0,10.0,7.691519167620948,0.001096150614316468,0.6665295670567577
20.0,10.0,7.691519167620948,0.001096150614316468,0.6665295670567577
